/*******************************************************************************
 * Size: 20 px
 * Bpp: 4
 * Opts: --font /System/Library/Fonts/Supplemental/Arial Unicode.ttf -r 0x20-0x7E -r 0xA0-0x1FF -r 0x1E00-0x1EFF --size 20 --bpp 4 --format lvgl --no-compress --lv-font-name lv_font_vi_20 -o font_vi_20.c
 ******************************************************************************/

#include "lvgl.h"

#ifndef LV_FONT_VI_20
#define LV_FONT_VI_20 1
#endif

#if LV_FONT_VI_20

/*-----------------
 *    BITMAPS
 *----------------*/

/*Store the image of the glyphs*/
static LV_ATTRIBUTE_LARGE_CONST const uint8_t glyph_bitmap[] = {
    /* U+0020 " " */

    /* U+0021 "!" */
    0x4f, 0xe4, 0xfe, 0x4f, 0xe4, 0xfd, 0x3f, 0xc2,
    0xfb, 0x1f, 0xa0, 0xf9, 0xf, 0x80, 0xe7, 0xd,
    0x60, 0x10, 0x1, 0x3, 0xfc, 0x3f, 0xc0,

    /* U+0022 "\"" */
    0x2f, 0xd0, 0xbf, 0x42, 0xfd, 0xb, 0xf4, 0x2f,
    0xc0, 0xbf, 0x30, 0xfa, 0x8, 0xf1, 0xd, 0x80,
    0x6f, 0x0, 0x31, 0x1, 0x30,

    /* U+0023 "#" */
    0x0, 0x1, 0xf6, 0x0, 0x8e, 0x0, 0x0, 0x4f,
    0x20, 0xb, 0xb0, 0x0, 0x7, 0xf0, 0x0, 0xf8,
    0x0, 0x0, 0xbc, 0x0, 0x2f, 0x40, 0xcf, 0xff,
    0xff, 0xff, 0xff, 0xe6, 0x89, 0xfa, 0x88, 0xce,
    0x87, 0x0, 0x4f, 0x20, 0xc, 0xb0, 0x0, 0x8,
    0xf0, 0x0, 0xf7, 0x0, 0x0, 0xbb, 0x0, 0x3f,
    0x40, 0xc, 0xff, 0xff, 0xff, 0xff, 0xfe, 0x69,
    0xfa, 0x88, 0xde, 0x88, 0x70, 0x4f, 0x20, 0xc,
    0xb0, 0x0, 0x8, 0xf0, 0x0, 0xf8, 0x0, 0x0,
    0xbc, 0x0, 0x2f, 0x50, 0x0, 0xe, 0x90, 0x5,
    0xf2, 0x0, 0x0,

    /* U+0024 "$" */
    0x0, 0x0, 0x7, 0x0, 0x0, 0x0, 0x0, 0x48,
    0xf8, 0x30, 0x0, 0x0, 0xaf, 0xff, 0xff, 0x90,
    0x0, 0x6f, 0xb1, 0xf2, 0xcf, 0x50, 0xc, 0xf0,
    0xf, 0x12, 0xfb, 0x0, 0xed, 0x0, 0xf1, 0x4,
    0x10, 0xc, 0xf1, 0xf, 0x10, 0x0, 0x0, 0x6f,
    0xd4, 0xf1, 0x0, 0x0, 0x0, 0x8f, 0xff, 0xa5,
    0x0, 0x0, 0x0, 0x28, 0xff, 0xfc, 0x10, 0x0,
    0x0, 0xf, 0x3b, 0xfa, 0x0, 0x0, 0x0, 0xf1,
    0xd, 0xf0, 0x18, 0x60, 0xf, 0x10, 0x9f, 0x20,
    0xfc, 0x0, 0xf1, 0xb, 0xf1, 0xc, 0xf5, 0xf,
    0x13, 0xfd, 0x0, 0x3f, 0xf9, 0xfa, 0xff, 0x30,
    0x0, 0x2a, 0xef, 0xfc, 0x30, 0x0, 0x0, 0x0,
    0xf1, 0x0, 0x0, 0x0, 0x0, 0xf, 0x10, 0x0,
    0x0,

    /* U+0025 "%" */
    0x3, 0xcf, 0xc3, 0x0, 0x0, 0x2f, 0x40, 0x0,
    0x1f, 0xb5, 0xbe, 0x10, 0x0, 0xbb, 0x0, 0x0,
    0x6f, 0x20, 0x1f, 0x60, 0x3, 0xf3, 0x0, 0x0,
    0x7f, 0x0, 0xf, 0x80, 0xb, 0xb0, 0x0, 0x0,
    0x6f, 0x10, 0x1f, 0x60, 0x3f, 0x30, 0x0, 0x0,
    0x2f, 0x81, 0x8f, 0x20, 0xca, 0x0, 0x0, 0x0,
    0x6, 0xff, 0xf5, 0x4, 0xf2, 0x0, 0x0, 0x0,
    0x0, 0x2, 0x0, 0xc, 0xa0, 0x5e, 0xfb, 0x10,
    0x0, 0x0, 0x0, 0x5f, 0x22, 0xf9, 0x4d, 0xc0,
    0x0, 0x0, 0x0, 0xd9, 0x8, 0xf0, 0x5, 0xf2,
    0x0, 0x0, 0x6, 0xf1, 0xa, 0xd0, 0x2, 0xf4,
    0x0, 0x0, 0xd, 0x80, 0xa, 0xd0, 0x3, 0xf5,
    0x0, 0x0, 0x6f, 0x10, 0x8, 0xf0, 0x5, 0xf2,
    0x0, 0x0, 0xe8, 0x0, 0x2, 0xf9, 0x4d, 0xc0,
    0x0, 0x7, 0xf1, 0x0, 0x0, 0x5d, 0xfb, 0x10,

    /* U+0026 "&" */
    0x0, 0x0, 0x8d, 0xfb, 0x20, 0x0, 0x0, 0x0,
    0xcf, 0xa9, 0xfe, 0x10, 0x0, 0x0, 0x3f, 0xa0,
    0x7, 0xf6, 0x0, 0x0, 0x4, 0xf8, 0x0, 0x4f,
    0x70, 0x0, 0x0, 0x1f, 0xe1, 0xb, 0xf2, 0x0,
    0x0, 0x0, 0x7f, 0xcb, 0xf6, 0x0, 0x0, 0x0,
    0x2, 0xef, 0xf3, 0x0, 0x0, 0x0, 0x6, 0xfe,
    0xdf, 0x80, 0x0, 0x0, 0x5, 0xfd, 0x12, 0xff,
    0x41, 0xfa, 0x0, 0xef, 0x20, 0x4, 0xff, 0x8f,
    0x80, 0x1f, 0xd0, 0x0, 0x7, 0xff, 0xf2, 0x0,
    0xfe, 0x0, 0x0, 0xc, 0xfd, 0x0, 0xb, 0xf9,
    0x0, 0x7, 0xff, 0xf9, 0x0, 0x2e, 0xfd, 0xad,
    0xfd, 0x4e, 0xf9, 0x0, 0x19, 0xef, 0xd8, 0x0,
    0x2d, 0x30, 0x0, 0x0, 0x0, 0x0, 0x0, 0x0,

    /* U+0027 "'" */
    0x1f, 0xe1, 0xfe, 0x1f, 0xe0, 0xeb, 0xc, 0x90,
    0x22,

    /* U+0028 "(" */
    0x0, 0xa, 0xa0, 0x4, 0xf1, 0x0, 0xd9, 0x0,
    0x6f, 0x20, 0xd, 0xc0, 0x2, 0xf8, 0x0, 0x7f,
    0x50, 0x9, 0xf2, 0x0, 0xbf, 0x10, 0xc, 0xf0,
    0x0, 0xbf, 0x10, 0x9, 0xf2, 0x0, 0x6f, 0x50,
    0x2, 0xf9, 0x0, 0xd, 0xd0, 0x0, 0x6f, 0x30,
    0x0, 0xe9, 0x0, 0x5, 0xf2, 0x0, 0xa, 0xa0,

    /* U+0029 ")" */
    0x1f, 0x40, 0x0, 0x7, 0xe1, 0x0, 0x0, 0xe9,
    0x0, 0x0, 0x9f, 0x10, 0x0, 0x3f, 0x70, 0x0,
    0xe, 0xc0, 0x0, 0xb, 0xf1, 0x0, 0x8, 0xf4,
    0x0, 0x7, 0xf5, 0x0, 0x6, 0xf6, 0x0, 0x6,
    0xf5, 0x0, 0x7, 0xf4, 0x0, 0xa, 0xf1, 0x0,
    0xd, 0xc0, 0x0, 0x2f, 0x70, 0x0, 0x7f, 0x10,
    0x0, 0xe8, 0x0, 0x6, 0xe1, 0x0, 0x1e, 0x40,
    0x0,

    /* U+002A "*" */
    0x0, 0xc, 0x80, 0x0, 0x4, 0xb, 0x70, 0x30,
    0x2f, 0xed, 0xcf, 0xf0, 0x3, 0x8f, 0xe6, 0x20,
    0x0, 0xbb, 0xe8, 0x0, 0x4, 0xf2, 0x5f, 0x20,
    0x0, 0x10, 0x1, 0x0,

    /* U+002B "+" */
    0x0, 0x0, 0xd8, 0x0, 0x0, 0x0, 0x0, 0xfa,
    0x0, 0x0, 0x0, 0x0, 0xfa, 0x0, 0x0, 0x0,
    0x0, 0xfa, 0x0, 0x0, 0xab, 0xbb, 0xfe, 0xbb,
    0xb6, 0xef, 0xff, 0xff, 0xff, 0xf9, 0x0, 0x0,
    0xfa, 0x0, 0x0, 0x0, 0x0, 0xfa, 0x0, 0x0,
    0x0, 0x0, 0xfa, 0x0, 0x0, 0x0, 0x0, 0xfa,
    0x0, 0x0,

    /* U+002C "," */
    0x1, 0x3, 0xfc, 0x3f, 0xc0, 0x4b, 0x9, 0x81,
    0xb0,

    /* U+002D "-" */
    0x4d, 0xdd, 0xdd, 0x5, 0xff, 0xff, 0xf0,

    /* U+002E "." */
    0x1, 0x3, 0xfc, 0x3f, 0xc0,

    /* U+002F "/" */
    0x0, 0x0, 0xf6, 0x0, 0x4, 0xf2, 0x0, 0x8,
    0xe0, 0x0, 0xc, 0xa0, 0x0, 0x1f, 0x50, 0x0,
    0x5f, 0x10, 0x0, 0x9d, 0x0, 0x0, 0xd8, 0x0,
    0x2, 0xf4, 0x0, 0x6, 0xf0, 0x0, 0xa, 0xc0,
    0x0, 0xe, 0x70, 0x0, 0x3f, 0x30, 0x0, 0x7f,
    0x0, 0x0, 0xbb, 0x0, 0x0, 0x73, 0x0, 0x0,

    /* U+0030 "0" */
    0x0, 0x7, 0xdf, 0xe8, 0x0, 0x0, 0x9, 0xfc,
    0x8c, 0xfb, 0x0, 0x3, 0xfb, 0x0, 0x9, 0xf5,
    0x0, 0x9f, 0x30, 0x0, 0x1f, 0xb0, 0xd, 0xf0,
    0x0, 0x0, 0xdf, 0x0, 0xfc, 0x0, 0x0, 0xa,
    0xf1, 0xf, 0xb0, 0x0, 0x0, 0x9f, 0x21, 0xfb,
    0x0, 0x0, 0x9, 0xf3, 0xf, 0xb0, 0x0, 0x0,
    0x9f, 0x20, 0xfc, 0x0, 0x0, 0xa, 0xf1, 0xd,
    0xf0, 0x0, 0x0, 0xdf, 0x0, 0x9f, 0x30, 0x0,
    0x1f, 0xb0, 0x3, 0xfb, 0x0, 0x9, 0xf5, 0x0,
    0xa, 0xfc, 0x8b, 0xfb, 0x0, 0x0, 0x7, 0xdf,
    0xe8, 0x0, 0x0,

    /* U+0031 "1" */
    0x0, 0x0, 0xe8, 0x0, 0xb, 0xf8, 0x1, 0xbf,
    0xf8, 0x5e, 0xfb, 0xf8, 0xcd, 0x44, 0xf8, 0x40,
    0x4, 0xf8, 0x0, 0x4, 0xf8, 0x0, 0x4, 0xf8,
    0x0, 0x4, 0xf8, 0x0, 0x4, 0xf8, 0x0, 0x4,
    0xf8, 0x0, 0x4, 0xf8, 0x0, 0x4, 0xf8, 0x0,
    0x4, 0xf8, 0x0, 0x4, 0xf8,

    /* U+0032 "2" */
    0x0, 0x19, 0xef, 0xea, 0x20, 0x0, 0x1d, 0xfb,
    0x8b, 0xfe, 0x20, 0x9, 0xf7, 0x0, 0x5, 0xfb,
    0x0, 0xee, 0x0, 0x0, 0xd, 0xf0, 0x6, 0x60,
    0x0, 0x0, 0xcf, 0x0, 0x0, 0x0, 0x0, 0x1f,
    0xc0, 0x0, 0x0, 0x0, 0xb, 0xf5, 0x0, 0x0,
    0x0, 0x9, 0xfb, 0x0, 0x0, 0x0, 0x9, 0xfc,
    0x0, 0x0, 0x0, 0xa, 0xfc, 0x10, 0x0, 0x0,
    0xc, 0xfa, 0x0, 0x0, 0x0, 0xc, 0xf8, 0x0,
    0x0, 0x0, 0x8, 0xf9, 0x0, 0x0, 0x0, 0x1,
    0xff, 0xcc, 0xcc, 0xcc, 0xc1, 0x4f, 0xff, 0xff,
    0xff, 0xff, 0x10,

    /* U+0033 "3" */
    0x0, 0x19, 0xdf, 0xd7, 0x0, 0x0, 0x1d, 0xfb,
    0x8c, 0xfa, 0x0, 0x8, 0xf6, 0x0, 0xa, 0xf4,
    0x0, 0x9d, 0x0, 0x0, 0x4f, 0x80, 0x0, 0x0,
    0x0, 0x7, 0xf7, 0x0, 0x0, 0x0, 0x28, 0xff,
    0x10, 0x0, 0x0, 0x8f, 0xfe, 0x30, 0x0, 0x0,
    0x4, 0x57, 0xfc, 0x10, 0x0, 0x0, 0x0, 0x3,
    0xfb, 0x0, 0x0, 0x0, 0x0, 0xc, 0xf1, 0x5,
    0x50, 0x0, 0x0, 0xaf, 0x30, 0xfe, 0x0, 0x0,
    0xd, 0xf2, 0x9, 0xf7, 0x0, 0x8, 0xfc, 0x0,
    0x1d, 0xfb, 0x8c, 0xfe, 0x20, 0x0, 0x19, 0xef,
    0xe9, 0x10, 0x0,

    /* U+0034 "4" */
    0x0, 0x0, 0x0, 0x8f, 0x40, 0x0, 0x0, 0x0,
    0x2f, 0xf4, 0x0, 0x0, 0x0, 0xc, 0xff, 0x40,
    0x0, 0x0, 0x7, 0xfb, 0xf4, 0x0, 0x0, 0x2,
    0xf8, 0x8f, 0x40, 0x0, 0x0, 0xcd, 0x8, 0xf4,
    0x0, 0x0, 0x6f, 0x40, 0x8f, 0x40, 0x0, 0x1f,
    0x90, 0x8, 0xf4, 0x0, 0xb, 0xe1, 0x0, 0x8f,
    0x40, 0x6, 0xf5, 0x0, 0x8, 0xf4, 0x0, 0xbf,
    0xff, 0xff, 0xff, 0xff, 0x37, 0xbb, 0xbb, 0xbd,
    0xfc, 0xb2, 0x0, 0x0, 0x0, 0x8f, 0x40, 0x0,
    0x0, 0x0, 0x8, 0xf4, 0x0, 0x0, 0x0, 0x0,
    0x8f, 0x40, 0x0,

    /* U+0035 "5" */
    0x0, 0x8f, 0xff, 0xff, 0xfa, 0x0, 0xb, 0xfc,
    0xcc, 0xcc, 0x70, 0x0, 0xec, 0x0, 0x0, 0x0,
    0x0, 0x1f, 0x90, 0x0, 0x0, 0x0, 0x4, 0xf6,
    0x0, 0x0, 0x0, 0x0, 0x7f, 0x7b, 0xee, 0xa2,
    0x0, 0xa, 0xff, 0xca, 0xdf, 0xf3, 0x0, 0xaf,
    0x40, 0x0, 0x8f, 0xd0, 0x0, 0x0, 0x0, 0x0,
    0xdf, 0x20, 0x0, 0x0, 0x0, 0xa, 0xf4, 0x2,
    0x20, 0x0, 0x0, 0xaf, 0x40, 0xfe, 0x0, 0x0,
    0xd, 0xf1, 0xb, 0xf6, 0x0, 0x7, 0xfa, 0x0,
    0x2e, 0xfb, 0x8b, 0xfd, 0x10, 0x0, 0x19, 0xef,
    0xe8, 0x0, 0x0,

    /* U+0036 "6" */
    0x0, 0x4, 0xcf, 0xeb, 0x30, 0x0, 0x6, 0xfe,
    0x89, 0xff, 0x30, 0x2, 0xfc, 0x0, 0x3, 0xfb,
    0x0, 0x8f, 0x30, 0x0, 0x8, 0x80, 0xd, 0xd0,
    0x0, 0x0, 0x0, 0x0, 0xfa, 0x1a, 0xef, 0xb2,
    0x0, 0x1f, 0xbe, 0xea, 0xcf, 0xf2, 0x2, 0xff,
    0xb0, 0x0, 0x6f, 0xc0, 0x2f, 0xf2, 0x0, 0x0,
    0xcf, 0x11, 0xfe, 0x0, 0x0, 0x9, 0xf4, 0xe,
    0xf0, 0x0, 0x0, 0x9f, 0x30, 0xbf, 0x30, 0x0,
    0xc, 0xf0, 0x5, 0xfc, 0x0, 0x5, 0xfa, 0x0,
    0x9, 0xfd, 0x8a, 0xfe, 0x10, 0x0, 0x6, 0xcf,
    0xea, 0x10, 0x0,

    /* U+0037 "7" */
    0xf, 0xff, 0xff, 0xff, 0xff, 0x30, 0xcc, 0xcc,
    0xcc, 0xcf, 0xf1, 0x0, 0x0, 0x0, 0x9, 0xf5,
    0x0, 0x0, 0x0, 0x4, 0xfa, 0x0, 0x0, 0x0,
    0x0, 0xdf, 0x10, 0x0, 0x0, 0x0, 0x6f, 0x80,
    0x0, 0x0, 0x0, 0xe, 0xf1, 0x0, 0x0, 0x0,
    0x5, 0xf9, 0x0, 0x0, 0x0, 0x0, 0xbf, 0x30,
    0x0, 0x0, 0x0, 0x1f, 0xd0, 0x0, 0x0, 0x0,
    0x5, 0xf8, 0x0, 0x0, 0x0, 0x0, 0x9f, 0x40,
    0x0, 0x0, 0x0, 0xc, 0xf1, 0x0, 0x0, 0x0,
    0x0, 0xee, 0x0, 0x0, 0x0, 0x0, 0xf, 0xc0,
    0x0, 0x0, 0x0,

    /* U+0038 "8" */
    0x0, 0x8, 0xef, 0xe9, 0x0, 0x0, 0xc, 0xfc,
    0x8c, 0xfc, 0x0, 0x5, 0xfa, 0x0, 0x9, 0xf6,
    0x0, 0x8f, 0x40, 0x0, 0x3f, 0xa0, 0x7, 0xf6,
    0x0, 0x4, 0xf9, 0x0, 0x1f, 0xe4, 0x3, 0xdf,
    0x30, 0x0, 0x2d, 0xff, 0xfe, 0x40, 0x0, 0x1c,
    0xfb, 0x8b, 0xfb, 0x10, 0xa, 0xf6, 0x0, 0x5,
    0xfb, 0x0, 0xfd, 0x0, 0x0, 0xc, 0xf1, 0x2f,
    0xa0, 0x0, 0x0, 0x9f, 0x30, 0xfd, 0x0, 0x0,
    0xb, 0xf2, 0xa, 0xf6, 0x0, 0x4, 0xfc, 0x0,
    0x1e, 0xfb, 0x8b, 0xfe, 0x20, 0x0, 0x19, 0xef,
    0xea, 0x20, 0x0,

    /* U+0039 "9" */
    0x0, 0x19, 0xef, 0xd6, 0x0, 0x0, 0x1d, 0xfc,
    0x8b, 0xfa, 0x0, 0x9, 0xf9, 0x0, 0x7, 0xf6,
    0x0, 0xfe, 0x0, 0x0, 0xe, 0xc0, 0x1f, 0xb0,
    0x0, 0x0, 0xbf, 0x1, 0xfc, 0x0, 0x0, 0xc,
    0xf2, 0xe, 0xf1, 0x0, 0x2, 0xff, 0x30, 0x7f,
    0xd3, 0x3, 0xdf, 0xf3, 0x0, 0xaf, 0xff, 0xfb,
    0x8f, 0x30, 0x0, 0x48, 0x84, 0x9, 0xf1, 0x0,
    0x0, 0x0, 0x0, 0xce, 0x0, 0x9c, 0x0, 0x0,
    0x2f, 0xa0, 0x8, 0xf5, 0x0, 0xb, 0xf3, 0x0,
    0x1e, 0xfa, 0x8d, 0xf8, 0x0, 0x0, 0x2a, 0xef,
    0xc5, 0x0, 0x0,

    /* U+003A ":" */
    0x3f, 0xc3, 0xfc, 0x1, 0x0, 0x0, 0x0, 0x0,
    0x0, 0x0, 0x0, 0x0, 0x1, 0x3, 0xfc, 0x3f,
    0xc0,

    /* U+003B ";" */
    0x3f, 0xc3, 0xfc, 0x1, 0x0, 0x0, 0x0, 0x0,
    0x0, 0x0, 0x0, 0x0, 0x1, 0x3, 0xfc, 0x3f,
    0xc0, 0x4b, 0x9, 0x81, 0xb0,

    /* U+003C "<" */
    0x0, 0x0, 0x0, 0x0, 0x2, 0x0, 0x0, 0x0,
    0x7, 0xd9, 0x0, 0x0, 0x29, 0xff, 0xe5, 0x0,
    0x4b, 0xff, 0xc5, 0x0, 0x5d, 0xff, 0x92, 0x0,
    0x0, 0xef, 0xa1, 0x0, 0x0, 0x0, 0x9f, 0xfb,
    0x40, 0x0, 0x0, 0x2, 0x9f, 0xfd, 0x70, 0x0,
    0x0, 0x0, 0x7e, 0xff, 0x92, 0x0, 0x0, 0x0,
    0x5c, 0xf9, 0x0, 0x0, 0x0, 0x0, 0x35,

    /* U+003D "=" */
    0xef, 0xff, 0xff, 0xff, 0xf9, 0xab, 0xbb, 0xbb,
    0xbb, 0xb6, 0x0, 0x0, 0x0, 0x0, 0x0, 0x0,
    0x0, 0x0, 0x0, 0x0, 0xab, 0xbb, 0xbb, 0xbb,
    0xb6, 0xef, 0xff, 0xff, 0xff, 0xf9,

    /* U+003E ">" */
    0x20, 0x0, 0x0, 0x0, 0x0, 0xeb, 0x40, 0x0,
    0x0, 0x0, 0x9f, 0xfd, 0x60, 0x0, 0x0, 0x1,
    0x7e, 0xfe, 0x81, 0x0, 0x0, 0x0, 0x5c, 0xff,
    0xa2, 0x0, 0x0, 0x0, 0x3d, 0xf9, 0x0, 0x0,
    0x6, 0xdf, 0xf6, 0x0, 0x28, 0xef, 0xe7, 0x10,
    0x4b, 0xff, 0xc5, 0x0, 0x0, 0xef, 0xa3, 0x0,
    0x0, 0x0, 0x71, 0x0, 0x0, 0x0, 0x0,

    /* U+003F "?" */
    0x0, 0x19, 0xef, 0xea, 0x20, 0x0, 0x1d, 0xfc,
    0x8b, 0xff, 0x30, 0x9, 0xf8, 0x0, 0x5, 0xfd,
    0x0, 0xef, 0x0, 0x0, 0xc, 0xf1, 0x5, 0x50,
    0x0, 0x0, 0xbf, 0x10, 0x0, 0x0, 0x0, 0x2f,
    0xd0, 0x0, 0x0, 0x0, 0x2e, 0xf3, 0x0, 0x0,
    0x0, 0x2e, 0xf5, 0x0, 0x0, 0x0, 0xc, 0xf4,
    0x0, 0x0, 0x0, 0x3, 0xf9, 0x0, 0x0, 0x0,
    0x0, 0x5f, 0x60, 0x0, 0x0, 0x0, 0x1, 0x52,
    0x0, 0x0, 0x0, 0x0, 0x1, 0x0, 0x0, 0x0,
    0x0, 0x7, 0xf8, 0x0, 0x0, 0x0, 0x0, 0x7f,
    0x80, 0x0, 0x0,

    /* U+0040 "@" */
    0x0, 0x0, 0x2, 0x7c, 0xef, 0xfd, 0x94, 0x0,
    0x0, 0x0, 0x0, 0x9, 0xff, 0xc9, 0x78, 0xae,
    0xfb, 0x10, 0x0, 0x0, 0xc, 0xf9, 0x10, 0x0,
    0x0, 0x6, 0xfe, 0x10, 0x0, 0xb, 0xf5, 0x0,
    0x0, 0x0, 0x0, 0x2, 0xec, 0x0, 0x6, 0xf6,
    0x0, 0x2a, 0xfe, 0x80, 0xed, 0x4, 0xf6, 0x0,
    0xdb, 0x0, 0x2e, 0xf9, 0x9f, 0xaf, 0xa0, 0xb,
    0xc0, 0x4f, 0x30, 0xd, 0xf2, 0x0, 0x3f, 0xf6,
    0x0, 0x7f, 0x8, 0xe0, 0x7, 0xf7, 0x0, 0x0,
    0xcf, 0x30, 0x5, 0xf1, 0xba, 0x0, 0xdf, 0x10,
    0x0, 0xb, 0xf0, 0x0, 0x6f, 0x1d, 0x90, 0x1f,
    0xc0, 0x0, 0x0, 0xdd, 0x0, 0x9, 0xe0, 0xd9,
    0x2, 0xfa, 0x0, 0x0, 0x1f, 0xa0, 0x0, 0xea,
    0xc, 0xb0, 0xf, 0xc0, 0x0, 0xa, 0xf6, 0x0,
    0x8f, 0x20, 0x9e, 0x0, 0xcf, 0x40, 0x7, 0xff,
    0x40, 0x8f, 0x80, 0x4, 0xf4, 0x4, 0xff, 0xcd,
    0xfc, 0xfd, 0xdf, 0x90, 0x0, 0xd, 0xd0, 0x4,
    0xdf, 0xb2, 0x2d, 0xfc, 0x50, 0x3, 0x20, 0x3f,
    0xb1, 0x0, 0x0, 0x0, 0x0, 0x0, 0x1d, 0xf2,
    0x0, 0x5f, 0xe6, 0x0, 0x0, 0x0, 0x0, 0x6e,
    0xf4, 0x0, 0x0, 0x3c, 0xff, 0xb9, 0x88, 0x9c,
    0xff, 0xb2, 0x0, 0x0, 0x0, 0x4, 0x8c, 0xef,
    0xfe, 0xc8, 0x30, 0x0, 0x0,

    /* U+0041 "A" */
    0x0, 0x0, 0x0, 0xbf, 0xb0, 0x0, 0x0, 0x0,
    0x0, 0x0, 0x1f, 0xff, 0x10, 0x0, 0x0, 0x0,
    0x0, 0x6, 0xf7, 0xf7, 0x0, 0x0, 0x0, 0x0,
    0x0, 0xce, 0xf, 0xd0, 0x0, 0x0, 0x0, 0x0,
    0x2f, 0xa0, 0xaf, 0x40, 0x0, 0x0, 0x0, 0x8,
    0xf5, 0x4, 0xfa, 0x0, 0x0, 0x0, 0x0, 0xef,
    0x0, 0xe, 0xf1, 0x0, 0x0, 0x0, 0x4f, 0xa0,
    0x0, 0x9f, 0x60, 0x0, 0x0, 0xa, 0xf4, 0x0,
    0x3, 0xfd, 0x0, 0x0, 0x0, 0xff, 0xff, 0xff,
    0xff, 0xf3, 0x0, 0x0, 0x5f, 0xc9, 0x99, 0x99,
    0xbf, 0x90, 0x0, 0xb, 0xf3, 0x0, 0x0, 0x1,
    0xff, 0x0, 0x1, 0xfd, 0x0, 0x0, 0x0, 0xb,
    0xf6, 0x0, 0x7f, 0x80, 0x0, 0x0, 0x0, 0x5f,
    0xc0, 0xd, 0xf2, 0x0, 0x0, 0x0, 0x0, 0xef,
    0x20,

    /* U+0042 "B" */
    0x8f, 0xff, 0xff, 0xfd, 0x80, 0x0, 0x8f, 0xdc,
    0xcc, 0xdf, 0xfb, 0x0, 0x8f, 0x60, 0x0, 0x1,
    0xcf, 0x50, 0x8f, 0x60, 0x0, 0x0, 0x5f, 0x90,
    0x8f, 0x60, 0x0, 0x0, 0x5f, 0x80, 0x8f, 0x60,
    0x0, 0x1, 0xcf, 0x20, 0x8f, 0xdc, 0xcc, 0xdf,
    0xf5, 0x0, 0x8f, 0xff, 0xff, 0xff, 0xf8, 0x0,
    0x8f, 0x60, 0x0, 0x3, 0xbf, 0xa0, 0x8f, 0x60,
    0x0, 0x0, 0xe, 0xf1, 0x8f, 0x60, 0x0, 0x0,
    0xb, 0xf4, 0x8f, 0x60, 0x0, 0x0, 0xd, 0xf3,
    0x8f, 0x60, 0x0, 0x0, 0x7f, 0xe0, 0x8f, 0xdc,
    0xcc, 0xce, 0xff, 0x40, 0x8f, 0xff, 0xff, 0xfe,
    0xa2, 0x0,

    /* U+0043 "C" */
    0x0, 0x3, 0xae, 0xff, 0xc6, 0x0, 0x0, 0x8,
    0xff, 0xdb, 0xcf, 0xfb, 0x0, 0x8, 0xfd, 0x30,
    0x0, 0x2c, 0xf9, 0x2, 0xfe, 0x10, 0x0, 0x0,
    0x1e, 0xf2, 0x8f, 0x80, 0x0, 0x0, 0x0, 0x67,
    0x1c, 0xf3, 0x0, 0x0, 0x0, 0x0, 0x0, 0xef,
    0x0, 0x0, 0x0, 0x0, 0x0, 0xf, 0xf0, 0x0,
    0x0, 0x0, 0x0, 0x0, 0xef, 0x0, 0x0, 0x0,
    0x0, 0x0, 0xc, 0xf3, 0x0, 0x0, 0x0, 0x1,
    0x20, 0x8f, 0x70, 0x0, 0x0, 0x0, 0x8f, 0x72,
    0xfe, 0x10, 0x0, 0x0, 0x1e, 0xf2, 0x8, 0xfd,
    0x30, 0x0, 0x2c, 0xfa, 0x0, 0xa, 0xff, 0xdb,
    0xdf, 0xfb, 0x0, 0x0, 0x4, 0xae, 0xff, 0xc6,
    0x0, 0x0,

    /* U+0044 "D" */
    0x6f, 0xff, 0xff, 0xfe, 0xa3, 0x0, 0x6, 0xfe,
    0xcc, 0xcc, 0xef, 0xf6, 0x0, 0x6f, 0x80, 0x0,
    0x0, 0x6f, 0xf2, 0x6, 0xf8, 0x0, 0x0, 0x0,
    0x6f, 0xb0, 0x6f, 0x80, 0x0, 0x0, 0x0, 0xef,
    0x16, 0xf8, 0x0, 0x0, 0x0, 0xb, 0xf4, 0x6f,
    0x80, 0x0, 0x0, 0x0, 0x9f, 0x66, 0xf8, 0x0,
    0x0, 0x0, 0x8, 0xf6, 0x6f, 0x80, 0x0, 0x0,
    0x0, 0x9f, 0x56, 0xf8, 0x0, 0x0, 0x0, 0xb,
    0xf3, 0x6f, 0x80, 0x0, 0x0, 0x0, 0xff, 0x6,
    0xf8, 0x0, 0x0, 0x0, 0x7f, 0xa0, 0x6f, 0x80,
    0x0, 0x0, 0x6f, 0xf2, 0x6, 0xfe, 0xcc, 0xcd,
    0xff, 0xf5, 0x0, 0x6f, 0xff, 0xff, 0xfd, 0x92,
    0x0, 0x0,

    /* U+0045 "E" */
    0x6f, 0xff, 0xff, 0xff, 0xff, 0xf0, 0x6f, 0xec,
    0xcc, 0xcc, 0xcc, 0xb0, 0x6f, 0x70, 0x0, 0x0,
    0x0, 0x0, 0x6f, 0x70, 0x0, 0x0, 0x0, 0x0,
    0x6f, 0x70, 0x0, 0x0, 0x0, 0x0, 0x6f, 0x70,
    0x0, 0x0, 0x0, 0x0, 0x6f, 0xec, 0xcc, 0xcc,
    0xcc, 0x40, 0x6f, 0xff, 0xff, 0xff, 0xff, 0x60,
    0x6f, 0x70, 0x0, 0x0, 0x0, 0x0, 0x6f, 0x70,
    0x0, 0x0, 0x0, 0x0, 0x6f, 0x70, 0x0, 0x0,
    0x0, 0x0, 0x6f, 0x70, 0x0, 0x0, 0x0, 0x0,
    0x6f, 0x70, 0x0, 0x0, 0x0, 0x0, 0x6f, 0xec,
    0xcc, 0xcc, 0xcc, 0xc3, 0x6f, 0xff, 0xff, 0xff,
    0xff, 0xf4,

    /* U+0046 "F" */
    0x6f, 0xff, 0xff, 0xff, 0xff, 0x46, 0xfe, 0xcc,
    0xcc, 0xcc, 0xc3, 0x6f, 0x80, 0x0, 0x0, 0x0,
    0x6, 0xf8, 0x0, 0x0, 0x0, 0x0, 0x6f, 0x80,
    0x0, 0x0, 0x0, 0x6, 0xf8, 0x0, 0x0, 0x0,
    0x0, 0x6f, 0xec, 0xcc, 0xcc, 0xc2, 0x6, 0xff,
    0xff, 0xff, 0xff, 0x30, 0x6f, 0x80, 0x0, 0x0,
    0x0, 0x6, 0xf8, 0x0, 0x0, 0x0, 0x0, 0x6f,
    0x80, 0x0, 0x0, 0x0, 0x6, 0xf8, 0x0, 0x0,
    0x0, 0x0, 0x6f, 0x80, 0x0, 0x0, 0x0, 0x6,
    0xf8, 0x0, 0x0, 0x0, 0x0, 0x6f, 0x80, 0x0,
    0x0, 0x0, 0x0,

    /* U+0047 "G" */
    0x0, 0x1, 0x8c, 0xef, 0xea, 0x40, 0x0, 0x0,
    0x5f, 0xfe, 0xbb, 0xdf, 0xf8, 0x0, 0x5, 0xfe,
    0x50, 0x0, 0x4, 0xef, 0x50, 0x1e, 0xf3, 0x0,
    0x0, 0x0, 0x3f, 0xd0, 0x6f, 0x90, 0x0, 0x0,
    0x0, 0x8, 0x60, 0xbf, 0x30, 0x0, 0x0, 0x0,
    0x0, 0x0, 0xdf, 0x10, 0x0, 0x0, 0x0, 0x0,
    0x0, 0xff, 0x0, 0x0, 0x9, 0xcc, 0xcc, 0xc3,
    0xef, 0x10, 0x0, 0xc, 0xff, 0xff, 0xf4, 0xcf,
    0x40, 0x0, 0x0, 0x0, 0x9, 0xf4, 0x7f, 0x90,
    0x0, 0x0, 0x0, 0x9, 0xf4, 0x1f, 0xf4, 0x0,
    0x0, 0x0, 0x9, 0xf4, 0x5, 0xff, 0x71, 0x0,
    0x3, 0xaf, 0xf3, 0x0, 0x5f, 0xff, 0xdc, 0xef,
    0xfd, 0x40, 0x0, 0x1, 0x8c, 0xef, 0xeb, 0x60,
    0x0,

    /* U+0048 "H" */
    0x6f, 0x80, 0x0, 0x0, 0x1, 0xfd, 0x6f, 0x80,
    0x0, 0x0, 0x1, 0xfd, 0x6f, 0x80, 0x0, 0x0,
    0x1, 0xfd, 0x6f, 0x80, 0x0, 0x0, 0x1, 0xfd,
    0x6f, 0x80, 0x0, 0x0, 0x1, 0xfd, 0x6f, 0x80,
    0x0, 0x0, 0x1, 0xfd, 0x6f, 0xec, 0xcc, 0xcc,
    0xcc, 0xfd, 0x6f, 0xff, 0xff, 0xff, 0xff, 0xfd,
    0x6f, 0x80, 0x0, 0x0, 0x1, 0xfd, 0x6f, 0x80,
    0x0, 0x0, 0x1, 0xfd, 0x6f, 0x80, 0x0, 0x0,
    0x1, 0xfd, 0x6f, 0x80, 0x0, 0x0, 0x1, 0xfd,
    0x6f, 0x80, 0x0, 0x0, 0x1, 0xfd, 0x6f, 0x80,
    0x0, 0x0, 0x1, 0xfd, 0x6f, 0x80, 0x0, 0x0,
    0x1, 0xfd,

    /* U+0049 "I" */
    0x2f, 0xb2, 0xfb, 0x2f, 0xb2, 0xfb, 0x2f, 0xb2,
    0xfb, 0x2f, 0xb2, 0xfb, 0x2f, 0xb2, 0xfb, 0x2f,
    0xb2, 0xfb, 0x2f, 0xb2, 0xfb, 0x2f, 0xb0,

    /* U+004A "J" */
    0x0, 0x0, 0x0, 0x8f, 0x60, 0x0, 0x0, 0x8,
    0xf6, 0x0, 0x0, 0x0, 0x8f, 0x60, 0x0, 0x0,
    0x8, 0xf6, 0x0, 0x0, 0x0, 0x8f, 0x60, 0x0,
    0x0, 0x8, 0xf6, 0x0, 0x0, 0x0, 0x8f, 0x60,
    0x0, 0x0, 0x8, 0xf6, 0x0, 0x0, 0x0, 0x8f,
    0x60, 0x0, 0x0, 0x8, 0xf6, 0x39, 0x30, 0x0,
    0x8f, 0x66, 0xf6, 0x0, 0x9, 0xf4, 0x3f, 0xd1,
    0x1, 0xef, 0x10, 0xcf, 0xfc, 0xff, 0x90, 0x1,
    0x9e, 0xfd, 0x70, 0x0,

    /* U+004B "K" */
    0x8f, 0x50, 0x0, 0x0, 0x1e, 0xf8, 0x8, 0xf5,
    0x0, 0x0, 0x1d, 0xf8, 0x0, 0x8f, 0x50, 0x0,
    0x1d, 0xf9, 0x0, 0x8, 0xf5, 0x0, 0xc, 0xf9,
    0x0, 0x0, 0x8f, 0x50, 0xc, 0xf9, 0x0, 0x0,
    0x8, 0xf5, 0xb, 0xf9, 0x0, 0x0, 0x0, 0x8f,
    0x6b, 0xff, 0x50, 0x0, 0x0, 0x8, 0xfe, 0xfb,
    0xfe, 0x10, 0x0, 0x0, 0x8f, 0xfa, 0x8, 0xfb,
    0x0, 0x0, 0x8, 0xfa, 0x0, 0xd, 0xf7, 0x0,
    0x0, 0x8f, 0x50, 0x0, 0x3f, 0xf2, 0x0, 0x8,
    0xf5, 0x0, 0x0, 0x8f, 0xd0, 0x0, 0x8f, 0x50,
    0x0, 0x0, 0xdf, 0x80, 0x8, 0xf5, 0x0, 0x0,
    0x3, 0xff, 0x40, 0x8f, 0x50, 0x0, 0x0, 0x8,
    0xfe, 0x10,

    /* U+004C "L" */
    0x8f, 0x60, 0x0, 0x0, 0x0, 0x8f, 0x60, 0x0,
    0x0, 0x0, 0x8f, 0x60, 0x0, 0x0, 0x0, 0x8f,
    0x60, 0x0, 0x0, 0x0, 0x8f, 0x60, 0x0, 0x0,
    0x0, 0x8f, 0x60, 0x0, 0x0, 0x0, 0x8f, 0x60,
    0x0, 0x0, 0x0, 0x8f, 0x60, 0x0, 0x0, 0x0,
    0x8f, 0x60, 0x0, 0x0, 0x0, 0x8f, 0x60, 0x0,
    0x0, 0x0, 0x8f, 0x60, 0x0, 0x0, 0x0, 0x8f,
    0x60, 0x0, 0x0, 0x0, 0x8f, 0x60, 0x0, 0x0,
    0x0, 0x8f, 0xdc, 0xcc, 0xcc, 0xc5, 0x8f, 0xff,
    0xff, 0xff, 0xf7,

    /* U+004D "M" */
    0x7f, 0xf8, 0x0, 0x0, 0x0, 0x8, 0xff, 0x27,
    0xff, 0xd0, 0x0, 0x0, 0x0, 0xdf, 0xf2, 0x7f,
    0xdf, 0x20, 0x0, 0x0, 0x3f, 0xef, 0x27, 0xf8,
    0xf7, 0x0, 0x0, 0x8, 0xea, 0xf2, 0x7f, 0x5e,
    0xc0, 0x0, 0x0, 0xda, 0xaf, 0x27, 0xf5, 0x9f,
    0x10, 0x0, 0x2f, 0x4a, 0xf2, 0x7f, 0x54, 0xf6,
    0x0, 0x8, 0xf0, 0xaf, 0x27, 0xf5, 0xe, 0xc0,
    0x0, 0xda, 0xa, 0xf2, 0x7f, 0x50, 0x9f, 0x10,
    0x2f, 0x50, 0xaf, 0x27, 0xf5, 0x4, 0xf6, 0x7,
    0xf0, 0xa, 0xf2, 0x7f, 0x50, 0xf, 0xb0, 0xda,
    0x0, 0xaf, 0x27, 0xf5, 0x0, 0xaf, 0x2f, 0x50,
    0xa, 0xf2, 0x7f, 0x50, 0x5, 0xfc, 0xf0, 0x0,
    0xaf, 0x27, 0xf5, 0x0, 0xf, 0xfa, 0x0, 0xa,
    0xf2, 0x7f, 0x50, 0x0, 0xaf, 0x50, 0x0, 0xaf,
    0x20,

    /* U+004E "N" */
    0x6f, 0xd0, 0x0, 0x0, 0x0, 0xfd, 0x6f, 0xf7,
    0x0, 0x0, 0x0, 0xfd, 0x6f, 0xff, 0x20, 0x0,
    0x0, 0xfd, 0x6f, 0xcf, 0xb0, 0x0, 0x0, 0xfd,
    0x6f, 0x6c, 0xf5, 0x0, 0x0, 0xfd, 0x6f, 0x62,
    0xfe, 0x10, 0x0, 0xfd, 0x6f, 0x60, 0x7f, 0xa0,
    0x0, 0xfd, 0x6f, 0x60, 0xd, 0xf4, 0x0, 0xfd,
    0x6f, 0x60, 0x3, 0xfd, 0x0, 0xfd, 0x6f, 0x60,
    0x0, 0x9f, 0x80, 0xfd, 0x6f, 0x60, 0x0, 0xe,
    0xf3, 0xfd, 0x6f, 0x60, 0x0, 0x5, 0xfc, 0xfd,
    0x6f, 0x60, 0x0, 0x0, 0xaf, 0xfd, 0x6f, 0x60,
    0x0, 0x0, 0x1f, 0xfd, 0x6f, 0x60, 0x0, 0x0,
    0x6, 0xfd,

    /* U+004F "O" */
    0x0, 0x0, 0x39, 0xdf, 0xec, 0x70, 0x0, 0x0,
    0x0, 0x8f, 0xfd, 0xbc, 0xff, 0xe2, 0x0, 0x0,
    0x7f, 0xe4, 0x0, 0x0, 0x8f, 0xe1, 0x0, 0x2f,
    0xe1, 0x0, 0x0, 0x0, 0x8f, 0xb0, 0x9, 0xf7,
    0x0, 0x0, 0x0, 0x0, 0xef, 0x20, 0xdf, 0x20,
    0x0, 0x0, 0x0, 0x9, 0xf6, 0xf, 0xf0, 0x0,
    0x0, 0x0, 0x0, 0x6f, 0x80, 0xfe, 0x0, 0x0,
    0x0, 0x0, 0x5, 0xf9, 0xf, 0xf0, 0x0, 0x0,
    0x0, 0x0, 0x6f, 0x90, 0xdf, 0x10, 0x0, 0x0,
    0x0, 0x9, 0xf6, 0x9, 0xf7, 0x0, 0x0, 0x0,
    0x0, 0xef, 0x20, 0x2f, 0xf2, 0x0, 0x0, 0x0,
    0x7f, 0xb0, 0x0, 0x7f, 0xe4, 0x0, 0x0, 0x8f,
    0xe2, 0x0, 0x0, 0x7f, 0xfd, 0xbc, 0xff, 0xe3,
    0x0, 0x0, 0x0, 0x39, 0xdf, 0xfc, 0x70, 0x0,
    0x0,

    /* U+0050 "P" */
    0x7f, 0xff, 0xff, 0xfe, 0xc5, 0x0, 0x7f, 0xdc,
    0xcc, 0xcd, 0xff, 0x80, 0x7f, 0x70, 0x0, 0x0,
    0x4f, 0xf1, 0x7f, 0x70, 0x0, 0x0, 0xa, 0xf5,
    0x7f, 0x70, 0x0, 0x0, 0x8, 0xf7, 0x7f, 0x70,
    0x0, 0x0, 0xb, 0xf5, 0x7f, 0x70, 0x0, 0x0,
    0x6f, 0xf1, 0x7f, 0xdc, 0xcc, 0xce, 0xff, 0x50,
    0x7f, 0xff, 0xff, 0xfe, 0xa3, 0x0, 0x7f, 0x70,
    0x0, 0x0, 0x0, 0x0, 0x7f, 0x70, 0x0, 0x0,
    0x0, 0x0, 0x7f, 0x70, 0x0, 0x0, 0x0, 0x0,
    0x7f, 0x70, 0x0, 0x0, 0x0, 0x0, 0x7f, 0x70,
    0x0, 0x0, 0x0, 0x0, 0x7f, 0x70, 0x0, 0x0,
    0x0, 0x0,

    /* U+0051 "Q" */
    0x0, 0x0, 0x39, 0xdf, 0xec, 0x70, 0x0, 0x0,
    0x0, 0x8f, 0xfd, 0xbc, 0xff, 0xe2, 0x0, 0x0,
    0x7f, 0xd3, 0x0, 0x0, 0x8f, 0xe1, 0x0, 0x2f,
    0xe1, 0x0, 0x0, 0x0, 0x8f, 0xb0, 0x9, 0xf7,
    0x0, 0x0, 0x0, 0x0, 0xef, 0x20, 0xdf, 0x20,
    0x0, 0x0, 0x0, 0x9, 0xf6, 0xf, 0xf0, 0x0,
    0x0, 0x0, 0x0, 0x6f, 0x90, 0xfe, 0x0, 0x0,
    0x0, 0x0, 0x5, 0xf9, 0xf, 0xf0, 0x0, 0x0,
    0x0, 0x0, 0x6f, 0x80, 0xdf, 0x20, 0x0, 0x0,
    0x0, 0x9, 0xf6, 0x8, 0xf7, 0x0, 0x0, 0x10,
    0x0, 0xef, 0x20, 0x2f, 0xe1, 0x0, 0xf, 0xd3,
    0x7f, 0xa0, 0x0, 0x7f, 0xe4, 0x0, 0x5d, 0xff,
    0xe1, 0x0, 0x0, 0x7f, 0xfd, 0xbc, 0xff, 0xfd,
    0x30, 0x0, 0x0, 0x29, 0xef, 0xec, 0x64, 0xef,
    0x90, 0x0, 0x0, 0x0, 0x0, 0x0, 0x0, 0x87,

    /* U+0052 "R" */
    0x6f, 0xff, 0xff, 0xff, 0xea, 0x20, 0x0, 0x6f,
    0xda, 0xaa, 0xab, 0xef, 0xf2, 0x0, 0x6f, 0x80,
    0x0, 0x0, 0xa, 0xfa, 0x0, 0x6f, 0x80, 0x0,
    0x0, 0x1, 0xff, 0x0, 0x6f, 0x80, 0x0, 0x0,
    0x0, 0xff, 0x0, 0x6f, 0x80, 0x0, 0x0, 0x3,
    0xfd, 0x0, 0x6f, 0x80, 0x0, 0x0, 0x4d, 0xf7,
    0x0, 0x6f, 0xff, 0xff, 0xff, 0xff, 0x80, 0x0,
    0x6f, 0xec, 0xcd, 0xff, 0x91, 0x0, 0x0, 0x6f,
    0x80, 0x0, 0x3e, 0xf5, 0x0, 0x0, 0x6f, 0x80,
    0x0, 0x3, 0xff, 0x40, 0x0, 0x6f, 0x80, 0x0,
    0x0, 0x6f, 0xe0, 0x0, 0x6f, 0x80, 0x0, 0x0,
    0xc, 0xf9, 0x0, 0x6f, 0x80, 0x0, 0x0, 0x2,
    0xff, 0x30, 0x6f, 0x80, 0x0, 0x0, 0x0, 0x7f,
    0xd0,

    /* U+0053 "S" */
    0x0, 0x4, 0xbe, 0xfe, 0xb5, 0x0, 0x0, 0x8,
    0xff, 0xec, 0xef, 0xfa, 0x0, 0x3, 0xfd, 0x30,
    0x0, 0x3d, 0xf6, 0x0, 0x7f, 0x50, 0x0, 0x0,
    0x4f, 0xb0, 0x7, 0xf6, 0x0, 0x0, 0x0, 0x75,
    0x0, 0x3f, 0xf6, 0x10, 0x0, 0x0, 0x0, 0x0,
    0x6f, 0xff, 0xc9, 0x40, 0x0, 0x0, 0x0, 0x28,
    0xdf, 0xff, 0xe7, 0x0, 0x0, 0x0, 0x0, 0x15,
    0xaf, 0xf8, 0x0, 0x0, 0x0, 0x0, 0x0, 0x2e,
    0xf1, 0xf, 0xc0, 0x0, 0x0, 0x0, 0x9f, 0x40,
    0xdf, 0x20, 0x0, 0x0, 0xb, 0xf3, 0x6, 0xfe,
    0x50, 0x0, 0x8, 0xfd, 0x0, 0x9, 0xff, 0xfd,
    0xdf, 0xfe, 0x20, 0x0, 0x4, 0xae, 0xff, 0xd8,
    0x10, 0x0,

    /* U+0054 "T" */
    0x9f, 0xff, 0xff, 0xff, 0xff, 0xfc, 0x6c, 0xcc,
    0xcf, 0xfc, 0xcc, 0xc9, 0x0, 0x0, 0xd, 0xf0,
    0x0, 0x0, 0x0, 0x0, 0xd, 0xf0, 0x0, 0x0,
    0x0, 0x0, 0xd, 0xf0, 0x0, 0x0, 0x0, 0x0,
    0xd, 0xf0, 0x0, 0x0, 0x0, 0x0, 0xd, 0xf0,
    0x0, 0x0, 0x0, 0x0, 0xd, 0xf0, 0x0, 0x0,
    0x0, 0x0, 0xd, 0xf0, 0x0, 0x0, 0x0, 0x0,
    0xd, 0xf0, 0x0, 0x0, 0x0, 0x0, 0xd, 0xf0,
    0x0, 0x0, 0x0, 0x0, 0xd, 0xf0, 0x0, 0x0,
    0x0, 0x0, 0xd, 0xf0, 0x0, 0x0, 0x0, 0x0,
    0xd, 0xf0, 0x0, 0x0, 0x0, 0x0, 0xd, 0xf0,
    0x0, 0x0,

    /* U+0055 "U" */
    0x6f, 0x70, 0x0, 0x0, 0x1, 0xfd, 0x6f, 0x70,
    0x0, 0x0, 0x1, 0xfd, 0x6f, 0x70, 0x0, 0x0,
    0x1, 0xfd, 0x6f, 0x70, 0x0, 0x0, 0x1, 0xfd,
    0x6f, 0x70, 0x0, 0x0, 0x1, 0xfd, 0x6f, 0x70,
    0x0, 0x0, 0x1, 0xfd, 0x6f, 0x70, 0x0, 0x0,
    0x1, 0xfd, 0x6f, 0x70, 0x0, 0x0, 0x1, 0xfd,
    0x6f, 0x70, 0x0, 0x0, 0x1, 0xfd, 0x5f, 0x80,
    0x0, 0x0, 0x1, 0xfc, 0x4f, 0x90, 0x0, 0x0,
    0x3, 0xfb, 0x1f, 0xe0, 0x0, 0x0, 0x8, 0xf8,
    0xb, 0xfa, 0x10, 0x0, 0x5f, 0xf2, 0x1, 0xef,
    0xfd, 0xce, 0xff, 0x60, 0x0, 0x18, 0xdf, 0xfe,
    0xa3, 0x0,

    /* U+0056 "V" */
    0xbf, 0x50, 0x0, 0x0, 0x0, 0xe, 0xf0, 0x5f,
    0xa0, 0x0, 0x0, 0x0, 0x4f, 0xa0, 0xe, 0xf0,
    0x0, 0x0, 0x0, 0x9f, 0x40, 0x9, 0xf5, 0x0,
    0x0, 0x0, 0xee, 0x0, 0x3, 0xfb, 0x0, 0x0,
    0x5, 0xf8, 0x0, 0x0, 0xdf, 0x0, 0x0, 0xa,
    0xf2, 0x0, 0x0, 0x7f, 0x50, 0x0, 0xf, 0xc0,
    0x0, 0x0, 0x1f, 0xb0, 0x0, 0x6f, 0x60, 0x0,
    0x0, 0xb, 0xf1, 0x0, 0xbf, 0x0, 0x0, 0x0,
    0x5, 0xf6, 0x1, 0xfa, 0x0, 0x0, 0x0, 0x0,
    0xfb, 0x7, 0xf4, 0x0, 0x0, 0x0, 0x0, 0xaf,
    0x1c, 0xe0, 0x0, 0x0, 0x0, 0x0, 0x4f, 0x7f,
    0x80, 0x0, 0x0, 0x0, 0x0, 0xe, 0xff, 0x20,
    0x0, 0x0, 0x0, 0x0, 0x8, 0xfc, 0x0, 0x0,
    0x0,

    /* U+0057 "W" */
    0xaf, 0x40, 0x0, 0x0, 0xcf, 0xc0, 0x0, 0x0,
    0x5f, 0x85, 0xf8, 0x0, 0x0, 0x1f, 0xff, 0x0,
    0x0, 0x9, 0xf4, 0x1f, 0xb0, 0x0, 0x5, 0xfa,
    0xf4, 0x0, 0x0, 0xdf, 0x0, 0xdf, 0x0, 0x0,
    0x9f, 0x3f, 0x90, 0x0, 0x1f, 0xb0, 0x9, 0xf3,
    0x0, 0xe, 0xc0, 0xdd, 0x0, 0x4, 0xf7, 0x0,
    0x5f, 0x60, 0x2, 0xf8, 0x9, 0xf1, 0x0, 0x8f,
    0x30, 0x1, 0xfa, 0x0, 0x6f, 0x40, 0x5f, 0x60,
    0xc, 0xe0, 0x0, 0xd, 0xe0, 0xb, 0xf0, 0x1,
    0xfa, 0x0, 0xfa, 0x0, 0x0, 0x9f, 0x10, 0xfb,
    0x0, 0xd, 0xe0, 0x3f, 0x60, 0x0, 0x5, 0xf5,
    0x4f, 0x70, 0x0, 0x8f, 0x27, 0xf2, 0x0, 0x0,
    0x1f, 0x88, 0xf2, 0x0, 0x4, 0xf5, 0xbe, 0x0,
    0x0, 0x0, 0xdc, 0xbe, 0x0, 0x0, 0xf, 0x8e,
    0xa0, 0x0, 0x0, 0x9, 0xee, 0xa0, 0x0, 0x0,
    0xcd, 0xf5, 0x0, 0x0, 0x0, 0x5f, 0xf6, 0x0,
    0x0, 0x7, 0xff, 0x10, 0x0, 0x0, 0x1, 0xff,
    0x10, 0x0, 0x0, 0x3f, 0xd0, 0x0, 0x0,

    /* U+0058 "X" */
    0xd, 0xf5, 0x0, 0x0, 0x0, 0x9f, 0x70, 0x3,
    0xfe, 0x10, 0x0, 0x5, 0xfc, 0x0, 0x0, 0x8f,
    0xa0, 0x0, 0x1e, 0xe1, 0x0, 0x0, 0xd, 0xf5,
    0x0, 0xbf, 0x50, 0x0, 0x0, 0x3, 0xfe, 0x17,
    0xf9, 0x0, 0x0, 0x0, 0x0, 0x8f, 0xbf, 0xd0,
    0x0, 0x0, 0x0, 0x0, 0xc, 0xff, 0x30, 0x0,
    0x0, 0x0, 0x0, 0x9, 0xff, 0x20, 0x0, 0x0,
    0x0, 0x0, 0x4f, 0xef, 0xc0, 0x0, 0x0, 0x0,
    0x1, 0xef, 0x2c, 0xf7, 0x0, 0x0, 0x0, 0xb,
    0xf7, 0x2, 0xff, 0x20, 0x0, 0x0, 0x6f, 0xc0,
    0x0, 0x7f, 0xc0, 0x0, 0x2, 0xff, 0x20, 0x0,
    0xc, 0xf8, 0x0, 0xd, 0xf6, 0x0, 0x0, 0x2,
    0xff, 0x30, 0x8f, 0xb0, 0x0, 0x0, 0x0, 0x7f,
    0xd0,

    /* U+0059 "Y" */
    0x9f, 0xb0, 0x0, 0x0, 0x0, 0x4f, 0xd0, 0xe,
    0xf5, 0x0, 0x0, 0x0, 0xef, 0x30, 0x5, 0xfe,
    0x0, 0x0, 0x8, 0xf9, 0x0, 0x0, 0xaf, 0x90,
    0x0, 0x3f, 0xd0, 0x0, 0x0, 0x1e, 0xf3, 0x0,
    0xcf, 0x40, 0x0, 0x0, 0x6, 0xfc, 0x6, 0xf9,
    0x0, 0x0, 0x0, 0x0, 0xcf, 0x7e, 0xe0, 0x0,
    0x0, 0x0, 0x0, 0x2f, 0xff, 0x40, 0x0, 0x0,
    0x0, 0x0, 0x8, 0xfa, 0x0, 0x0, 0x0, 0x0,
    0x0, 0x6, 0xf8, 0x0, 0x0, 0x0, 0x0, 0x0,
    0x6, 0xf8, 0x0, 0x0, 0x0, 0x0, 0x0, 0x6,
    0xf8, 0x0, 0x0, 0x0, 0x0, 0x0, 0x6, 0xf8,
    0x0, 0x0, 0x0, 0x0, 0x0, 0x6, 0xf8, 0x0,
    0x0, 0x0, 0x0, 0x0, 0x6, 0xf8, 0x0, 0x0,
    0x0,

    /* U+005A "Z" */
    0xd, 0xff, 0xff, 0xff, 0xff, 0xf7, 0x9, 0xcc,
    0xcc, 0xcc, 0xcf, 0xf6, 0x0, 0x0, 0x0, 0x0,
    0x7f, 0xd0, 0x0, 0x0, 0x0, 0x4, 0xff, 0x20,
    0x0, 0x0, 0x0, 0x1e, 0xf5, 0x0, 0x0, 0x0,
    0x0, 0xcf, 0x80, 0x0, 0x0, 0x0, 0x9, 0xfc,
    0x0, 0x0, 0x0, 0x0, 0x5f, 0xe1, 0x0, 0x0,
    0x0, 0x2, 0xff, 0x30, 0x0, 0x0, 0x0, 0xd,
    0xf7, 0x0, 0x0, 0x0, 0x0, 0x9f, 0xa0, 0x0,
    0x0, 0x0, 0x6, 0xfd, 0x0, 0x0, 0x0, 0x0,
    0x2f, 0xf2, 0x0, 0x0, 0x0, 0x0, 0xaf, 0xec,
    0xcc, 0xcc, 0xcc, 0xc8, 0xaf, 0xff, 0xff, 0xff,
    0xff, 0xfb,

    /* U+005B "[" */
    0xaf, 0xff, 0x4a, 0xf8, 0x82, 0xaf, 0x10, 0xa,
    0xf1, 0x0, 0xaf, 0x10, 0xa, 0xf1, 0x0, 0xaf,
    0x10, 0xa, 0xf1, 0x0, 0xaf, 0x10, 0xa, 0xf1,
    0x0, 0xaf, 0x10, 0xa, 0xf1, 0x0, 0xaf, 0x10,
    0xa, 0xf1, 0x0, 0xaf, 0x10, 0xa, 0xf1, 0x0,
    0xaf, 0x10, 0xa, 0xf9, 0x82, 0xaf, 0xff, 0x40,

    /* U+005C "\\" */
    0xd8, 0x0, 0x0, 0x9d, 0x0, 0x0, 0x5f, 0x10,
    0x0, 0x1f, 0x50, 0x0, 0xc, 0x90, 0x0, 0x8,
    0xe0, 0x0, 0x4, 0xf2, 0x0, 0x0, 0xf6, 0x0,
    0x0, 0xbb, 0x0, 0x0, 0x7f, 0x0, 0x0, 0x3f,
    0x30, 0x0, 0xe, 0x70, 0x0, 0xa, 0xc0, 0x0,
    0x6, 0xf0, 0x0, 0x2, 0xf4, 0x0, 0x0, 0x73,

    /* U+005D "]" */
    0xaf, 0xff, 0x35, 0x8c, 0xf3, 0x0, 0x9f, 0x30,
    0x9, 0xf3, 0x0, 0x9f, 0x30, 0x9, 0xf3, 0x0,
    0x9f, 0x30, 0x9, 0xf3, 0x0, 0x9f, 0x30, 0x9,
    0xf3, 0x0, 0x9f, 0x30, 0x9, 0xf3, 0x0, 0x9f,
    0x30, 0x9, 0xf3, 0x0, 0x9f, 0x30, 0x9, 0xf3,
    0x0, 0x9f, 0x35, 0x8c, 0xf3, 0xaf, 0xff, 0x30,

    /* U+005E "^" */
    0x0, 0x3, 0xf9, 0x0, 0x0, 0x0, 0xaf, 0xf1,
    0x0, 0x0, 0x1f, 0x9f, 0x70, 0x0, 0x8, 0xf1,
    0xbe, 0x0, 0x0, 0xeb, 0x5, 0xf5, 0x0, 0x6f,
    0x40, 0xe, 0xc0, 0xd, 0xe0, 0x0, 0x8f, 0x34,
    0xf8, 0x0, 0x2, 0xfa,

    /* U+005F "_" */
    0x1e, 0xee, 0xee, 0xee, 0xee, 0xe1, 0x1, 0x11,
    0x11, 0x11, 0x11, 0x10,

    /* U+0060 "`" */
    0xb, 0xd4, 0x0, 0x2f, 0xc0, 0x0, 0x6f, 0x30,

    /* U+0061 "a" */
    0x0, 0x29, 0xdf, 0xec, 0x50, 0x0, 0x2f, 0xf9,
    0x89, 0xff, 0x50, 0xa, 0xf3, 0x0, 0x4, 0xfa,
    0x0, 0x46, 0x0, 0x0, 0xf, 0xb0, 0x0, 0x1,
    0x46, 0x9c, 0xfb, 0x0, 0x1b, 0xff, 0xfe, 0x9f,
    0xc0, 0xc, 0xf9, 0x41, 0x0, 0xfc, 0x2, 0xfb,
    0x0, 0x0, 0x3f, 0xc0, 0x2f, 0xc0, 0x0, 0xb,
    0xfc, 0x0, 0xcf, 0xb7, 0x8e, 0xde, 0xd0, 0x1,
    0x9e, 0xfd, 0x70, 0xaf, 0x10,

    /* U+0062 "b" */
    0xaf, 0x10, 0x0, 0x0, 0x0, 0xaf, 0x10, 0x0,
    0x0, 0x0, 0xaf, 0x10, 0x0, 0x0, 0x0, 0xaf,
    0x10, 0x0, 0x0, 0x0, 0xaf, 0x3a, 0xff, 0xb2,
    0x0, 0xaf, 0xed, 0x89, 0xff, 0x20, 0xaf, 0xd0,
    0x0, 0x4f, 0xb0, 0xaf, 0x50, 0x0, 0xc, 0xf1,
    0xaf, 0x10, 0x0, 0x9, 0xf4, 0xaf, 0x0, 0x0,
    0x7, 0xf5, 0xaf, 0x0, 0x0, 0x9, 0xf4, 0xaf,
    0x30, 0x0, 0xd, 0xf1, 0xaf, 0xc0, 0x0, 0x5f,
    0xa0, 0xaf, 0xdd, 0x8a, 0xfe, 0x10, 0xaf, 0x1b,
    0xfe, 0x91, 0x0,

    /* U+0063 "c" */
    0x0, 0x19, 0xef, 0xd8, 0x0, 0x1, 0xdf, 0xb8,
    0xbf, 0xc0, 0x9, 0xf6, 0x0, 0x9, 0xf5, 0xf,
    0xe0, 0x0, 0x1, 0x83, 0x2f, 0xb0, 0x0, 0x0,
    0x0, 0x3f, 0x90, 0x0, 0x0, 0x0, 0x2f, 0xb0,
    0x0, 0x0, 0x0, 0xf, 0xe0, 0x0, 0x1, 0xfa,
    0x9, 0xf6, 0x0, 0x8, 0xf6, 0x1, 0xdf, 0xa8,
    0xbf, 0xc0, 0x0, 0x19, 0xef, 0xd7, 0x0,

    /* U+0064 "d" */
    0x0, 0x0, 0x0, 0x0, 0xfb, 0x0, 0x0, 0x0,
    0x0, 0xfb, 0x0, 0x0, 0x0, 0x0, 0xfb, 0x0,
    0x0, 0x0, 0x0, 0xfb, 0x0, 0x2a, 0xef, 0xb2,
    0xfb, 0x2, 0xef, 0xa8, 0xce, 0xfb, 0xa, 0xf5,
    0x0, 0xb, 0xfb, 0xf, 0xd0, 0x0, 0x4, 0xfb,
    0x3f, 0x90, 0x0, 0x0, 0xfb, 0x4f, 0x80, 0x0,
    0x0, 0xeb, 0x3f, 0x90, 0x0, 0x0, 0xfb, 0xf,
    0xd0, 0x0, 0x3, 0xfb, 0x9, 0xf6, 0x0, 0xb,
    0xfb, 0x1, 0xdf, 0xb8, 0xdd, 0xfb, 0x0, 0x19,
    0xef, 0xb2, 0xeb,

    /* U+0065 "e" */
    0x0, 0x8, 0xdf, 0xe9, 0x10, 0x0, 0xd, 0xfc,
    0x8a, 0xfe, 0x10, 0x8, 0xf8, 0x0, 0x4, 0xfb,
    0x0, 0xee, 0x0, 0x0, 0xb, 0xf1, 0x2f, 0xd8,
    0x88, 0x88, 0xcf, 0x43, 0xff, 0xff, 0xff, 0xff,
    0xf5, 0x2f, 0xa0, 0x0, 0x0, 0x0, 0x0, 0xfe,
    0x0, 0x0, 0x6, 0x71, 0x9, 0xf8, 0x0, 0x3,
    0xfe, 0x0, 0x1d, 0xfc, 0x8a, 0xff, 0x40, 0x0,
    0x18, 0xdf, 0xea, 0x30, 0x0,

    /* U+0066 "f" */
    0x0, 0x5d, 0xfe, 0x10, 0x1f, 0xfc, 0xb0, 0x3,
    0xf9, 0x0, 0x0, 0x4f, 0x70, 0x0, 0xdf, 0xff,
    0xf7, 0x5, 0x9f, 0xb6, 0x30, 0x4, 0xf7, 0x0,
    0x0, 0x4f, 0x70, 0x0, 0x4, 0xf7, 0x0, 0x0,
    0x4f, 0x70, 0x0, 0x4, 0xf7, 0x0, 0x0, 0x4f,
    0x70, 0x0, 0x4, 0xf7, 0x0, 0x0, 0x4f, 0x70,
    0x0, 0x4, 0xf7, 0x0, 0x0,

    /* U+0067 "g" */
    0x0, 0x2a, 0xef, 0xb2, 0xcd, 0x1, 0xef, 0xa8,
    0xcf, 0xed, 0xa, 0xf5, 0x0, 0xb, 0xfd, 0xf,
    0xd0, 0x0, 0x2, 0xfd, 0x3f, 0x90, 0x0, 0x0,
    0xed, 0x4f, 0x80, 0x0, 0x0, 0xdd, 0x3f, 0x80,
    0x0, 0x0, 0xed, 0xf, 0xc0, 0x0, 0x1, 0xfd,
    0xa, 0xf5, 0x0, 0xa, 0xfd, 0x1, 0xef, 0xa8,
    0xde, 0xfd, 0x0, 0x1a, 0xef, 0xb2, 0xfc, 0x2,
    0x0, 0x0, 0x1, 0xfa, 0xe, 0xe0, 0x0, 0x8,
    0xf6, 0x7, 0xfd, 0x88, 0xbf, 0xc0, 0x0, 0x5c,
    0xef, 0xd8, 0x0,

    /* U+0068 "h" */
    0xaf, 0x10, 0x0, 0x0, 0xa, 0xf1, 0x0, 0x0,
    0x0, 0xaf, 0x10, 0x0, 0x0, 0xa, 0xf1, 0x0,
    0x0, 0x0, 0xaf, 0x29, 0xef, 0xc5, 0xa, 0xfe,
    0xea, 0xbf, 0xf4, 0xaf, 0xc1, 0x0, 0x6f, 0xaa,
    0xf4, 0x0, 0x0, 0xfc, 0xaf, 0x20, 0x0, 0xf,
    0xca, 0xf1, 0x0, 0x0, 0xfd, 0xaf, 0x10, 0x0,
    0xf, 0xda, 0xf1, 0x0, 0x0, 0xfd, 0xaf, 0x10,
    0x0, 0xf, 0xda, 0xf1, 0x0, 0x0, 0xfd, 0xaf,
    0x10, 0x0, 0xf, 0xd0,

    /* U+0069 "i" */
    0xaf, 0x1a, 0xf1, 0x1, 0x0, 0x0, 0xaf, 0x1a,
    0xf1, 0xaf, 0x1a, 0xf1, 0xaf, 0x1a, 0xf1, 0xaf,
    0x1a, 0xf1, 0xaf, 0x1a, 0xf1, 0xaf, 0x10,

    /* U+006A "j" */
    0x0, 0xaf, 0x10, 0xa, 0xf1, 0x0, 0x1, 0x0,
    0x0, 0x0, 0x0, 0xaf, 0x10, 0xa, 0xf1, 0x0,
    0xaf, 0x10, 0xa, 0xf1, 0x0, 0xaf, 0x10, 0xa,
    0xf1, 0x0, 0xaf, 0x10, 0xa, 0xf1, 0x0, 0xaf,
    0x10, 0xa, 0xf1, 0x0, 0xaf, 0x10, 0xa, 0xf1,
    0x0, 0xcf, 0x6, 0xaf, 0xc0, 0xbf, 0xc3, 0x0,

    /* U+006B "k" */
    0xbf, 0x10, 0x0, 0x0, 0xb, 0xf1, 0x0, 0x0,
    0x0, 0xbf, 0x10, 0x0, 0x0, 0xb, 0xf1, 0x0,
    0x0, 0x0, 0xbf, 0x10, 0x4, 0xfe, 0x2b, 0xf1,
    0x3, 0xfe, 0x20, 0xbf, 0x12, 0xee, 0x20, 0xb,
    0xf3, 0xee, 0x30, 0x0, 0xbf, 0xef, 0xd0, 0x0,
    0xb, 0xff, 0xbf, 0x70, 0x0, 0xbf, 0x41, 0xef,
    0x20, 0xb, 0xf1, 0x6, 0xfb, 0x0, 0xbf, 0x10,
    0xc, 0xf5, 0xb, 0xf1, 0x0, 0x2f, 0xe1, 0xbf,
    0x10, 0x0, 0x8f, 0x90,

    /* U+006C "l" */
    0xaf, 0x1a, 0xf1, 0xaf, 0x1a, 0xf1, 0xaf, 0x1a,
    0xf1, 0xaf, 0x1a, 0xf1, 0xaf, 0x1a, 0xf1, 0xaf,
    0x1a, 0xf1, 0xaf, 0x1a, 0xf1, 0xaf, 0x10,

    /* U+006D "m" */
    0xbe, 0x2b, 0xff, 0xb2, 0x19, 0xef, 0xb2, 0xb,
    0xfe, 0xa6, 0x9f, 0xdd, 0xb6, 0x7f, 0xd0, 0xbf,
    0x90, 0x0, 0xbf, 0xb0, 0x0, 0x9f, 0x3b, 0xf3,
    0x0, 0x9, 0xf5, 0x0, 0x6, 0xf5, 0xbf, 0x10,
    0x0, 0x8f, 0x30, 0x0, 0x6f, 0x6b, 0xf1, 0x0,
    0x8, 0xf3, 0x0, 0x6, 0xf6, 0xbf, 0x10, 0x0,
    0x8f, 0x30, 0x0, 0x6f, 0x6b, 0xf1, 0x0, 0x8,
    0xf3, 0x0, 0x6, 0xf6, 0xbf, 0x10, 0x0, 0x8f,
    0x30, 0x0, 0x6f, 0x6b, 0xf1, 0x0, 0x8, 0xf3,
    0x0, 0x6, 0xf6, 0xbf, 0x10, 0x0, 0x8f, 0x30,
    0x0, 0x6f, 0x60,

    /* U+006E "n" */
    0xaf, 0x1a, 0xef, 0xc5, 0xa, 0xfe, 0xb6, 0x7e,
    0xf4, 0xaf, 0xa0, 0x0, 0x4f, 0xaa, 0xf4, 0x0,
    0x0, 0xfc, 0xaf, 0x20, 0x0, 0xf, 0xca, 0xf1,
    0x0, 0x0, 0xfd, 0xaf, 0x10, 0x0, 0xf, 0xda,
    0xf1, 0x0, 0x0, 0xfd, 0xaf, 0x10, 0x0, 0xf,
    0xda, 0xf1, 0x0, 0x0, 0xfd, 0xaf, 0x10, 0x0,
    0xf, 0xd0,

    /* U+006F "o" */
    0x0, 0x18, 0xef, 0xe9, 0x10, 0x0, 0x1e, 0xfb,
    0x8b, 0xfe, 0x20, 0xa, 0xf6, 0x0, 0x5, 0xfc,
    0x0, 0xfd, 0x0, 0x0, 0xb, 0xf2, 0x3f, 0x90,
    0x0, 0x0, 0x7f, 0x54, 0xf8, 0x0, 0x0, 0x6,
    0xf6, 0x3f, 0xa0, 0x0, 0x0, 0x8f, 0x50, 0xfd,
    0x0, 0x0, 0xc, 0xf2, 0xb, 0xf7, 0x0, 0x4,
    0xfc, 0x0, 0x1e, 0xfc, 0x8a, 0xfe, 0x20, 0x0,
    0x18, 0xdf, 0xe9, 0x10, 0x0,

    /* U+0070 "p" */
    0xaf, 0x1a, 0xff, 0xb2, 0x0, 0xaf, 0xdd, 0x78,
    0xff, 0x20, 0xaf, 0xc0, 0x0, 0x4f, 0xb0, 0xaf,
    0x50, 0x0, 0xc, 0xf1, 0xaf, 0x10, 0x0, 0x8,
    0xf4, 0xaf, 0x0, 0x0, 0x7, 0xf5, 0xaf, 0x0,
    0x0, 0x8, 0xf4, 0xaf, 0x30, 0x0, 0xc, 0xf1,
    0xaf, 0xc0, 0x0, 0x4f, 0xa0, 0xaf, 0xed, 0x8a,
    0xfe, 0x10, 0xaf, 0x3b, 0xfe, 0xa1, 0x0, 0xaf,
    0x10, 0x0, 0x0, 0x0, 0xaf, 0x10, 0x0, 0x0,
    0x0, 0xaf, 0x10, 0x0, 0x0, 0x0, 0xaf, 0x10,
    0x0, 0x0, 0x0,

    /* U+0071 "q" */
    0x0, 0x2a, 0xef, 0xb2, 0xdc, 0x1, 0xef, 0x97,
    0xce, 0xec, 0xa, 0xf5, 0x0, 0xb, 0xfc, 0xf,
    0xd0, 0x0, 0x3, 0xfc, 0x2f, 0xa0, 0x0, 0x0,
    0xfc, 0x3f, 0x90, 0x0, 0x0, 0xdc, 0x2f, 0xa0,
    0x0, 0x0, 0xec, 0xf, 0xe0, 0x0, 0x2, 0xfc,
    0x8, 0xf6, 0x0, 0xa, 0xfc, 0x0, 0xdf, 0xb8,
    0xce, 0xfc, 0x0, 0x19, 0xef, 0xb2, 0xfc, 0x0,
    0x0, 0x0, 0x0, 0xfc, 0x0, 0x0, 0x0, 0x0,
    0xfc, 0x0, 0x0, 0x0, 0x0, 0xfc, 0x0, 0x0,
    0x0, 0x0, 0xfc,

    /* U+0072 "r" */
    0xbe, 0x3d, 0xf9, 0xbe, 0xec, 0xb8, 0xbf, 0xa0,
    0x0, 0xbf, 0x30, 0x0, 0xbf, 0x10, 0x0, 0xbf,
    0x0, 0x0, 0xbf, 0x0, 0x0, 0xbf, 0x0, 0x0,
    0xbf, 0x0, 0x0, 0xbf, 0x0, 0x0, 0xbf, 0x0,
    0x0,

    /* U+0073 "s" */
    0x0, 0x7d, 0xfe, 0xb4, 0x0, 0x9, 0xfc, 0x89,
    0xef, 0x40, 0xf, 0xb0, 0x0, 0x2f, 0xb0, 0xf,
    0xd1, 0x0, 0x1, 0x0, 0x9, 0xff, 0xc7, 0x30,
    0x0, 0x0, 0x6d, 0xff, 0xfd, 0x30, 0x0, 0x0,
    0x15, 0xbf, 0xe0, 0x28, 0x40, 0x0, 0xa, 0xf2,
    0x1f, 0xc0, 0x0, 0xc, 0xf1, 0x9, 0xfd, 0x98,
    0xdf, 0x80, 0x0, 0x6c, 0xef, 0xc5, 0x0,

    /* U+0074 "t" */
    0x0, 0x33, 0x0, 0x4, 0xf6, 0x0, 0x6, 0xf6,
    0x0, 0x6, 0xf6, 0x0, 0xaf, 0xff, 0xf2, 0x4a,
    0xfa, 0x60, 0x6, 0xf6, 0x0, 0x6, 0xf6, 0x0,
    0x6, 0xf6, 0x0, 0x6, 0xf6, 0x0, 0x6, 0xf6,
    0x0, 0x5, 0xf6, 0x0, 0x5, 0xf7, 0x0, 0x3,
    0xfe, 0xb2, 0x0, 0x9f, 0xf4,

    /* U+0075 "u" */
    0xbf, 0x10, 0x0, 0xf, 0xbb, 0xf1, 0x0, 0x0,
    0xfb, 0xbf, 0x10, 0x0, 0xf, 0xbb, 0xf1, 0x0,
    0x0, 0xfb, 0xbf, 0x10, 0x0, 0xf, 0xbb, 0xf1,
    0x0, 0x0, 0xfb, 0xaf, 0x10, 0x0, 0x1f, 0xba,
    0xf2, 0x0, 0x3, 0xfb, 0x7f, 0x70, 0x0, 0xbf,
    0xb2, 0xff, 0xba, 0xec, 0xdb, 0x3, 0xbf, 0xe9,
    0x1d, 0xb0,

    /* U+0076 "v" */
    0x8f, 0x40, 0x0, 0x3, 0xf9, 0x3f, 0xa0, 0x0,
    0x8, 0xf3, 0xd, 0xe0, 0x0, 0xe, 0xd0, 0x7,
    0xf4, 0x0, 0x3f, 0x80, 0x2, 0xfa, 0x0, 0x9f,
    0x20, 0x0, 0xcf, 0x0, 0xec, 0x0, 0x0, 0x6f,
    0x44, 0xf7, 0x0, 0x0, 0x1f, 0x99, 0xf1, 0x0,
    0x0, 0xb, 0xee, 0xb0, 0x0, 0x0, 0x5, 0xff,
    0x50, 0x0, 0x0, 0x0, 0xff, 0x0, 0x0,

    /* U+0077 "w" */
    0xcf, 0x10, 0x0, 0xcf, 0x40, 0x0, 0x8f, 0x37,
    0xf4, 0x0, 0xf, 0xf8, 0x0, 0xc, 0xe0, 0x2f,
    0x90, 0x4, 0xff, 0xc0, 0x1, 0xf9, 0x0, 0xed,
    0x0, 0x8f, 0xaf, 0x0, 0x5f, 0x40, 0x9, 0xf1,
    0xc, 0xb6, 0xf4, 0xa, 0xf0, 0x0, 0x5f, 0x50,
    0xf7, 0x2f, 0x80, 0xeb, 0x0, 0x0, 0xf9, 0x4f,
    0x30, 0xec, 0x3f, 0x60, 0x0, 0xb, 0xd8, 0xf0,
    0xa, 0xf7, 0xf1, 0x0, 0x0, 0x7f, 0xeb, 0x0,
    0x5f, 0xed, 0x0, 0x0, 0x2, 0xff, 0x70, 0x1,
    0xff, 0x80, 0x0, 0x0, 0xd, 0xf3, 0x0, 0xd,
    0xf3, 0x0, 0x0,

    /* U+0078 "x" */
    0x3f, 0xe0, 0x0, 0xd, 0xf3, 0x9, 0xf8, 0x0,
    0x8f, 0x80, 0x0, 0xdf, 0x23, 0xfd, 0x0, 0x0,
    0x3f, 0xcd, 0xf2, 0x0, 0x0, 0x9, 0xff, 0x70,
    0x0, 0x0, 0x4, 0xff, 0x30, 0x0, 0x0, 0xd,
    0xff, 0xd0, 0x0, 0x0, 0x8f, 0x77, 0xf8, 0x0,
    0x3, 0xfd, 0x0, 0xdf, 0x30, 0xd, 0xf3, 0x0,
    0x3f, 0xd0, 0x8f, 0x90, 0x0, 0x9, 0xf8,

    /* U+0079 "y" */
    0x7f, 0x60, 0x0, 0x1, 0xfa, 0x2f, 0xb0, 0x0,
    0x7, 0xf4, 0xc, 0xf1, 0x0, 0xd, 0xe0, 0x6,
    0xf7, 0x0, 0x2f, 0x90, 0x0, 0xfc, 0x0, 0x8f,
    0x30, 0x0, 0xaf, 0x20, 0xed, 0x0, 0x0, 0x4f,
    0x73, 0xf7, 0x0, 0x0, 0xe, 0xd8, 0xf1, 0x0,
    0x0, 0x8, 0xfd, 0xb0, 0x0, 0x0, 0x2, 0xff,
    0x50, 0x0, 0x0, 0x0, 0xdf, 0x0, 0x0, 0x0,
    0x1, 0xfa, 0x0, 0x0, 0x0, 0x8, 0xf4, 0x0,
    0x0, 0xc, 0xdf, 0xb0, 0x0, 0x0, 0xb, 0xfb,
    0x10, 0x0, 0x0,

    /* U+007A "z" */
    0x3f, 0xff, 0xff, 0xff, 0xf4, 0x17, 0x77, 0x77,
    0x9f, 0xe1, 0x0, 0x0, 0x0, 0xcf, 0x30, 0x0,
    0x0, 0xa, 0xf6, 0x0, 0x0, 0x0, 0x7f, 0xa0,
    0x0, 0x0, 0x4, 0xfc, 0x0, 0x0, 0x0, 0x2f,
    0xe1, 0x0, 0x0, 0x1, 0xdf, 0x40, 0x0, 0x0,
    0xb, 0xf7, 0x0, 0x0, 0x0, 0x7f, 0xe8, 0x88,
    0x88, 0x85, 0x9f, 0xff, 0xff, 0xff, 0xf9,

    /* U+007B "{" */
    0x0, 0x5, 0xdf, 0x30, 0x1, 0xfe, 0xa1, 0x0,
    0x5f, 0x50, 0x0, 0x6, 0xf3, 0x0, 0x0, 0x6f,
    0x30, 0x0, 0x7, 0xf2, 0x0, 0x0, 0x8f, 0x10,
    0x0, 0xd, 0xd0, 0x0, 0x4e, 0xe3, 0x0, 0x7,
    0xfa, 0x0, 0x0, 0x4, 0xf9, 0x0, 0x0, 0x9,
    0xf0, 0x0, 0x0, 0x7f, 0x20, 0x0, 0x6, 0xf3,
    0x0, 0x0, 0x6f, 0x30, 0x0, 0x6, 0xf3, 0x0,
    0x0, 0x4f, 0x50, 0x0, 0x1, 0xfe, 0x91, 0x0,
    0x5, 0xdf, 0x30,

    /* U+007C "|" */
    0x2f, 0x52, 0xf5, 0x2f, 0x52, 0xf5, 0x2f, 0x52,
    0xf5, 0x2f, 0x52, 0xf5, 0x2f, 0x52, 0xf5, 0x2f,
    0x52, 0xf5, 0x2f, 0x52, 0xf5, 0x2f, 0x52, 0xf5,
    0x2f, 0x52, 0xf5, 0x2f, 0x50,

    /* U+007D "}" */
    0x8f, 0xc2, 0x0, 0x4, 0xaf, 0xc0, 0x0, 0x0,
    0xaf, 0x0, 0x0, 0x8, 0xf1, 0x0, 0x0, 0x8f,
    0x10, 0x0, 0x8, 0xf2, 0x0, 0x0, 0x6f, 0x30,
    0x0, 0x2, 0xf9, 0x0, 0x0, 0x7, 0xfc, 0x10,
    0x0, 0x2d, 0xf2, 0x0, 0xe, 0xc2, 0x0, 0x5,
    0xf4, 0x0, 0x0, 0x7f, 0x20, 0x0, 0x8, 0xf1,
    0x0, 0x0, 0x8f, 0x10, 0x0, 0x8, 0xf0, 0x0,
    0x0, 0xaf, 0x0, 0x4, 0xbf, 0xb0, 0x0, 0x8f,
    0xc2, 0x0, 0x0,

    /* U+007E "~" */
    0x0, 0x0, 0x0, 0x0, 0x0, 0x0, 0x6d, 0xfe,
    0xa5, 0x0, 0x29, 0x2f, 0xff, 0xff, 0xff, 0xff,
    0xd2, 0x91, 0x1, 0x6b, 0xef, 0xb4, 0x0, 0x0,
    0x0, 0x0, 0x0, 0x0,

    /* U+00A0 " " */

    /* U+00A1 "¡" */
    0xbf, 0x5b, 0xf5, 0x1, 0x0, 0x20, 0x5e, 0x6,
    0xf0, 0x7f, 0x8, 0xf1, 0x9f, 0x2a, 0xf3, 0xbf,
    0x4c, 0xf5, 0xcf, 0x6c, 0xf6, 0xcf, 0x60,

    /* U+00A2 "¢" */
    0x0, 0x0, 0x0, 0x48, 0x0, 0x0, 0x0, 0x0,
    0x98, 0x0, 0x0, 0x0, 0x0, 0xe4, 0x0, 0x0,
    0x0, 0x2, 0xf0, 0x0, 0x0, 0x6d, 0xff, 0xe2,
    0x0, 0x9, 0xf8, 0x3d, 0xff, 0x30, 0x4f, 0x80,
    0x1f, 0x6f, 0xb0, 0xaf, 0x20, 0x5d, 0x7, 0x50,
    0xdf, 0x0, 0xa9, 0x0, 0x0, 0xde, 0x0, 0xe4,
    0x0, 0x0, 0xcf, 0x3, 0xf0, 0x1, 0x0, 0x9f,
    0x37, 0xb0, 0xc, 0xf0, 0x4f, 0xbc, 0x60, 0x4f,
    0xa0, 0x9, 0xff, 0x9a, 0xfe, 0x10, 0x0, 0x9f,
    0xfe, 0x91, 0x0, 0x0, 0xa9, 0x0, 0x0, 0x0,
    0x0, 0xe4, 0x0, 0x0, 0x0, 0x3, 0xf0, 0x0,
    0x0, 0x0, 0x4, 0x90, 0x0, 0x0, 0x0,

    /* U+00A3 "£" */
    0x0, 0x5, 0xcf, 0xea, 0x20, 0x0, 0x8, 0xfe,
    0x99, 0xff, 0x40, 0x2, 0xfd, 0x10, 0x3, 0xfd,
    0x0, 0x7f, 0x70, 0x0, 0xa, 0xe2, 0x7, 0xf6,
    0x0, 0x0, 0x0, 0x0, 0x5f, 0x90, 0x0, 0x0,
    0x0, 0x13, 0xfd, 0x22, 0x20, 0x0, 0x8, 0xff,
    0xff, 0xff, 0x0, 0x0, 0x25, 0xbf, 0x85, 0x50,
    0x0, 0x0, 0x7, 0xf6, 0x0, 0x0, 0x0, 0x0,
    0x9f, 0x30, 0x0, 0x0, 0x0, 0xe, 0xb0, 0x0,
    0x0, 0x0, 0xa, 0xe3, 0x10, 0x0, 0x0, 0x8,
    0xff, 0xff, 0xfe, 0xcc, 0xe4, 0x3d, 0x86, 0x68,
    0xce, 0xfc, 0x40, 0x0, 0x0, 0x0, 0x0, 0x0,

    /* U+00A4 "¤" */
    0x1, 0x0, 0x0, 0x0, 0x1, 0x0, 0xdb, 0x17,
    0xa8, 0x29, 0xe1, 0x9, 0xff, 0xff, 0xff, 0xfb,
    0x0, 0xf, 0xe4, 0x4, 0xdf, 0x20, 0x6, 0xf5,
    0x0, 0x3, 0xf8, 0x0, 0x8f, 0x10, 0x0, 0xf,
    0xa0, 0x7, 0xf3, 0x0, 0x1, 0xf9, 0x0, 0x2f,
    0xb0, 0x0, 0xaf, 0x40, 0x4, 0xff, 0xeb, 0xef,
    0xf6, 0x0, 0xfe, 0x7d, 0xfd, 0x7d, 0xf2, 0x4,
    0x20, 0x0, 0x0, 0x15, 0x0,

    /* U+00A5 "¥" */
    0xbf, 0x30, 0x0, 0x0, 0x3f, 0xd0, 0x2f, 0xc0,
    0x0, 0x0, 0xbf, 0x40, 0xa, 0xf4, 0x0, 0x4,
    0xfc, 0x0, 0x1, 0xfd, 0x0, 0xc, 0xf3, 0x0,
    0x0, 0x8f, 0x50, 0x4f, 0xa0, 0x0, 0x0, 0x1e,
    0xe0, 0xcf, 0x20, 0x0, 0x1, 0x18, 0xfa, 0xfa,
    0x11, 0x0, 0x5f, 0xff, 0xff, 0xff, 0xff, 0x70,
    0x14, 0x44, 0x8f, 0xa4, 0x44, 0x20, 0x1, 0x11,
    0x5f, 0x81, 0x11, 0x0, 0x5f, 0xff, 0xff, 0xff,
    0xff, 0x70, 0x14, 0x44, 0x8f, 0xa4, 0x44, 0x20,
    0x0, 0x0, 0x4f, 0x70, 0x0, 0x0, 0x0, 0x0,
    0x4f, 0x70, 0x0, 0x0, 0x0, 0x0, 0x4f, 0x70,
    0x0, 0x0,

    /* U+00A6 "¦" */
    0x2f, 0x52, 0xf5, 0x2f, 0x52, 0xf5, 0x2f, 0x52,
    0xf5, 0x2f, 0x51, 0xc4, 0x0, 0x0, 0x0, 0x0,
    0x1, 0xc4, 0x2f, 0x52, 0xf5, 0x2f, 0x52, 0xf5,
    0x2f, 0x52, 0xf5, 0x2f, 0x50,

    /* U+00A7 "§" */
    0x0, 0x8, 0xdf, 0xd7, 0x0, 0x0, 0xa, 0xfc,
    0x8c, 0xfa, 0x0, 0x2, 0xfb, 0x0, 0xc, 0xf2,
    0x0, 0x3f, 0xa0, 0x0, 0x59, 0x20, 0x0, 0xdf,
    0x60, 0x0, 0x0, 0x0, 0x5, 0xff, 0xa1, 0x0,
    0x0, 0x6, 0xf8, 0xbf, 0xe6, 0x0, 0x0, 0xfa,
    0x0, 0x6f, 0xfb, 0x10, 0x1f, 0x70, 0x0, 0x2d,
    0xfb, 0x0, 0xed, 0x10, 0x0, 0xd, 0xf2, 0x5,
    0xfe, 0x40, 0x0, 0x7f, 0x30, 0x4, 0xef, 0x90,
    0xb, 0xd0, 0x0, 0x1, 0xaf, 0xeb, 0xb2, 0x0,
    0x0, 0x0, 0x4e, 0xf8, 0x0, 0x0, 0x0, 0x0,
    0x1c, 0xf4, 0x0, 0x4b, 0x40, 0x0, 0x4f, 0x80,
    0x3, 0xfb, 0x0, 0x7, 0xf7, 0x0, 0xa, 0xfd,
    0x9a, 0xfe, 0x10, 0x0, 0x7, 0xdf, 0xea, 0x10,
    0x0,

    /* U+00A8 "¨" */
    0x1, 0x0, 0x1, 0x6, 0xf6, 0xc, 0xf0, 0x6f,
    0x60, 0xcf, 0x0,

    /* U+00A9 "©" */
    0x0, 0x0, 0x0, 0x0, 0x0, 0x0, 0x0, 0x0,
    0x0, 0x6, 0xcf, 0xfe, 0xb4, 0x0, 0x0, 0x0,
    0x2d, 0xe8, 0x54, 0x5a, 0xfb, 0x0, 0x0, 0x2e,
    0xa0, 0x0, 0x0, 0x2, 0xdc, 0x0, 0xd, 0xa0,
    0x7, 0xde, 0xc4, 0x1, 0xe8, 0x5, 0xe1, 0x9,
    0xf6, 0x26, 0xf4, 0x4, 0xf1, 0xb9, 0x2, 0xf5,
    0x0, 0x7, 0x70, 0xd, 0x6e, 0x50, 0x6f, 0x0,
    0x0, 0x0, 0x0, 0x9a, 0xf3, 0x7, 0xe0, 0x0,
    0x0, 0x0, 0x8, 0xbe, 0x40, 0x6f, 0x0, 0x0,
    0x0, 0x0, 0x9a, 0xc8, 0x3, 0xf3, 0x0, 0x8,
    0xb0, 0xc, 0x76, 0xe0, 0xb, 0xd3, 0x5, 0xf6,
    0x3, 0xf2, 0xe, 0x80, 0x1a, 0xff, 0xf7, 0x0,
    0xca, 0x0, 0x3f, 0x80, 0x1, 0x20, 0x0, 0xbe,
    0x10, 0x0, 0x4f, 0xc5, 0x21, 0x27, 0xed, 0x20,
    0x0, 0x0, 0x19, 0xef, 0xff, 0xe7, 0x0, 0x0,
    0x0, 0x0, 0x0, 0x23, 0x10, 0x0, 0x0, 0x0,

    /* U+00AA "ª" */
    0x5, 0xdf, 0xe9, 0x1, 0xf9, 0x36, 0xf6, 0x4,
    0x1, 0x3e, 0x90, 0x9e, 0xfe, 0xf9, 0x7f, 0x40,
    0xe, 0x97, 0xf3, 0x19, 0xf9, 0xa, 0xfe, 0x8a,
    0xc0,

    /* U+00AB "«" */
    0x0, 0x2, 0x30, 0x3, 0x20, 0x1, 0xe8, 0x3,
    0xf5, 0x0, 0xbe, 0x0, 0xdc, 0x0, 0x5f, 0x60,
    0x8f, 0x30, 0x1e, 0xd0, 0x3f, 0xa0, 0x7, 0xf8,
    0x9, 0xf5, 0x0, 0xd, 0xe1, 0x1e, 0xc0, 0x0,
    0x3f, 0x80, 0x6f, 0x50, 0x0, 0x8f, 0x10, 0xbe,
    0x0, 0x0, 0xda, 0x1, 0xe7,

    /* U+00AC "¬" */
    0xef, 0xff, 0xff, 0xff, 0xf9, 0xab, 0xbb, 0xbb,
    0xbb, 0xf9, 0x0, 0x0, 0x0, 0x1, 0xf9, 0x0,
    0x0, 0x0, 0x1, 0xf9, 0x0, 0x0, 0x0, 0x1,
    0xf9, 0x0, 0x0, 0x0, 0x1, 0xf9, 0x0, 0x0,
    0x0, 0x0, 0x31,

    /* U+00AD "­" */
    0x4d, 0xdd, 0xdd, 0x5, 0xff, 0xff, 0xf0,

    /* U+00AE "®" */
    0x0, 0x0, 0x0, 0x0, 0x0, 0x0, 0x0, 0x0,
    0x0, 0x6, 0xcf, 0xfe, 0xb4, 0x0, 0x0, 0x0,
    0x2d, 0xe8, 0x54, 0x5a, 0xfb, 0x0, 0x0, 0x2e,
    0xa0, 0x0, 0x0, 0x2, 0xdc, 0x0, 0xd, 0xa0,
    0x0, 0x0, 0x0, 0x1, 0xe8, 0x5, 0xe1, 0xd,
    0xff, 0xed, 0x60, 0x4, 0xf1, 0xb9, 0x0, 0xd8,
    0x22, 0x8f, 0x20, 0xd, 0x6e, 0x50, 0xd, 0x60,
    0x5, 0xf2, 0x0, 0x9a, 0xf3, 0x0, 0xdf, 0xff,
    0xd6, 0x0, 0x8, 0xbe, 0x40, 0xd, 0x83, 0xba,
    0x0, 0x0, 0x9a, 0xc8, 0x0, 0xd6, 0x1, 0xe7,
    0x0, 0xc, 0x76, 0xe0, 0xd, 0x60, 0x6, 0xf1,
    0x3, 0xf2, 0xe, 0x80, 0xa5, 0x0, 0xb, 0x60,
    0xca, 0x0, 0x3f, 0x80, 0x0, 0x0, 0x0, 0xbe,
    0x10, 0x0, 0x4f, 0xc5, 0x21, 0x27, 0xed, 0x20,
    0x0, 0x0, 0x19, 0xef, 0xff, 0xe7, 0x0, 0x0,
    0x0, 0x0, 0x0, 0x23, 0x10, 0x0, 0x0, 0x0,

    /* U+00AF "¯" */
    0x1e, 0xee, 0xee, 0xee, 0xee, 0xe1, 0x1, 0x11,
    0x11, 0x11, 0x11, 0x10,

    /* U+00B0 "°" */
    0x6, 0xdd, 0x50, 0x4e, 0x44, 0xe3, 0x97, 0x0,
    0x79, 0xa6, 0x0, 0x6a, 0x5d, 0x11, 0xd5, 0x8,
    0xff, 0x80, 0x0, 0x0, 0x0,

    /* U+00B1 "±" */
    0x0, 0x0, 0xd8, 0x0, 0x0, 0x0, 0x0, 0xfa,
    0x0, 0x0, 0x0, 0x0, 0xfa, 0x0, 0x0, 0x0,
    0x0, 0xfa, 0x0, 0x0, 0xab, 0xbb, 0xfe, 0xbb,
    0xb6, 0xef, 0xff, 0xff, 0xff, 0xf9, 0x0, 0x0,
    0xfa, 0x0, 0x0, 0x0, 0x0, 0xfa, 0x0, 0x0,
    0x0, 0x0, 0xfa, 0x0, 0x0, 0x0, 0x0, 0xfa,
    0x0, 0x0, 0x0, 0x0, 0x0, 0x0, 0x0, 0xab,
    0xbb, 0xbb, 0xbb, 0xb6, 0xef, 0xff, 0xff, 0xff,
    0xf9,

    /* U+00B2 "²" */
    0x7, 0xef, 0xd6, 0x5, 0xf7, 0x3a, 0xf2, 0x12,
    0x0, 0x6f, 0x20, 0x0, 0x5f, 0x70, 0x0, 0x9e,
    0x50, 0x0, 0xce, 0x53, 0x31, 0x8f, 0xff, 0xff,
    0x50,

    /* U+00B3 "³" */
    0x9, 0xef, 0xd6, 0x3, 0x94, 0x3c, 0xd0, 0x0,
    0x2f, 0xe4, 0x0, 0x0, 0x29, 0xe1, 0x35, 0x0,
    0x4f, 0x46, 0xf6, 0x4c, 0xf1, 0x8, 0xef, 0xc4,
    0x0,

    /* U+00B4 "´" */
    0x9, 0xd6, 0x1f, 0xc0, 0x8e, 0x10,

    /* U+00B5 "µ" */
    0xaf, 0x10, 0x0, 0xf, 0xca, 0xf1, 0x0, 0x0,
    0xfc, 0xaf, 0x10, 0x0, 0xf, 0xca, 0xf1, 0x0,
    0x0, 0xfc, 0xaf, 0x10, 0x0, 0xf, 0xca, 0xf1,
    0x0, 0x0, 0xfc, 0xaf, 0x20, 0x0, 0xf, 0xca,
    0xf5, 0x0, 0x3, 0xfc, 0xaf, 0xc0, 0x0, 0xbf,
    0xca, 0xff, 0xea, 0xef, 0xec, 0xaf, 0x4c, 0xfd,
    0x4c, 0xca, 0xf1, 0x0, 0x0, 0x0, 0xaf, 0x10,
    0x0, 0x0, 0xa, 0xf1, 0x0, 0x0, 0x0, 0xaf,
    0x10, 0x0, 0x0, 0x0,

    /* U+00B6 "¶" */
    0x0, 0x2a, 0xef, 0xff, 0xff, 0xfc, 0x2, 0xff,
    0xff, 0xec, 0xdf, 0xd9, 0xa, 0xff, 0xff, 0x90,
    0x4f, 0x60, 0xf, 0xff, 0xff, 0x90, 0x4f, 0x60,
    0xf, 0xff, 0xff, 0x90, 0x4f, 0x60, 0xd, 0xff,
    0xff, 0x90, 0x4f, 0x60, 0x7, 0xff, 0xff, 0x90,
    0x4f, 0x60, 0x0, 0x9f, 0xff, 0x90, 0x4f, 0x60,
    0x0, 0x2, 0x5f, 0x90, 0x4f, 0x60, 0x0, 0x0,
    0x1f, 0x90, 0x4f, 0x60, 0x0, 0x0, 0x1f, 0x90,
    0x4f, 0x60, 0x0, 0x0, 0x1f, 0x90, 0x4f, 0x60,
    0x0, 0x0, 0x1f, 0x90, 0x4f, 0x60, 0x0, 0x0,
    0x1f, 0x90, 0x4f, 0x60, 0x0, 0x0, 0x1f, 0x90,
    0x4f, 0x60, 0x0, 0x0, 0x1f, 0x90, 0x4f, 0x60,
    0x0, 0x0, 0x1f, 0x90, 0x4f, 0x60, 0x0, 0x0,
    0x1f, 0x90, 0x4f, 0x60, 0x0, 0x0, 0x1f, 0x90,
    0x4f, 0x60,

    /* U+00B7 "·" */
    0x1, 0x3, 0xfc, 0x3f, 0xc0,

    /* U+00B8 "¸" */
    0x8, 0xc0, 0x0, 0xaf, 0xa0, 0x0, 0x9f, 0x3e,
    0xff, 0xa0, 0x23, 0x10, 0x0,

    /* U+00B9 "¹" */
    0x1, 0xda, 0x7e, 0xfa, 0xb4, 0xca, 0x0, 0xca,
    0x0, 0xca, 0x0, 0xca, 0x0, 0xca,

    /* U+00BA "º" */
    0x3, 0xcf, 0xe6, 0x1, 0xec, 0x6a, 0xf4, 0x6f,
    0x10, 0xc, 0xb8, 0xe0, 0x0, 0xad, 0x6f, 0x10,
    0xc, 0xb1, 0xfc, 0x69, 0xf4, 0x3, 0xcf, 0xe6,
    0x0,

    /* U+00BB "»" */
    0x23, 0x0, 0x22, 0x0, 0x3, 0xf5, 0x6, 0xf2,
    0x0, 0xa, 0xe1, 0xd, 0xc0, 0x0, 0x2f, 0xa0,
    0x4f, 0x70, 0x0, 0x8f, 0x50, 0xbf, 0x20, 0x3,
    0xfb, 0x6, 0xf8, 0x0, 0xbf, 0x30, 0xde, 0x10,
    0x4f, 0x70, 0x6f, 0x40, 0xc, 0xc0, 0xe, 0xa0,
    0x5, 0xf2, 0x8, 0xe1, 0x0,

    /* U+00BC "¼" */
    0x0, 0x7a, 0x0, 0x0, 0x0, 0x0, 0xb5, 0x0,
    0x7f, 0xd0, 0x0, 0x0, 0x0, 0x9d, 0x0, 0xbe,
    0xcd, 0x0, 0x0, 0x0, 0x4f, 0x30, 0x4, 0x19,
    0xd0, 0x0, 0x0, 0x1e, 0x80, 0x0, 0x0, 0x9d,
    0x0, 0x0, 0xa, 0xd0, 0x0, 0x0, 0x9, 0xd0,
    0x0, 0x5, 0xf2, 0x0, 0x0, 0x0, 0x9d, 0x0,
    0x1, 0xe7, 0x0, 0x0, 0x0, 0x9, 0xd0, 0x0,
    0xbc, 0x0, 0x0, 0x0, 0x0, 0x0, 0x0, 0x6f,
    0x20, 0x0, 0x99, 0x0, 0x0, 0x0, 0x2f, 0x60,
    0x0, 0x8f, 0xc0, 0x0, 0x0, 0xc, 0xb0, 0x0,
    0x5f, 0xdc, 0x0, 0x0, 0x7, 0xf1, 0x0, 0x3f,
    0x7a, 0xc0, 0x0, 0x2, 0xf6, 0x0, 0x1e, 0x90,
    0xac, 0x0, 0x0, 0xcb, 0x0, 0x6, 0xff, 0xff,
    0xfb, 0x0, 0x8e, 0x10, 0x0, 0x2, 0x22, 0xbc,
    0x10, 0x3f, 0x50, 0x0, 0x0, 0x0, 0xa, 0xc0,

    /* U+00BD "½" */
    0x0, 0x7a, 0x0, 0x0, 0x0, 0x3, 0xc3, 0x0,
    0x7, 0xfd, 0x0, 0x0, 0x0, 0xd, 0xa0, 0x0,
    0xbe, 0xcd, 0x0, 0x0, 0x0, 0x8e, 0x10, 0x0,
    0x41, 0x9d, 0x0, 0x0, 0x3, 0xf5, 0x0, 0x0,
    0x0, 0x9d, 0x0, 0x0, 0xd, 0xa0, 0x0, 0x0,
    0x0, 0x9d, 0x0, 0x0, 0x8e, 0x10, 0x0, 0x0,
    0x0, 0x9d, 0x0, 0x3, 0xf4, 0x0, 0x0, 0x0,
    0x0, 0x9d, 0x0, 0xd, 0xa0, 0x0, 0x0, 0x0,
    0x0, 0x0, 0x0, 0x8e, 0x10, 0x8e, 0xfc, 0x30,
    0x0, 0x0, 0x3, 0xf4, 0x7, 0xf6, 0x4d, 0xe0,
    0x0, 0x0, 0xd, 0xa0, 0x3, 0x50, 0x7, 0xf0,
    0x0, 0x0, 0x9e, 0x10, 0x0, 0x0, 0x1d, 0xb0,
    0x0, 0x3, 0xf4, 0x0, 0x0, 0x2, 0xde, 0x10,
    0x0, 0xd, 0xa0, 0x0, 0x0, 0x3e, 0xc1, 0x0,
    0x0, 0x9e, 0x10, 0x0, 0x2, 0xec, 0x22, 0x20,
    0x4, 0xf4, 0x0, 0x0, 0xb, 0xff, 0xff, 0xf2,
    0x3, 0x40, 0x0, 0x0, 0x4, 0x44, 0x44, 0x40,

    /* U+00BE "¾" */
    0x0, 0x0, 0x0, 0x0, 0x0, 0x0, 0x0, 0x0,
    0x5, 0xef, 0xe6, 0x0, 0x0, 0x0, 0x2f, 0x60,
    0x1f, 0xa4, 0xbf, 0x10, 0x0, 0x0, 0xcb, 0x0,
    0x1, 0x0, 0x9f, 0x10, 0x0, 0x7, 0xe1, 0x0,
    0x0, 0xf, 0xf5, 0x0, 0x0, 0x2f, 0x50, 0x0,
    0x0, 0x2, 0x7e, 0x20, 0x0, 0xcb, 0x0, 0x0,
    0x14, 0x0, 0xf, 0x70, 0x7, 0xe1, 0x0, 0x0,
    0x4f, 0x60, 0x7f, 0x40, 0x2f, 0x50, 0x0, 0x0,
    0x8, 0xff, 0xf8, 0x0, 0xcb, 0x0, 0x0, 0x0,
    0x0, 0x2, 0x0, 0x7, 0xe1, 0x0, 0xa, 0x90,
    0x0, 0x0, 0x0, 0x2f, 0x50, 0x0, 0x8f, 0xc0,
    0x0, 0x0, 0x0, 0xda, 0x0, 0x6, 0xfd, 0xc0,
    0x0, 0x0, 0x8, 0xe1, 0x0, 0x3f, 0x6a, 0xc0,
    0x0, 0x0, 0x3f, 0x50, 0x2, 0xe9, 0xa, 0xc0,
    0x0, 0x0, 0xda, 0x0, 0x6, 0xff, 0xff, 0xfb,
    0x0, 0x8, 0xe1, 0x0, 0x0, 0x22, 0x2b, 0xc1,
    0x0, 0x3f, 0x50, 0x0, 0x0, 0x0, 0xa, 0xc0,

    /* U+00BF "¿" */
    0x0, 0x0, 0xef, 0x10, 0x0, 0x0, 0x0, 0xef,
    0x10, 0x0, 0x0, 0x0, 0x11, 0x0, 0x0, 0x0,
    0x0, 0x45, 0x0, 0x0, 0x0, 0x0, 0xcf, 0x0,
    0x0, 0x0, 0x0, 0xfd, 0x0, 0x0, 0x0, 0xa,
    0xf7, 0x0, 0x0, 0x0, 0xaf, 0xb0, 0x0, 0x0,
    0x9, 0xfa, 0x0, 0x0, 0x0, 0x2f, 0xc0, 0x0,
    0x0, 0x0, 0x7f, 0x60, 0x0, 0x1, 0x63, 0x7f,
    0x60, 0x0, 0x5, 0xf9, 0x2f, 0xe1, 0x0, 0xd,
    0xf4, 0x8, 0xfe, 0x99, 0xef, 0x90, 0x0, 0x5c,
    0xff, 0xd6, 0x0,

    /* U+00C0 "À" */
    0x0, 0x0, 0x6, 0xd9, 0x0, 0x0, 0x0, 0x0,
    0x0, 0x0, 0xc, 0xf2, 0x0, 0x0, 0x0, 0x0,
    0x0, 0x0, 0x1e, 0x90, 0x0, 0x0, 0x0, 0x0,
    0x0, 0x0, 0x0, 0x0, 0x0, 0x0, 0x0, 0x0,
    0x0, 0xbf, 0xb0, 0x0, 0x0, 0x0, 0x0, 0x0,
    0x1f, 0xff, 0x10, 0x0, 0x0, 0x0, 0x0, 0x6,
    0xf7, 0xf7, 0x0, 0x0, 0x0, 0x0, 0x0, 0xce,
    0xf, 0xd0, 0x0, 0x0, 0x0, 0x0, 0x2f, 0xa0,
    0xaf, 0x40, 0x0, 0x0, 0x0, 0x8, 0xf5, 0x4,
    0xfa, 0x0, 0x0, 0x0, 0x0, 0xef, 0x0, 0xe,
    0xf1, 0x0, 0x0, 0x0, 0x4f, 0xa0, 0x0, 0x9f,
    0x60, 0x0, 0x0, 0xa, 0xf4, 0x0, 0x3, 0xfd,
    0x0, 0x0, 0x0, 0xff, 0xff, 0xff, 0xff, 0xf3,
    0x0, 0x0, 0x5f, 0xc9, 0x99, 0x99, 0xbf, 0x90,
    0x0, 0xb, 0xf3, 0x0, 0x0, 0x1, 0xff, 0x0,
    0x1, 0xfd, 0x0, 0x0, 0x0, 0xb, 0xf6, 0x0,
    0x7f, 0x80, 0x0, 0x0, 0x0, 0x5f, 0xc0, 0xd,
    0xf2, 0x0, 0x0, 0x0, 0x0, 0xef, 0x20,

    /* U+00C1 "Á" */
    0x0, 0x0, 0x0, 0x6, 0xd8, 0x0, 0x0, 0x0,
    0x0, 0x0, 0x0, 0xee, 0x10, 0x0, 0x0, 0x0,
    0x0, 0x0, 0x6f, 0x30, 0x0, 0x0, 0x0, 0x0,
    0x0, 0x0, 0x0, 0x0, 0x0, 0x0, 0x0, 0x0,
    0x0, 0xbf, 0xb0, 0x0, 0x0, 0x0, 0x0, 0x0,
    0x1f, 0xff, 0x10, 0x0, 0x0, 0x0, 0x0, 0x6,
    0xf7, 0xf7, 0x0, 0x0, 0x0, 0x0, 0x0, 0xce,
    0xf, 0xd0, 0x0, 0x0, 0x0, 0x0, 0x2f, 0xa0,
    0xaf, 0x40, 0x0, 0x0, 0x0, 0x8, 0xf5, 0x4,
    0xfa, 0x0, 0x0, 0x0, 0x0, 0xef, 0x0, 0xe,
    0xf1, 0x0, 0x0, 0x0, 0x4f, 0xa0, 0x0, 0x9f,
    0x60, 0x0, 0x0, 0xa, 0xf4, 0x0, 0x3, 0xfd,
    0x0, 0x0, 0x0, 0xff, 0xff, 0xff, 0xff, 0xf3,
    0x0, 0x0, 0x5f, 0xc9, 0x99, 0x99, 0xbf, 0x90,
    0x0, 0xb, 0xf3, 0x0, 0x0, 0x1, 0xff, 0x0,
    0x1, 0xfd, 0x0, 0x0, 0x0, 0xb, 0xf6, 0x0,
    0x7f, 0x80, 0x0, 0x0, 0x0, 0x5f, 0xc0, 0xd,
    0xf2, 0x0, 0x0, 0x0, 0x0, 0xef, 0x20,

    /* U+00C2 "Â" */
    0x0, 0x0, 0x0, 0x38, 0x60, 0x0, 0x0, 0x0,
    0x0, 0x0, 0x2f, 0xdf, 0x70, 0x0, 0x0, 0x0,
    0x0, 0x1e, 0xe1, 0x9f, 0x50, 0x0, 0x0, 0x0,
    0x0, 0x0, 0x0, 0x0, 0x0, 0x0, 0x0, 0x0,
    0x0, 0xbf, 0xb0, 0x0, 0x0, 0x0, 0x0, 0x0,
    0x1f, 0xff, 0x10, 0x0, 0x0, 0x0, 0x0, 0x6,
    0xf7, 0xf7, 0x0, 0x0, 0x0, 0x0, 0x0, 0xce,
    0xf, 0xd0, 0x0, 0x0, 0x0, 0x0, 0x2f, 0xa0,
    0xaf, 0x40, 0x0, 0x0, 0x0, 0x8, 0xf5, 0x4,
    0xfa, 0x0, 0x0, 0x0, 0x0, 0xef, 0x0, 0xe,
    0xf1, 0x0, 0x0, 0x0, 0x4f, 0xa0, 0x0, 0x9f,
    0x60, 0x0, 0x0, 0xa, 0xf4, 0x0, 0x3, 0xfd,
    0x0, 0x0, 0x0, 0xff, 0xff, 0xff, 0xff, 0xf3,
    0x0, 0x0, 0x5f, 0xc9, 0x99, 0x99, 0xbf, 0x90,
    0x0, 0xb, 0xf3, 0x0, 0x0, 0x1, 0xff, 0x0,
    0x1, 0xfd, 0x0, 0x0, 0x0, 0xb, 0xf6, 0x0,
    0x7f, 0x80, 0x0, 0x0, 0x0, 0x5f, 0xc0, 0xd,
    0xf2, 0x0, 0x0, 0x0, 0x0, 0xef, 0x20,

    /* U+00C3 "Ã" */
    0x0, 0x0, 0x0, 0x0, 0x0, 0x10, 0x0, 0x0,
    0x0, 0x1, 0xdf, 0xb3, 0x8d, 0x0, 0x0, 0x0,
    0x0, 0x8d, 0x5b, 0xff, 0x60, 0x0, 0x0, 0x0,
    0x2, 0x20, 0x2, 0x20, 0x0, 0x0, 0x0, 0x0,
    0x0, 0xbf, 0xb0, 0x0, 0x0, 0x0, 0x0, 0x0,
    0x1f, 0xff, 0x10, 0x0, 0x0, 0x0, 0x0, 0x6,
    0xf7, 0xf7, 0x0, 0x0, 0x0, 0x0, 0x0, 0xce,
    0xf, 0xd0, 0x0, 0x0, 0x0, 0x0, 0x2f, 0xa0,
    0xaf, 0x40, 0x0, 0x0, 0x0, 0x8, 0xf5, 0x4,
    0xfa, 0x0, 0x0, 0x0, 0x0, 0xef, 0x0, 0xe,
    0xf1, 0x0, 0x0, 0x0, 0x4f, 0xa0, 0x0, 0x9f,
    0x60, 0x0, 0x0, 0xa, 0xf4, 0x0, 0x3, 0xfd,
    0x0, 0x0, 0x0, 0xff, 0xff, 0xff, 0xff, 0xf3,
    0x0, 0x0, 0x5f, 0xc9, 0x99, 0x99, 0xbf, 0x90,
    0x0, 0xb, 0xf3, 0x0, 0x0, 0x1, 0xff, 0x0,
    0x1, 0xfd, 0x0, 0x0, 0x0, 0xb, 0xf6, 0x0,
    0x7f, 0x80, 0x0, 0x0, 0x0, 0x5f, 0xc0, 0xd,
    0xf2, 0x0, 0x0, 0x0, 0x0, 0xef, 0x20,

    /* U+00C4 "Ä" */
    0x0, 0x0, 0x1, 0x0, 0x1, 0x0, 0x0, 0x0,
    0x0, 0x1, 0xfc, 0x7, 0xf5, 0x0, 0x0, 0x0,
    0x0, 0x1f, 0xc0, 0x7f, 0x50, 0x0, 0x0, 0x0,
    0x0, 0x0, 0x0, 0x0, 0x0, 0x0, 0x0, 0x0,
    0x0, 0xbf, 0xb0, 0x0, 0x0, 0x0, 0x0, 0x0,
    0x1f, 0xff, 0x10, 0x0, 0x0, 0x0, 0x0, 0x6,
    0xf7, 0xf7, 0x0, 0x0, 0x0, 0x0, 0x0, 0xce,
    0xf, 0xd0, 0x0, 0x0, 0x0, 0x0, 0x2f, 0xa0,
    0xaf, 0x40, 0x0, 0x0, 0x0, 0x8, 0xf5, 0x4,
    0xfa, 0x0, 0x0, 0x0, 0x0, 0xef, 0x0, 0xe,
    0xf1, 0x0, 0x0, 0x0, 0x4f, 0xa0, 0x0, 0x9f,
    0x60, 0x0, 0x0, 0xa, 0xf4, 0x0, 0x3, 0xfd,
    0x0, 0x0, 0x0, 0xff, 0xff, 0xff, 0xff, 0xf3,
    0x0, 0x0, 0x5f, 0xc9, 0x99, 0x99, 0xbf, 0x90,
    0x0, 0xb, 0xf3, 0x0, 0x0, 0x1, 0xff, 0x0,
    0x1, 0xfd, 0x0, 0x0, 0x0, 0xb, 0xf6, 0x0,
    0x7f, 0x80, 0x0, 0x0, 0x0, 0x5f, 0xc0, 0xd,
    0xf2, 0x0, 0x0, 0x0, 0x0, 0xef, 0x20,

    /* U+00C5 "Å" */
    0x0, 0x0, 0x0, 0x5c, 0x90, 0x0, 0x0, 0x0,
    0x0, 0x0, 0xb, 0x7, 0x50, 0x0, 0x0, 0x0,
    0x0, 0x0, 0xb0, 0x75, 0x0, 0x0, 0x0, 0x0,
    0x0, 0x5, 0xb9, 0x0, 0x0, 0x0, 0x0, 0x0,
    0x0, 0xbf, 0xb0, 0x0, 0x0, 0x0, 0x0, 0x0,
    0x1f, 0xff, 0x10, 0x0, 0x0, 0x0, 0x0, 0x6,
    0xf7, 0xf7, 0x0, 0x0, 0x0, 0x0, 0x0, 0xce,
    0xf, 0xd0, 0x0, 0x0, 0x0, 0x0, 0x2f, 0xa0,
    0xaf, 0x40, 0x0, 0x0, 0x0, 0x8, 0xf5, 0x4,
    0xfa, 0x0, 0x0, 0x0, 0x0, 0xef, 0x0, 0xe,
    0xf1, 0x0, 0x0, 0x0, 0x4f, 0xa0, 0x0, 0x9f,
    0x60, 0x0, 0x0, 0xa, 0xf4, 0x0, 0x3, 0xfd,
    0x0, 0x0, 0x0, 0xff, 0xff, 0xff, 0xff, 0xf3,
    0x0, 0x0, 0x5f, 0xc9, 0x99, 0x99, 0xbf, 0x90,
    0x0, 0xb, 0xf3, 0x0, 0x0, 0x1, 0xff, 0x0,
    0x1, 0xfd, 0x0, 0x0, 0x0, 0xb, 0xf6, 0x0,
    0x7f, 0x80, 0x0, 0x0, 0x0, 0x5f, 0xc0, 0xd,
    0xf2, 0x0, 0x0, 0x0, 0x0, 0xef, 0x20,

    /* U+00C6 "Æ" */
    0x0, 0x0, 0x0, 0x5f, 0xff, 0xff, 0xff, 0xff,
    0xff, 0xa0, 0x0, 0x0, 0xc, 0xfc, 0xdf, 0xdc,
    0xcc, 0xcc, 0xc7, 0x0, 0x0, 0x3, 0xfc, 0x7,
    0xf7, 0x0, 0x0, 0x0, 0x0, 0x0, 0x0, 0xbf,
    0x50, 0x7f, 0x70, 0x0, 0x0, 0x0, 0x0, 0x0,
    0x2f, 0xd0, 0x7, 0xf7, 0x0, 0x0, 0x0, 0x0,
    0x0, 0xa, 0xf6, 0x0, 0x7f, 0x70, 0x0, 0x0,
    0x0, 0x0, 0x1, 0xfe, 0x0, 0x7, 0xfd, 0xbb,
    0xbb, 0xbb, 0x10, 0x0, 0x8f, 0x80, 0x0, 0x7f,
    0xff, 0xff, 0xff, 0xf2, 0x0, 0xf, 0xf1, 0x0,
    0x7, 0xf7, 0x0, 0x0, 0x0, 0x0, 0x7, 0xff,
    0xff, 0xff, 0xff, 0x70, 0x0, 0x0, 0x0, 0x0,
    0xef, 0xcc, 0xcc, 0xcd, 0xf7, 0x0, 0x0, 0x0,
    0x0, 0x6f, 0xa0, 0x0, 0x0, 0x7f, 0x70, 0x0,
    0x0, 0x0, 0xd, 0xf3, 0x0, 0x0, 0x7, 0xf7,
    0x0, 0x0, 0x0, 0x5, 0xfc, 0x0, 0x0, 0x0,
    0x7f, 0xdc, 0xcc, 0xcc, 0xca, 0xcf, 0x40, 0x0,
    0x0, 0x7, 0xff, 0xff, 0xff, 0xff, 0xe0,

    /* U+00C7 "Ç" */
    0x0, 0x3, 0xad, 0xff, 0xc6, 0x0, 0x0, 0x8,
    0xff, 0xdb, 0xcf, 0xfb, 0x0, 0x8, 0xfd, 0x30,
    0x0, 0x2c, 0xf9, 0x2, 0xfe, 0x10, 0x0, 0x0,
    0x1e, 0xf2, 0x8f, 0x80, 0x0, 0x0, 0x0, 0x68,
    0x2c, 0xf3, 0x0, 0x0, 0x0, 0x0, 0x0, 0xef,
    0x0, 0x0, 0x0, 0x0, 0x0, 0xf, 0xf0, 0x0,
    0x0, 0x0, 0x0, 0x0, 0xef, 0x0, 0x0, 0x0,
    0x0, 0x0, 0xc, 0xf2, 0x0, 0x0, 0x0, 0x1,
    0x20, 0x8f, 0x70, 0x0, 0x0, 0x0, 0x8f, 0x82,
    0xfe, 0x10, 0x0, 0x0, 0x1e, 0xf3, 0x9, 0xfc,
    0x20, 0x0, 0x2c, 0xfb, 0x0, 0xa, 0xff, 0xca,
    0xcf, 0xfc, 0x10, 0x0, 0x5, 0xbf, 0xff, 0xd7,
    0x0, 0x0, 0x0, 0x0, 0x9f, 0x30, 0x0, 0x0,
    0x0, 0x0, 0x5, 0xbf, 0x40, 0x0, 0x0, 0x0,
    0x3, 0x49, 0xf6, 0x0, 0x0, 0x0, 0x0, 0xef,
    0xe8, 0x0, 0x0, 0x0,

    /* U+00C8 "È" */
    0x0, 0x4, 0xdb, 0x0, 0x0, 0x0, 0x0, 0x0,
    0x9f, 0x40, 0x0, 0x0, 0x0, 0x0, 0xd, 0xb0,
    0x0, 0x0, 0x0, 0x0, 0x0, 0x0, 0x0, 0x0,
    0x6f, 0xff, 0xff, 0xff, 0xff, 0xf0, 0x6f, 0xec,
    0xcc, 0xcc, 0xcc, 0xb0, 0x6f, 0x70, 0x0, 0x0,
    0x0, 0x0, 0x6f, 0x70, 0x0, 0x0, 0x0, 0x0,
    0x6f, 0x70, 0x0, 0x0, 0x0, 0x0, 0x6f, 0x70,
    0x0, 0x0, 0x0, 0x0, 0x6f, 0xec, 0xcc, 0xcc,
    0xcc, 0x40, 0x6f, 0xff, 0xff, 0xff, 0xff, 0x60,
    0x6f, 0x70, 0x0, 0x0, 0x0, 0x0, 0x6f, 0x70,
    0x0, 0x0, 0x0, 0x0, 0x6f, 0x70, 0x0, 0x0,
    0x0, 0x0, 0x6f, 0x70, 0x0, 0x0, 0x0, 0x0,
    0x6f, 0x70, 0x0, 0x0, 0x0, 0x0, 0x6f, 0xec,
    0xcc, 0xcc, 0xcc, 0xc3, 0x6f, 0xff, 0xff, 0xff,
    0xff, 0xf4,

    /* U+00C9 "É" */
    0x0, 0x0, 0x4, 0xdb, 0x0, 0x0, 0x0, 0x0,
    0xb, 0xf3, 0x0, 0x0, 0x0, 0x0, 0x3f, 0x60,
    0x0, 0x0, 0x0, 0x0, 0x0, 0x0, 0x0, 0x0,
    0x6f, 0xff, 0xff, 0xff, 0xff, 0xf0, 0x6f, 0xec,
    0xcc, 0xcc, 0xcc, 0xb0, 0x6f, 0x70, 0x0, 0x0,
    0x0, 0x0, 0x6f, 0x70, 0x0, 0x0, 0x0, 0x0,
    0x6f, 0x70, 0x0, 0x0, 0x0, 0x0, 0x6f, 0x70,
    0x0, 0x0, 0x0, 0x0, 0x6f, 0xec, 0xcc, 0xcc,
    0xcc, 0x40, 0x6f, 0xff, 0xff, 0xff, 0xff, 0x60,
    0x6f, 0x70, 0x0, 0x0, 0x0, 0x0, 0x6f, 0x70,
    0x0, 0x0, 0x0, 0x0, 0x6f, 0x70, 0x0, 0x0,
    0x0, 0x0, 0x6f, 0x70, 0x0, 0x0, 0x0, 0x0,
    0x6f, 0x70, 0x0, 0x0, 0x0, 0x0, 0x6f, 0xec,
    0xcc, 0xcc, 0xcc, 0xc3, 0x6f, 0xff, 0xff, 0xff,
    0xff, 0xf4,

    /* U+00CA "Ê" */
    0x0, 0x0, 0x28, 0x70, 0x0, 0x0, 0x0, 0x1,
    0xed, 0xf9, 0x0, 0x0, 0x0, 0xc, 0xf2, 0x6f,
    0x70, 0x0, 0x0, 0x0, 0x0, 0x0, 0x0, 0x0,
    0x6f, 0xff, 0xff, 0xff, 0xff, 0xf0, 0x6f, 0xec,
    0xcc, 0xcc, 0xcc, 0xb0, 0x6f, 0x70, 0x0, 0x0,
    0x0, 0x0, 0x6f, 0x70, 0x0, 0x0, 0x0, 0x0,
    0x6f, 0x70, 0x0, 0x0, 0x0, 0x0, 0x6f, 0x70,
    0x0, 0x0, 0x0, 0x0, 0x6f, 0xec, 0xcc, 0xcc,
    0xcc, 0x40, 0x6f, 0xff, 0xff, 0xff, 0xff, 0x60,
    0x6f, 0x70, 0x0, 0x0, 0x0, 0x0, 0x6f, 0x70,
    0x0, 0x0, 0x0, 0x0, 0x6f, 0x70, 0x0, 0x0,
    0x0, 0x0, 0x6f, 0x70, 0x0, 0x0, 0x0, 0x0,
    0x6f, 0x70, 0x0, 0x0, 0x0, 0x0, 0x6f, 0xec,
    0xcc, 0xcc, 0xcc, 0xc3, 0x6f, 0xff, 0xff, 0xff,
    0xff, 0xf4,

    /* U+00CB "Ë" */
    0x0, 0x1, 0x10, 0x1, 0x0, 0x0, 0x0, 0xd,
    0xf0, 0x3f, 0x90, 0x0, 0x0, 0xd, 0xf0, 0x3f,
    0x90, 0x0, 0x0, 0x0, 0x0, 0x0, 0x0, 0x0,
    0x6f, 0xff, 0xff, 0xff, 0xff, 0xf0, 0x6f, 0xec,
    0xcc, 0xcc, 0xcc, 0xb0, 0x6f, 0x70, 0x0, 0x0,
    0x0, 0x0, 0x6f, 0x70, 0x0, 0x0, 0x0, 0x0,
    0x6f, 0x70, 0x0, 0x0, 0x0, 0x0, 0x6f, 0x70,
    0x0, 0x0, 0x0, 0x0, 0x6f, 0xec, 0xcc, 0xcc,
    0xcc, 0x40, 0x6f, 0xff, 0xff, 0xff, 0xff, 0x60,
    0x6f, 0x70, 0x0, 0x0, 0x0, 0x0, 0x6f, 0x70,
    0x0, 0x0, 0x0, 0x0, 0x6f, 0x70, 0x0, 0x0,
    0x0, 0x0, 0x6f, 0x70, 0x0, 0x0, 0x0, 0x0,
    0x6f, 0x70, 0x0, 0x0, 0x0, 0x0, 0x6f, 0xec,
    0xcc, 0xcc, 0xcc, 0xc3, 0x6f, 0xff, 0xff, 0xff,
    0xff, 0xf4,

    /* U+00CC "Ì" */
    0x5d, 0xa0, 0xa, 0xf3, 0x1, 0xda, 0x0, 0x0,
    0x2, 0xfb, 0x2, 0xfb, 0x2, 0xfb, 0x2, 0xfb,
    0x2, 0xfb, 0x2, 0xfb, 0x2, 0xfb, 0x2, 0xfb,
    0x2, 0xfb, 0x2, 0xfb, 0x2, 0xfb, 0x2, 0xfb,
    0x2, 0xfb, 0x2, 0xfb, 0x2, 0xfb,

    /* U+00CD "Í" */
    0x3, 0xdc, 0x0, 0xaf, 0x40, 0x1f, 0x70, 0x0,
    0x0, 0x0, 0x2f, 0xb0, 0x2, 0xfb, 0x0, 0x2f,
    0xb0, 0x2, 0xfb, 0x0, 0x2f, 0xb0, 0x2, 0xfb,
    0x0, 0x2f, 0xb0, 0x2, 0xfb, 0x0, 0x2f, 0xb0,
    0x2, 0xfb, 0x0, 0x2f, 0xb0, 0x2, 0xfb, 0x0,
    0x2f, 0xb0, 0x2, 0xfb, 0x0, 0x2f, 0xb0, 0x0,

    /* U+00CE "Î" */
    0x0, 0x38, 0x70, 0x0, 0x1e, 0xdf, 0x80, 0xd,
    0xe2, 0x7f, 0x60, 0x0, 0x0, 0x0, 0x0, 0x2f,
    0xb0, 0x0, 0x2, 0xfb, 0x0, 0x0, 0x2f, 0xb0,
    0x0, 0x2, 0xfb, 0x0, 0x0, 0x2f, 0xb0, 0x0,
    0x2, 0xfb, 0x0, 0x0, 0x2f, 0xb0, 0x0, 0x2,
    0xfb, 0x0, 0x0, 0x2f, 0xb0, 0x0, 0x2, 0xfb,
    0x0, 0x0, 0x2f, 0xb0, 0x0, 0x2, 0xfb, 0x0,
    0x0, 0x2f, 0xb0, 0x0, 0x2, 0xfb, 0x0, 0x0,
    0x2f, 0xb0, 0x0,

    /* U+00CF "Ï" */
    0x11, 0x0, 0x10, 0xfe, 0x5, 0xf7, 0xfe, 0x5,
    0xf7, 0x0, 0x0, 0x0, 0x2, 0xfb, 0x0, 0x2,
    0xfb, 0x0, 0x2, 0xfb, 0x0, 0x2, 0xfb, 0x0,
    0x2, 0xfb, 0x0, 0x2, 0xfb, 0x0, 0x2, 0xfb,
    0x0, 0x2, 0xfb, 0x0, 0x2, 0xfb, 0x0, 0x2,
    0xfb, 0x0, 0x2, 0xfb, 0x0, 0x2, 0xfb, 0x0,
    0x2, 0xfb, 0x0, 0x2, 0xfb, 0x0, 0x2, 0xfb,
    0x0,

    /* U+00D0 "Ð" */
    0x6, 0xff, 0xff, 0xff, 0xea, 0x30, 0x0, 0x6,
    0xfe, 0xcc, 0xcd, 0xff, 0xf6, 0x0, 0x6, 0xf8,
    0x0, 0x0, 0x6, 0xff, 0x20, 0x6, 0xf8, 0x0,
    0x0, 0x0, 0x7f, 0xb0, 0x6, 0xf8, 0x0, 0x0,
    0x0, 0xe, 0xf1, 0x6, 0xf8, 0x0, 0x0, 0x0,
    0xb, 0xf4, 0x6, 0xf8, 0x0, 0x0, 0x0, 0x9,
    0xf6, 0xff, 0xff, 0xff, 0xf6, 0x0, 0x8, 0xf6,
    0xcd, 0xfe, 0xcc, 0xc4, 0x0, 0x9, 0xf6, 0x6,
    0xf8, 0x0, 0x0, 0x0, 0xb, 0xf3, 0x6, 0xf8,
    0x0, 0x0, 0x0, 0xf, 0xf0, 0x6, 0xf8, 0x0,
    0x0, 0x0, 0x7f, 0xa0, 0x6, 0xf8, 0x0, 0x0,
    0x6, 0xff, 0x20, 0x6, 0xfe, 0xcc, 0xcd, 0xff,
    0xf5, 0x0, 0x6, 0xff, 0xff, 0xff, 0xda, 0x20,
    0x0,

    /* U+00D1 "Ñ" */
    0x0, 0x0, 0x0, 0x0, 0x0, 0x0, 0x0, 0x3,
    0xef, 0x92, 0xb9, 0x0, 0x0, 0xb, 0xb5, 0xdf,
    0xf3, 0x0, 0x0, 0x3, 0x10, 0x3, 0x10, 0x0,
    0x6f, 0xd0, 0x0, 0x0, 0x0, 0xfd, 0x6f, 0xf7,
    0x0, 0x0, 0x0, 0xfd, 0x6f, 0xff, 0x20, 0x0,
    0x0, 0xfd, 0x6f, 0xcf, 0xb0, 0x0, 0x0, 0xfd,
    0x6f, 0x6c, 0xf5, 0x0, 0x0, 0xfd, 0x6f, 0x62,
    0xfe, 0x10, 0x0, 0xfd, 0x6f, 0x60, 0x7f, 0xa0,
    0x0, 0xfd, 0x6f, 0x60, 0xd, 0xf4, 0x0, 0xfd,
    0x6f, 0x60, 0x3, 0xfd, 0x0, 0xfd, 0x6f, 0x60,
    0x0, 0x9f, 0x80, 0xfd, 0x6f, 0x60, 0x0, 0xe,
    0xf3, 0xfd, 0x6f, 0x60, 0x0, 0x5, 0xfc, 0xfd,
    0x6f, 0x60, 0x0, 0x0, 0xaf, 0xfd, 0x6f, 0x60,
    0x0, 0x0, 0x1f, 0xfd, 0x6f, 0x60, 0x0, 0x0,
    0x6, 0xfd,

    /* U+00D2 "Ò" */
    0x0, 0x0, 0x2, 0xff, 0x10, 0x0, 0x0, 0x0,
    0x0, 0x0, 0x6, 0xf7, 0x0, 0x0, 0x0, 0x0,
    0x0, 0x0, 0x9, 0xb0, 0x0, 0x0, 0x0, 0x0,
    0x0, 0x0, 0x0, 0x0, 0x0, 0x0, 0x0, 0x0,
    0x39, 0xdf, 0xec, 0x70, 0x0, 0x0, 0x0, 0x8f,
    0xfd, 0xbc, 0xff, 0xe2, 0x0, 0x0, 0x7f, 0xe4,
    0x0, 0x0, 0x8f, 0xe1, 0x0, 0x2f, 0xe1, 0x0,
    0x0, 0x0, 0x8f, 0xb0, 0x9, 0xf7, 0x0, 0x0,
    0x0, 0x0, 0xef, 0x20, 0xdf, 0x20, 0x0, 0x0,
    0x0, 0x9, 0xf6, 0xf, 0xf0, 0x0, 0x0, 0x0,
    0x0, 0x6f, 0x80, 0xfe, 0x0, 0x0, 0x0, 0x0,
    0x5, 0xf9, 0xf, 0xf0, 0x0, 0x0, 0x0, 0x0,
    0x6f, 0x90, 0xdf, 0x10, 0x0, 0x0, 0x0, 0x9,
    0xf6, 0x9, 0xf7, 0x0, 0x0, 0x0, 0x0, 0xef,
    0x20, 0x2f, 0xf2, 0x0, 0x0, 0x0, 0x7f, 0xb0,
    0x0, 0x7f, 0xe4, 0x0, 0x0, 0x8f, 0xe2, 0x0,
    0x0, 0x7f, 0xfd, 0xbc, 0xff, 0xe3, 0x0, 0x0,
    0x0, 0x39, 0xdf, 0xfc, 0x70, 0x0, 0x0,

    /* U+00D3 "Ó" */
    0x0, 0x0, 0x0, 0x4, 0xfd, 0x0, 0x0, 0x0,
    0x0, 0x0, 0x0, 0xbf, 0x20, 0x0, 0x0, 0x0,
    0x0, 0x0, 0x1d, 0x50, 0x0, 0x0, 0x0, 0x0,
    0x0, 0x0, 0x0, 0x0, 0x0, 0x0, 0x0, 0x0,
    0x39, 0xdf, 0xec, 0x70, 0x0, 0x0, 0x0, 0x8f,
    0xfd, 0xbc, 0xff, 0xe2, 0x0, 0x0, 0x7f, 0xe4,
    0x0, 0x0, 0x8f, 0xe1, 0x0, 0x2f, 0xe1, 0x0,
    0x0, 0x0, 0x8f, 0xb0, 0x9, 0xf7, 0x0, 0x0,
    0x0, 0x0, 0xef, 0x20, 0xdf, 0x20, 0x0, 0x0,
    0x0, 0x9, 0xf6, 0xf, 0xf0, 0x0, 0x0, 0x0,
    0x0, 0x6f, 0x80, 0xfe, 0x0, 0x0, 0x0, 0x0,
    0x5, 0xf9, 0xf, 0xf0, 0x0, 0x0, 0x0, 0x0,
    0x6f, 0x90, 0xdf, 0x10, 0x0, 0x0, 0x0, 0x9,
    0xf6, 0x9, 0xf7, 0x0, 0x0, 0x0, 0x0, 0xef,
    0x20, 0x2f, 0xf2, 0x0, 0x0, 0x0, 0x7f, 0xb0,
    0x0, 0x7f, 0xe4, 0x0, 0x0, 0x8f, 0xe2, 0x0,
    0x0, 0x7f, 0xfd, 0xbc, 0xff, 0xe3, 0x0, 0x0,
    0x0, 0x39, 0xdf, 0xfc, 0x70, 0x0, 0x0,

    /* U+00D4 "Ô" */
    0x0, 0x0, 0x0, 0x8f, 0xe1, 0x0, 0x0, 0x0,
    0x0, 0x0, 0x4f, 0xae, 0xc0, 0x0, 0x0, 0x0,
    0x0, 0x1e, 0xe1, 0x6f, 0x80, 0x0, 0x0, 0x0,
    0x0, 0x0, 0x0, 0x0, 0x0, 0x0, 0x0, 0x0,
    0x39, 0xdf, 0xec, 0x70, 0x0, 0x0, 0x0, 0x8f,
    0xfd, 0xbc, 0xff, 0xe2, 0x0, 0x0, 0x7f, 0xe4,
    0x0, 0x0, 0x8f, 0xe1, 0x0, 0x2f, 0xe1, 0x0,
    0x0, 0x0, 0x8f, 0xb0, 0x9, 0xf7, 0x0, 0x0,
    0x0, 0x0, 0xef, 0x20, 0xdf, 0x20, 0x0, 0x0,
    0x0, 0x9, 0xf6, 0xf, 0xf0, 0x0, 0x0, 0x0,
    0x0, 0x6f, 0x80, 0xfe, 0x0, 0x0, 0x0, 0x0,
    0x5, 0xf9, 0xf, 0xf0, 0x0, 0x0, 0x0, 0x0,
    0x6f, 0x90, 0xdf, 0x10, 0x0, 0x0, 0x0, 0x9,
    0xf6, 0x9, 0xf7, 0x0, 0x0, 0x0, 0x0, 0xef,
    0x20, 0x2f, 0xf2, 0x0, 0x0, 0x0, 0x7f, 0xb0,
    0x0, 0x7f, 0xe4, 0x0, 0x0, 0x8f, 0xe2, 0x0,
    0x0, 0x7f, 0xfd, 0xbc, 0xff, 0xe3, 0x0, 0x0,
    0x0, 0x39, 0xdf, 0xfc, 0x70, 0x0, 0x0,

    /* U+00D5 "Õ" */
    0x0, 0x0, 0x0, 0x0, 0x0, 0x10, 0x0, 0x0,
    0x0, 0x0, 0xbf, 0xc4, 0x6f, 0x0, 0x0, 0x0,
    0x0, 0x5e, 0x5a, 0xff, 0x80, 0x0, 0x0, 0x0,
    0x1, 0x30, 0x2, 0x20, 0x0, 0x0, 0x0, 0x0,
    0x0, 0x0, 0x0, 0x0, 0x0, 0x0, 0x0, 0x3,
    0x9d, 0xfe, 0xc7, 0x0, 0x0, 0x0, 0x8, 0xff,
    0xdb, 0xcf, 0xfe, 0x20, 0x0, 0x7, 0xfe, 0x40,
    0x0, 0x8, 0xfe, 0x10, 0x2, 0xfe, 0x10, 0x0,
    0x0, 0x8, 0xfb, 0x0, 0x9f, 0x70, 0x0, 0x0,
    0x0, 0xe, 0xf2, 0xd, 0xf2, 0x0, 0x0, 0x0,
    0x0, 0x9f, 0x60, 0xff, 0x0, 0x0, 0x0, 0x0,
    0x6, 0xf8, 0xf, 0xe0, 0x0, 0x0, 0x0, 0x0,
    0x5f, 0x90, 0xff, 0x0, 0x0, 0x0, 0x0, 0x6,
    0xf9, 0xd, 0xf1, 0x0, 0x0, 0x0, 0x0, 0x9f,
    0x60, 0x9f, 0x70, 0x0, 0x0, 0x0, 0xe, 0xf2,
    0x2, 0xff, 0x20, 0x0, 0x0, 0x7, 0xfb, 0x0,
    0x7, 0xfe, 0x40, 0x0, 0x8, 0xfe, 0x20, 0x0,
    0x7, 0xff, 0xdb, 0xcf, 0xfe, 0x30, 0x0, 0x0,
    0x3, 0x9d, 0xff, 0xc7, 0x0, 0x0,

    /* U+00D6 "Ö" */
    0x0, 0x0, 0xf, 0xe0, 0x5f, 0x70, 0x0, 0x0,
    0x0, 0x0, 0xfe, 0x5, 0xf7, 0x0, 0x0, 0x0,
    0x0, 0x1, 0x10, 0x1, 0x0, 0x0, 0x0, 0x0,
    0x0, 0x0, 0x0, 0x0, 0x0, 0x0, 0x0, 0x0,
    0x39, 0xdf, 0xec, 0x70, 0x0, 0x0, 0x0, 0x8f,
    0xfd, 0xbc, 0xff, 0xe2, 0x0, 0x0, 0x7f, 0xe4,
    0x0, 0x0, 0x8f, 0xe1, 0x0, 0x2f, 0xe1, 0x0,
    0x0, 0x0, 0x8f, 0xb0, 0x9, 0xf7, 0x0, 0x0,
    0x0, 0x0, 0xef, 0x20, 0xdf, 0x20, 0x0, 0x0,
    0x0, 0x9, 0xf6, 0xf, 0xf0, 0x0, 0x0, 0x0,
    0x0, 0x6f, 0x80, 0xfe, 0x0, 0x0, 0x0, 0x0,
    0x5, 0xf9, 0xf, 0xf0, 0x0, 0x0, 0x0, 0x0,
    0x6f, 0x90, 0xdf, 0x10, 0x0, 0x0, 0x0, 0x9,
    0xf6, 0x9, 0xf7, 0x0, 0x0, 0x0, 0x0, 0xef,
    0x20, 0x2f, 0xf2, 0x0, 0x0, 0x0, 0x7f, 0xb0,
    0x0, 0x7f, 0xe4, 0x0, 0x0, 0x8f, 0xe2, 0x0,
    0x0, 0x7f, 0xfd, 0xbc, 0xff, 0xe3, 0x0, 0x0,
    0x0, 0x39, 0xdf, 0xfc, 0x70, 0x0, 0x0,

    /* U+00D7 "×" */
    0x6, 0x20, 0x0, 0x5, 0x30, 0x2f, 0xe1, 0x0,
    0x4f, 0xd0, 0x6, 0xfd, 0x14, 0xfe, 0x20, 0x0,
    0x7f, 0xdf, 0xf3, 0x0, 0x0, 0x9, 0xff, 0x40,
    0x0, 0x0, 0x3f, 0xff, 0xc0, 0x0, 0x3, 0xef,
    0x48, 0xfc, 0x0, 0x2e, 0xf4, 0x0, 0x9f, 0xb0,
    0xb, 0x50, 0x0, 0x9, 0x70, 0x0, 0x0, 0x0,
    0x0, 0x0,

    /* U+00D8 "Ø" */
    0x0, 0x0, 0x0, 0x0, 0x0, 0x0, 0x1, 0x0,
    0x0, 0x3, 0x9d, 0xff, 0xc6, 0x0, 0xc9, 0x0,
    0x8, 0xff, 0xdb, 0xcf, 0xfd, 0xbe, 0x10, 0x7,
    0xfe, 0x40, 0x0, 0x8, 0xff, 0x40, 0x2, 0xfe,
    0x20, 0x0, 0x0, 0x7f, 0xfb, 0x0, 0x9f, 0x70,
    0x0, 0x0, 0x5f, 0x6e, 0xf2, 0xd, 0xf2, 0x0,
    0x0, 0x4f, 0x70, 0x9f, 0x60, 0xff, 0x0, 0x0,
    0x2f, 0x90, 0x7, 0xf9, 0xf, 0xe0, 0x0, 0x1e,
    0xb0, 0x0, 0x5f, 0x90, 0xff, 0x0, 0xd, 0xc0,
    0x0, 0x6, 0xf9, 0xd, 0xf2, 0xb, 0xd1, 0x0,
    0x0, 0x9f, 0x60, 0x8f, 0x8a, 0xe2, 0x0, 0x0,
    0xe, 0xf2, 0x1, 0xff, 0xf3, 0x0, 0x0, 0x7,
    0xfb, 0x0, 0xa, 0xfe, 0x40, 0x0, 0x8, 0xfe,
    0x20, 0x5, 0xfa, 0xff, 0xdb, 0xcf, 0xfe, 0x30,
    0x0, 0xe8, 0x2, 0x9d, 0xff, 0xc7, 0x0, 0x0,
    0x1, 0x0, 0x0, 0x0, 0x0, 0x0, 0x0, 0x0,

    /* U+00D9 "Ù" */
    0x0, 0x0, 0xdf, 0x40, 0x0, 0x0, 0x0, 0x0,
    0x2f, 0xb0, 0x0, 0x0, 0x0, 0x0, 0x5, 0xd2,
    0x0, 0x0, 0x0, 0x0, 0x0, 0x0, 0x0, 0x0,
    0x6f, 0x70, 0x0, 0x0, 0x1, 0xfd, 0x6f, 0x70,
    0x0, 0x0, 0x1, 0xfd, 0x6f, 0x70, 0x0, 0x0,
    0x1, 0xfd, 0x6f, 0x70, 0x0, 0x0, 0x1, 0xfd,
    0x6f, 0x70, 0x0, 0x0, 0x1, 0xfd, 0x6f, 0x70,
    0x0, 0x0, 0x1, 0xfd, 0x6f, 0x70, 0x0, 0x0,
    0x1, 0xfd, 0x6f, 0x70, 0x0, 0x0, 0x1, 0xfd,
    0x6f, 0x70, 0x0, 0x0, 0x1, 0xfd, 0x5f, 0x80,
    0x0, 0x0, 0x1, 0xfc, 0x4f, 0x90, 0x0, 0x0,
    0x3, 0xfb, 0x1f, 0xe0, 0x0, 0x0, 0x8, 0xf8,
    0xb, 0xfa, 0x10, 0x0, 0x5f, 0xf2, 0x1, 0xef,
    0xfd, 0xce, 0xff, 0x60, 0x0, 0x18, 0xdf, 0xfe,
    0xa3, 0x0,

    /* U+00DA "Ú" */
    0x0, 0x0, 0x0, 0xcf, 0x50, 0x0, 0x0, 0x0,
    0x4, 0xf9, 0x0, 0x0, 0x0, 0x0, 0x9, 0xb0,
    0x0, 0x0, 0x0, 0x0, 0x0, 0x0, 0x0, 0x0,
    0x6f, 0x70, 0x0, 0x0, 0x1, 0xfd, 0x6f, 0x70,
    0x0, 0x0, 0x1, 0xfd, 0x6f, 0x70, 0x0, 0x0,
    0x1, 0xfd, 0x6f, 0x70, 0x0, 0x0, 0x1, 0xfd,
    0x6f, 0x70, 0x0, 0x0, 0x1, 0xfd, 0x6f, 0x70,
    0x0, 0x0, 0x1, 0xfd, 0x6f, 0x70, 0x0, 0x0,
    0x1, 0xfd, 0x6f, 0x70, 0x0, 0x0, 0x1, 0xfd,
    0x6f, 0x70, 0x0, 0x0, 0x1, 0xfd, 0x5f, 0x80,
    0x0, 0x0, 0x1, 0xfc, 0x4f, 0x90, 0x0, 0x0,
    0x3, 0xfb, 0x1f, 0xe0, 0x0, 0x0, 0x8, 0xf8,
    0xb, 0xfa, 0x10, 0x0, 0x5f, 0xf2, 0x1, 0xef,
    0xfd, 0xce, 0xff, 0x60, 0x0, 0x18, 0xdf, 0xfe,
    0xa3, 0x0,

    /* U+00DB "Û" */
    0x0, 0x0, 0x2f, 0xf7, 0x0, 0x0, 0x0, 0x0,
    0xcf, 0xaf, 0x30, 0x0, 0x0, 0x7, 0xf7, 0xe,
    0xe1, 0x0, 0x0, 0x0, 0x0, 0x0, 0x0, 0x0,
    0x6f, 0x70, 0x0, 0x0, 0x1, 0xfd, 0x6f, 0x70,
    0x0, 0x0, 0x1, 0xfd, 0x6f, 0x70, 0x0, 0x0,
    0x1, 0xfd, 0x6f, 0x70, 0x0, 0x0, 0x1, 0xfd,
    0x6f, 0x70, 0x0, 0x0, 0x1, 0xfd, 0x6f, 0x70,
    0x0, 0x0, 0x1, 0xfd, 0x6f, 0x70, 0x0, 0x0,
    0x1, 0xfd, 0x6f, 0x70, 0x0, 0x0, 0x1, 0xfd,
    0x6f, 0x70, 0x0, 0x0, 0x1, 0xfd, 0x5f, 0x80,
    0x0, 0x0, 0x1, 0xfc, 0x4f, 0x90, 0x0, 0x0,
    0x3, 0xfb, 0x1f, 0xe0, 0x0, 0x0, 0x8, 0xf8,
    0xb, 0xfa, 0x10, 0x0, 0x5f, 0xf2, 0x1, 0xef,
    0xfd, 0xce, 0xff, 0x60, 0x0, 0x18, 0xdf, 0xfe,
    0xa3, 0x0,

    /* U+00DC "Ü" */
    0x0, 0x7, 0xf5, 0xd, 0xf0, 0x0, 0x0, 0x7,
    0xf5, 0xd, 0xf0, 0x0, 0x0, 0x0, 0x10, 0x1,
    0x10, 0x0, 0x0, 0x0, 0x0, 0x0, 0x0, 0x0,
    0x6f, 0x70, 0x0, 0x0, 0x1, 0xfd, 0x6f, 0x70,
    0x0, 0x0, 0x1, 0xfd, 0x6f, 0x70, 0x0, 0x0,
    0x1, 0xfd, 0x6f, 0x70, 0x0, 0x0, 0x1, 0xfd,
    0x6f, 0x70, 0x0, 0x0, 0x1, 0xfd, 0x6f, 0x70,
    0x0, 0x0, 0x1, 0xfd, 0x6f, 0x70, 0x0, 0x0,
    0x1, 0xfd, 0x6f, 0x70, 0x0, 0x0, 0x1, 0xfd,
    0x6f, 0x70, 0x0, 0x0, 0x1, 0xfd, 0x5f, 0x80,
    0x0, 0x0, 0x1, 0xfc, 0x4f, 0x90, 0x0, 0x0,
    0x3, 0xfb, 0x1f, 0xe0, 0x0, 0x0, 0x8, 0xf8,
    0xb, 0xfa, 0x10, 0x0, 0x5f, 0xf2, 0x1, 0xef,
    0xfd, 0xce, 0xff, 0x60, 0x0, 0x18, 0xdf, 0xfe,
    0xa3, 0x0,

    /* U+00DD "Ý" */
    0x0, 0x0, 0x0, 0x4d, 0xb0, 0x0, 0x0, 0x0,
    0x0, 0x0, 0xbf, 0x30, 0x0, 0x0, 0x0, 0x0,
    0x3, 0xf6, 0x0, 0x0, 0x0, 0x0, 0x0, 0x0,
    0x0, 0x0, 0x0, 0x0, 0x9f, 0xb0, 0x0, 0x0,
    0x0, 0x4f, 0xd0, 0xe, 0xf5, 0x0, 0x0, 0x0,
    0xef, 0x30, 0x5, 0xfe, 0x0, 0x0, 0x8, 0xf9,
    0x0, 0x0, 0xaf, 0x90, 0x0, 0x3f, 0xd0, 0x0,
    0x0, 0x1e, 0xf3, 0x0, 0xcf, 0x40, 0x0, 0x0,
    0x6, 0xfc, 0x6, 0xf9, 0x0, 0x0, 0x0, 0x0,
    0xcf, 0x7e, 0xe0, 0x0, 0x0, 0x0, 0x0, 0x2f,
    0xff, 0x40, 0x0, 0x0, 0x0, 0x0, 0x8, 0xfa,
    0x0, 0x0, 0x0, 0x0, 0x0, 0x6, 0xf8, 0x0,
    0x0, 0x0, 0x0, 0x0, 0x6, 0xf8, 0x0, 0x0,
    0x0, 0x0, 0x0, 0x6, 0xf8, 0x0, 0x0, 0x0,
    0x0, 0x0, 0x6, 0xf8, 0x0, 0x0, 0x0, 0x0,
    0x0, 0x6, 0xf8, 0x0, 0x0, 0x0, 0x0, 0x0,
    0x6, 0xf8, 0x0, 0x0, 0x0,

    /* U+00DE "Þ" */
    0x7f, 0x70, 0x0, 0x0, 0x0, 0x0, 0x7f, 0x70,
    0x0, 0x0, 0x0, 0x0, 0x7f, 0x70, 0x0, 0x0,
    0x0, 0x0, 0x7f, 0xdc, 0xcc, 0xba, 0x82, 0x0,
    0x7f, 0xff, 0xff, 0xff, 0xff, 0x50, 0x7f, 0x70,
    0x0, 0x1, 0x8f, 0xf0, 0x7f, 0x70, 0x0, 0x0,
    0xb, 0xf5, 0x7f, 0x70, 0x0, 0x0, 0x8, 0xf7,
    0x7f, 0x70, 0x0, 0x0, 0xa, 0xf5, 0x7f, 0x70,
    0x0, 0x0, 0x6f, 0xf1, 0x7f, 0xdc, 0xcc, 0xce,
    0xff, 0x60, 0x7f, 0xff, 0xff, 0xfe, 0xb4, 0x0,
    0x7f, 0x70, 0x0, 0x0, 0x0, 0x0, 0x7f, 0x70,
    0x0, 0x0, 0x0, 0x0, 0x7f, 0x70, 0x0, 0x0,
    0x0, 0x0,

    /* U+00DF "ß" */
    0x0, 0x7d, 0xfd, 0x80, 0x0, 0x0, 0xbf, 0xc8,
    0xbf, 0xb0, 0x0, 0x3f, 0xb0, 0x0, 0xaf, 0x20,
    0x7, 0xf5, 0x0, 0x9, 0xf1, 0x0, 0x8f, 0x30,
    0x0, 0xec, 0x0, 0x9, 0xf3, 0x0, 0x8f, 0x40,
    0x0, 0x9f, 0x30, 0xe, 0xd0, 0x0, 0x9, 0xf3,
    0x0, 0xfe, 0x10, 0x0, 0x9f, 0x30, 0x6, 0xfe,
    0x40, 0x9, 0xf3, 0x0, 0x5, 0xff, 0x70, 0x9f,
    0x30, 0x0, 0x2, 0xdf, 0x49, 0xf3, 0x0, 0x0,
    0x5, 0xf8, 0x9f, 0x34, 0xe5, 0x0, 0x7f, 0x69,
    0xf3, 0x1e, 0xf9, 0xaf, 0xe0, 0x9f, 0x30, 0x2a,
    0xee, 0xa1, 0x0,

    /* U+00E0 "à" */
    0x0, 0x9, 0xf9, 0x0, 0x0, 0x0, 0x0, 0xc,
    0xf1, 0x0, 0x0, 0x0, 0x0, 0x1d, 0x60, 0x0,
    0x0, 0x0, 0x0, 0x0, 0x0, 0x0, 0x0, 0x29,
    0xdf, 0xec, 0x50, 0x0, 0x2f, 0xf9, 0x89, 0xff,
    0x50, 0xa, 0xf3, 0x0, 0x4, 0xfa, 0x0, 0x46,
    0x0, 0x0, 0xf, 0xb0, 0x0, 0x1, 0x46, 0x9c,
    0xfb, 0x0, 0x1b, 0xff, 0xfe, 0x9f, 0xc0, 0xc,
    0xf9, 0x41, 0x0, 0xfc, 0x2, 0xfb, 0x0, 0x0,
    0x3f, 0xc0, 0x2f, 0xc0, 0x0, 0xb, 0xfc, 0x0,
    0xcf, 0xb7, 0x8e, 0xde, 0xd0, 0x1, 0x9e, 0xfd,
    0x70, 0xaf, 0x10,

    /* U+00E1 "á" */
    0x0, 0x0, 0x7, 0xfb, 0x0, 0x0, 0x0, 0x0,
    0xee, 0x10, 0x0, 0x0, 0x0, 0x4d, 0x30, 0x0,
    0x0, 0x0, 0x0, 0x0, 0x0, 0x0, 0x0, 0x29,
    0xdf, 0xec, 0x50, 0x0, 0x2f, 0xf9, 0x89, 0xff,
    0x50, 0xa, 0xf3, 0x0, 0x4, 0xfa, 0x0, 0x46,
    0x0, 0x0, 0xf, 0xb0, 0x0, 0x1, 0x46, 0x9c,
    0xfb, 0x0, 0x1b, 0xff, 0xfe, 0x9f, 0xc0, 0xc,
    0xf9, 0x41, 0x0, 0xfc, 0x2, 0xfb, 0x0, 0x0,
    0x3f, 0xc0, 0x2f, 0xc0, 0x0, 0xb, 0xfc, 0x0,
    0xcf, 0xb7, 0x8e, 0xde, 0xd0, 0x1, 0x9e, 0xfd,
    0x70, 0xaf, 0x10,

    /* U+00E2 "â" */
    0x0, 0x0, 0xcf, 0xc0, 0x0, 0x0, 0x0, 0x8f,
    0x7f, 0xa0, 0x0, 0x0, 0x2c, 0x80, 0x7c, 0x40,
    0x0, 0x0, 0x0, 0x0, 0x0, 0x0, 0x0, 0x29,
    0xdf, 0xec, 0x50, 0x0, 0x2f, 0xf9, 0x89, 0xff,
    0x50, 0xa, 0xf3, 0x0, 0x4, 0xfa, 0x0, 0x46,
    0x0, 0x0, 0xf, 0xb0, 0x0, 0x1, 0x46, 0x9c,
    0xfb, 0x0, 0x1b, 0xff, 0xfe, 0x9f, 0xc0, 0xc,
    0xf9, 0x41, 0x0, 0xfc, 0x2, 0xfb, 0x0, 0x0,
    0x3f, 0xc0, 0x2f, 0xc0, 0x0, 0xb, 0xfc, 0x0,
    0xcf, 0xb7, 0x8e, 0xde, 0xd0, 0x1, 0x9e, 0xfd,
    0x70, 0xaf, 0x10,

    /* U+00E3 "ã" */
    0x0, 0x1c, 0xf9, 0x29, 0xc0, 0x0, 0x9, 0xd6,
    0xcf, 0xf5, 0x0, 0x0, 0x22, 0x0, 0x32, 0x0,
    0x0, 0x0, 0x0, 0x0, 0x0, 0x0, 0x0, 0x29,
    0xdf, 0xec, 0x50, 0x0, 0x2f, 0xf9, 0x89, 0xff,
    0x50, 0xa, 0xf3, 0x0, 0x4, 0xfa, 0x0, 0x46,
    0x0, 0x0, 0xf, 0xb0, 0x0, 0x1, 0x46, 0x9c,
    0xfb, 0x0, 0x1b, 0xff, 0xfe, 0x9f, 0xc0, 0xc,
    0xf9, 0x41, 0x0, 0xfc, 0x2, 0xfb, 0x0, 0x0,
    0x3f, 0xc0, 0x2f, 0xc0, 0x0, 0xb, 0xfc, 0x0,
    0xcf, 0xb7, 0x8e, 0xde, 0xd0, 0x1, 0x9e, 0xfd,
    0x70, 0xaf, 0x10,

    /* U+00E4 "ä" */
    0x0, 0x2f, 0xa0, 0x8f, 0x40, 0x0, 0x2, 0xfa,
    0x8, 0xf4, 0x0, 0x0, 0x1, 0x0, 0x1, 0x0,
    0x0, 0x0, 0x0, 0x0, 0x0, 0x0, 0x0, 0x29,
    0xdf, 0xec, 0x50, 0x0, 0x2f, 0xf9, 0x89, 0xff,
    0x50, 0xa, 0xf3, 0x0, 0x4, 0xfa, 0x0, 0x46,
    0x0, 0x0, 0xf, 0xb0, 0x0, 0x1, 0x46, 0x9c,
    0xfb, 0x0, 0x1b, 0xff, 0xfe, 0x9f, 0xc0, 0xc,
    0xf9, 0x41, 0x0, 0xfc, 0x2, 0xfb, 0x0, 0x0,
    0x3f, 0xc0, 0x2f, 0xc0, 0x0, 0xb, 0xfc, 0x0,
    0xcf, 0xb7, 0x8e, 0xde, 0xd0, 0x1, 0x9e, 0xfd,
    0x70, 0xaf, 0x10,

    /* U+00E5 "å" */
    0x0, 0x0, 0x6b, 0x80, 0x0, 0x0, 0x0, 0x1a,
    0x9, 0x30, 0x0, 0x0, 0x1, 0xa0, 0x93, 0x0,
    0x0, 0x0, 0x6, 0xb8, 0x0, 0x0, 0x0, 0x0,
    0x0, 0x0, 0x0, 0x0, 0x2, 0x9d, 0xfe, 0xc5,
    0x0, 0x2, 0xff, 0x98, 0x9f, 0xf5, 0x0, 0xaf,
    0x30, 0x0, 0x4f, 0xa0, 0x4, 0x60, 0x0, 0x0,
    0xfb, 0x0, 0x0, 0x14, 0x69, 0xcf, 0xb0, 0x1,
    0xbf, 0xff, 0xe9, 0xfc, 0x0, 0xcf, 0x94, 0x10,
    0xf, 0xc0, 0x2f, 0xb0, 0x0, 0x3, 0xfc, 0x2,
    0xfc, 0x0, 0x0, 0xbf, 0xc0, 0xc, 0xfb, 0x78,
    0xed, 0xed, 0x0, 0x19, 0xef, 0xd7, 0xa, 0xf1,

    /* U+00E6 "æ" */
    0x0, 0x2a, 0xef, 0xeb, 0x31, 0x9e, 0xfd, 0x70,
    0x0, 0x3f, 0xe9, 0x8a, 0xff, 0xdf, 0xa8, 0xbf,
    0xb0, 0xb, 0xf2, 0x0, 0x7, 0xff, 0x40, 0x0,
    0x8f, 0x50, 0x55, 0x0, 0x0, 0x4f, 0xb0, 0x0,
    0x0, 0xfb, 0x0, 0x0, 0x36, 0x9d, 0xfc, 0x88,
    0x88, 0x8e, 0xe0, 0x1a, 0xff, 0xfe, 0xbf, 0xff,
    0xff, 0xff, 0xff, 0xd, 0xf8, 0x30, 0x4, 0xf8,
    0x0, 0x0, 0x0, 0x3, 0xfa, 0x0, 0x0, 0x6f,
    0xa0, 0x0, 0x0, 0x97, 0x3f, 0xc0, 0x0, 0x1d,
    0xff, 0x30, 0x0, 0x7f, 0x80, 0xcf, 0xc8, 0xaf,
    0xd4, 0xef, 0xb8, 0xbf, 0xd1, 0x1, 0xae, 0xfd,
    0x70, 0x1, 0x9e, 0xfd, 0x81, 0x0,

    /* U+00E7 "ç" */
    0x0, 0x18, 0xef, 0xd8, 0x0, 0x0, 0xdf, 0xb8,
    0xbf, 0xc0, 0x8, 0xf7, 0x0, 0x9, 0xf5, 0xe,
    0xe0, 0x0, 0x2, 0xa4, 0x1f, 0xb0, 0x0, 0x0,
    0x0, 0x3f, 0x90, 0x0, 0x0, 0x0, 0x2f, 0xa0,
    0x0, 0x0, 0x0, 0xf, 0xc0, 0x0, 0x0, 0xb7,
    0xb, 0xf2, 0x0, 0x4, 0xf8, 0x4, 0xfd, 0x30,
    0x3e, 0xf1, 0x0, 0x6f, 0xff, 0xfe, 0x40, 0x0,
    0x1, 0xbd, 0x40, 0x0, 0x0, 0x0, 0x9e, 0xb0,
    0x0, 0x0, 0x2, 0x3a, 0xf2, 0x0, 0x0, 0x9,
    0xfd, 0x70, 0x0,

    /* U+00E8 "è" */
    0x0, 0x9, 0xf9, 0x0, 0x0, 0x0, 0x0, 0xc,
    0xf1, 0x0, 0x0, 0x0, 0x0, 0x1d, 0x60, 0x0,
    0x0, 0x0, 0x0, 0x0, 0x0, 0x0, 0x0, 0x8,
    0xdf, 0xe9, 0x10, 0x0, 0xd, 0xfc, 0x8a, 0xfe,
    0x10, 0x8, 0xf8, 0x0, 0x4, 0xfb, 0x0, 0xee,
    0x0, 0x0, 0xb, 0xf1, 0x2f, 0xd8, 0x88, 0x88,
    0xcf, 0x43, 0xff, 0xff, 0xff, 0xff, 0xf5, 0x2f,
    0xa0, 0x0, 0x0, 0x0, 0x0, 0xfe, 0x0, 0x0,
    0x6, 0x71, 0x9, 0xf8, 0x0, 0x3, 0xfe, 0x0,
    0x1d, 0xfc, 0x8a, 0xff, 0x40, 0x0, 0x18, 0xdf,
    0xea, 0x30, 0x0,

    /* U+00E9 "é" */
    0x0, 0x0, 0x7, 0xfb, 0x0, 0x0, 0x0, 0x0,
    0xee, 0x10, 0x0, 0x0, 0x0, 0x4d, 0x30, 0x0,
    0x0, 0x0, 0x0, 0x0, 0x0, 0x0, 0x0, 0x8,
    0xdf, 0xe9, 0x10, 0x0, 0xd, 0xfc, 0x8a, 0xfe,
    0x10, 0x8, 0xf8, 0x0, 0x4, 0xfb, 0x0, 0xee,
    0x0, 0x0, 0xb, 0xf1, 0x2f, 0xd8, 0x88, 0x88,
    0xcf, 0x43, 0xff, 0xff, 0xff, 0xff, 0xf5, 0x2f,
    0xa0, 0x0, 0x0, 0x0, 0x0, 0xfe, 0x0, 0x0,
    0x6, 0x71, 0x9, 0xf8, 0x0, 0x3, 0xfe, 0x0,
    0x1d, 0xfc, 0x8a, 0xff, 0x40, 0x0, 0x18, 0xdf,
    0xea, 0x30, 0x0,

    /* U+00EA "ê" */
    0x0, 0x0, 0xbf, 0xd0, 0x0, 0x0, 0x0, 0x8f,
    0x7f, 0xa0, 0x0, 0x0, 0x2c, 0x90, 0x6c, 0x40,
    0x0, 0x0, 0x0, 0x0, 0x0, 0x0, 0x0, 0x8,
    0xdf, 0xe9, 0x10, 0x0, 0xd, 0xfc, 0x8a, 0xfe,
    0x10, 0x8, 0xf8, 0x0, 0x4, 0xfb, 0x0, 0xee,
    0x0, 0x0, 0xb, 0xf1, 0x2f, 0xd8, 0x88, 0x88,
    0xcf, 0x43, 0xff, 0xff, 0xff, 0xff, 0xf5, 0x2f,
    0xa0, 0x0, 0x0, 0x0, 0x0, 0xfe, 0x0, 0x0,
    0x6, 0x71, 0x9, 0xf8, 0x0, 0x3, 0xfe, 0x0,
    0x1d, 0xfc, 0x8a, 0xff, 0x40, 0x0, 0x18, 0xdf,
    0xea, 0x30, 0x0,

    /* U+00EB "ë" */
    0x0, 0x2f, 0xb0, 0x8f, 0x40, 0x0, 0x2, 0xfb,
    0x8, 0xf4, 0x0, 0x0, 0x1, 0x0, 0x1, 0x0,
    0x0, 0x0, 0x0, 0x0, 0x0, 0x0, 0x0, 0x8,
    0xdf, 0xe9, 0x10, 0x0, 0xd, 0xfc, 0x8a, 0xfe,
    0x10, 0x8, 0xf8, 0x0, 0x4, 0xfb, 0x0, 0xee,
    0x0, 0x0, 0xb, 0xf1, 0x2f, 0xd8, 0x88, 0x88,
    0xcf, 0x43, 0xff, 0xff, 0xff, 0xff, 0xf5, 0x2f,
    0xa0, 0x0, 0x0, 0x0, 0x0, 0xfe, 0x0, 0x0,
    0x6, 0x71, 0x9, 0xf8, 0x0, 0x3, 0xfe, 0x0,
    0x1d, 0xfc, 0x8a, 0xff, 0x40, 0x0, 0x18, 0xdf,
    0xea, 0x30, 0x0,

    /* U+00EC "ì" */
    0x6f, 0xc0, 0x9, 0xf3, 0x0, 0xc9, 0x0, 0x0,
    0x1, 0xfa, 0x1, 0xfa, 0x1, 0xfa, 0x1, 0xfa,
    0x1, 0xfa, 0x1, 0xfa, 0x1, 0xfa, 0x1, 0xfa,
    0x1, 0xfa, 0x1, 0xfa, 0x1, 0xfa,

    /* U+00ED "í" */
    0x4, 0xfd, 0x0, 0xbf, 0x20, 0x1d, 0x50, 0x0,
    0x0, 0x0, 0x1f, 0xa0, 0x1, 0xfa, 0x0, 0x1f,
    0xa0, 0x1, 0xfa, 0x0, 0x1f, 0xa0, 0x1, 0xfa,
    0x0, 0x1f, 0xa0, 0x1, 0xfa, 0x0, 0x1f, 0xa0,
    0x1, 0xfa, 0x0, 0x1f, 0xa0, 0x0,

    /* U+00EE "î" */
    0x0, 0x9f, 0xe2, 0x0, 0x6f, 0x8d, 0xd1, 0x9,
    0x80, 0x3a, 0x60, 0x0, 0x0, 0x0, 0x0, 0x1f,
    0xa0, 0x0, 0x1, 0xfa, 0x0, 0x0, 0x1f, 0xa0,
    0x0, 0x1, 0xfa, 0x0, 0x0, 0x1f, 0xa0, 0x0,
    0x1, 0xfa, 0x0, 0x0, 0x1f, 0xa0, 0x0, 0x1,
    0xfa, 0x0, 0x0, 0x1f, 0xa0, 0x0, 0x1, 0xfa,
    0x0, 0x0, 0x1f, 0xa0, 0x0,

    /* U+00EF "ï" */
    0xee, 0x4, 0xf8, 0xee, 0x4, 0xf8, 0x11, 0x0,
    0x10, 0x0, 0x0, 0x0, 0x1, 0xfa, 0x0, 0x1,
    0xfa, 0x0, 0x1, 0xfa, 0x0, 0x1, 0xfa, 0x0,
    0x1, 0xfa, 0x0, 0x1, 0xfa, 0x0, 0x1, 0xfa,
    0x0, 0x1, 0xfa, 0x0, 0x1, 0xfa, 0x0, 0x1,
    0xfa, 0x0, 0x1, 0xfa, 0x0,

    /* U+00F0 "ð" */
    0x0, 0x5, 0xfb, 0x28, 0xb0, 0x0, 0x0, 0x5,
    0xff, 0xb3, 0x0, 0x0, 0xa, 0xf9, 0xfb, 0x0,
    0x0, 0x0, 0x41, 0x5, 0xf7, 0x0, 0x0, 0x19,
    0xef, 0xbf, 0xf1, 0x0, 0x1e, 0xf9, 0x69, 0xff,
    0x80, 0x9, 0xf6, 0x0, 0x5, 0xfd, 0x0, 0xfe,
    0x0, 0x0, 0xc, 0xf1, 0x2f, 0xa0, 0x0, 0x0,
    0x8f, 0x33, 0xf9, 0x0, 0x0, 0x7, 0xf5, 0x2f,
    0xa0, 0x0, 0x0, 0x9f, 0x40, 0xfe, 0x0, 0x0,
    0xd, 0xf1, 0x9, 0xf7, 0x0, 0x6, 0xfa, 0x0,
    0x1d, 0xfc, 0x8b, 0xfd, 0x10, 0x0, 0x18, 0xef,
    0xe9, 0x10, 0x0,

    /* U+00F1 "ñ" */
    0x1, 0xcf, 0x92, 0x9c, 0x0, 0x9d, 0x6c, 0xff,
    0x50, 0x2, 0x20, 0x3, 0x20, 0x0, 0x0, 0x0,
    0x0, 0x0, 0xaf, 0x1a, 0xef, 0xc5, 0xa, 0xfe,
    0xb6, 0x7e, 0xf4, 0xaf, 0xa0, 0x0, 0x4f, 0xaa,
    0xf4, 0x0, 0x0, 0xfc, 0xaf, 0x20, 0x0, 0xf,
    0xca, 0xf1, 0x0, 0x0, 0xfd, 0xaf, 0x10, 0x0,
    0xf, 0xda, 0xf1, 0x0, 0x0, 0xfd, 0xaf, 0x10,
    0x0, 0xf, 0xda, 0xf1, 0x0, 0x0, 0xfd, 0xaf,
    0x10, 0x0, 0xf, 0xd0,

    /* U+00F2 "ò" */
    0x0, 0x9, 0xf9, 0x0, 0x0, 0x0, 0x0, 0xc,
    0xf1, 0x0, 0x0, 0x0, 0x0, 0x1d, 0x60, 0x0,
    0x0, 0x0, 0x0, 0x0, 0x0, 0x0, 0x0, 0x18,
    0xef, 0xe9, 0x10, 0x0, 0x1e, 0xfb, 0x8b, 0xfe,
    0x20, 0xa, 0xf6, 0x0, 0x5, 0xfc, 0x0, 0xfd,
    0x0, 0x0, 0xb, 0xf2, 0x3f, 0x90, 0x0, 0x0,
    0x7f, 0x54, 0xf8, 0x0, 0x0, 0x6, 0xf6, 0x3f,
    0xa0, 0x0, 0x0, 0x8f, 0x50, 0xfd, 0x0, 0x0,
    0xc, 0xf2, 0xb, 0xf7, 0x0, 0x4, 0xfc, 0x0,
    0x1e, 0xfc, 0x8a, 0xfe, 0x20, 0x0, 0x18, 0xdf,
    0xe9, 0x10, 0x0,

    /* U+00F3 "ó" */
    0x0, 0x0, 0x7, 0xfb, 0x0, 0x0, 0x0, 0x0,
    0xee, 0x10, 0x0, 0x0, 0x0, 0x4d, 0x30, 0x0,
    0x0, 0x0, 0x0, 0x0, 0x0, 0x0, 0x0, 0x18,
    0xef, 0xe9, 0x10, 0x0, 0x1e, 0xfb, 0x8b, 0xfe,
    0x20, 0xa, 0xf6, 0x0, 0x5, 0xfc, 0x0, 0xfd,
    0x0, 0x0, 0xb, 0xf2, 0x3f, 0x90, 0x0, 0x0,
    0x7f, 0x54, 0xf8, 0x0, 0x0, 0x6, 0xf6, 0x3f,
    0xa0, 0x0, 0x0, 0x8f, 0x50, 0xfd, 0x0, 0x0,
    0xc, 0xf2, 0xb, 0xf7, 0x0, 0x4, 0xfc, 0x0,
    0x1e, 0xfc, 0x8a, 0xfe, 0x20, 0x0, 0x18, 0xdf,
    0xe9, 0x10, 0x0,

    /* U+00F4 "ô" */
    0x0, 0x0, 0xcf, 0xc0, 0x0, 0x0, 0x0, 0x8f,
    0x7f, 0xa0, 0x0, 0x0, 0x2c, 0x80, 0x7c, 0x40,
    0x0, 0x0, 0x0, 0x0, 0x0, 0x0, 0x0, 0x18,
    0xef, 0xe9, 0x10, 0x0, 0x1e, 0xfb, 0x8b, 0xfe,
    0x20, 0xa, 0xf6, 0x0, 0x5, 0xfc, 0x0, 0xfd,
    0x0, 0x0, 0xb, 0xf2, 0x3f, 0x90, 0x0, 0x0,
    0x7f, 0x54, 0xf8, 0x0, 0x0, 0x6, 0xf6, 0x3f,
    0xa0, 0x0, 0x0, 0x8f, 0x50, 0xfd, 0x0, 0x0,
    0xc, 0xf2, 0xb, 0xf7, 0x0, 0x4, 0xfc, 0x0,
    0x1e, 0xfc, 0x8a, 0xfe, 0x20, 0x0, 0x18, 0xdf,
    0xe9, 0x10, 0x0,

    /* U+00F5 "õ" */
    0x0, 0x1c, 0xf9, 0x29, 0xc0, 0x0, 0x9, 0xd6,
    0xcf, 0xf5, 0x0, 0x0, 0x22, 0x0, 0x32, 0x0,
    0x0, 0x0, 0x0, 0x0, 0x0, 0x0, 0x0, 0x18,
    0xef, 0xe9, 0x10, 0x0, 0x1e, 0xfb, 0x8b, 0xfe,
    0x20, 0xa, 0xf6, 0x0, 0x5, 0xfc, 0x0, 0xfd,
    0x0, 0x0, 0xb, 0xf2, 0x3f, 0x90, 0x0, 0x0,
    0x7f, 0x54, 0xf8, 0x0, 0x0, 0x6, 0xf6, 0x3f,
    0xa0, 0x0, 0x0, 0x8f, 0x50, 0xfd, 0x0, 0x0,
    0xc, 0xf2, 0xb, 0xf7, 0x0, 0x4, 0xfc, 0x0,
    0x1e, 0xfc, 0x8a, 0xfe, 0x20, 0x0, 0x18, 0xdf,
    0xe9, 0x10, 0x0,

    /* U+00F6 "ö" */
    0x0, 0x2f, 0xa0, 0x8f, 0x40, 0x0, 0x2, 0xfa,
    0x8, 0xf4, 0x0, 0x0, 0x1, 0x0, 0x1, 0x0,
    0x0, 0x0, 0x0, 0x0, 0x0, 0x0, 0x0, 0x18,
    0xef, 0xe9, 0x10, 0x0, 0x1e, 0xfb, 0x8b, 0xfe,
    0x20, 0xa, 0xf6, 0x0, 0x5, 0xfc, 0x0, 0xfd,
    0x0, 0x0, 0xb, 0xf2, 0x3f, 0x90, 0x0, 0x0,
    0x7f, 0x54, 0xf8, 0x0, 0x0, 0x6, 0xf6, 0x3f,
    0xa0, 0x0, 0x0, 0x8f, 0x50, 0xfd, 0x0, 0x0,
    0xc, 0xf2, 0xb, 0xf7, 0x0, 0x4, 0xfc, 0x0,
    0x1e, 0xfc, 0x8a, 0xfe, 0x20, 0x0, 0x18, 0xdf,
    0xe9, 0x10, 0x0,

    /* U+00F7 "÷" */
    0x0, 0x2, 0xfd, 0x0, 0x0, 0x0, 0x2, 0xfd,
    0x0, 0x0, 0x0, 0x0, 0x11, 0x0, 0x0, 0x0,
    0x0, 0x0, 0x0, 0x0, 0xef, 0xff, 0xff, 0xff,
    0xf9, 0xab, 0xbb, 0xbb, 0xbb, 0xb6, 0x0, 0x0,
    0x11, 0x0, 0x0, 0x0, 0x2, 0xfd, 0x0, 0x0,
    0x0, 0x2, 0xfd, 0x0, 0x0,

    /* U+00F8 "ø" */
    0x0, 0x0, 0x0, 0x0, 0x11, 0x0, 0x4b, 0xfe,
    0xc5, 0xba, 0x6, 0xfe, 0x98, 0xdf, 0xf1, 0x1f,
    0xe1, 0x0, 0x4f, 0xf5, 0x7f, 0x60, 0x1, 0xe9,
    0xfb, 0xaf, 0x20, 0xc, 0xa0, 0xee, 0xbf, 0x10,
    0x8d, 0x0, 0xdf, 0xaf, 0x24, 0xf3, 0x0, 0xfe,
    0x7f, 0x8e, 0x60, 0x2, 0xfb, 0x1f, 0xfa, 0x0,
    0xb, 0xf6, 0xb, 0xff, 0x98, 0xdf, 0xa0, 0x4f,
    0x5b, 0xef, 0xc6, 0x0, 0x4, 0x0, 0x0, 0x0,
    0x0,

    /* U+00F9 "ù" */
    0x0, 0x9f, 0x90, 0x0, 0x0, 0x0, 0xcf, 0x10,
    0x0, 0x0, 0x1, 0xd6, 0x0, 0x0, 0x0, 0x0,
    0x0, 0x0, 0xbf, 0x10, 0x0, 0xf, 0xbb, 0xf1,
    0x0, 0x0, 0xfb, 0xbf, 0x10, 0x0, 0xf, 0xbb,
    0xf1, 0x0, 0x0, 0xfb, 0xbf, 0x10, 0x0, 0xf,
    0xbb, 0xf1, 0x0, 0x0, 0xfb, 0xaf, 0x10, 0x0,
    0x1f, 0xba, 0xf2, 0x0, 0x3, 0xfb, 0x7f, 0x70,
    0x0, 0xbf, 0xb2, 0xff, 0xba, 0xec, 0xdb, 0x3,
    0xbf, 0xe9, 0x1d, 0xb0,

    /* U+00FA "ú" */
    0x0, 0x0, 0x7f, 0xb0, 0x0, 0x0, 0xe, 0xe1,
    0x0, 0x0, 0x4, 0xd3, 0x0, 0x0, 0x0, 0x0,
    0x0, 0x0, 0xbf, 0x10, 0x0, 0xf, 0xbb, 0xf1,
    0x0, 0x0, 0xfb, 0xbf, 0x10, 0x0, 0xf, 0xbb,
    0xf1, 0x0, 0x0, 0xfb, 0xbf, 0x10, 0x0, 0xf,
    0xbb, 0xf1, 0x0, 0x0, 0xfb, 0xaf, 0x10, 0x0,
    0x1f, 0xba, 0xf2, 0x0, 0x3, 0xfb, 0x7f, 0x70,
    0x0, 0xbf, 0xb2, 0xff, 0xba, 0xec, 0xdb, 0x3,
    0xbf, 0xe9, 0x1d, 0xb0,

    /* U+00FB "û" */
    0x0, 0xc, 0xfd, 0x0, 0x0, 0x9, 0xf6, 0xfb,
    0x0, 0x2, 0x97, 0x5, 0xa4, 0x0, 0x0, 0x0,
    0x0, 0x0, 0xbf, 0x10, 0x0, 0xf, 0xbb, 0xf1,
    0x0, 0x0, 0xfb, 0xbf, 0x10, 0x0, 0xf, 0xbb,
    0xf1, 0x0, 0x0, 0xfb, 0xbf, 0x10, 0x0, 0xf,
    0xbb, 0xf1, 0x0, 0x0, 0xfb, 0xaf, 0x10, 0x0,
    0x1f, 0xba, 0xf2, 0x0, 0x3, 0xfb, 0x7f, 0x70,
    0x0, 0xbf, 0xb2, 0xff, 0xba, 0xec, 0xdb, 0x3,
    0xbf, 0xe9, 0x1d, 0xb0,

    /* U+00FC "ü" */
    0x2, 0xfa, 0x8, 0xf4, 0x0, 0x2f, 0xa0, 0x8f,
    0x40, 0x0, 0x10, 0x0, 0x10, 0x0, 0x0, 0x0,
    0x0, 0x0, 0xbf, 0x10, 0x0, 0xf, 0xbb, 0xf1,
    0x0, 0x0, 0xfb, 0xbf, 0x10, 0x0, 0xf, 0xbb,
    0xf1, 0x0, 0x0, 0xfb, 0xbf, 0x10, 0x0, 0xf,
    0xbb, 0xf1, 0x0, 0x0, 0xfb, 0xaf, 0x10, 0x0,
    0x1f, 0xba, 0xf2, 0x0, 0x3, 0xfb, 0x7f, 0x70,
    0x0, 0xbf, 0xb2, 0xff, 0xba, 0xec, 0xdb, 0x3,
    0xbf, 0xe9, 0x1d, 0xb0,

    /* U+00FD "ý" */
    0x0, 0x0, 0x1f, 0xf2, 0x0, 0x0, 0x0, 0x7f,
    0x50, 0x0, 0x0, 0x0, 0xc9, 0x0, 0x0, 0x0,
    0x0, 0x0, 0x0, 0x0, 0x7f, 0x60, 0x0, 0x1,
    0xfa, 0x2f, 0xb0, 0x0, 0x7, 0xf4, 0xc, 0xf1,
    0x0, 0xd, 0xe0, 0x6, 0xf7, 0x0, 0x2f, 0x90,
    0x0, 0xfc, 0x0, 0x8f, 0x30, 0x0, 0xaf, 0x20,
    0xed, 0x0, 0x0, 0x4f, 0x73, 0xf7, 0x0, 0x0,
    0xe, 0xd8, 0xf1, 0x0, 0x0, 0x8, 0xfd, 0xb0,
    0x0, 0x0, 0x2, 0xff, 0x50, 0x0, 0x0, 0x0,
    0xdf, 0x0, 0x0, 0x0, 0x1, 0xfa, 0x0, 0x0,
    0x0, 0x8, 0xf4, 0x0, 0x0, 0xc, 0xdf, 0xb0,
    0x0, 0x0, 0xb, 0xfb, 0x10, 0x0, 0x0,

    /* U+00FE "þ" */
    0xaf, 0x10, 0x0, 0x0, 0x0, 0xaf, 0x10, 0x0,
    0x0, 0x0, 0xaf, 0x10, 0x0, 0x0, 0x0, 0xaf,
    0x10, 0x0, 0x0, 0x0, 0xaf, 0x3b, 0xff, 0xb2,
    0x0, 0xaf, 0xed, 0x79, 0xff, 0x20, 0xaf, 0xc0,
    0x0, 0x4f, 0xb0, 0xaf, 0x50, 0x0, 0xb, 0xf1,
    0xaf, 0x10, 0x0, 0x8, 0xf4, 0xaf, 0x0, 0x0,
    0x7, 0xf5, 0xaf, 0x0, 0x0, 0x9, 0xf4, 0xaf,
    0x40, 0x0, 0xc, 0xf1, 0xaf, 0xc0, 0x0, 0x5f,
    0xa0, 0xaf, 0xed, 0x9a, 0xfe, 0x10, 0xaf, 0x3b,
    0xfe, 0x91, 0x0, 0xaf, 0x10, 0x0, 0x0, 0x0,
    0xaf, 0x10, 0x0, 0x0, 0x0, 0xaf, 0x10, 0x0,
    0x0, 0x0, 0xaf, 0x10, 0x0, 0x0, 0x0,

    /* U+00FF "ÿ" */
    0x0, 0xbf, 0x11, 0xfb, 0x0, 0x0, 0xbf, 0x11,
    0xfb, 0x0, 0x0, 0x1, 0x0, 0x10, 0x0, 0x0,
    0x0, 0x0, 0x0, 0x0, 0x7f, 0x60, 0x0, 0x1,
    0xfa, 0x2f, 0xb0, 0x0, 0x7, 0xf4, 0xc, 0xf1,
    0x0, 0xd, 0xe0, 0x6, 0xf7, 0x0, 0x2f, 0x90,
    0x0, 0xfc, 0x0, 0x8f, 0x30, 0x0, 0xaf, 0x20,
    0xed, 0x0, 0x0, 0x4f, 0x73, 0xf7, 0x0, 0x0,
    0xe, 0xd8, 0xf1, 0x0, 0x0, 0x8, 0xfd, 0xb0,
    0x0, 0x0, 0x2, 0xff, 0x50, 0x0, 0x0, 0x0,
    0xdf, 0x0, 0x0, 0x0, 0x1, 0xfa, 0x0, 0x0,
    0x0, 0x8, 0xf4, 0x0, 0x0, 0xc, 0xdf, 0xb0,
    0x0, 0x0, 0xb, 0xfb, 0x10, 0x0, 0x0,

    /* U+0100 "Ā" */
    0x0, 0x0, 0x48, 0x88, 0x88, 0x40, 0x0, 0x0,
    0x0, 0x9, 0xff, 0xff, 0xf8, 0x0, 0x0, 0x0,
    0x0, 0x0, 0x0, 0x0, 0x0, 0x0, 0x0, 0x0,
    0x0, 0xb, 0xfb, 0x0, 0x0, 0x0, 0x0, 0x0,
    0x1, 0xff, 0xf1, 0x0, 0x0, 0x0, 0x0, 0x0,
    0x6f, 0x7f, 0x70, 0x0, 0x0, 0x0, 0x0, 0xc,
    0xe0, 0xfd, 0x0, 0x0, 0x0, 0x0, 0x2, 0xfa,
    0xa, 0xf4, 0x0, 0x0, 0x0, 0x0, 0x8f, 0x50,
    0x4f, 0xa0, 0x0, 0x0, 0x0, 0xe, 0xf0, 0x0,
    0xef, 0x10, 0x0, 0x0, 0x4, 0xfa, 0x0, 0x9,
    0xf6, 0x0, 0x0, 0x0, 0xaf, 0x40, 0x0, 0x3f,
    0xd0, 0x0, 0x0, 0xf, 0xff, 0xff, 0xff, 0xff,
    0x30, 0x0, 0x5, 0xfc, 0x99, 0x99, 0x9b, 0xf9,
    0x0, 0x0, 0xbf, 0x30, 0x0, 0x0, 0x1f, 0xf0,
    0x0, 0x1f, 0xd0, 0x0, 0x0, 0x0, 0xbf, 0x60,
    0x7, 0xf8, 0x0, 0x0, 0x0, 0x5, 0xfc, 0x0,
    0xdf, 0x20, 0x0, 0x0, 0x0, 0xe, 0xf2,

    /* U+0101 "ā" */
    0x0, 0x9f, 0xff, 0xff, 0x80, 0x0, 0x4, 0x88,
    0x88, 0x84, 0x0, 0x0, 0x0, 0x0, 0x0, 0x0,
    0x0, 0x0, 0x0, 0x0, 0x0, 0x0, 0x0, 0x29,
    0xdf, 0xec, 0x50, 0x0, 0x2f, 0xf9, 0x89, 0xff,
    0x50, 0xa, 0xf3, 0x0, 0x4, 0xfa, 0x0, 0x46,
    0x0, 0x0, 0xf, 0xb0, 0x0, 0x1, 0x46, 0x9c,
    0xfb, 0x0, 0x1b, 0xff, 0xfe, 0x9f, 0xc0, 0xc,
    0xf9, 0x41, 0x0, 0xfc, 0x2, 0xfb, 0x0, 0x0,
    0x3f, 0xc0, 0x2f, 0xc0, 0x0, 0xb, 0xfc, 0x0,
    0xcf, 0xb7, 0x8e, 0xde, 0xd0, 0x1, 0x9e, 0xfd,
    0x70, 0xaf, 0x10,

    /* U+0102 "Ă" */
    0x0, 0x0, 0x36, 0x0, 0x7, 0x20, 0x0, 0x0,
    0x0, 0x3, 0xf4, 0x17, 0xf1, 0x0, 0x0, 0x0,
    0x0, 0x7, 0xff, 0xf5, 0x0, 0x0, 0x0, 0x0,
    0x0, 0x1, 0x20, 0x0, 0x0, 0x0, 0x0, 0x0,
    0x0, 0xbf, 0xb0, 0x0, 0x0, 0x0, 0x0, 0x0,
    0x1f, 0xff, 0x10, 0x0, 0x0, 0x0, 0x0, 0x6,
    0xf7, 0xf7, 0x0, 0x0, 0x0, 0x0, 0x0, 0xce,
    0xf, 0xd0, 0x0, 0x0, 0x0, 0x0, 0x2f, 0xa0,
    0xaf, 0x40, 0x0, 0x0, 0x0, 0x8, 0xf5, 0x4,
    0xfa, 0x0, 0x0, 0x0, 0x0, 0xef, 0x0, 0xe,
    0xf1, 0x0, 0x0, 0x0, 0x4f, 0xa0, 0x0, 0x9f,
    0x60, 0x0, 0x0, 0xa, 0xf4, 0x0, 0x3, 0xfd,
    0x0, 0x0, 0x0, 0xff, 0xff, 0xff, 0xff, 0xf3,
    0x0, 0x0, 0x5f, 0xc9, 0x99, 0x99, 0xbf, 0x90,
    0x0, 0xb, 0xf3, 0x0, 0x0, 0x1, 0xff, 0x0,
    0x1, 0xfd, 0x0, 0x0, 0x0, 0xb, 0xf6, 0x0,
    0x7f, 0x80, 0x0, 0x0, 0x0, 0x5f, 0xc0, 0xd,
    0xf2, 0x0, 0x0, 0x0, 0x0, 0xef, 0x20,

    /* U+0103 "ă" */
    0x0, 0x4f, 0x30, 0x4f, 0x30, 0x0, 0x0, 0x8f,
    0xff, 0x80, 0x0, 0x0, 0x0, 0x12, 0x10, 0x0,
    0x0, 0x0, 0x0, 0x0, 0x0, 0x0, 0x0, 0x29,
    0xdf, 0xec, 0x50, 0x0, 0x2f, 0xf9, 0x89, 0xff,
    0x50, 0xa, 0xf3, 0x0, 0x4, 0xfa, 0x0, 0x46,
    0x0, 0x0, 0xf, 0xb0, 0x0, 0x1, 0x46, 0x9c,
    0xfb, 0x0, 0x1b, 0xff, 0xfe, 0x9f, 0xc0, 0xc,
    0xf9, 0x41, 0x0, 0xfc, 0x2, 0xfb, 0x0, 0x0,
    0x3f, 0xc0, 0x2f, 0xc0, 0x0, 0xb, 0xfc, 0x0,
    0xcf, 0xb7, 0x8e, 0xde, 0xd0, 0x1, 0x9e, 0xfd,
    0x70, 0xaf, 0x10,

    /* U+0104 "Ą" */
    0x0, 0x0, 0x0, 0xbf, 0xb0, 0x0, 0x0, 0x0,
    0x0, 0x0, 0x0, 0x1f, 0xef, 0x10, 0x0, 0x0,
    0x0, 0x0, 0x0, 0x6, 0xf6, 0xf7, 0x0, 0x0,
    0x0, 0x0, 0x0, 0x0, 0xce, 0xe, 0xd0, 0x0,
    0x0, 0x0, 0x0, 0x0, 0x2f, 0x90, 0x8f, 0x40,
    0x0, 0x0, 0x0, 0x0, 0x8, 0xf3, 0x2, 0xfa,
    0x0, 0x0, 0x0, 0x0, 0x0, 0xed, 0x0, 0xc,
    0xf1, 0x0, 0x0, 0x0, 0x0, 0x4f, 0x70, 0x0,
    0x6f, 0x60, 0x0, 0x0, 0x0, 0xa, 0xfa, 0x99,
    0x99, 0xfd, 0x0, 0x0, 0x0, 0x0, 0xff, 0xff,
    0xff, 0xff, 0xf3, 0x0, 0x0, 0x0, 0x5f, 0x60,
    0x0, 0x0, 0x4f, 0x90, 0x0, 0x0, 0xb, 0xf1,
    0x0, 0x0, 0x0, 0xef, 0x0, 0x0, 0x1, 0xfc,
    0x0, 0x0, 0x0, 0x8, 0xf6, 0x0, 0x0, 0x7f,
    0x70, 0x0, 0x0, 0x0, 0x2f, 0xc0, 0x0, 0xd,
    0xf2, 0x0, 0x0, 0x0, 0x0, 0xdf, 0x20, 0x0,
    0x0, 0x0, 0x0, 0x0, 0x0, 0xf, 0x40, 0x0,
    0x0, 0x0, 0x0, 0x0, 0x0, 0x1, 0xf2, 0x0,
    0x0, 0x0, 0x0, 0x0, 0x0, 0x0, 0xf, 0xc6,
    0x81, 0x0, 0x0, 0x0, 0x0, 0x0, 0x0, 0x5e,
    0xea, 0x10,

    /* U+0105 "ą" */
    0x0, 0x29, 0xdf, 0xec, 0x50, 0x0, 0x2, 0xef,
    0x98, 0x9f, 0xf5, 0x0, 0xa, 0xf3, 0x0, 0x4,
    0xfa, 0x0, 0x4, 0x60, 0x0, 0x0, 0xfb, 0x0,
    0x0, 0x1, 0x46, 0x9c, 0xfb, 0x0, 0x1, 0xbf,
    0xff, 0xe9, 0xfc, 0x0, 0xc, 0xf9, 0x41, 0x0,
    0xfc, 0x0, 0x2f, 0xb0, 0x0, 0x3, 0xfc, 0x0,
    0x2f, 0xc0, 0x0, 0xb, 0xfc, 0x0, 0xc, 0xfb,
    0x78, 0xed, 0xed, 0x0, 0x1, 0x9e, 0xfd, 0x70,
    0xaf, 0x10, 0x0, 0x0, 0x0, 0x0, 0xc6, 0x0,
    0x0, 0x0, 0x0, 0x1, 0xf1, 0x0, 0x0, 0x0,
    0x0, 0x1, 0xfa, 0x63, 0x0, 0x0, 0x0, 0x0,
    0x7f, 0xe4,

    /* U+0106 "Ć" */
    0x0, 0x0, 0x0, 0x5f, 0xc0, 0x0, 0x0, 0x0,
    0x0, 0xc, 0xe2, 0x0, 0x0, 0x0, 0x0, 0x2,
    0xd4, 0x0, 0x0, 0x0, 0x0, 0x0, 0x0, 0x0,
    0x0, 0x0, 0x0, 0x3, 0xae, 0xff, 0xc6, 0x0,
    0x0, 0x8, 0xff, 0xdb, 0xcf, 0xfb, 0x0, 0x8,
    0xfd, 0x30, 0x0, 0x2c, 0xf9, 0x2, 0xfe, 0x10,
    0x0, 0x0, 0x1e, 0xf2, 0x8f, 0x80, 0x0, 0x0,
    0x0, 0x67, 0x1c, 0xf3, 0x0, 0x0, 0x0, 0x0,
    0x0, 0xef, 0x0, 0x0, 0x0, 0x0, 0x0, 0xf,
    0xf0, 0x0, 0x0, 0x0, 0x0, 0x0, 0xef, 0x0,
    0x0, 0x0, 0x0, 0x0, 0xc, 0xf3, 0x0, 0x0,
    0x0, 0x1, 0x20, 0x8f, 0x70, 0x0, 0x0, 0x0,
    0x8f, 0x72, 0xfe, 0x10, 0x0, 0x0, 0x1e, 0xf2,
    0x8, 0xfd, 0x30, 0x0, 0x2c, 0xfa, 0x0, 0xa,
    0xff, 0xdb, 0xdf, 0xfb, 0x0, 0x0, 0x4, 0xae,
    0xff, 0xc6, 0x0, 0x0,

    /* U+0107 "ć" */
    0x0, 0x0, 0xa, 0xf8, 0x0, 0x0, 0x0, 0x1f,
    0xb0, 0x0, 0x0, 0x0, 0x7d, 0x10, 0x0, 0x0,
    0x0, 0x0, 0x0, 0x0, 0x0, 0x19, 0xef, 0xd8,
    0x0, 0x1, 0xdf, 0xb8, 0xbf, 0xc0, 0x9, 0xf6,
    0x0, 0x9, 0xf5, 0xf, 0xe0, 0x0, 0x1, 0x83,
    0x2f, 0xb0, 0x0, 0x0, 0x0, 0x3f, 0x90, 0x0,
    0x0, 0x0, 0x2f, 0xb0, 0x0, 0x0, 0x0, 0xf,
    0xe0, 0x0, 0x1, 0xfa, 0x9, 0xf6, 0x0, 0x8,
    0xf6, 0x1, 0xdf, 0xa8, 0xbf, 0xc0, 0x0, 0x19,
    0xef, 0xd7, 0x0,

    /* U+0108 "Ĉ" */
    0x0, 0x0, 0xa, 0xfe, 0x20, 0x0, 0x0, 0x0,
    0x7, 0xf6, 0xdd, 0x10, 0x0, 0x0, 0x1, 0x76,
    0x2, 0x84, 0x0, 0x0, 0x0, 0x0, 0x0, 0x0,
    0x0, 0x0, 0x0, 0x3, 0xae, 0xff, 0xc6, 0x0,
    0x0, 0x8, 0xff, 0xdb, 0xcf, 0xfb, 0x0, 0x8,
    0xfd, 0x30, 0x0, 0x2c, 0xf9, 0x2, 0xfe, 0x10,
    0x0, 0x0, 0x1e, 0xf2, 0x8f, 0x80, 0x0, 0x0,
    0x0, 0x67, 0x1c, 0xf3, 0x0, 0x0, 0x0, 0x0,
    0x0, 0xef, 0x0, 0x0, 0x0, 0x0, 0x0, 0xf,
    0xf0, 0x0, 0x0, 0x0, 0x0, 0x0, 0xef, 0x0,
    0x0, 0x0, 0x0, 0x0, 0xc, 0xf3, 0x0, 0x0,
    0x0, 0x1, 0x20, 0x8f, 0x70, 0x0, 0x0, 0x0,
    0x8f, 0x72, 0xfe, 0x10, 0x0, 0x0, 0x1e, 0xf2,
    0x8, 0xfd, 0x30, 0x0, 0x2c, 0xfa, 0x0, 0xa,
    0xff, 0xdb, 0xdf, 0xfb, 0x0, 0x0, 0x4, 0xae,
    0xff, 0xc6, 0x0, 0x0,

    /* U+0109 "ĉ" */
    0x0, 0x1, 0xef, 0xa0, 0x0, 0x0, 0xb, 0xf7,
    0xf7, 0x0, 0x0, 0x4c, 0x60, 0x9c, 0x20, 0x0,
    0x0, 0x0, 0x0, 0x0, 0x0, 0x19, 0xef, 0xd8,
    0x0, 0x1, 0xdf, 0xb8, 0xbf, 0xc0, 0x9, 0xf6,
    0x0, 0x9, 0xf5, 0xf, 0xe0, 0x0, 0x1, 0x83,
    0x2f, 0xb0, 0x0, 0x0, 0x0, 0x3f, 0x90, 0x0,
    0x0, 0x0, 0x2f, 0xb0, 0x0, 0x0, 0x0, 0xf,
    0xe0, 0x0, 0x1, 0xfa, 0x9, 0xf6, 0x0, 0x8,
    0xf6, 0x1, 0xdf, 0xa8, 0xbf, 0xc0, 0x0, 0x19,
    0xef, 0xd7, 0x0,

    /* U+010A "Ċ" */
    0x0, 0x0, 0x0, 0x10, 0x0, 0x0, 0x0, 0x0,
    0x0, 0x3f, 0x90, 0x0, 0x0, 0x0, 0x0, 0x3,
    0xf9, 0x0, 0x0, 0x0, 0x0, 0x0, 0x0, 0x0,
    0x0, 0x0, 0x0, 0x3, 0xae, 0xff, 0xc6, 0x0,
    0x0, 0x8, 0xff, 0xdb, 0xcf, 0xfb, 0x0, 0x8,
    0xfd, 0x30, 0x0, 0x2c, 0xf9, 0x2, 0xfe, 0x10,
    0x0, 0x0, 0x1e, 0xf2, 0x8f, 0x80, 0x0, 0x0,
    0x0, 0x67, 0x1c, 0xf3, 0x0, 0x0, 0x0, 0x0,
    0x0, 0xef, 0x0, 0x0, 0x0, 0x0, 0x0, 0xf,
    0xf0, 0x0, 0x0, 0x0, 0x0, 0x0, 0xef, 0x0,
    0x0, 0x0, 0x0, 0x0, 0xc, 0xf3, 0x0, 0x0,
    0x0, 0x1, 0x20, 0x8f, 0x70, 0x0, 0x0, 0x0,
    0x8f, 0x72, 0xfe, 0x10, 0x0, 0x0, 0x1e, 0xf2,
    0x8, 0xfd, 0x30, 0x0, 0x2c, 0xfa, 0x0, 0xa,
    0xff, 0xdb, 0xdf, 0xfb, 0x0, 0x0, 0x4, 0xae,
    0xff, 0xc6, 0x0, 0x0,

    /* U+010B "ċ" */
    0x0, 0x0, 0x6f, 0x60, 0x0, 0x0, 0x0, 0x6f,
    0x60, 0x0, 0x0, 0x0, 0x1, 0x0, 0x0, 0x0,
    0x0, 0x0, 0x0, 0x0, 0x0, 0x19, 0xef, 0xd8,
    0x0, 0x1, 0xdf, 0xb8, 0xbf, 0xc0, 0x9, 0xf6,
    0x0, 0x9, 0xf5, 0xf, 0xe0, 0x0, 0x1, 0x83,
    0x2f, 0xb0, 0x0, 0x0, 0x0, 0x3f, 0x90, 0x0,
    0x0, 0x0, 0x2f, 0xb0, 0x0, 0x0, 0x0, 0xf,
    0xe0, 0x0, 0x1, 0xfa, 0x9, 0xf6, 0x0, 0x8,
    0xf6, 0x1, 0xdf, 0xa8, 0xbf, 0xc0, 0x0, 0x19,
    0xef, 0xd7, 0x0,

    /* U+010C "Č" */
    0x0, 0x0, 0x76, 0x2, 0x85, 0x0, 0x0, 0x0,
    0x9, 0xf4, 0xbf, 0x30, 0x0, 0x0, 0x0, 0xc,
    0xff, 0x70, 0x0, 0x0, 0x0, 0x0, 0x28, 0x70,
    0x0, 0x0, 0x0, 0x0, 0x0, 0x0, 0x0, 0x0,
    0x0, 0x0, 0x3a, 0xef, 0xfc, 0x60, 0x0, 0x0,
    0x8f, 0xfd, 0xbc, 0xff, 0xb0, 0x0, 0x8f, 0xd3,
    0x0, 0x2, 0xcf, 0x90, 0x2f, 0xe1, 0x0, 0x0,
    0x1, 0xef, 0x28, 0xf8, 0x0, 0x0, 0x0, 0x6,
    0x71, 0xcf, 0x30, 0x0, 0x0, 0x0, 0x0, 0xe,
    0xf0, 0x0, 0x0, 0x0, 0x0, 0x0, 0xff, 0x0,
    0x0, 0x0, 0x0, 0x0, 0xe, 0xf0, 0x0, 0x0,
    0x0, 0x0, 0x0, 0xcf, 0x30, 0x0, 0x0, 0x0,
    0x12, 0x8, 0xf7, 0x0, 0x0, 0x0, 0x8, 0xf7,
    0x2f, 0xe1, 0x0, 0x0, 0x1, 0xef, 0x20, 0x8f,
    0xd3, 0x0, 0x2, 0xcf, 0xa0, 0x0, 0xaf, 0xfd,
    0xbd, 0xff, 0xb0, 0x0, 0x0, 0x4a, 0xef, 0xfc,
    0x60, 0x0,

    /* U+010D "č" */
    0x0, 0x4f, 0xa0, 0xcf, 0x20, 0x0, 0x7, 0xfb,
    0xf6, 0x0, 0x0, 0x0, 0x9c, 0x80, 0x0, 0x0,
    0x0, 0x0, 0x0, 0x0, 0x0, 0x19, 0xef, 0xd8,
    0x0, 0x1, 0xdf, 0xb8, 0xbf, 0xc0, 0x9, 0xf6,
    0x0, 0x9, 0xf5, 0xf, 0xe0, 0x0, 0x1, 0x83,
    0x2f, 0xb0, 0x0, 0x0, 0x0, 0x3f, 0x90, 0x0,
    0x0, 0x0, 0x2f, 0xb0, 0x0, 0x0, 0x0, 0xf,
    0xe0, 0x0, 0x1, 0xfa, 0x9, 0xf6, 0x0, 0x8,
    0xf6, 0x1, 0xdf, 0xa8, 0xbf, 0xc0, 0x0, 0x19,
    0xef, 0xd7, 0x0,

    /* U+010E "Ď" */
    0x0, 0xd, 0xf1, 0x6f, 0x90, 0x0, 0x0, 0x0,
    0x2f, 0xae, 0xd0, 0x0, 0x0, 0x0, 0x0, 0x6f,
    0xf3, 0x0, 0x0, 0x0, 0x0, 0x0, 0x0, 0x0,
    0x0, 0x0, 0x6f, 0xff, 0xff, 0xfe, 0xa3, 0x0,
    0x6, 0xfe, 0xcc, 0xcc, 0xef, 0xf6, 0x0, 0x6f,
    0x80, 0x0, 0x0, 0x6f, 0xf2, 0x6, 0xf8, 0x0,
    0x0, 0x0, 0x6f, 0xb0, 0x6f, 0x80, 0x0, 0x0,
    0x0, 0xef, 0x16, 0xf8, 0x0, 0x0, 0x0, 0xb,
    0xf4, 0x6f, 0x80, 0x0, 0x0, 0x0, 0x9f, 0x66,
    0xf8, 0x0, 0x0, 0x0, 0x8, 0xf6, 0x6f, 0x80,
    0x0, 0x0, 0x0, 0x9f, 0x56, 0xf8, 0x0, 0x0,
    0x0, 0xb, 0xf3, 0x6f, 0x80, 0x0, 0x0, 0x0,
    0xff, 0x6, 0xf8, 0x0, 0x0, 0x0, 0x7f, 0xa0,
    0x6f, 0x80, 0x0, 0x0, 0x6f, 0xf2, 0x6, 0xfe,
    0xcc, 0xcd, 0xff, 0xf5, 0x0, 0x6f, 0xff, 0xff,
    0xfd, 0x92, 0x0, 0x0,

    /* U+010F "ď" */
    0x0, 0x0, 0x0, 0x0, 0xfb, 0x6f, 0x80, 0x0,
    0x0, 0x0, 0xf, 0xb6, 0xf7, 0x0, 0x0, 0x0,
    0x0, 0xfb, 0x9, 0x70, 0x0, 0x0, 0x0, 0xf,
    0xb0, 0xc3, 0x0, 0x2a, 0xef, 0xb2, 0xfb, 0x58,
    0x0, 0x2e, 0xfa, 0x8c, 0xef, 0xb0, 0x0, 0xa,
    0xf5, 0x0, 0xb, 0xfb, 0x0, 0x0, 0xfd, 0x0,
    0x0, 0x4f, 0xb0, 0x0, 0x3f, 0x90, 0x0, 0x0,
    0xfb, 0x0, 0x4, 0xf8, 0x0, 0x0, 0xe, 0xb0,
    0x0, 0x3f, 0x90, 0x0, 0x0, 0xfb, 0x0, 0x0,
    0xfd, 0x0, 0x0, 0x3f, 0xb0, 0x0, 0x9, 0xf6,
    0x0, 0xb, 0xfb, 0x0, 0x0, 0x1d, 0xfb, 0x8d,
    0xdf, 0xb0, 0x0, 0x0, 0x19, 0xef, 0xb2, 0xeb,
    0x0, 0x0,

    /* U+0110 "Đ" */
    0x0, 0x6f, 0xff, 0xff, 0xfe, 0xa3, 0x0, 0x0,
    0x6, 0xfe, 0xcc, 0xcc, 0xef, 0xf6, 0x0, 0x0,
    0x6f, 0x80, 0x0, 0x0, 0x6f, 0xf2, 0x0, 0x6,
    0xf8, 0x0, 0x0, 0x0, 0x6f, 0xb0, 0x0, 0x6f,
    0x80, 0x0, 0x0, 0x0, 0xef, 0x10, 0x6, 0xf8,
    0x0, 0x0, 0x0, 0xb, 0xf4, 0x1, 0x6f, 0x81,
    0x11, 0x0, 0x0, 0x9f, 0x60, 0xff, 0xff, 0xff,
    0xf6, 0x0, 0x8, 0xf6, 0x4, 0x8f, 0xa4, 0x44,
    0x10, 0x0, 0x9f, 0x50, 0x6, 0xf8, 0x0, 0x0,
    0x0, 0xb, 0xf3, 0x0, 0x6f, 0x80, 0x0, 0x0,
    0x0, 0xff, 0x0, 0x6, 0xf8, 0x0, 0x0, 0x0,
    0x7f, 0xa0, 0x0, 0x6f, 0x80, 0x0, 0x0, 0x6f,
    0xf2, 0x0, 0x6, 0xfe, 0xcc, 0xcd, 0xff, 0xf5,
    0x0, 0x0, 0x6f, 0xff, 0xff, 0xfd, 0x92, 0x0,
    0x0,

    /* U+0111 "đ" */
    0x0, 0x0, 0x0, 0x0, 0xfb, 0x0, 0x0, 0x0,
    0x1f, 0xff, 0xff, 0xf0, 0x0, 0x0, 0x8, 0x88,
    0xfd, 0x80, 0x0, 0x0, 0x0, 0x0, 0xfb, 0x0,
    0x0, 0x2a, 0xef, 0xb2, 0xfb, 0x0, 0x2, 0xef,
    0xa8, 0xce, 0xfb, 0x0, 0xa, 0xf5, 0x0, 0xb,
    0xfb, 0x0, 0xf, 0xd0, 0x0, 0x4, 0xfb, 0x0,
    0x3f, 0x90, 0x0, 0x0, 0xfb, 0x0, 0x4f, 0x80,
    0x0, 0x0, 0xeb, 0x0, 0x3f, 0x90, 0x0, 0x0,
    0xfb, 0x0, 0xf, 0xd0, 0x0, 0x3, 0xfb, 0x0,
    0x9, 0xf6, 0x0, 0xb, 0xfb, 0x0, 0x1, 0xdf,
    0xb8, 0xdd, 0xfb, 0x0, 0x0, 0x19, 0xef, 0xb2,
    0xeb, 0x0,

    /* U+0112 "Ē" */
    0x0, 0x5f, 0xff, 0xff, 0xb0, 0x0, 0x0, 0x28,
    0x88, 0x88, 0x60, 0x0, 0x0, 0x0, 0x0, 0x0,
    0x0, 0x0, 0x6f, 0xff, 0xff, 0xff, 0xff, 0xf0,
    0x6f, 0xec, 0xcc, 0xcc, 0xcc, 0xb0, 0x6f, 0x70,
    0x0, 0x0, 0x0, 0x0, 0x6f, 0x70, 0x0, 0x0,
    0x0, 0x0, 0x6f, 0x70, 0x0, 0x0, 0x0, 0x0,
    0x6f, 0x70, 0x0, 0x0, 0x0, 0x0, 0x6f, 0xec,
    0xcc, 0xcc, 0xcc, 0x40, 0x6f, 0xff, 0xff, 0xff,
    0xff, 0x60, 0x6f, 0x70, 0x0, 0x0, 0x0, 0x0,
    0x6f, 0x70, 0x0, 0x0, 0x0, 0x0, 0x6f, 0x70,
    0x0, 0x0, 0x0, 0x0, 0x6f, 0x70, 0x0, 0x0,
    0x0, 0x0, 0x6f, 0x70, 0x0, 0x0, 0x0, 0x0,
    0x6f, 0xec, 0xcc, 0xcc, 0xcc, 0xc3, 0x6f, 0xff,
    0xff, 0xff, 0xff, 0xf4,

    /* U+0113 "ē" */
    0x0, 0x4f, 0xff, 0xff, 0xc0, 0x0, 0x2, 0x88,
    0x88, 0x86, 0x0, 0x0, 0x0, 0x0, 0x0, 0x0,
    0x0, 0x0, 0x0, 0x0, 0x0, 0x0, 0x0, 0x8,
    0xdf, 0xe9, 0x10, 0x0, 0xd, 0xfc, 0x8a, 0xfe,
    0x10, 0x8, 0xf8, 0x0, 0x4, 0xfb, 0x0, 0xee,
    0x0, 0x0, 0xb, 0xf1, 0x2f, 0xd8, 0x88, 0x88,
    0xcf, 0x43, 0xff, 0xff, 0xff, 0xff, 0xf5, 0x2f,
    0xa0, 0x0, 0x0, 0x0, 0x0, 0xfe, 0x0, 0x0,
    0x6, 0x71, 0x9, 0xf8, 0x0, 0x3, 0xfe, 0x0,
    0x1d, 0xfc, 0x8a, 0xff, 0x40, 0x0, 0x18, 0xdf,
    0xea, 0x30, 0x0,

    /* U+0114 "Ĕ" */
    0x0, 0x7, 0x10, 0x4, 0x50, 0x0, 0x0, 0xc,
    0xa1, 0x2e, 0x70, 0x0, 0x0, 0x2, 0xdf, 0xfa,
    0x0, 0x0, 0x0, 0x0, 0x2, 0x10, 0x0, 0x0,
    0x6f, 0xff, 0xff, 0xff, 0xff, 0xf0, 0x6f, 0xec,
    0xcc, 0xcc, 0xcc, 0xb0, 0x6f, 0x70, 0x0, 0x0,
    0x0, 0x0, 0x6f, 0x70, 0x0, 0x0, 0x0, 0x0,
    0x6f, 0x70, 0x0, 0x0, 0x0, 0x0, 0x6f, 0x70,
    0x0, 0x0, 0x0, 0x0, 0x6f, 0xec, 0xcc, 0xcc,
    0xcc, 0x40, 0x6f, 0xff, 0xff, 0xff, 0xff, 0x60,
    0x6f, 0x70, 0x0, 0x0, 0x0, 0x0, 0x6f, 0x70,
    0x0, 0x0, 0x0, 0x0, 0x6f, 0x70, 0x0, 0x0,
    0x0, 0x0, 0x6f, 0x70, 0x0, 0x0, 0x0, 0x0,
    0x6f, 0x70, 0x0, 0x0, 0x0, 0x0, 0x6f, 0xec,
    0xcc, 0xcc, 0xcc, 0xc3, 0x6f, 0xff, 0xff, 0xff,
    0xff, 0xf4,

    /* U+0115 "ĕ" */
    0x0, 0xf, 0x60, 0x2d, 0x70, 0x0, 0x0, 0x5f,
    0xff, 0xb0, 0x0, 0x0, 0x0, 0x2, 0x10, 0x0,
    0x0, 0x0, 0x0, 0x0, 0x0, 0x0, 0x0, 0x8,
    0xdf, 0xe9, 0x10, 0x0, 0xd, 0xfc, 0x8a, 0xfe,
    0x10, 0x8, 0xf8, 0x0, 0x4, 0xfb, 0x0, 0xee,
    0x0, 0x0, 0xb, 0xf1, 0x2f, 0xd8, 0x88, 0x88,
    0xcf, 0x43, 0xff, 0xff, 0xff, 0xff, 0xf5, 0x2f,
    0xa0, 0x0, 0x0, 0x0, 0x0, 0xfe, 0x0, 0x0,
    0x6, 0x71, 0x9, 0xf8, 0x0, 0x3, 0xfe, 0x0,
    0x1d, 0xfc, 0x8a, 0xff, 0x40, 0x0, 0x18, 0xdf,
    0xea, 0x30, 0x0,

    /* U+0116 "Ė" */
    0x0, 0x0, 0x1, 0x0, 0x0, 0x0, 0x0, 0x0,
    0x1f, 0xb0, 0x0, 0x0, 0x0, 0x0, 0x1f, 0xb0,
    0x0, 0x0, 0x0, 0x0, 0x0, 0x0, 0x0, 0x0,
    0x6f, 0xff, 0xff, 0xff, 0xff, 0xf0, 0x6f, 0xec,
    0xcc, 0xcc, 0xcc, 0xb0, 0x6f, 0x70, 0x0, 0x0,
    0x0, 0x0, 0x6f, 0x70, 0x0, 0x0, 0x0, 0x0,
    0x6f, 0x70, 0x0, 0x0, 0x0, 0x0, 0x6f, 0x70,
    0x0, 0x0, 0x0, 0x0, 0x6f, 0xec, 0xcc, 0xcc,
    0xcc, 0x40, 0x6f, 0xff, 0xff, 0xff, 0xff, 0x60,
    0x6f, 0x70, 0x0, 0x0, 0x0, 0x0, 0x6f, 0x70,
    0x0, 0x0, 0x0, 0x0, 0x6f, 0x70, 0x0, 0x0,
    0x0, 0x0, 0x6f, 0x70, 0x0, 0x0, 0x0, 0x0,
    0x6f, 0x70, 0x0, 0x0, 0x0, 0x0, 0x6f, 0xec,
    0xcc, 0xcc, 0xcc, 0xc3, 0x6f, 0xff, 0xff, 0xff,
    0xff, 0xf4,

    /* U+0117 "ė" */
    0x0, 0x0, 0x6f, 0x60, 0x0, 0x0, 0x0, 0x6,
    0xf6, 0x0, 0x0, 0x0, 0x0, 0x1, 0x0, 0x0,
    0x0, 0x0, 0x0, 0x0, 0x0, 0x0, 0x0, 0x8,
    0xdf, 0xe9, 0x10, 0x0, 0xd, 0xfc, 0x8a, 0xfe,
    0x10, 0x8, 0xf8, 0x0, 0x4, 0xfb, 0x0, 0xee,
    0x0, 0x0, 0xb, 0xf1, 0x2f, 0xd8, 0x88, 0x88,
    0xcf, 0x43, 0xff, 0xff, 0xff, 0xff, 0xf5, 0x2f,
    0xa0, 0x0, 0x0, 0x0, 0x0, 0xfe, 0x0, 0x0,
    0x6, 0x71, 0x9, 0xf8, 0x0, 0x3, 0xfe, 0x0,
    0x1d, 0xfc, 0x8a, 0xff, 0x40, 0x0, 0x18, 0xdf,
    0xea, 0x30, 0x0,

    /* U+0118 "Ę" */
    0x6f, 0xff, 0xff, 0xff, 0xff, 0xf0, 0x6f, 0xec,
    0xcc, 0xcc, 0xcc, 0xb0, 0x6f, 0x70, 0x0, 0x0,
    0x0, 0x0, 0x6f, 0x70, 0x0, 0x0, 0x0, 0x0,
    0x6f, 0x70, 0x0, 0x0, 0x0, 0x0, 0x6f, 0x70,
    0x0, 0x0, 0x0, 0x0, 0x6f, 0xec, 0xcc, 0xcc,
    0xcc, 0x40, 0x6f, 0xff, 0xff, 0xff, 0xff, 0x60,
    0x6f, 0x70, 0x0, 0x0, 0x0, 0x0, 0x6f, 0x70,
    0x0, 0x0, 0x0, 0x0, 0x6f, 0x70, 0x0, 0x0,
    0x0, 0x0, 0x6f, 0x70, 0x0, 0x0, 0x0, 0x0,
    0x6f, 0x70, 0x0, 0x0, 0x0, 0x0, 0x6f, 0xec,
    0xcc, 0xcc, 0xcc, 0xc3, 0x6f, 0xff, 0xff, 0xff,
    0xff, 0xf4, 0x0, 0x0, 0x0, 0x2, 0xf0, 0x0,
    0x0, 0x0, 0x0, 0x5, 0xe0, 0x0, 0x0, 0x0,
    0x0, 0x4, 0xf9, 0x68, 0x0, 0x0, 0x0, 0x0,
    0x9f, 0xe8,

    /* U+0119 "ę" */
    0x0, 0x8, 0xdf, 0xe9, 0x10, 0x0, 0xc, 0xfc,
    0x8a, 0xfe, 0x10, 0x8, 0xf8, 0x0, 0x4, 0xfb,
    0x0, 0xee, 0x0, 0x0, 0xb, 0xf1, 0x2f, 0xd8,
    0x88, 0x88, 0xcf, 0x43, 0xff, 0xff, 0xff, 0xff,
    0xf5, 0x2f, 0xa0, 0x0, 0x0, 0x0, 0x0, 0xfe,
    0x0, 0x0, 0x5, 0x61, 0xa, 0xf7, 0x0, 0x2,
    0xfe, 0x0, 0x1e, 0xfb, 0x68, 0xef, 0x60, 0x0,
    0x1a, 0xff, 0xfc, 0x50, 0x0, 0x0, 0x1, 0xf0,
    0x0, 0x0, 0x0, 0x0, 0x4f, 0x0, 0x0, 0x0,
    0x0, 0x2, 0xfa, 0x69, 0x0, 0x0, 0x0, 0x8,
    0xfe, 0x90, 0x0,

    /* U+011A "Ě" */
    0x0, 0x1e, 0xe0, 0x7f, 0x70, 0x0, 0x0, 0x4,
    0xfa, 0xfb, 0x0, 0x0, 0x0, 0x0, 0x8f, 0xe1,
    0x0, 0x0, 0x0, 0x0, 0x0, 0x0, 0x0, 0x0,
    0x6f, 0xff, 0xff, 0xff, 0xff, 0xf0, 0x6f, 0xec,
    0xcc, 0xcc, 0xcc, 0xb0, 0x6f, 0x70, 0x0, 0x0,
    0x0, 0x0, 0x6f, 0x70, 0x0, 0x0, 0x0, 0x0,
    0x6f, 0x70, 0x0, 0x0, 0x0, 0x0, 0x6f, 0x70,
    0x0, 0x0, 0x0, 0x0, 0x6f, 0xec, 0xcc, 0xcc,
    0xcc, 0x40, 0x6f, 0xff, 0xff, 0xff, 0xff, 0x60,
    0x6f, 0x70, 0x0, 0x0, 0x0, 0x0, 0x6f, 0x70,
    0x0, 0x0, 0x0, 0x0, 0x6f, 0x70, 0x0, 0x0,
    0x0, 0x0, 0x6f, 0x70, 0x0, 0x0, 0x0, 0x0,
    0x6f, 0x70, 0x0, 0x0, 0x0, 0x0, 0x6f, 0xec,
    0xcc, 0xcc, 0xcc, 0xc3, 0x6f, 0xff, 0xff, 0xff,
    0xff, 0xf4,

    /* U+011B "ě" */
    0x0, 0x2f, 0xc0, 0xaf, 0x40, 0x0, 0x0, 0x5f,
    0xbf, 0x70, 0x0, 0x0, 0x0, 0x7c, 0x90, 0x0,
    0x0, 0x0, 0x0, 0x0, 0x0, 0x0, 0x0, 0x8,
    0xdf, 0xe9, 0x10, 0x0, 0xd, 0xfc, 0x8a, 0xfe,
    0x10, 0x8, 0xf8, 0x0, 0x4, 0xfb, 0x0, 0xee,
    0x0, 0x0, 0xb, 0xf1, 0x2f, 0xd8, 0x88, 0x88,
    0xcf, 0x43, 0xff, 0xff, 0xff, 0xff, 0xf5, 0x2f,
    0xa0, 0x0, 0x0, 0x0, 0x0, 0xfe, 0x0, 0x0,
    0x6, 0x71, 0x9, 0xf8, 0x0, 0x3, 0xfe, 0x0,
    0x1d, 0xfc, 0x8a, 0xff, 0x40, 0x0, 0x18, 0xdf,
    0xea, 0x30, 0x0,

    /* U+011C "Ĝ" */
    0x0, 0x0, 0x4, 0xff, 0x70, 0x0, 0x0, 0x0,
    0x0, 0x2f, 0xc7, 0xf5, 0x0, 0x0, 0x0, 0x0,
    0x58, 0x10, 0x77, 0x0, 0x0, 0x0, 0x0, 0x0,
    0x0, 0x0, 0x0, 0x0, 0x0, 0x1, 0x8c, 0xef,
    0xea, 0x40, 0x0, 0x0, 0x5f, 0xfe, 0xbb, 0xdf,
    0xf8, 0x0, 0x5, 0xfe, 0x50, 0x0, 0x4, 0xef,
    0x50, 0x1e, 0xf3, 0x0, 0x0, 0x0, 0x3f, 0xd0,
    0x6f, 0x90, 0x0, 0x0, 0x0, 0x8, 0x60, 0xbf,
    0x30, 0x0, 0x0, 0x0, 0x0, 0x0, 0xdf, 0x10,
    0x0, 0x0, 0x0, 0x0, 0x0, 0xff, 0x0, 0x0,
    0x9, 0xcc, 0xcc, 0xc3, 0xef, 0x10, 0x0, 0xc,
    0xff, 0xff, 0xf4, 0xcf, 0x40, 0x0, 0x0, 0x0,
    0x9, 0xf4, 0x7f, 0x90, 0x0, 0x0, 0x0, 0x9,
    0xf4, 0x1f, 0xf4, 0x0, 0x0, 0x0, 0x9, 0xf4,
    0x5, 0xff, 0x71, 0x0, 0x3, 0xaf, 0xf3, 0x0,
    0x5f, 0xff, 0xdc, 0xef, 0xfd, 0x40, 0x0, 0x1,
    0x8c, 0xef, 0xeb, 0x60, 0x0,

    /* U+011D "ĝ" */
    0x0, 0x3, 0xff, 0x70, 0x0, 0x0, 0x1e, 0xe9,
    0xf4, 0x0, 0x0, 0x7c, 0x40, 0xba, 0x0, 0x0,
    0x0, 0x0, 0x0, 0x0, 0x0, 0x2a, 0xef, 0xb2,
    0xcd, 0x1, 0xef, 0xa8, 0xcf, 0xed, 0xa, 0xf5,
    0x0, 0xb, 0xfd, 0xf, 0xd0, 0x0, 0x2, 0xfd,
    0x3f, 0x90, 0x0, 0x0, 0xed, 0x4f, 0x80, 0x0,
    0x0, 0xdd, 0x3f, 0x80, 0x0, 0x0, 0xed, 0xf,
    0xc0, 0x0, 0x1, 0xfd, 0xa, 0xf5, 0x0, 0xa,
    0xfd, 0x1, 0xef, 0xa8, 0xde, 0xfd, 0x0, 0x1a,
    0xef, 0xb2, 0xfc, 0x2, 0x0, 0x0, 0x1, 0xfa,
    0xe, 0xe0, 0x0, 0x8, 0xf6, 0x7, 0xfd, 0x88,
    0xbf, 0xc0, 0x0, 0x5c, 0xef, 0xd8, 0x0,

    /* U+011E "Ğ" */
    0x0, 0x0, 0x8d, 0x20, 0x7f, 0x0, 0x0, 0x0,
    0x0, 0xb, 0xff, 0xf5, 0x0, 0x0, 0x0, 0x0,
    0x0, 0x12, 0x0, 0x0, 0x0, 0x0, 0x0, 0x0,
    0x0, 0x0, 0x0, 0x0, 0x0, 0x1, 0x8c, 0xef,
    0xea, 0x40, 0x0, 0x0, 0x5f, 0xfe, 0xbb, 0xdf,
    0xf8, 0x0, 0x5, 0xfe, 0x50, 0x0, 0x4, 0xef,
    0x50, 0x1e, 0xf3, 0x0, 0x0, 0x0, 0x3f, 0xd0,
    0x6f, 0x90, 0x0, 0x0, 0x0, 0x8, 0x60, 0xbf,
    0x30, 0x0, 0x0, 0x0, 0x0, 0x0, 0xdf, 0x10,
    0x0, 0x0, 0x0, 0x0, 0x0, 0xff, 0x0, 0x0,
    0x9, 0xcc, 0xcc, 0xc3, 0xef, 0x10, 0x0, 0xc,
    0xff, 0xff, 0xf4, 0xcf, 0x40, 0x0, 0x0, 0x0,
    0x9, 0xf4, 0x7f, 0x90, 0x0, 0x0, 0x0, 0x9,
    0xf4, 0x1f, 0xf4, 0x0, 0x0, 0x0, 0x9, 0xf4,
    0x5, 0xff, 0x71, 0x0, 0x3, 0xaf, 0xf3, 0x0,
    0x5f, 0xff, 0xdc, 0xef, 0xfd, 0x40, 0x0, 0x1,
    0x8c, 0xef, 0xeb, 0x60, 0x0,

    /* U+011F "ğ" */
    0x0, 0x8d, 0x20, 0x7f, 0x0, 0x0, 0xb, 0xff,
    0xe5, 0x0, 0x0, 0x0, 0x12, 0x0, 0x0, 0x0,
    0x0, 0x0, 0x0, 0x0, 0x0, 0x2a, 0xef, 0xb2,
    0xcd, 0x1, 0xef, 0xa8, 0xcf, 0xed, 0xa, 0xf5,
    0x0, 0xb, 0xfd, 0xf, 0xd0, 0x0, 0x2, 0xfd,
    0x3f, 0x90, 0x0, 0x0, 0xed, 0x4f, 0x80, 0x0,
    0x0, 0xdd, 0x3f, 0x80, 0x0, 0x0, 0xed, 0xf,
    0xc0, 0x0, 0x1, 0xfd, 0xa, 0xf5, 0x0, 0xa,
    0xfd, 0x1, 0xef, 0xa8, 0xde, 0xfd, 0x0, 0x1a,
    0xef, 0xb2, 0xfc, 0x2, 0x0, 0x0, 0x1, 0xfa,
    0xe, 0xe0, 0x0, 0x8, 0xf6, 0x7, 0xfd, 0x88,
    0xbf, 0xc0, 0x0, 0x5c, 0xef, 0xd8, 0x0,

    /* U+0120 "Ġ" */
    0x0, 0x0, 0x0, 0x11, 0x0, 0x0, 0x0, 0x0,
    0x0, 0x0, 0xdf, 0x0, 0x0, 0x0, 0x0, 0x0,
    0x0, 0xdf, 0x0, 0x0, 0x0, 0x0, 0x0, 0x0,
    0x0, 0x0, 0x0, 0x0, 0x0, 0x1, 0x8c, 0xef,
    0xea, 0x40, 0x0, 0x0, 0x5f, 0xfe, 0xbb, 0xdf,
    0xf8, 0x0, 0x5, 0xfe, 0x50, 0x0, 0x4, 0xef,
    0x50, 0x1e, 0xf3, 0x0, 0x0, 0x0, 0x3f, 0xd0,
    0x6f, 0x90, 0x0, 0x0, 0x0, 0x8, 0x60, 0xbf,
    0x30, 0x0, 0x0, 0x0, 0x0, 0x0, 0xdf, 0x10,
    0x0, 0x0, 0x0, 0x0, 0x0, 0xff, 0x0, 0x0,
    0x9, 0xcc, 0xcc, 0xc3, 0xef, 0x10, 0x0, 0xc,
    0xff, 0xff, 0xf4, 0xcf, 0x40, 0x0, 0x0, 0x0,
    0x9, 0xf4, 0x7f, 0x90, 0x0, 0x0, 0x0, 0x9,
    0xf4, 0x1f, 0xf4, 0x0, 0x0, 0x0, 0x9, 0xf4,
    0x5, 0xff, 0x71, 0x0, 0x3, 0xaf, 0xf3, 0x0,
    0x5f, 0xff, 0xdc, 0xef, 0xfd, 0x40, 0x0, 0x1,
    0x8c, 0xef, 0xeb, 0x60, 0x0,

    /* U+0121 "ġ" */
    0x0, 0x0, 0xaf, 0x20, 0x0, 0x0, 0x0, 0xaf,
    0x20, 0x0, 0x0, 0x0, 0x1, 0x0, 0x0, 0x0,
    0x0, 0x0, 0x0, 0x0, 0x0, 0x2a, 0xef, 0xb2,
    0xcd, 0x1, 0xef, 0xa8, 0xcf, 0xed, 0xa, 0xf5,
    0x0, 0xb, 0xfd, 0xf, 0xd0, 0x0, 0x2, 0xfd,
    0x3f, 0x90, 0x0, 0x0, 0xed, 0x4f, 0x80, 0x0,
    0x0, 0xdd, 0x3f, 0x80, 0x0, 0x0, 0xed, 0xf,
    0xc0, 0x0, 0x1, 0xfd, 0xa, 0xf5, 0x0, 0xa,
    0xfd, 0x1, 0xef, 0xa8, 0xde, 0xfd, 0x0, 0x1a,
    0xef, 0xb2, 0xfc, 0x2, 0x0, 0x0, 0x1, 0xfa,
    0xe, 0xe0, 0x0, 0x8, 0xf6, 0x7, 0xfd, 0x88,
    0xbf, 0xc0, 0x0, 0x5c, 0xef, 0xd8, 0x0,

    /* U+0122 "Ģ" */
    0x0, 0x1, 0x8c, 0xef, 0xea, 0x40, 0x0, 0x0,
    0x5f, 0xfe, 0xbb, 0xdf, 0xf8, 0x0, 0x5, 0xfe,
    0x50, 0x0, 0x4, 0xef, 0x50, 0x1e, 0xf3, 0x0,
    0x0, 0x0, 0x3f, 0xd0, 0x6f, 0x90, 0x0, 0x0,
    0x0, 0x8, 0x60, 0xbf, 0x30, 0x0, 0x0, 0x0,
    0x0, 0x0, 0xdf, 0x10, 0x0, 0x0, 0x0, 0x0,
    0x0, 0xff, 0x0, 0x0, 0x9, 0xcc, 0xcc, 0xc3,
    0xef, 0x10, 0x0, 0xc, 0xff, 0xff, 0xf4, 0xcf,
    0x40, 0x0, 0x0, 0x0, 0x9, 0xf4, 0x7f, 0x90,
    0x0, 0x0, 0x0, 0x9, 0xf4, 0x1f, 0xf4, 0x0,
    0x0, 0x0, 0x9, 0xf4, 0x5, 0xff, 0x71, 0x0,
    0x3, 0xaf, 0xf3, 0x0, 0x5f, 0xff, 0xdc, 0xef,
    0xfd, 0x40, 0x0, 0x1, 0x8c, 0xef, 0xeb, 0x60,
    0x0, 0x0, 0x0, 0x0, 0x0, 0x0, 0x0, 0x0,
    0x0, 0x0, 0x0, 0x8f, 0x60, 0x0, 0x0, 0x0,
    0x0, 0x0, 0x4d, 0x50, 0x0, 0x0, 0x0, 0x0,
    0x0, 0x4d, 0x0, 0x0, 0x0, 0x0, 0x0, 0x0,
    0x21, 0x0, 0x0, 0x0,

    /* U+0123 "ģ" */
    0x0, 0x0, 0x2, 0x0, 0x0, 0x0, 0x0, 0x3d,
    0x10, 0x0, 0x0, 0x0, 0x9c, 0x20, 0x0, 0x0,
    0x0, 0xaf, 0x30, 0x0, 0x0, 0x0, 0x0, 0x0,
    0x0, 0x0, 0x0, 0x0, 0x0, 0x0, 0x0, 0x2a,
    0xef, 0xb2, 0xcd, 0x1, 0xef, 0xa8, 0xcf, 0xed,
    0xa, 0xf5, 0x0, 0xb, 0xfd, 0xf, 0xd0, 0x0,
    0x2, 0xfd, 0x3f, 0x90, 0x0, 0x0, 0xed, 0x4f,
    0x80, 0x0, 0x0, 0xdd, 0x3f, 0x80, 0x0, 0x0,
    0xed, 0xf, 0xc0, 0x0, 0x1, 0xfd, 0xa, 0xf5,
    0x0, 0xa, 0xfd, 0x1, 0xef, 0xa8, 0xde, 0xfd,
    0x0, 0x1a, 0xef, 0xb2, 0xfc, 0x2, 0x0, 0x0,
    0x1, 0xfa, 0xe, 0xe0, 0x0, 0x8, 0xf6, 0x7,
    0xfd, 0x88, 0xbf, 0xc0, 0x0, 0x5c, 0xef, 0xd8,
    0x0,

    /* U+0124 "Ĥ" */
    0x0, 0x0, 0x3f, 0xf6, 0x0, 0x0, 0x0, 0x0,
    0xde, 0xaf, 0x20, 0x0, 0x0, 0x9, 0xf5, 0x1f,
    0xd0, 0x0, 0x0, 0x0, 0x0, 0x0, 0x0, 0x0,
    0x6f, 0x80, 0x0, 0x0, 0x1, 0xfd, 0x6f, 0x80,
    0x0, 0x0, 0x1, 0xfd, 0x6f, 0x80, 0x0, 0x0,
    0x1, 0xfd, 0x6f, 0x80, 0x0, 0x0, 0x1, 0xfd,
    0x6f, 0x80, 0x0, 0x0, 0x1, 0xfd, 0x6f, 0x80,
    0x0, 0x0, 0x1, 0xfd, 0x6f, 0xec, 0xcc, 0xcc,
    0xcc, 0xfd, 0x6f, 0xff, 0xff, 0xff, 0xff, 0xfd,
    0x6f, 0x80, 0x0, 0x0, 0x1, 0xfd, 0x6f, 0x80,
    0x0, 0x0, 0x1, 0xfd, 0x6f, 0x80, 0x0, 0x0,
    0x1, 0xfd, 0x6f, 0x80, 0x0, 0x0, 0x1, 0xfd,
    0x6f, 0x80, 0x0, 0x0, 0x1, 0xfd, 0x6f, 0x80,
    0x0, 0x0, 0x1, 0xfd, 0x6f, 0x80, 0x0, 0x0,
    0x1, 0xfd,

    /* U+0125 "ĥ" */
    0x0, 0x7, 0xff, 0x20, 0x0, 0x3, 0xfb, 0xec,
    0x0, 0x0, 0xdf, 0x15, 0xf8, 0x0, 0x0, 0x0,
    0x0, 0x0, 0xaf, 0x10, 0x0, 0x0, 0xa, 0xf1,
    0x0, 0x0, 0x0, 0xaf, 0x10, 0x0, 0x0, 0xa,
    0xf1, 0x0, 0x0, 0x0, 0xaf, 0x29, 0xef, 0xc5,
    0xa, 0xfe, 0xea, 0xbf, 0xf4, 0xaf, 0xc1, 0x0,
    0x6f, 0xaa, 0xf4, 0x0, 0x0, 0xfc, 0xaf, 0x20,
    0x0, 0xf, 0xca, 0xf1, 0x0, 0x0, 0xfd, 0xaf,
    0x10, 0x0, 0xf, 0xda, 0xf1, 0x0, 0x0, 0xfd,
    0xaf, 0x10, 0x0, 0xf, 0xda, 0xf1, 0x0, 0x0,
    0xfd, 0xaf, 0x10, 0x0, 0xf, 0xd0,

    /* U+0126 "Ħ" */
    0x0, 0x6f, 0x80, 0x0, 0x0, 0x1, 0xfd, 0x0,
    0x0, 0x6f, 0x80, 0x0, 0x0, 0x1, 0xfd, 0x0,
    0x1, 0x6f, 0x81, 0x11, 0x11, 0x11, 0xfd, 0x10,
    0xf, 0xff, 0xff, 0xff, 0xff, 0xff, 0xff, 0xf7,
    0x4, 0x8f, 0xa4, 0x44, 0x44, 0x44, 0xfe, 0x41,
    0x0, 0x6f, 0x80, 0x0, 0x0, 0x1, 0xfd, 0x0,
    0x0, 0x6f, 0xec, 0xcc, 0xcc, 0xcc, 0xfd, 0x0,
    0x0, 0x6f, 0xff, 0xff, 0xff, 0xff, 0xfd, 0x0,
    0x0, 0x6f, 0x80, 0x0, 0x0, 0x1, 0xfd, 0x0,
    0x0, 0x6f, 0x80, 0x0, 0x0, 0x1, 0xfd, 0x0,
    0x0, 0x6f, 0x80, 0x0, 0x0, 0x1, 0xfd, 0x0,
    0x0, 0x6f, 0x80, 0x0, 0x0, 0x1, 0xfd, 0x0,
    0x0, 0x6f, 0x80, 0x0, 0x0, 0x1, 0xfd, 0x0,
    0x0, 0x6f, 0x80, 0x0, 0x0, 0x1, 0xfd, 0x0,
    0x0, 0x6f, 0x80, 0x0, 0x0, 0x1, 0xfd, 0x0,

    /* U+0127 "ħ" */
    0xa, 0xf1, 0x0, 0x0, 0x0, 0x7d, 0xf8, 0x88,
    0x30, 0x0, 0xff, 0xff, 0xff, 0x60, 0x0, 0xa,
    0xf1, 0x0, 0x0, 0x0, 0xa, 0xf2, 0x9e, 0xfc,
    0x50, 0xa, 0xfe, 0xea, 0xaf, 0xf4, 0xa, 0xfc,
    0x10, 0x6, 0xfa, 0xa, 0xf4, 0x0, 0x0, 0xfc,
    0xa, 0xf2, 0x0, 0x0, 0xfc, 0xa, 0xf1, 0x0,
    0x0, 0xfd, 0xa, 0xf1, 0x0, 0x0, 0xfd, 0xa,
    0xf1, 0x0, 0x0, 0xfd, 0xa, 0xf1, 0x0, 0x0,
    0xfd, 0xa, 0xf1, 0x0, 0x0, 0xfd, 0xa, 0xf1,
    0x0, 0x0, 0xfd,

    /* U+0128 "Ĩ" */
    0x0, 0x0, 0x0, 0x10, 0xb, 0xfc, 0x46, 0xf0,
    0x5e, 0x5a, 0xff, 0x80, 0x13, 0x0, 0x22, 0x0,
    0x0, 0x2f, 0xb0, 0x0, 0x0, 0x2f, 0xb0, 0x0,
    0x0, 0x2f, 0xb0, 0x0, 0x0, 0x2f, 0xb0, 0x0,
    0x0, 0x2f, 0xb0, 0x0, 0x0, 0x2f, 0xb0, 0x0,
    0x0, 0x2f, 0xb0, 0x0, 0x0, 0x2f, 0xb0, 0x0,
    0x0, 0x2f, 0xb0, 0x0, 0x0, 0x2f, 0xb0, 0x0,
    0x0, 0x2f, 0xb0, 0x0, 0x0, 0x2f, 0xb0, 0x0,
    0x0, 0x2f, 0xb0, 0x0, 0x0, 0x2f, 0xb0, 0x0,
    0x0, 0x2f, 0xb0, 0x0,

    /* U+0129 "ĩ" */
    0x5, 0xed, 0x73, 0xe6, 0xe, 0xa8, 0xef, 0xe1,
    0x5, 0x10, 0x4, 0x10, 0x0, 0x0, 0x0, 0x0,
    0x0, 0xa, 0xf1, 0x0, 0x0, 0xa, 0xf1, 0x0,
    0x0, 0xa, 0xf1, 0x0, 0x0, 0xa, 0xf1, 0x0,
    0x0, 0xa, 0xf1, 0x0, 0x0, 0xa, 0xf1, 0x0,
    0x0, 0xa, 0xf1, 0x0, 0x0, 0xa, 0xf1, 0x0,
    0x0, 0xa, 0xf1, 0x0, 0x0, 0xa, 0xf1, 0x0,
    0x0, 0xa, 0xf1, 0x0,

    /* U+012A "Ī" */
    0x28, 0x88, 0x88, 0x64, 0xff, 0xff, 0xfc, 0x0,
    0x0, 0x0, 0x0, 0x2, 0xfb, 0x0, 0x0, 0x2f,
    0xb0, 0x0, 0x2, 0xfb, 0x0, 0x0, 0x2f, 0xb0,
    0x0, 0x2, 0xfb, 0x0, 0x0, 0x2f, 0xb0, 0x0,
    0x2, 0xfb, 0x0, 0x0, 0x2f, 0xb0, 0x0, 0x2,
    0xfb, 0x0, 0x0, 0x2f, 0xb0, 0x0, 0x2, 0xfb,
    0x0, 0x0, 0x2f, 0xb0, 0x0, 0x2, 0xfb, 0x0,
    0x0, 0x2f, 0xb0, 0x0, 0x2, 0xfb, 0x0,

    /* U+012B "ī" */
    0xdf, 0xff, 0xff, 0x46, 0x88, 0x88, 0x82, 0x0,
    0x0, 0x0, 0x0, 0x0, 0x0, 0x0, 0x0, 0xaf,
    0x10, 0x0, 0xa, 0xf1, 0x0, 0x0, 0xaf, 0x10,
    0x0, 0xa, 0xf1, 0x0, 0x0, 0xaf, 0x10, 0x0,
    0xa, 0xf1, 0x0, 0x0, 0xaf, 0x10, 0x0, 0xa,
    0xf1, 0x0, 0x0, 0xaf, 0x10, 0x0, 0xa, 0xf1,
    0x0, 0x0, 0xaf, 0x10, 0x0,

    /* U+012C "Ĭ" */
    0xf, 0x40, 0x9, 0x90, 0xab, 0x13, 0xf5, 0x1,
    0xdf, 0xf9, 0x0, 0x0, 0x21, 0x0, 0x0, 0x2f,
    0xb0, 0x0, 0x2, 0xfb, 0x0, 0x0, 0x2f, 0xb0,
    0x0, 0x2, 0xfb, 0x0, 0x0, 0x2f, 0xb0, 0x0,
    0x2, 0xfb, 0x0, 0x0, 0x2f, 0xb0, 0x0, 0x2,
    0xfb, 0x0, 0x0, 0x2f, 0xb0, 0x0, 0x2, 0xfb,
    0x0, 0x0, 0x2f, 0xb0, 0x0, 0x2, 0xfb, 0x0,
    0x0, 0x2f, 0xb0, 0x0, 0x2, 0xfb, 0x0, 0x0,
    0x2f, 0xb0, 0x0,

    /* U+012D "ĭ" */
    0x8c, 0x21, 0x7e, 0x1, 0xcf, 0xfe, 0x50, 0x0,
    0x12, 0x0, 0x0, 0x0, 0x0, 0x0, 0x0, 0xaf,
    0x10, 0x0, 0xa, 0xf1, 0x0, 0x0, 0xaf, 0x10,
    0x0, 0xa, 0xf1, 0x0, 0x0, 0xaf, 0x10, 0x0,
    0xa, 0xf1, 0x0, 0x0, 0xaf, 0x10, 0x0, 0xa,
    0xf1, 0x0, 0x0, 0xaf, 0x10, 0x0, 0xa, 0xf1,
    0x0, 0x0, 0xaf, 0x10, 0x0,

    /* U+012E "Į" */
    0x2f, 0xb0, 0x0, 0x2f, 0xb0, 0x0, 0x2f, 0xb0,
    0x0, 0x2f, 0xb0, 0x0, 0x2f, 0xb0, 0x0, 0x2f,
    0xb0, 0x0, 0x2f, 0xb0, 0x0, 0x2f, 0xb0, 0x0,
    0x2f, 0xb0, 0x0, 0x2f, 0xb0, 0x0, 0x2f, 0xb0,
    0x0, 0x2f, 0xb0, 0x0, 0x2f, 0xb0, 0x0, 0x2f,
    0xb0, 0x0, 0x2f, 0xb0, 0x0, 0xf, 0x30, 0x0,
    0x2f, 0x10, 0x0, 0x1f, 0xb6, 0x81, 0x7, 0xee,
    0xa0,

    /* U+012F "į" */
    0xa, 0xf1, 0x0, 0xaf, 0x10, 0x0, 0x10, 0x0,
    0x0, 0x0, 0xa, 0xf1, 0x0, 0xaf, 0x10, 0xa,
    0xf1, 0x0, 0xaf, 0x10, 0xa, 0xf1, 0x0, 0xaf,
    0x10, 0xa, 0xf1, 0x0, 0xaf, 0x10, 0xa, 0xf1,
    0x0, 0xaf, 0x10, 0xa, 0xf1, 0x0, 0xa7, 0x0,
    0xf, 0x30, 0x0, 0xfb, 0x64, 0x6, 0xee, 0x50,

    /* U+0130 "İ" */
    0x1, 0x2, 0xfa, 0x2f, 0xa0, 0x0, 0x2f, 0xb2,
    0xfb, 0x2f, 0xb2, 0xfb, 0x2f, 0xb2, 0xfb, 0x2f,
    0xb2, 0xfb, 0x2f, 0xb2, 0xfb, 0x2f, 0xb2, 0xfb,
    0x2f, 0xb2, 0xfb, 0x2f, 0xb0,

    /* U+0131 "ı" */
    0x1f, 0xa1, 0xfa, 0x1f, 0xa1, 0xfa, 0x1f, 0xa1,
    0xfa, 0x1f, 0xa1, 0xfa, 0x1f, 0xa1, 0xfa, 0x1f,
    0xa0,

    /* U+0132 "Ĳ" */
    0x2f, 0xb0, 0x0, 0x0, 0x0, 0x8f, 0x62, 0xfb,
    0x0, 0x0, 0x0, 0x8, 0xf6, 0x2f, 0xb0, 0x0,
    0x0, 0x0, 0x8f, 0x62, 0xfb, 0x0, 0x0, 0x0,
    0x8, 0xf6, 0x2f, 0xb0, 0x0, 0x0, 0x0, 0x8f,
    0x62, 0xfb, 0x0, 0x0, 0x0, 0x8, 0xf6, 0x2f,
    0xb0, 0x0, 0x0, 0x0, 0x8f, 0x62, 0xfb, 0x0,
    0x0, 0x0, 0x8, 0xf6, 0x2f, 0xb0, 0x0, 0x0,
    0x0, 0x8f, 0x62, 0xfb, 0x0, 0x0, 0x0, 0x8,
    0xf6, 0x2f, 0xb0, 0x39, 0x30, 0x0, 0x8f, 0x62,
    0xfb, 0x6, 0xf6, 0x0, 0x9, 0xf4, 0x2f, 0xb0,
    0x3f, 0xd1, 0x1, 0xef, 0x12, 0xfb, 0x0, 0xcf,
    0xfc, 0xff, 0x90, 0x2f, 0xb0, 0x1, 0x9e, 0xfd,
    0x70, 0x0,

    /* U+0133 "ĳ" */
    0xaf, 0x10, 0x3f, 0x8a, 0xf1, 0x3, 0xf8, 0x1,
    0x0, 0x1, 0x0, 0x0, 0x0, 0x0, 0xaf, 0x10,
    0x3f, 0x8a, 0xf1, 0x3, 0xf8, 0xaf, 0x10, 0x3f,
    0x8a, 0xf1, 0x3, 0xf8, 0xaf, 0x10, 0x3f, 0x8a,
    0xf1, 0x3, 0xf8, 0xaf, 0x10, 0x3f, 0x8a, 0xf1,
    0x3, 0xf8, 0xaf, 0x10, 0x3f, 0x8a, 0xf1, 0x3,
    0xf8, 0xaf, 0x10, 0x3f, 0x80, 0x0, 0x3, 0xf8,
    0x0, 0x0, 0x5f, 0x70, 0x2, 0x9d, 0xf4, 0x0,
    0x4f, 0xe8, 0x0,

    /* U+0134 "Ĵ" */
    0x0, 0x0, 0x1, 0xdf, 0xb0, 0x0, 0x0, 0x0,
    0xcf, 0x5f, 0xa0, 0x0, 0x0, 0x38, 0x40, 0x58,
    0x20, 0x0, 0x0, 0x0, 0x0, 0x0, 0x0, 0x0,
    0x0, 0x8f, 0x60, 0x0, 0x0, 0x0, 0x8, 0xf6,
    0x0, 0x0, 0x0, 0x0, 0x8f, 0x60, 0x0, 0x0,
    0x0, 0x8, 0xf6, 0x0, 0x0, 0x0, 0x0, 0x8f,
    0x60, 0x0, 0x0, 0x0, 0x8, 0xf6, 0x0, 0x0,
    0x0, 0x0, 0x8f, 0x60, 0x0, 0x0, 0x0, 0x8,
    0xf6, 0x0, 0x0, 0x0, 0x0, 0x8f, 0x60, 0x0,
    0x0, 0x0, 0x8, 0xf6, 0x0, 0x39, 0x30, 0x0,
    0x8f, 0x60, 0x6, 0xf6, 0x0, 0x9, 0xf4, 0x0,
    0x3f, 0xd1, 0x1, 0xef, 0x10, 0x0, 0xcf, 0xfc,
    0xff, 0x90, 0x0, 0x1, 0x9e, 0xfd, 0x70, 0x0,
    0x0,

    /* U+0135 "ĵ" */
    0x3, 0xff, 0x70, 0x1, 0xed, 0x8f, 0x50, 0x6a,
    0x20, 0x99, 0x0, 0x0, 0x0, 0x0, 0x0, 0xaf,
    0x10, 0x0, 0xa, 0xf1, 0x0, 0x0, 0xaf, 0x10,
    0x0, 0xa, 0xf1, 0x0, 0x0, 0xaf, 0x10, 0x0,
    0xa, 0xf1, 0x0, 0x0, 0xaf, 0x10, 0x0, 0xa,
    0xf1, 0x0, 0x0, 0xaf, 0x10, 0x0, 0xa, 0xf1,
    0x0, 0x0, 0xaf, 0x10, 0x0, 0xa, 0xf1, 0x0,
    0x0, 0xcf, 0x0, 0x6, 0xaf, 0xc0, 0x0, 0xbf,
    0xc3, 0x0, 0x0,

    /* U+0136 "Ķ" */
    0x8f, 0x50, 0x0, 0x0, 0x1e, 0xf8, 0x8, 0xf5,
    0x0, 0x0, 0x1d, 0xf8, 0x0, 0x8f, 0x50, 0x0,
    0x1d, 0xf9, 0x0, 0x8, 0xf5, 0x0, 0xc, 0xf9,
    0x0, 0x0, 0x8f, 0x50, 0xc, 0xf9, 0x0, 0x0,
    0x8, 0xf5, 0xb, 0xf9, 0x0, 0x0, 0x0, 0x8f,
    0x6b, 0xff, 0x50, 0x0, 0x0, 0x8, 0xfe, 0xfb,
    0xfe, 0x10, 0x0, 0x0, 0x8f, 0xfa, 0x8, 0xfb,
    0x0, 0x0, 0x8, 0xfa, 0x0, 0xd, 0xf7, 0x0,
    0x0, 0x8f, 0x50, 0x0, 0x3f, 0xf2, 0x0, 0x8,
    0xf5, 0x0, 0x0, 0x8f, 0xd0, 0x0, 0x8f, 0x50,
    0x0, 0x0, 0xdf, 0x80, 0x8, 0xf5, 0x0, 0x0,
    0x3, 0xff, 0x40, 0x8f, 0x50, 0x0, 0x0, 0x8,
    0xfe, 0x10, 0x0, 0x0, 0x0, 0x0, 0x0, 0x0,
    0x0, 0x0, 0x1f, 0xc0, 0x0, 0x0, 0x0, 0x0,
    0x0, 0xbb, 0x0, 0x0, 0x0, 0x0, 0x0, 0x1c,
    0x50, 0x0, 0x0, 0x0, 0x0, 0x0, 0x30, 0x0,
    0x0, 0x0,

    /* U+0137 "ķ" */
    0xbf, 0x10, 0x0, 0x0, 0xb, 0xf1, 0x0, 0x0,
    0x0, 0xbf, 0x10, 0x0, 0x0, 0xb, 0xf1, 0x0,
    0x0, 0x0, 0xbf, 0x10, 0x4, 0xfe, 0x2b, 0xf1,
    0x3, 0xfe, 0x20, 0xbf, 0x12, 0xee, 0x20, 0xb,
    0xf3, 0xee, 0x30, 0x0, 0xbf, 0xef, 0xd0, 0x0,
    0xb, 0xff, 0xbf, 0x70, 0x0, 0xbf, 0x41, 0xef,
    0x20, 0xb, 0xf1, 0x6, 0xfb, 0x0, 0xbf, 0x10,
    0xc, 0xf5, 0xb, 0xf1, 0x0, 0x2f, 0xe1, 0xbf,
    0x10, 0x0, 0x8f, 0x90, 0x0, 0x0, 0x0, 0x0,
    0x0, 0x9, 0xf4, 0x0, 0x0, 0x0, 0x5e, 0x30,
    0x0, 0x0, 0x5, 0xc0, 0x0, 0x0, 0x0, 0x20,
    0x0, 0x0,

    /* U+0138 "ĸ" */
    0xbf, 0x10, 0x9, 0xf8, 0xbf, 0x10, 0x4f, 0xa4,
    0xbf, 0x10, 0xbc, 0x0, 0xbf, 0x12, 0xf6, 0x0,
    0xbf, 0x1a, 0xe0, 0x0, 0xbf, 0xff, 0x30, 0x0,
    0xbf, 0x4c, 0xe2, 0x0, 0xbf, 0x11, 0xfd, 0x0,
    0xbf, 0x10, 0x7f, 0x70, 0xbf, 0x10, 0xd, 0xf1,
    0xbf, 0x10, 0x4, 0xfa,

    /* U+0139 "Ĺ" */
    0x2, 0xfe, 0x10, 0x0, 0x0, 0xa, 0xf3, 0x0,
    0x0, 0x0, 0x1d, 0x70, 0x0, 0x0, 0x0, 0x0,
    0x0, 0x0, 0x0, 0x0, 0x8f, 0x60, 0x0, 0x0,
    0x0, 0x8f, 0x60, 0x0, 0x0, 0x0, 0x8f, 0x60,
    0x0, 0x0, 0x0, 0x8f, 0x60, 0x0, 0x0, 0x0,
    0x8f, 0x60, 0x0, 0x0, 0x0, 0x8f, 0x60, 0x0,
    0x0, 0x0, 0x8f, 0x60, 0x0, 0x0, 0x0, 0x8f,
    0x60, 0x0, 0x0, 0x0, 0x8f, 0x60, 0x0, 0x0,
    0x0, 0x8f, 0x60, 0x0, 0x0, 0x0, 0x8f, 0x60,
    0x0, 0x0, 0x0, 0x8f, 0x60, 0x0, 0x0, 0x0,
    0x8f, 0x60, 0x0, 0x0, 0x0, 0x8f, 0xdc, 0xcc,
    0xcc, 0xc5, 0x8f, 0xff, 0xff, 0xff, 0xf7,

    /* U+013A "ĺ" */
    0xe, 0xf3, 0x6f, 0x70, 0xba, 0x0, 0x0, 0x0,
    0xaf, 0x10, 0xaf, 0x10, 0xaf, 0x10, 0xaf, 0x10,
    0xaf, 0x10, 0xaf, 0x10, 0xaf, 0x10, 0xaf, 0x10,
    0xaf, 0x10, 0xaf, 0x10, 0xaf, 0x10, 0xaf, 0x10,
    0xaf, 0x10, 0xaf, 0x10, 0xaf, 0x10,

    /* U+013B "Ļ" */
    0x8f, 0x60, 0x0, 0x0, 0x0, 0x8f, 0x60, 0x0,
    0x0, 0x0, 0x8f, 0x60, 0x0, 0x0, 0x0, 0x8f,
    0x60, 0x0, 0x0, 0x0, 0x8f, 0x60, 0x0, 0x0,
    0x0, 0x8f, 0x60, 0x0, 0x0, 0x0, 0x8f, 0x60,
    0x0, 0x0, 0x0, 0x8f, 0x60, 0x0, 0x0, 0x0,
    0x8f, 0x60, 0x0, 0x0, 0x0, 0x8f, 0x60, 0x0,
    0x0, 0x0, 0x8f, 0x60, 0x0, 0x0, 0x0, 0x8f,
    0x60, 0x0, 0x0, 0x0, 0x8f, 0x60, 0x0, 0x0,
    0x0, 0x8f, 0xdc, 0xcc, 0xcc, 0xc5, 0x8f, 0xff,
    0xff, 0xff, 0xf7, 0x0, 0x0, 0x0, 0x0, 0x0,
    0x0, 0x0, 0xdf, 0x0, 0x0, 0x0, 0x0, 0x8f,
    0x0, 0x0, 0x0, 0x0, 0x99, 0x0, 0x0, 0x0,
    0x0, 0x30, 0x0, 0x0,

    /* U+013C "ļ" */
    0xaf, 0x1a, 0xf1, 0xaf, 0x1a, 0xf1, 0xaf, 0x1a,
    0xf1, 0xaf, 0x1a, 0xf1, 0xaf, 0x1a, 0xf1, 0xaf,
    0x1a, 0xf1, 0xaf, 0x1a, 0xf1, 0xaf, 0x10, 0x0,
    0xaf, 0x36, 0xf2, 0x6b, 0x2, 0x0,

    /* U+013D "Ľ" */
    0x3f, 0xb0, 0xbf, 0x30, 0x0, 0x0, 0x7, 0xf9,
    0xf8, 0x0, 0x0, 0x0, 0x0, 0xbf, 0xc0, 0x0,
    0x0, 0x0, 0x0, 0x0, 0x0, 0x0, 0x0, 0x0,
    0x0, 0x8f, 0x60, 0x0, 0x0, 0x0, 0x0, 0x8f,
    0x60, 0x0, 0x0, 0x0, 0x0, 0x8f, 0x60, 0x0,
    0x0, 0x0, 0x0, 0x8f, 0x60, 0x0, 0x0, 0x0,
    0x0, 0x8f, 0x60, 0x0, 0x0, 0x0, 0x0, 0x8f,
    0x60, 0x0, 0x0, 0x0, 0x0, 0x8f, 0x60, 0x0,
    0x0, 0x0, 0x0, 0x8f, 0x60, 0x0, 0x0, 0x0,
    0x0, 0x8f, 0x60, 0x0, 0x0, 0x0, 0x0, 0x8f,
    0x60, 0x0, 0x0, 0x0, 0x0, 0x8f, 0x60, 0x0,
    0x0, 0x0, 0x0, 0x8f, 0x60, 0x0, 0x0, 0x0,
    0x0, 0x8f, 0x60, 0x0, 0x0, 0x0, 0x0, 0x8f,
    0xdc, 0xcc, 0xcc, 0xc5, 0x0, 0x8f, 0xff, 0xff,
    0xff, 0xf7,

    /* U+013E "ľ" */
    0x8f, 0x61, 0xed, 0x0, 0xce, 0xaf, 0x30, 0x1,
    0xef, 0x80, 0x0, 0x0, 0x0, 0x0, 0x0, 0xaf,
    0x10, 0x0, 0xa, 0xf1, 0x0, 0x0, 0xaf, 0x10,
    0x0, 0xa, 0xf1, 0x0, 0x0, 0xaf, 0x10, 0x0,
    0xa, 0xf1, 0x0, 0x0, 0xaf, 0x10, 0x0, 0xa,
    0xf1, 0x0, 0x0, 0xaf, 0x10, 0x0, 0xa, 0xf1,
    0x0, 0x0, 0xaf, 0x10, 0x0, 0xa, 0xf1, 0x0,
    0x0, 0xaf, 0x10, 0x0, 0xa, 0xf1, 0x0, 0x0,
    0xaf, 0x10, 0x0,

    /* U+013F "Ŀ" */
    0x8f, 0x60, 0x0, 0x0, 0x0, 0x8f, 0x60, 0x0,
    0x0, 0x0, 0x8f, 0x60, 0x0, 0x0, 0x0, 0x8f,
    0x60, 0x0, 0x0, 0x0, 0x8f, 0x60, 0x0, 0x0,
    0x0, 0x8f, 0x60, 0x0, 0x0, 0x0, 0x8f, 0x60,
    0x1, 0x10, 0x0, 0x8f, 0x60, 0xf, 0xd0, 0x0,
    0x8f, 0x60, 0xf, 0xd0, 0x0, 0x8f, 0x60, 0x0,
    0x0, 0x0, 0x8f, 0x60, 0x0, 0x0, 0x0, 0x8f,
    0x60, 0x0, 0x0, 0x0, 0x8f, 0x60, 0x0, 0x0,
    0x0, 0x8f, 0xdc, 0xcc, 0xcc, 0xc5, 0x8f, 0xff,
    0xff, 0xff, 0xf7,

    /* U+0140 "ŀ" */
    0xaf, 0x10, 0x0, 0xaf, 0x10, 0x0, 0xaf, 0x10,
    0x0, 0xaf, 0x10, 0x0, 0xaf, 0x10, 0x0, 0xaf,
    0x10, 0x0, 0xaf, 0x10, 0x10, 0xaf, 0x18, 0xf4,
    0xaf, 0x18, 0xf4, 0xaf, 0x10, 0x0, 0xaf, 0x10,
    0x0, 0xaf, 0x10, 0x0, 0xaf, 0x10, 0x0, 0xaf,
    0x10, 0x0, 0xaf, 0x10, 0x0,

    /* U+0141 "Ł" */
    0x9, 0xf5, 0x0, 0x0, 0x0, 0x0, 0x9f, 0x50,
    0x0, 0x0, 0x0, 0x9, 0xf5, 0x0, 0x0, 0x0,
    0x0, 0x9f, 0x50, 0x27, 0x0, 0x0, 0x9, 0xf5,
    0x4f, 0x70, 0x0, 0x0, 0x9f, 0xaf, 0x90, 0x0,
    0x0, 0x9, 0xff, 0x70, 0x0, 0x0, 0x0, 0xbf,
    0x70, 0x0, 0x0, 0x0, 0xaf, 0xf5, 0x0, 0x0,
    0x0, 0xe, 0xcf, 0x50, 0x0, 0x0, 0x0, 0x29,
    0xf5, 0x0, 0x0, 0x0, 0x0, 0x9f, 0x50, 0x0,
    0x0, 0x0, 0x9, 0xf5, 0x0, 0x0, 0x0, 0x0,
    0x9f, 0xdc, 0xcc, 0xcc, 0xc5, 0x9, 0xff, 0xff,
    0xff, 0xff, 0x60,

    /* U+0142 "ł" */
    0xb, 0xf0, 0x0, 0xbf, 0x0, 0xb, 0xf0, 0x0,
    0xbf, 0x0, 0xb, 0xf0, 0x0, 0xbf, 0x75, 0xb,
    0xff, 0x30, 0xcf, 0x30, 0xcf, 0xf0, 0xc, 0xcf,
    0x0, 0xb, 0xf0, 0x0, 0xbf, 0x0, 0xb, 0xf0,
    0x0, 0xbf, 0x0, 0xb, 0xf0, 0x0,

    /* U+0143 "Ń" */
    0x0, 0x0, 0x0, 0xff, 0x20, 0x0, 0x0, 0x0,
    0x7, 0xf6, 0x0, 0x0, 0x0, 0x0, 0xc, 0x90,
    0x0, 0x0, 0x0, 0x0, 0x0, 0x0, 0x0, 0x0,
    0x6f, 0xd0, 0x0, 0x0, 0x0, 0xfd, 0x6f, 0xf7,
    0x0, 0x0, 0x0, 0xfd, 0x6f, 0xff, 0x20, 0x0,
    0x0, 0xfd, 0x6f, 0xcf, 0xb0, 0x0, 0x0, 0xfd,
    0x6f, 0x6c, 0xf5, 0x0, 0x0, 0xfd, 0x6f, 0x62,
    0xfe, 0x10, 0x0, 0xfd, 0x6f, 0x60, 0x7f, 0xa0,
    0x0, 0xfd, 0x6f, 0x60, 0xd, 0xf4, 0x0, 0xfd,
    0x6f, 0x60, 0x3, 0xfd, 0x0, 0xfd, 0x6f, 0x60,
    0x0, 0x9f, 0x80, 0xfd, 0x6f, 0x60, 0x0, 0xe,
    0xf3, 0xfd, 0x6f, 0x60, 0x0, 0x5, 0xfc, 0xfd,
    0x6f, 0x60, 0x0, 0x0, 0xaf, 0xfd, 0x6f, 0x60,
    0x0, 0x0, 0x1f, 0xfd, 0x6f, 0x60, 0x0, 0x0,
    0x6, 0xfd,

    /* U+0144 "ń" */
    0x0, 0x0, 0xbf, 0x60, 0x0, 0x0, 0x2f, 0xa0,
    0x0, 0x0, 0x8, 0xc0, 0x0, 0x0, 0x0, 0x0,
    0x0, 0x0, 0xaf, 0x1a, 0xef, 0xc5, 0xa, 0xfe,
    0xb6, 0x7e, 0xf4, 0xaf, 0xa0, 0x0, 0x4f, 0xaa,
    0xf4, 0x0, 0x0, 0xfc, 0xaf, 0x20, 0x0, 0xf,
    0xca, 0xf1, 0x0, 0x0, 0xfd, 0xaf, 0x10, 0x0,
    0xf, 0xda, 0xf1, 0x0, 0x0, 0xfd, 0xaf, 0x10,
    0x0, 0xf, 0xda, 0xf1, 0x0, 0x0, 0xfd, 0xaf,
    0x10, 0x0, 0xf, 0xd0,

    /* U+0145 "Ņ" */
    0x6f, 0xd0, 0x0, 0x0, 0x0, 0xfd, 0x6f, 0xf7,
    0x0, 0x0, 0x0, 0xfd, 0x6f, 0xff, 0x20, 0x0,
    0x0, 0xfd, 0x6f, 0xcf, 0xb0, 0x0, 0x0, 0xfd,
    0x6f, 0x6c, 0xf5, 0x0, 0x0, 0xfd, 0x6f, 0x62,
    0xfe, 0x10, 0x0, 0xfd, 0x6f, 0x60, 0x7f, 0xa0,
    0x0, 0xfd, 0x6f, 0x60, 0xd, 0xf4, 0x0, 0xfd,
    0x6f, 0x60, 0x3, 0xfd, 0x0, 0xfd, 0x6f, 0x60,
    0x0, 0x9f, 0x80, 0xfd, 0x6f, 0x60, 0x0, 0xe,
    0xf3, 0xfd, 0x6f, 0x60, 0x0, 0x5, 0xfc, 0xfd,
    0x6f, 0x60, 0x0, 0x0, 0xaf, 0xfd, 0x6f, 0x60,
    0x0, 0x0, 0x1f, 0xfd, 0x6f, 0x60, 0x0, 0x0,
    0x6, 0xfd, 0x0, 0x0, 0x0, 0x0, 0x0, 0x0,
    0x0, 0x0, 0xa, 0xf3, 0x0, 0x0, 0x0, 0x0,
    0x6, 0xf2, 0x0, 0x0, 0x0, 0x0, 0x6, 0xb0,
    0x0, 0x0, 0x0, 0x0, 0x2, 0x0, 0x0, 0x0,

    /* U+0146 "ņ" */
    0xaf, 0x1a, 0xef, 0xc5, 0xa, 0xfe, 0xb6, 0x7e,
    0xf4, 0xaf, 0xa0, 0x0, 0x4f, 0xaa, 0xf4, 0x0,
    0x0, 0xfc, 0xaf, 0x20, 0x0, 0xf, 0xca, 0xf1,
    0x0, 0x0, 0xfd, 0xaf, 0x10, 0x0, 0xf, 0xda,
    0xf1, 0x0, 0x0, 0xfd, 0xaf, 0x10, 0x0, 0xf,
    0xda, 0xf1, 0x0, 0x0, 0xfd, 0xaf, 0x10, 0x0,
    0xf, 0xd0, 0x0, 0x0, 0x0, 0x0, 0x0, 0x6,
    0xf7, 0x0, 0x0, 0x0, 0x3d, 0x60, 0x0, 0x0,
    0x3, 0xd1, 0x0, 0x0, 0x0, 0x11, 0x0, 0x0,

    /* U+0147 "Ň" */
    0x0, 0x7, 0xf6, 0x1e, 0xe1, 0x0, 0x0, 0x0,
    0xbe, 0xaf, 0x40, 0x0, 0x0, 0x0, 0x1e, 0xf8,
    0x0, 0x0, 0x0, 0x0, 0x0, 0x0, 0x0, 0x0,
    0x6f, 0xd0, 0x0, 0x0, 0x0, 0xfd, 0x6f, 0xf7,
    0x0, 0x0, 0x0, 0xfd, 0x6f, 0xff, 0x20, 0x0,
    0x0, 0xfd, 0x6f, 0xcf, 0xb0, 0x0, 0x0, 0xfd,
    0x6f, 0x6c, 0xf5, 0x0, 0x0, 0xfd, 0x6f, 0x62,
    0xfe, 0x10, 0x0, 0xfd, 0x6f, 0x60, 0x7f, 0xa0,
    0x0, 0xfd, 0x6f, 0x60, 0xd, 0xf4, 0x0, 0xfd,
    0x6f, 0x60, 0x3, 0xfd, 0x0, 0xfd, 0x6f, 0x60,
    0x0, 0x9f, 0x80, 0xfd, 0x6f, 0x60, 0x0, 0xe,
    0xf3, 0xfd, 0x6f, 0x60, 0x0, 0x5, 0xfc, 0xfd,
    0x6f, 0x60, 0x0, 0x0, 0xaf, 0xfd, 0x6f, 0x60,
    0x0, 0x0, 0x1f, 0xfd, 0x6f, 0x60, 0x0, 0x0,
    0x6, 0xfd,

    /* U+0148 "ň" */
    0x2, 0xfc, 0xb, 0xf4, 0x0, 0x4, 0xfc, 0xf6,
    0x0, 0x0, 0x5, 0xa7, 0x0, 0x0, 0x0, 0x0,
    0x0, 0x0, 0xaf, 0x1a, 0xef, 0xc5, 0xa, 0xfe,
    0xb6, 0x7e, 0xf4, 0xaf, 0xa0, 0x0, 0x4f, 0xaa,
    0xf4, 0x0, 0x0, 0xfc, 0xaf, 0x20, 0x0, 0xf,
    0xca, 0xf1, 0x0, 0x0, 0xfd, 0xaf, 0x10, 0x0,
    0xf, 0xda, 0xf1, 0x0, 0x0, 0xfd, 0xaf, 0x10,
    0x0, 0xf, 0xda, 0xf1, 0x0, 0x0, 0xfd, 0xaf,
    0x10, 0x0, 0xf, 0xd0,

    /* U+0149 "ŉ" */
    0xe, 0xf0, 0x0, 0x0, 0x0, 0x0, 0x0, 0xef,
    0x0, 0x0, 0x0, 0x0, 0x0, 0x2, 0xe0, 0x0,
    0x0, 0x0, 0x0, 0x0, 0x79, 0x0, 0x0, 0x0,
    0x0, 0x0, 0x6, 0x4, 0xf5, 0x7d, 0xfe, 0x80,
    0x0, 0x0, 0x4f, 0xde, 0x76, 0xbf, 0xa0, 0x0,
    0x4, 0xfe, 0x10, 0x0, 0xdf, 0x0, 0x0, 0x4f,
    0x90, 0x0, 0xa, 0xf2, 0x0, 0x4, 0xf8, 0x0,
    0x0, 0x9f, 0x20, 0x0, 0x4f, 0x70, 0x0, 0x9,
    0xf2, 0x0, 0x4, 0xf7, 0x0, 0x0, 0x9f, 0x20,
    0x0, 0x4f, 0x70, 0x0, 0x9, 0xf2, 0x0, 0x4,
    0xf7, 0x0, 0x0, 0x9f, 0x20, 0x0, 0x4f, 0x70,
    0x0, 0x9, 0xf2, 0x0, 0x4, 0xf7, 0x0, 0x0,
    0x9f, 0x20,

    /* U+014A "Ŋ" */
    0x6f, 0x80, 0x6c, 0xff, 0xc6, 0x0, 0x6, 0xf9,
    0xcf, 0xdb, 0xcf, 0xfa, 0x0, 0x6f, 0xfd, 0x20,
    0x0, 0x3e, 0xf5, 0x6, 0xff, 0x20, 0x0, 0x0,
    0x4f, 0xc0, 0x6f, 0xb0, 0x0, 0x0, 0x0, 0xef,
    0x16, 0xf9, 0x0, 0x0, 0x0, 0xa, 0xf4, 0x6f,
    0x80, 0x0, 0x0, 0x0, 0x8f, 0x56, 0xf8, 0x0,
    0x0, 0x0, 0x8, 0xf6, 0x6f, 0x80, 0x0, 0x0,
    0x0, 0x8f, 0x66, 0xf8, 0x0, 0x0, 0x0, 0x8,
    0xf6, 0x6f, 0x80, 0x0, 0x0, 0x0, 0x8f, 0x66,
    0xf8, 0x0, 0x0, 0x0, 0x8, 0xf6, 0x6f, 0x80,
    0x0, 0x0, 0x0, 0x8f, 0x66, 0xf8, 0x0, 0x0,
    0x0, 0x8, 0xf6, 0x6f, 0x80, 0x0, 0x0, 0x0,
    0x9f, 0x50, 0x0, 0x0, 0x0, 0x0, 0xb, 0xf3,
    0x0, 0x0, 0x0, 0x10, 0x4, 0xfe, 0x0, 0x0,
    0x0, 0x1f, 0xdd, 0xff, 0x60, 0x0, 0x0, 0x2,
    0xbe, 0xfc, 0x50, 0x0,

    /* U+014B "ŋ" */
    0xaf, 0x1a, 0xef, 0xc5, 0xa, 0xfe, 0xb6, 0x7e,
    0xf4, 0xaf, 0xa0, 0x0, 0x4f, 0x9a, 0xf4, 0x0,
    0x0, 0xfb, 0xaf, 0x20, 0x0, 0xf, 0xca, 0xf1,
    0x0, 0x0, 0xfc, 0xaf, 0x10, 0x0, 0xf, 0xca,
    0xf1, 0x0, 0x0, 0xfc, 0xaf, 0x10, 0x0, 0xf,
    0xca, 0xf1, 0x0, 0x0, 0xfc, 0xaf, 0x10, 0x0,
    0xf, 0xc0, 0x0, 0x0, 0x0, 0xfc, 0x0, 0x0,
    0x0, 0x1f, 0xb0, 0x0, 0x0, 0x9c, 0xf7, 0x0,
    0x0, 0x1e, 0xfa, 0x0,

    /* U+014C "Ō" */
    0x0, 0x0, 0x4f, 0xff, 0xff, 0xc0, 0x0, 0x0,
    0x0, 0x2, 0x88, 0x88, 0x86, 0x0, 0x0, 0x0,
    0x0, 0x0, 0x0, 0x0, 0x0, 0x0, 0x0, 0x0,
    0x3, 0x9d, 0xfe, 0xc7, 0x0, 0x0, 0x0, 0x8,
    0xff, 0xdb, 0xcf, 0xfe, 0x20, 0x0, 0x7, 0xfe,
    0x40, 0x0, 0x8, 0xfe, 0x10, 0x2, 0xfe, 0x10,
    0x0, 0x0, 0x8, 0xfb, 0x0, 0x9f, 0x70, 0x0,
    0x0, 0x0, 0xe, 0xf2, 0xd, 0xf2, 0x0, 0x0,
    0x0, 0x0, 0x9f, 0x60, 0xff, 0x0, 0x0, 0x0,
    0x0, 0x6, 0xf8, 0xf, 0xe0, 0x0, 0x0, 0x0,
    0x0, 0x5f, 0x90, 0xff, 0x0, 0x0, 0x0, 0x0,
    0x6, 0xf9, 0xd, 0xf1, 0x0, 0x0, 0x0, 0x0,
    0x9f, 0x60, 0x9f, 0x70, 0x0, 0x0, 0x0, 0xe,
    0xf2, 0x2, 0xff, 0x20, 0x0, 0x0, 0x7, 0xfb,
    0x0, 0x7, 0xfe, 0x40, 0x0, 0x8, 0xfe, 0x20,
    0x0, 0x7, 0xff, 0xdb, 0xcf, 0xfe, 0x30, 0x0,
    0x0, 0x3, 0x9d, 0xff, 0xc7, 0x0, 0x0,

    /* U+014D "ō" */
    0x0, 0x8f, 0xff, 0xff, 0x90, 0x0, 0x4, 0x88,
    0x88, 0x84, 0x0, 0x0, 0x0, 0x0, 0x0, 0x0,
    0x0, 0x0, 0x0, 0x0, 0x0, 0x0, 0x0, 0x18,
    0xef, 0xe9, 0x10, 0x0, 0x1e, 0xfb, 0x8b, 0xfe,
    0x20, 0xa, 0xf6, 0x0, 0x5, 0xfc, 0x0, 0xfd,
    0x0, 0x0, 0xb, 0xf2, 0x3f, 0x90, 0x0, 0x0,
    0x7f, 0x54, 0xf8, 0x0, 0x0, 0x6, 0xf6, 0x3f,
    0xa0, 0x0, 0x0, 0x8f, 0x50, 0xfd, 0x0, 0x0,
    0xc, 0xf2, 0xb, 0xf7, 0x0, 0x4, 0xfc, 0x0,
    0x1e, 0xfc, 0x8a, 0xfe, 0x20, 0x0, 0x18, 0xdf,
    0xe9, 0x10, 0x0,

    /* U+014E "Ŏ" */
    0x0, 0x0, 0xf, 0x71, 0x2d, 0x80, 0x0, 0x0,
    0x0, 0x0, 0x5e, 0xff, 0xc1, 0x0, 0x0, 0x0,
    0x0, 0x0, 0x2, 0x10, 0x0, 0x0, 0x0, 0x0,
    0x0, 0x0, 0x0, 0x0, 0x0, 0x0, 0x0, 0x0,
    0x39, 0xdf, 0xec, 0x70, 0x0, 0x0, 0x0, 0x8f,
    0xfd, 0xbc, 0xff, 0xe2, 0x0, 0x0, 0x7f, 0xe4,
    0x0, 0x0, 0x8f, 0xe1, 0x0, 0x2f, 0xe1, 0x0,
    0x0, 0x0, 0x8f, 0xb0, 0x9, 0xf7, 0x0, 0x0,
    0x0, 0x0, 0xef, 0x20, 0xdf, 0x20, 0x0, 0x0,
    0x0, 0x9, 0xf6, 0xf, 0xf0, 0x0, 0x0, 0x0,
    0x0, 0x6f, 0x80, 0xfe, 0x0, 0x0, 0x0, 0x0,
    0x5, 0xf9, 0xf, 0xf0, 0x0, 0x0, 0x0, 0x0,
    0x6f, 0x90, 0xdf, 0x10, 0x0, 0x0, 0x0, 0x9,
    0xf6, 0x9, 0xf7, 0x0, 0x0, 0x0, 0x0, 0xef,
    0x20, 0x2f, 0xf2, 0x0, 0x0, 0x0, 0x7f, 0xb0,
    0x0, 0x7f, 0xe4, 0x0, 0x0, 0x8f, 0xe2, 0x0,
    0x0, 0x7f, 0xfd, 0xbc, 0xff, 0xe3, 0x0, 0x0,
    0x0, 0x39, 0xdf, 0xfc, 0x70, 0x0, 0x0,

    /* U+014F "ŏ" */
    0x0, 0x3f, 0x40, 0x3f, 0x40, 0x0, 0x0, 0x7f,
    0xff, 0x90, 0x0, 0x0, 0x0, 0x12, 0x10, 0x0,
    0x0, 0x0, 0x0, 0x0, 0x0, 0x0, 0x0, 0x18,
    0xef, 0xe9, 0x10, 0x0, 0x1e, 0xfb, 0x8b, 0xfe,
    0x20, 0xa, 0xf6, 0x0, 0x5, 0xfc, 0x0, 0xfd,
    0x0, 0x0, 0xb, 0xf2, 0x3f, 0x90, 0x0, 0x0,
    0x7f, 0x54, 0xf8, 0x0, 0x0, 0x6, 0xf6, 0x3f,
    0xa0, 0x0, 0x0, 0x8f, 0x50, 0xfd, 0x0, 0x0,
    0xc, 0xf2, 0xb, 0xf7, 0x0, 0x4, 0xfc, 0x0,
    0x1e, 0xfc, 0x8a, 0xfe, 0x20, 0x0, 0x18, 0xdf,
    0xe9, 0x10, 0x0,

    /* U+0150 "Ő" */
    0x0, 0x0, 0x1, 0xff, 0x2c, 0xf6, 0x0, 0x0,
    0x0, 0x0, 0x8f, 0x53, 0xf9, 0x0, 0x0, 0x0,
    0x0, 0xc, 0x80, 0x8b, 0x0, 0x0, 0x0, 0x0,
    0x0, 0x0, 0x0, 0x0, 0x0, 0x0, 0x0, 0x0,
    0x39, 0xdf, 0xec, 0x70, 0x0, 0x0, 0x0, 0x8f,
    0xfd, 0xbc, 0xff, 0xe2, 0x0, 0x0, 0x7f, 0xe4,
    0x0, 0x0, 0x8f, 0xe1, 0x0, 0x2f, 0xe1, 0x0,
    0x0, 0x0, 0x8f, 0xb0, 0x9, 0xf7, 0x0, 0x0,
    0x0, 0x0, 0xef, 0x20, 0xdf, 0x20, 0x0, 0x0,
    0x0, 0x9, 0xf6, 0xf, 0xf0, 0x0, 0x0, 0x0,
    0x0, 0x6f, 0x80, 0xfe, 0x0, 0x0, 0x0, 0x0,
    0x5, 0xf9, 0xf, 0xf0, 0x0, 0x0, 0x0, 0x0,
    0x6f, 0x90, 0xdf, 0x10, 0x0, 0x0, 0x0, 0x9,
    0xf6, 0x9, 0xf7, 0x0, 0x0, 0x0, 0x0, 0xef,
    0x20, 0x2f, 0xf2, 0x0, 0x0, 0x0, 0x7f, 0xb0,
    0x0, 0x7f, 0xe4, 0x0, 0x0, 0x8f, 0xe2, 0x0,
    0x0, 0x7f, 0xfd, 0xbc, 0xff, 0xe3, 0x0, 0x0,
    0x0, 0x39, 0xdf, 0xfc, 0x70, 0x0, 0x0,

    /* U+0151 "ő" */
    0x0, 0x5, 0xfc, 0x1f, 0xf2, 0x0, 0x0, 0xce,
    0x17, 0xf5, 0x0, 0x0, 0x2d, 0x40, 0xc8, 0x0,
    0x0, 0x0, 0x0, 0x0, 0x0, 0x0, 0x0, 0x18,
    0xef, 0xe9, 0x10, 0x0, 0x1e, 0xfb, 0x8b, 0xfe,
    0x20, 0xa, 0xf6, 0x0, 0x5, 0xfc, 0x0, 0xfd,
    0x0, 0x0, 0xb, 0xf2, 0x3f, 0x90, 0x0, 0x0,
    0x7f, 0x54, 0xf8, 0x0, 0x0, 0x6, 0xf6, 0x3f,
    0xa0, 0x0, 0x0, 0x8f, 0x50, 0xfd, 0x0, 0x0,
    0xc, 0xf2, 0xb, 0xf7, 0x0, 0x4, 0xfc, 0x0,
    0x1e, 0xfc, 0x8a, 0xfe, 0x20, 0x0, 0x18, 0xdf,
    0xe9, 0x10, 0x0,

    /* U+0152 "Œ" */
    0x0, 0x6, 0xcf, 0xfc, 0x51, 0xff, 0xff, 0xff,
    0xff, 0x10, 0xb, 0xff, 0xaa, 0xef, 0x8f, 0xec,
    0xcc, 0xcc, 0xc0, 0x8, 0xfc, 0x10, 0x0, 0xbf,
    0xfb, 0x0, 0x0, 0x0, 0x1, 0xff, 0x10, 0x0,
    0x0, 0xef, 0xb0, 0x0, 0x0, 0x0, 0x5f, 0x90,
    0x0, 0x0, 0x8, 0xfb, 0x0, 0x0, 0x0, 0x9,
    0xf6, 0x0, 0x0, 0x0, 0x5f, 0xb0, 0x0, 0x0,
    0x0, 0xaf, 0x40, 0x0, 0x0, 0x3, 0xfe, 0xcc,
    0xcc, 0xc6, 0xb, 0xf3, 0x0, 0x0, 0x0, 0x2f,
    0xff, 0xff, 0xff, 0x90, 0xaf, 0x40, 0x0, 0x0,
    0x3, 0xfb, 0x0, 0x0, 0x0, 0x9, 0xf6, 0x0,
    0x0, 0x0, 0x5f, 0xb0, 0x0, 0x0, 0x0, 0x5f,
    0x90, 0x0, 0x0, 0x8, 0xfb, 0x0, 0x0, 0x0,
    0x0, 0xff, 0x10, 0x0, 0x0, 0xef, 0xb0, 0x0,
    0x0, 0x0, 0x8, 0xfb, 0x0, 0x0, 0xbf, 0xfb,
    0x0, 0x0, 0x0, 0x0, 0xb, 0xfe, 0xaa, 0xef,
    0x7f, 0xec, 0xcc, 0xcc, 0xc4, 0x0, 0x6, 0xcf,
    0xfc, 0x40, 0xff, 0xff, 0xff, 0xff, 0x50,

    /* U+0153 "œ" */
    0x0, 0x18, 0xdf, 0xea, 0x20, 0x19, 0xef, 0xd7,
    0x0, 0x0, 0x1d, 0xfb, 0x8a, 0xfe, 0x4e, 0xfa,
    0x8b, 0xfb, 0x0, 0x9, 0xf8, 0x0, 0x4, 0xff,
    0xf5, 0x0, 0x8, 0xf6, 0x0, 0xfe, 0x0, 0x0,
    0xb, 0xfb, 0x0, 0x0, 0xf, 0xc0, 0x2f, 0xa0,
    0x0, 0x0, 0x7f, 0xc8, 0x88, 0x88, 0xef, 0x3,
    0xf9, 0x0, 0x0, 0x6, 0xff, 0xff, 0xff, 0xff,
    0xf0, 0x2f, 0xa0, 0x0, 0x0, 0x7f, 0x80, 0x0,
    0x0, 0x0, 0x0, 0xfe, 0x0, 0x0, 0xc, 0xfc,
    0x0, 0x0, 0x9, 0x60, 0x9, 0xf8, 0x0, 0x5,
    0xff, 0xf6, 0x0, 0x6, 0xf9, 0x0, 0x1d, 0xfc,
    0x8b, 0xfe, 0x4e, 0xfb, 0x8b, 0xfd, 0x10, 0x0,
    0x18, 0xdf, 0xe9, 0x10, 0x19, 0xef, 0xd9, 0x10,
    0x0,

    /* U+0154 "Ŕ" */
    0x0, 0x0, 0x5, 0xfc, 0x0, 0x0, 0x0, 0x0,
    0x0, 0xc, 0xe1, 0x0, 0x0, 0x0, 0x0, 0x0,
    0x3d, 0x40, 0x0, 0x0, 0x0, 0x0, 0x0, 0x0,
    0x0, 0x0, 0x0, 0x0, 0x6f, 0xff, 0xff, 0xff,
    0xea, 0x20, 0x0, 0x6f, 0xda, 0xaa, 0xab, 0xef,
    0xf2, 0x0, 0x6f, 0x80, 0x0, 0x0, 0xa, 0xfa,
    0x0, 0x6f, 0x80, 0x0, 0x0, 0x1, 0xff, 0x0,
    0x6f, 0x80, 0x0, 0x0, 0x0, 0xff, 0x0, 0x6f,
    0x80, 0x0, 0x0, 0x3, 0xfd, 0x0, 0x6f, 0x80,
    0x0, 0x0, 0x4d, 0xf7, 0x0, 0x6f, 0xff, 0xff,
    0xff, 0xff, 0x80, 0x0, 0x6f, 0xec, 0xcd, 0xff,
    0x91, 0x0, 0x0, 0x6f, 0x80, 0x0, 0x3e, 0xf5,
    0x0, 0x0, 0x6f, 0x80, 0x0, 0x3, 0xff, 0x40,
    0x0, 0x6f, 0x80, 0x0, 0x0, 0x6f, 0xe0, 0x0,
    0x6f, 0x80, 0x0, 0x0, 0xc, 0xf9, 0x0, 0x6f,
    0x80, 0x0, 0x0, 0x2, 0xff, 0x30, 0x6f, 0x80,
    0x0, 0x0, 0x0, 0x7f, 0xd0,

    /* U+0155 "ŕ" */
    0x0, 0x8f, 0xa0, 0x0, 0xed, 0x0, 0x5, 0xd2,
    0x0, 0x0, 0x0, 0x0, 0xbe, 0x3d, 0xf9, 0xbe,
    0xec, 0xb8, 0xbf, 0xa0, 0x0, 0xbf, 0x30, 0x0,
    0xbf, 0x10, 0x0, 0xbf, 0x0, 0x0, 0xbf, 0x0,
    0x0, 0xbf, 0x0, 0x0, 0xbf, 0x0, 0x0, 0xbf,
    0x0, 0x0, 0xbf, 0x0, 0x0,

    /* U+0156 "Ŗ" */
    0x6f, 0xff, 0xff, 0xff, 0xea, 0x20, 0x0, 0x6f,
    0xda, 0xaa, 0xab, 0xef, 0xf2, 0x0, 0x6f, 0x80,
    0x0, 0x0, 0xa, 0xfa, 0x0, 0x6f, 0x80, 0x0,
    0x0, 0x1, 0xff, 0x0, 0x6f, 0x80, 0x0, 0x0,
    0x0, 0xff, 0x0, 0x6f, 0x80, 0x0, 0x0, 0x3,
    0xfd, 0x0, 0x6f, 0x80, 0x0, 0x0, 0x4d, 0xf7,
    0x0, 0x6f, 0xff, 0xff, 0xff, 0xff, 0x80, 0x0,
    0x6f, 0xec, 0xcd, 0xff, 0x91, 0x0, 0x0, 0x6f,
    0x80, 0x0, 0x3e, 0xf5, 0x0, 0x0, 0x6f, 0x80,
    0x0, 0x3, 0xff, 0x40, 0x0, 0x6f, 0x80, 0x0,
    0x0, 0x6f, 0xe0, 0x0, 0x6f, 0x80, 0x0, 0x0,
    0xc, 0xf9, 0x0, 0x6f, 0x80, 0x0, 0x0, 0x2,
    0xff, 0x30, 0x6f, 0x80, 0x0, 0x0, 0x0, 0x7f,
    0xd0, 0x0, 0x0, 0x0, 0x0, 0x0, 0x0, 0x0,
    0x0, 0x0, 0x6, 0xf7, 0x0, 0x0, 0x0, 0x0,
    0x0, 0x3, 0xd6, 0x0, 0x0, 0x0, 0x0, 0x0,
    0x3, 0xd1, 0x0, 0x0, 0x0, 0x0, 0x0, 0x1,
    0x10, 0x0, 0x0, 0x0,

    /* U+0157 "ŗ" */
    0xbe, 0x3d, 0xf9, 0xbe, 0xec, 0xb8, 0xbf, 0xa0,
    0x0, 0xbf, 0x30, 0x0, 0xbf, 0x10, 0x0, 0xbf,
    0x0, 0x0, 0xbf, 0x0, 0x0, 0xbf, 0x0, 0x0,
    0xbf, 0x0, 0x0, 0xbf, 0x0, 0x0, 0xbf, 0x0,
    0x0, 0x0, 0x0, 0x0, 0xcf, 0x20, 0x0, 0x7f,
    0x10, 0x0, 0x7a, 0x0, 0x0, 0x20, 0x0, 0x0,

    /* U+0158 "Ř" */
    0x0, 0xd, 0xf1, 0x6f, 0x90, 0x0, 0x0, 0x0,
    0x2, 0xfa, 0xed, 0x0, 0x0, 0x0, 0x0, 0x0,
    0x6f, 0xf3, 0x0, 0x0, 0x0, 0x0, 0x0, 0x0,
    0x0, 0x0, 0x0, 0x0, 0x6f, 0xff, 0xff, 0xff,
    0xea, 0x20, 0x0, 0x6f, 0xda, 0xaa, 0xab, 0xef,
    0xf2, 0x0, 0x6f, 0x80, 0x0, 0x0, 0xa, 0xfa,
    0x0, 0x6f, 0x80, 0x0, 0x0, 0x1, 0xff, 0x0,
    0x6f, 0x80, 0x0, 0x0, 0x0, 0xff, 0x0, 0x6f,
    0x80, 0x0, 0x0, 0x3, 0xfd, 0x0, 0x6f, 0x80,
    0x0, 0x0, 0x4d, 0xf7, 0x0, 0x6f, 0xff, 0xff,
    0xff, 0xff, 0x80, 0x0, 0x6f, 0xec, 0xcd, 0xff,
    0x91, 0x0, 0x0, 0x6f, 0x80, 0x0, 0x3e, 0xf5,
    0x0, 0x0, 0x6f, 0x80, 0x0, 0x3, 0xff, 0x40,
    0x0, 0x6f, 0x80, 0x0, 0x0, 0x6f, 0xe0, 0x0,
    0x6f, 0x80, 0x0, 0x0, 0xc, 0xf9, 0x0, 0x6f,
    0x80, 0x0, 0x0, 0x2, 0xff, 0x30, 0x6f, 0x80,
    0x0, 0x0, 0x0, 0x7f, 0xd0,

    /* U+0159 "ř" */
    0x1e, 0xd0, 0x9f, 0x50, 0x3f, 0xcf, 0x80, 0x0,
    0x5a, 0x80, 0x0, 0x0, 0x0, 0x0, 0xb, 0xe3,
    0xdf, 0x90, 0xbe, 0xec, 0xb8, 0xb, 0xfa, 0x0,
    0x0, 0xbf, 0x30, 0x0, 0xb, 0xf1, 0x0, 0x0,
    0xbf, 0x0, 0x0, 0xb, 0xf0, 0x0, 0x0, 0xbf,
    0x0, 0x0, 0xb, 0xf0, 0x0, 0x0, 0xbf, 0x0,
    0x0, 0xb, 0xf0, 0x0, 0x0,

    /* U+015A "Ś" */
    0x0, 0x0, 0x0, 0x7f, 0xa0, 0x0, 0x0, 0x0,
    0x0, 0xe, 0xd0, 0x0, 0x0, 0x0, 0x0, 0x4,
    0xd3, 0x0, 0x0, 0x0, 0x0, 0x0, 0x0, 0x0,
    0x0, 0x0, 0x0, 0x4, 0xbe, 0xfe, 0xb5, 0x0,
    0x0, 0x8, 0xff, 0xec, 0xef, 0xfa, 0x0, 0x3,
    0xfd, 0x30, 0x0, 0x3d, 0xf6, 0x0, 0x7f, 0x50,
    0x0, 0x0, 0x4f, 0xb0, 0x7, 0xf6, 0x0, 0x0,
    0x0, 0x75, 0x0, 0x3f, 0xf6, 0x10, 0x0, 0x0,
    0x0, 0x0, 0x6f, 0xff, 0xc9, 0x40, 0x0, 0x0,
    0x0, 0x28, 0xdf, 0xff, 0xe7, 0x0, 0x0, 0x0,
    0x0, 0x15, 0xaf, 0xf8, 0x0, 0x0, 0x0, 0x0,
    0x0, 0x2e, 0xf1, 0xf, 0xc0, 0x0, 0x0, 0x0,
    0x9f, 0x40, 0xdf, 0x20, 0x0, 0x0, 0xb, 0xf3,
    0x6, 0xfe, 0x50, 0x0, 0x8, 0xfd, 0x0, 0x9,
    0xff, 0xfd, 0xdf, 0xfe, 0x20, 0x0, 0x4, 0xae,
    0xff, 0xd8, 0x10, 0x0,

    /* U+015B "ś" */
    0x0, 0x0, 0x3f, 0xd1, 0x0, 0x0, 0x0, 0xaf,
    0x30, 0x0, 0x0, 0x1, 0xd6, 0x0, 0x0, 0x0,
    0x0, 0x0, 0x0, 0x0, 0x0, 0x7d, 0xfe, 0xb4,
    0x0, 0x9, 0xfc, 0x89, 0xef, 0x40, 0xf, 0xb0,
    0x0, 0x2f, 0xb0, 0xf, 0xd1, 0x0, 0x1, 0x0,
    0x9, 0xff, 0xc7, 0x30, 0x0, 0x0, 0x6d, 0xff,
    0xfd, 0x30, 0x0, 0x0, 0x15, 0xbf, 0xe0, 0x28,
    0x40, 0x0, 0xa, 0xf2, 0x1f, 0xc0, 0x0, 0xc,
    0xf1, 0x9, 0xfd, 0x98, 0xdf, 0x80, 0x0, 0x6c,
    0xef, 0xc5, 0x0,

    /* U+015C "Ŝ" */
    0x0, 0x0, 0x4, 0x85, 0x0, 0x0, 0x0, 0x0,
    0x1, 0xff, 0xf3, 0x0, 0x0, 0x0, 0x0, 0xcf,
    0x3d, 0xe1, 0x0, 0x0, 0x0, 0x28, 0x50, 0x38,
    0x40, 0x0, 0x0, 0x0, 0x0, 0x0, 0x0, 0x0,
    0x0, 0x0, 0x4b, 0xef, 0xeb, 0x50, 0x0, 0x0,
    0x8f, 0xfe, 0xce, 0xff, 0xa0, 0x0, 0x3f, 0xd3,
    0x0, 0x3, 0xdf, 0x60, 0x7, 0xf5, 0x0, 0x0,
    0x4, 0xfb, 0x0, 0x7f, 0x60, 0x0, 0x0, 0x7,
    0x50, 0x3, 0xff, 0x61, 0x0, 0x0, 0x0, 0x0,
    0x6, 0xff, 0xfc, 0x94, 0x0, 0x0, 0x0, 0x2,
    0x8d, 0xff, 0xfe, 0x70, 0x0, 0x0, 0x0, 0x1,
    0x5a, 0xff, 0x80, 0x0, 0x0, 0x0, 0x0, 0x2,
    0xef, 0x10, 0xfc, 0x0, 0x0, 0x0, 0x9, 0xf4,
    0xd, 0xf2, 0x0, 0x0, 0x0, 0xbf, 0x30, 0x6f,
    0xe5, 0x0, 0x0, 0x8f, 0xd0, 0x0, 0x9f, 0xff,
    0xdd, 0xff, 0xe2, 0x0, 0x0, 0x4a, 0xef, 0xfd,
    0x81, 0x0,

    /* U+015D "ŝ" */
    0x0, 0x8, 0xff, 0x20, 0x0, 0x0, 0x4f, 0x9d,
    0xd0, 0x0, 0x0, 0xbb, 0x4, 0xc7, 0x0, 0x0,
    0x0, 0x0, 0x0, 0x0, 0x0, 0x7d, 0xfe, 0xb4,
    0x0, 0x9, 0xfc, 0x89, 0xef, 0x40, 0xf, 0xb0,
    0x0, 0x2f, 0xb0, 0xf, 0xd1, 0x0, 0x1, 0x0,
    0x9, 0xff, 0xc7, 0x30, 0x0, 0x0, 0x6d, 0xff,
    0xfd, 0x30, 0x0, 0x0, 0x15, 0xbf, 0xe0, 0x28,
    0x40, 0x0, 0xa, 0xf2, 0x1f, 0xc0, 0x0, 0xc,
    0xf1, 0x9, 0xfd, 0x98, 0xdf, 0x80, 0x0, 0x6c,
    0xef, 0xc5, 0x0,

    /* U+015E "Ş" */
    0x0, 0x4, 0xbe, 0xfe, 0xb5, 0x0, 0x0, 0x8,
    0xff, 0xec, 0xef, 0xfa, 0x0, 0x3, 0xfd, 0x30,
    0x0, 0x3d, 0xf6, 0x0, 0x7f, 0x50, 0x0, 0x0,
    0x4f, 0xb0, 0x7, 0xf6, 0x0, 0x0, 0x0, 0x75,
    0x0, 0x3f, 0xf6, 0x10, 0x0, 0x0, 0x0, 0x0,
    0x6f, 0xff, 0xc9, 0x40, 0x0, 0x0, 0x0, 0x28,
    0xdf, 0xff, 0xe7, 0x0, 0x0, 0x0, 0x0, 0x15,
    0xaf, 0xf8, 0x0, 0x0, 0x0, 0x0, 0x0, 0x2e,
    0xf1, 0xf, 0xc0, 0x0, 0x0, 0x0, 0x9f, 0x40,
    0xdf, 0x20, 0x0, 0x0, 0xb, 0xf3, 0x6, 0xfe,
    0x50, 0x0, 0x8, 0xfd, 0x0, 0x9, 0xff, 0xfd,
    0xdf, 0xfe, 0x20, 0x0, 0x4, 0xae, 0xff, 0xd8,
    0x10, 0x0, 0x0, 0x0, 0x0, 0x0, 0x0, 0x0,
    0x0, 0x0, 0x0, 0xff, 0x0, 0x0, 0x0, 0x0,
    0x0, 0x9, 0xe0, 0x0, 0x0, 0x0, 0x0, 0x0,
    0xa7, 0x0, 0x0, 0x0, 0x0, 0x0, 0x3, 0x0,
    0x0, 0x0,

    /* U+015F "ş" */
    0x0, 0x7d, 0xfe, 0xb4, 0x0, 0x9, 0xfc, 0x89,
    0xef, 0x40, 0xf, 0xb0, 0x0, 0x2f, 0xb0, 0xf,
    0xd1, 0x0, 0x1, 0x0, 0x9, 0xff, 0xc7, 0x30,
    0x0, 0x0, 0x6d, 0xff, 0xfd, 0x30, 0x0, 0x0,
    0x15, 0xbf, 0xe0, 0x28, 0x40, 0x0, 0xa, 0xf2,
    0x1f, 0xc0, 0x0, 0xc, 0xf1, 0x9, 0xfd, 0x98,
    0xdf, 0x80, 0x0, 0x6c, 0xef, 0xc5, 0x0, 0x0,
    0x0, 0x0, 0x0, 0x0, 0x0, 0x0, 0xff, 0x0,
    0x0, 0x0, 0x0, 0x9e, 0x0, 0x0, 0x0, 0x0,
    0xa7, 0x0, 0x0, 0x0, 0x0, 0x30, 0x0, 0x0,

    /* U+0160 "Š" */
    0x0, 0x2, 0x85, 0x3, 0x83, 0x0, 0x0, 0x0,
    0xc, 0xf2, 0xee, 0x10, 0x0, 0x0, 0x0, 0x1e,
    0xff, 0x40, 0x0, 0x0, 0x0, 0x0, 0x38, 0x50,
    0x0, 0x0, 0x0, 0x0, 0x0, 0x0, 0x0, 0x0,
    0x0, 0x0, 0x4b, 0xef, 0xeb, 0x50, 0x0, 0x0,
    0x8f, 0xfe, 0xce, 0xff, 0xa0, 0x0, 0x3f, 0xd3,
    0x0, 0x3, 0xdf, 0x60, 0x7, 0xf5, 0x0, 0x0,
    0x4, 0xfb, 0x0, 0x7f, 0x60, 0x0, 0x0, 0x7,
    0x50, 0x3, 0xff, 0x61, 0x0, 0x0, 0x0, 0x0,
    0x6, 0xff, 0xfc, 0x94, 0x0, 0x0, 0x0, 0x2,
    0x8d, 0xff, 0xfe, 0x70, 0x0, 0x0, 0x0, 0x1,
    0x5a, 0xff, 0x80, 0x0, 0x0, 0x0, 0x0, 0x2,
    0xef, 0x10, 0xfc, 0x0, 0x0, 0x0, 0x9, 0xf4,
    0xd, 0xf2, 0x0, 0x0, 0x0, 0xbf, 0x30, 0x6f,
    0xe5, 0x0, 0x0, 0x8f, 0xd0, 0x0, 0x9f, 0xff,
    0xdd, 0xff, 0xe2, 0x0, 0x0, 0x4a, 0xef, 0xfd,
    0x81, 0x0,

    /* U+0161 "š" */
    0x0, 0xcf, 0x26, 0xf8, 0x0, 0x0, 0x1e, 0xcf,
    0xc0, 0x0, 0x0, 0x4, 0xcb, 0x10, 0x0, 0x0,
    0x0, 0x0, 0x0, 0x0, 0x0, 0x7d, 0xfe, 0xb4,
    0x0, 0x9, 0xfc, 0x89, 0xef, 0x40, 0xf, 0xb0,
    0x0, 0x2f, 0xb0, 0xf, 0xd1, 0x0, 0x1, 0x0,
    0x9, 0xff, 0xc7, 0x30, 0x0, 0x0, 0x6d, 0xff,
    0xfd, 0x30, 0x0, 0x0, 0x15, 0xbf, 0xe0, 0x28,
    0x40, 0x0, 0xa, 0xf2, 0x1f, 0xc0, 0x0, 0xc,
    0xf1, 0x9, 0xfd, 0x98, 0xdf, 0x80, 0x0, 0x6c,
    0xef, 0xc5, 0x0,

    /* U+0162 "Ţ" */
    0x9f, 0xff, 0xff, 0xff, 0xff, 0xfc, 0x6c, 0xcc,
    0xcf, 0xfc, 0xcc, 0xc9, 0x0, 0x0, 0xd, 0xf0,
    0x0, 0x0, 0x0, 0x0, 0xd, 0xf0, 0x0, 0x0,
    0x0, 0x0, 0xd, 0xf0, 0x0, 0x0, 0x0, 0x0,
    0xd, 0xf0, 0x0, 0x0, 0x0, 0x0, 0xd, 0xf0,
    0x0, 0x0, 0x0, 0x0, 0xd, 0xf0, 0x0, 0x0,
    0x0, 0x0, 0xd, 0xf0, 0x0, 0x0, 0x0, 0x0,
    0xd, 0xf0, 0x0, 0x0, 0x0, 0x0, 0xd, 0xf0,
    0x0, 0x0, 0x0, 0x0, 0xd, 0xf0, 0x0, 0x0,
    0x0, 0x0, 0xd, 0xf0, 0x0, 0x0, 0x0, 0x0,
    0xd, 0xf0, 0x0, 0x0, 0x0, 0x0, 0xd, 0xf0,
    0x0, 0x0, 0x0, 0x0, 0x0, 0x0, 0x0, 0x0,
    0x0, 0x0, 0xe, 0xf0, 0x0, 0x0, 0x0, 0x0,
    0x8, 0xf0, 0x0, 0x0, 0x0, 0x0, 0x9, 0x80,
    0x0, 0x0, 0x0, 0x0, 0x3, 0x0, 0x0, 0x0,

    /* U+0163 "ţ" */
    0x0, 0x33, 0x0, 0x4, 0xf6, 0x0, 0x6, 0xf6,
    0x0, 0x6, 0xf6, 0x0, 0xaf, 0xff, 0xf2, 0x4a,
    0xfa, 0x60, 0x6, 0xf6, 0x0, 0x6, 0xf6, 0x0,
    0x6, 0xf6, 0x0, 0x6, 0xf6, 0x0, 0x6, 0xf6,
    0x0, 0x5, 0xf6, 0x0, 0x5, 0xf7, 0x0, 0x3,
    0xfe, 0xb2, 0x0, 0x9f, 0xf4, 0x0, 0x0, 0x0,
    0x0, 0xbf, 0x20, 0x0, 0x7f, 0x10, 0x0, 0x7a,
    0x0, 0x0, 0x20, 0x0,

    /* U+0164 "Ť" */
    0x0, 0xa, 0xf4, 0x2f, 0xc0, 0x0, 0x0, 0x0,
    0xdd, 0xcf, 0x20, 0x0, 0x0, 0x0, 0x3f, 0xf6,
    0x0, 0x0, 0x0, 0x0, 0x0, 0x0, 0x0, 0x0,
    0x9f, 0xff, 0xff, 0xff, 0xff, 0xfc, 0x6c, 0xcc,
    0xcf, 0xfc, 0xcc, 0xc9, 0x0, 0x0, 0xd, 0xf0,
    0x0, 0x0, 0x0, 0x0, 0xd, 0xf0, 0x0, 0x0,
    0x0, 0x0, 0xd, 0xf0, 0x0, 0x0, 0x0, 0x0,
    0xd, 0xf0, 0x0, 0x0, 0x0, 0x0, 0xd, 0xf0,
    0x0, 0x0, 0x0, 0x0, 0xd, 0xf0, 0x0, 0x0,
    0x0, 0x0, 0xd, 0xf0, 0x0, 0x0, 0x0, 0x0,
    0xd, 0xf0, 0x0, 0x0, 0x0, 0x0, 0xd, 0xf0,
    0x0, 0x0, 0x0, 0x0, 0xd, 0xf0, 0x0, 0x0,
    0x0, 0x0, 0xd, 0xf0, 0x0, 0x0, 0x0, 0x0,
    0xd, 0xf0, 0x0, 0x0, 0x0, 0x0, 0xd, 0xf0,
    0x0, 0x0,

    /* U+0165 "ť" */
    0x0, 0x23, 0x0, 0xcf, 0x20, 0x4f, 0x60, 0xc,
    0xf1, 0x6, 0xf6, 0x0, 0x1e, 0x0, 0x6f, 0x60,
    0x4, 0xc0, 0xaf, 0xff, 0xf2, 0x72, 0x4, 0xaf,
    0xa6, 0x0, 0x0, 0x6, 0xf6, 0x0, 0x0, 0x0,
    0x6f, 0x60, 0x0, 0x0, 0x6, 0xf6, 0x0, 0x0,
    0x0, 0x6f, 0x60, 0x0, 0x0, 0x6, 0xf6, 0x0,
    0x0, 0x0, 0x5f, 0x60, 0x0, 0x0, 0x5, 0xf7,
    0x0, 0x0, 0x0, 0x3f, 0xeb, 0x20, 0x0, 0x0,
    0x9f, 0xf4, 0x0, 0x0,

    /* U+0166 "Ŧ" */
    0x9f, 0xff, 0xff, 0xff, 0xff, 0xfc, 0x6c, 0xcc,
    0xcf, 0xfc, 0xcc, 0xc9, 0x0, 0x0, 0xd, 0xf0,
    0x0, 0x0, 0x0, 0x0, 0xd, 0xf0, 0x0, 0x0,
    0x0, 0x0, 0xd, 0xf0, 0x0, 0x0, 0x0, 0x11,
    0x1d, 0xf1, 0x11, 0x0, 0x3, 0xff, 0xff, 0xff,
    0xff, 0x60, 0x0, 0x44, 0x4e, 0xf4, 0x44, 0x10,
    0x0, 0x0, 0xd, 0xf0, 0x0, 0x0, 0x0, 0x0,
    0xd, 0xf0, 0x0, 0x0, 0x0, 0x0, 0xd, 0xf0,
    0x0, 0x0, 0x0, 0x0, 0xd, 0xf0, 0x0, 0x0,
    0x0, 0x0, 0xd, 0xf0, 0x0, 0x0, 0x0, 0x0,
    0xd, 0xf0, 0x0, 0x0, 0x0, 0x0, 0xd, 0xf0,
    0x0, 0x0,

    /* U+0167 "ŧ" */
    0x0, 0x33, 0x0, 0x4, 0xf6, 0x0, 0x6, 0xf6,
    0x0, 0x6, 0xf6, 0x0, 0xaf, 0xff, 0xf2, 0x4a,
    0xfa, 0x60, 0x6, 0xf6, 0x0, 0x6, 0xf6, 0x0,
    0xaf, 0xff, 0xf2, 0x5b, 0xfb, 0x81, 0x6, 0xf6,
    0x0, 0x5, 0xf6, 0x0, 0x5, 0xf7, 0x0, 0x3,
    0xfe, 0xb2, 0x0, 0x9f, 0xf4,

    /* U+0168 "Ũ" */
    0x0, 0x0, 0x0, 0x0, 0x0, 0x0, 0x0, 0x4,
    0xff, 0x82, 0xd8, 0x0, 0x0, 0xd, 0xa6, 0xef,
    0xe2, 0x0, 0x0, 0x3, 0x10, 0x3, 0x10, 0x0,
    0x0, 0x0, 0x0, 0x0, 0x0, 0x0, 0x6f, 0x70,
    0x0, 0x0, 0x1, 0xfd, 0x6f, 0x70, 0x0, 0x0,
    0x1, 0xfd, 0x6f, 0x70, 0x0, 0x0, 0x1, 0xfd,
    0x6f, 0x70, 0x0, 0x0, 0x1, 0xfd, 0x6f, 0x70,
    0x0, 0x0, 0x1, 0xfd, 0x6f, 0x70, 0x0, 0x0,
    0x1, 0xfd, 0x6f, 0x70, 0x0, 0x0, 0x1, 0xfd,
    0x6f, 0x70, 0x0, 0x0, 0x1, 0xfd, 0x6f, 0x70,
    0x0, 0x0, 0x1, 0xfd, 0x5f, 0x80, 0x0, 0x0,
    0x1, 0xfc, 0x4f, 0x90, 0x0, 0x0, 0x3, 0xfb,
    0x1f, 0xe0, 0x0, 0x0, 0x8, 0xf8, 0xb, 0xfa,
    0x10, 0x0, 0x5f, 0xf2, 0x1, 0xef, 0xfd, 0xce,
    0xff, 0x60, 0x0, 0x18, 0xdf, 0xfe, 0xa3, 0x0,

    /* U+0169 "ũ" */
    0x1, 0xcf, 0x92, 0x9c, 0x0, 0x8d, 0x6c, 0xff,
    0x60, 0x2, 0x20, 0x3, 0x20, 0x0, 0x0, 0x0,
    0x0, 0x0, 0xbf, 0x10, 0x0, 0xf, 0xbb, 0xf1,
    0x0, 0x0, 0xfb, 0xbf, 0x10, 0x0, 0xf, 0xbb,
    0xf1, 0x0, 0x0, 0xfb, 0xbf, 0x10, 0x0, 0xf,
    0xbb, 0xf1, 0x0, 0x0, 0xfb, 0xaf, 0x10, 0x0,
    0x1f, 0xba, 0xf2, 0x0, 0x3, 0xfb, 0x7f, 0x70,
    0x0, 0xbf, 0xb2, 0xff, 0xba, 0xec, 0xdb, 0x3,
    0xbf, 0xe9, 0x1d, 0xb0,

    /* U+016A "Ū" */
    0x0, 0xe, 0xff, 0xff, 0xf3, 0x0, 0x0, 0x7,
    0x88, 0x88, 0x81, 0x0, 0x0, 0x0, 0x0, 0x0,
    0x0, 0x0, 0x6f, 0x70, 0x0, 0x0, 0x1, 0xfd,
    0x6f, 0x70, 0x0, 0x0, 0x1, 0xfd, 0x6f, 0x70,
    0x0, 0x0, 0x1, 0xfd, 0x6f, 0x70, 0x0, 0x0,
    0x1, 0xfd, 0x6f, 0x70, 0x0, 0x0, 0x1, 0xfd,
    0x6f, 0x70, 0x0, 0x0, 0x1, 0xfd, 0x6f, 0x70,
    0x0, 0x0, 0x1, 0xfd, 0x6f, 0x70, 0x0, 0x0,
    0x1, 0xfd, 0x6f, 0x70, 0x0, 0x0, 0x1, 0xfd,
    0x5f, 0x80, 0x0, 0x0, 0x1, 0xfc, 0x4f, 0x90,
    0x0, 0x0, 0x3, 0xfb, 0x1f, 0xe0, 0x0, 0x0,
    0x8, 0xf8, 0xb, 0xfa, 0x10, 0x0, 0x5f, 0xf2,
    0x1, 0xef, 0xfd, 0xce, 0xff, 0x60, 0x0, 0x18,
    0xdf, 0xfe, 0xa3, 0x0,

    /* U+016B "ū" */
    0x9, 0xff, 0xff, 0xf8, 0x0, 0x48, 0x88, 0x88,
    0x40, 0x0, 0x0, 0x0, 0x0, 0x0, 0x0, 0x0,
    0x0, 0x0, 0xbf, 0x10, 0x0, 0xf, 0xbb, 0xf1,
    0x0, 0x0, 0xfb, 0xbf, 0x10, 0x0, 0xf, 0xbb,
    0xf1, 0x0, 0x0, 0xfb, 0xbf, 0x10, 0x0, 0xf,
    0xbb, 0xf1, 0x0, 0x0, 0xfb, 0xaf, 0x10, 0x0,
    0x1f, 0xba, 0xf2, 0x0, 0x3, 0xfb, 0x7f, 0x70,
    0x0, 0xbf, 0xb2, 0xff, 0xba, 0xec, 0xdb, 0x3,
    0xbf, 0xe9, 0x1d, 0xb0,

    /* U+016C "Ŭ" */
    0x0, 0xa, 0xb1, 0x18, 0xd0, 0x0, 0x0, 0x1,
    0xcf, 0xfe, 0x30, 0x0, 0x0, 0x0, 0x2, 0x20,
    0x0, 0x0, 0x0, 0x0, 0x0, 0x0, 0x0, 0x0,
    0x6f, 0x70, 0x0, 0x0, 0x1, 0xfd, 0x6f, 0x70,
    0x0, 0x0, 0x1, 0xfd, 0x6f, 0x70, 0x0, 0x0,
    0x1, 0xfd, 0x6f, 0x70, 0x0, 0x0, 0x1, 0xfd,
    0x6f, 0x70, 0x0, 0x0, 0x1, 0xfd, 0x6f, 0x70,
    0x0, 0x0, 0x1, 0xfd, 0x6f, 0x70, 0x0, 0x0,
    0x1, 0xfd, 0x6f, 0x70, 0x0, 0x0, 0x1, 0xfd,
    0x6f, 0x70, 0x0, 0x0, 0x1, 0xfd, 0x5f, 0x80,
    0x0, 0x0, 0x1, 0xfc, 0x4f, 0x90, 0x0, 0x0,
    0x3, 0xfb, 0x1f, 0xe0, 0x0, 0x0, 0x8, 0xf8,
    0xb, 0xfa, 0x10, 0x0, 0x5f, 0xf2, 0x1, 0xef,
    0xfd, 0xce, 0xff, 0x60, 0x0, 0x18, 0xdf, 0xfe,
    0xa3, 0x0,

    /* U+016D "ŭ" */
    0x3, 0xf4, 0x3, 0xf4, 0x0, 0x7, 0xff, 0xf9,
    0x0, 0x0, 0x1, 0x21, 0x0, 0x0, 0x0, 0x0,
    0x0, 0x0, 0xbf, 0x10, 0x0, 0xf, 0xbb, 0xf1,
    0x0, 0x0, 0xfb, 0xbf, 0x10, 0x0, 0xf, 0xbb,
    0xf1, 0x0, 0x0, 0xfb, 0xbf, 0x10, 0x0, 0xf,
    0xbb, 0xf1, 0x0, 0x0, 0xfb, 0xaf, 0x10, 0x0,
    0x1f, 0xba, 0xf2, 0x0, 0x3, 0xfb, 0x7f, 0x70,
    0x0, 0xbf, 0xb2, 0xff, 0xba, 0xec, 0xdb, 0x3,
    0xbf, 0xe9, 0x1d, 0xb0,

    /* U+016E "Ů" */
    0x0, 0x0, 0x1a, 0xb2, 0x0, 0x0, 0x0, 0x0,
    0x93, 0x1b, 0x0, 0x0, 0x0, 0x0, 0x93, 0x1b,
    0x0, 0x0, 0x0, 0x0, 0x1a, 0xb2, 0x0, 0x0,
    0x0, 0x0, 0x0, 0x0, 0x0, 0x0, 0x6f, 0x70,
    0x0, 0x0, 0x1, 0xfd, 0x6f, 0x70, 0x0, 0x0,
    0x1, 0xfd, 0x6f, 0x70, 0x0, 0x0, 0x1, 0xfd,
    0x6f, 0x70, 0x0, 0x0, 0x1, 0xfd, 0x6f, 0x70,
    0x0, 0x0, 0x1, 0xfd, 0x6f, 0x70, 0x0, 0x0,
    0x1, 0xfd, 0x6f, 0x70, 0x0, 0x0, 0x1, 0xfd,
    0x6f, 0x70, 0x0, 0x0, 0x1, 0xfd, 0x6f, 0x70,
    0x0, 0x0, 0x1, 0xfd, 0x5f, 0x80, 0x0, 0x0,
    0x1, 0xfc, 0x4f, 0x90, 0x0, 0x0, 0x3, 0xfb,
    0x1f, 0xe0, 0x0, 0x0, 0x8, 0xf8, 0xb, 0xfa,
    0x10, 0x0, 0x5f, 0xf2, 0x1, 0xef, 0xfd, 0xce,
    0xff, 0x60, 0x0, 0x18, 0xdf, 0xfe, 0xa3, 0x0,

    /* U+016F "ů" */
    0x0, 0x6, 0xb7, 0x0, 0x0, 0x2, 0xa0, 0x92,
    0x0, 0x0, 0x2a, 0x9, 0x20, 0x0, 0x0, 0x7b,
    0x70, 0x0, 0x0, 0x0, 0x0, 0x0, 0xb, 0xf1,
    0x0, 0x0, 0xfb, 0xbf, 0x10, 0x0, 0xf, 0xbb,
    0xf1, 0x0, 0x0, 0xfb, 0xbf, 0x10, 0x0, 0xf,
    0xbb, 0xf1, 0x0, 0x0, 0xfb, 0xbf, 0x10, 0x0,
    0xf, 0xba, 0xf1, 0x0, 0x1, 0xfb, 0xaf, 0x20,
    0x0, 0x3f, 0xb7, 0xf7, 0x0, 0xb, 0xfb, 0x2f,
    0xfb, 0xae, 0xcd, 0xb0, 0x3b, 0xfe, 0x91, 0xdb,

    /* U+0170 "Ű" */
    0x0, 0x0, 0xaf, 0x75, 0xfc, 0x0, 0x0, 0x2,
    0xfb, 0xd, 0xe1, 0x0, 0x0, 0x7, 0xc1, 0x3d,
    0x40, 0x0, 0x0, 0x0, 0x0, 0x0, 0x0, 0x0,
    0x6f, 0x70, 0x0, 0x0, 0x1, 0xfd, 0x6f, 0x70,
    0x0, 0x0, 0x1, 0xfd, 0x6f, 0x70, 0x0, 0x0,
    0x1, 0xfd, 0x6f, 0x70, 0x0, 0x0, 0x1, 0xfd,
    0x6f, 0x70, 0x0, 0x0, 0x1, 0xfd, 0x6f, 0x70,
    0x0, 0x0, 0x1, 0xfd, 0x6f, 0x70, 0x0, 0x0,
    0x1, 0xfd, 0x6f, 0x70, 0x0, 0x0, 0x1, 0xfd,
    0x6f, 0x70, 0x0, 0x0, 0x1, 0xfd, 0x5f, 0x80,
    0x0, 0x0, 0x1, 0xfc, 0x4f, 0x90, 0x0, 0x0,
    0x3, 0xfb, 0x1f, 0xe0, 0x0, 0x0, 0x8, 0xf8,
    0xb, 0xfa, 0x10, 0x0, 0x5f, 0xf2, 0x1, 0xef,
    0xfd, 0xce, 0xff, 0x60, 0x0, 0x18, 0xdf, 0xfe,
    0xa3, 0x0,

    /* U+0171 "ű" */
    0x0, 0x7f, 0xb2, 0xfe, 0x10, 0xe, 0xe1, 0x9f,
    0x40, 0x4, 0xd3, 0xd, 0x70, 0x0, 0x0, 0x0,
    0x0, 0x0, 0xbf, 0x10, 0x0, 0xf, 0xbb, 0xf1,
    0x0, 0x0, 0xfb, 0xbf, 0x10, 0x0, 0xf, 0xbb,
    0xf1, 0x0, 0x0, 0xfb, 0xbf, 0x10, 0x0, 0xf,
    0xbb, 0xf1, 0x0, 0x0, 0xfb, 0xaf, 0x10, 0x0,
    0x1f, 0xba, 0xf2, 0x0, 0x3, 0xfb, 0x7f, 0x70,
    0x0, 0xbf, 0xb2, 0xff, 0xba, 0xec, 0xdb, 0x3,
    0xbf, 0xe9, 0x1d, 0xb0,

    /* U+0172 "Ų" */
    0x6f, 0x70, 0x0, 0x0, 0x1, 0xfd, 0x6f, 0x70,
    0x0, 0x0, 0x1, 0xfd, 0x6f, 0x70, 0x0, 0x0,
    0x1, 0xfd, 0x6f, 0x70, 0x0, 0x0, 0x1, 0xfd,
    0x6f, 0x70, 0x0, 0x0, 0x1, 0xfd, 0x6f, 0x70,
    0x0, 0x0, 0x1, 0xfd, 0x6f, 0x70, 0x0, 0x0,
    0x1, 0xfd, 0x6f, 0x70, 0x0, 0x0, 0x1, 0xfd,
    0x6f, 0x70, 0x0, 0x0, 0x1, 0xfd, 0x6f, 0x80,
    0x0, 0x0, 0x1, 0xfc, 0x4f, 0x90, 0x0, 0x0,
    0x3, 0xfb, 0x1f, 0xe0, 0x0, 0x0, 0x8, 0xf8,
    0xb, 0xfa, 0x10, 0x0, 0x5f, 0xf2, 0x1, 0xef,
    0xfd, 0xce, 0xff, 0x60, 0x0, 0x18, 0xcf, 0xfe,
    0xb4, 0x0, 0x0, 0x0, 0xd, 0x50, 0x0, 0x0,
    0x0, 0x0, 0xf, 0x50, 0x0, 0x0, 0x0, 0x0,
    0xd, 0xd6, 0x83, 0x0, 0x0, 0x0, 0x4, 0xdf,
    0xb2, 0x0,

    /* U+0173 "ų" */
    0xbf, 0x10, 0x0, 0xf, 0xb0, 0xb, 0xf1, 0x0,
    0x0, 0xfb, 0x0, 0xbf, 0x10, 0x0, 0xf, 0xb0,
    0xb, 0xf1, 0x0, 0x0, 0xfb, 0x0, 0xbf, 0x10,
    0x0, 0xf, 0xb0, 0xb, 0xf1, 0x0, 0x0, 0xfb,
    0x0, 0xaf, 0x10, 0x0, 0x1f, 0xb0, 0xa, 0xf2,
    0x0, 0x3, 0xfb, 0x0, 0x7f, 0x70, 0x0, 0xbf,
    0xb0, 0x2, 0xff, 0xba, 0xec, 0xdb, 0x0, 0x3,
    0xbf, 0xe9, 0x1d, 0xb0, 0x0, 0x0, 0x0, 0x1,
    0xe1, 0x0, 0x0, 0x0, 0x0, 0x6c, 0x0, 0x0,
    0x0, 0x0, 0x6, 0xf7, 0x71, 0x0, 0x0, 0x0,
    0xb, 0xfc, 0x0,

    /* U+0174 "Ŵ" */
    0x0, 0x0, 0x0, 0x0, 0xdf, 0xa0, 0x0, 0x0,
    0x0, 0x0, 0x0, 0x0, 0x0, 0x9f, 0x9f, 0x60,
    0x0, 0x0, 0x0, 0x0, 0x0, 0x0, 0x4f, 0xa0,
    0xcf, 0x20, 0x0, 0x0, 0x0, 0x0, 0x0, 0x0,
    0x0, 0x0, 0x0, 0x0, 0x0, 0x0, 0xaf, 0x40,
    0x0, 0x0, 0xcf, 0xc0, 0x0, 0x0, 0x5f, 0x85,
    0xf8, 0x0, 0x0, 0x1f, 0xff, 0x0, 0x0, 0x9,
    0xf4, 0x1f, 0xb0, 0x0, 0x5, 0xfa, 0xf4, 0x0,
    0x0, 0xdf, 0x0, 0xdf, 0x0, 0x0, 0x9f, 0x3f,
    0x90, 0x0, 0x1f, 0xb0, 0x9, 0xf3, 0x0, 0xe,
    0xc0, 0xdd, 0x0, 0x4, 0xf7, 0x0, 0x5f, 0x60,
    0x2, 0xf8, 0x9, 0xf1, 0x0, 0x8f, 0x30, 0x1,
    0xfa, 0x0, 0x6f, 0x40, 0x5f, 0x60, 0xc, 0xe0,
    0x0, 0xd, 0xe0, 0xb, 0xf0, 0x1, 0xfa, 0x0,
    0xfa, 0x0, 0x0, 0x9f, 0x10, 0xfb, 0x0, 0xd,
    0xe0, 0x3f, 0x60, 0x0, 0x5, 0xf5, 0x4f, 0x70,
    0x0, 0x8f, 0x27, 0xf2, 0x0, 0x0, 0x1f, 0x88,
    0xf2, 0x0, 0x4, 0xf5, 0xbe, 0x0, 0x0, 0x0,
    0xdc, 0xbe, 0x0, 0x0, 0xf, 0x8e, 0xa0, 0x0,
    0x0, 0x9, 0xee, 0xa0, 0x0, 0x0, 0xcd, 0xf5,
    0x0, 0x0, 0x0, 0x5f, 0xf6, 0x0, 0x0, 0x7,
    0xff, 0x10, 0x0, 0x0, 0x1, 0xff, 0x10, 0x0,
    0x0, 0x3f, 0xd0, 0x0, 0x0,

    /* U+0175 "ŵ" */
    0x0, 0x0, 0x2, 0xff, 0x80, 0x0, 0x0, 0x0,
    0x0, 0x1, 0xde, 0x7f, 0x60, 0x0, 0x0, 0x0,
    0x0, 0x5a, 0x30, 0x89, 0x10, 0x0, 0x0, 0x0,
    0x0, 0x0, 0x0, 0x0, 0x0, 0x0, 0xcf, 0x10,
    0x0, 0xcf, 0x40, 0x0, 0x8f, 0x37, 0xf4, 0x0,
    0xf, 0xf8, 0x0, 0xc, 0xe0, 0x2f, 0x90, 0x4,
    0xff, 0xc0, 0x1, 0xf9, 0x0, 0xed, 0x0, 0x8f,
    0xaf, 0x0, 0x5f, 0x40, 0x9, 0xf1, 0xc, 0xb6,
    0xf4, 0xa, 0xf0, 0x0, 0x5f, 0x50, 0xf7, 0x2f,
    0x80, 0xeb, 0x0, 0x0, 0xf9, 0x4f, 0x30, 0xec,
    0x3f, 0x60, 0x0, 0xb, 0xd8, 0xf0, 0xa, 0xf7,
    0xf1, 0x0, 0x0, 0x7f, 0xeb, 0x0, 0x5f, 0xed,
    0x0, 0x0, 0x2, 0xff, 0x70, 0x1, 0xff, 0x80,
    0x0, 0x0, 0xd, 0xf3, 0x0, 0xd, 0xf3, 0x0,
    0x0,

    /* U+0176 "Ŷ" */
    0x0, 0x0, 0xa, 0xfd, 0x0, 0x0, 0x0, 0x0,
    0x0, 0x6f, 0x9f, 0xa0, 0x0, 0x0, 0x0, 0x2,
    0xfd, 0x8, 0xf5, 0x0, 0x0, 0x0, 0x0, 0x0,
    0x0, 0x0, 0x0, 0x0, 0x9f, 0xb0, 0x0, 0x0,
    0x0, 0x4f, 0xd0, 0xe, 0xf5, 0x0, 0x0, 0x0,
    0xef, 0x30, 0x5, 0xfe, 0x0, 0x0, 0x8, 0xf9,
    0x0, 0x0, 0xaf, 0x90, 0x0, 0x3f, 0xd0, 0x0,
    0x0, 0x1e, 0xf3, 0x0, 0xcf, 0x40, 0x0, 0x0,
    0x6, 0xfc, 0x6, 0xf9, 0x0, 0x0, 0x0, 0x0,
    0xcf, 0x7e, 0xe0, 0x0, 0x0, 0x0, 0x0, 0x2f,
    0xff, 0x40, 0x0, 0x0, 0x0, 0x0, 0x8, 0xfa,
    0x0, 0x0, 0x0, 0x0, 0x0, 0x6, 0xf8, 0x0,
    0x0, 0x0, 0x0, 0x0, 0x6, 0xf8, 0x0, 0x0,
    0x0, 0x0, 0x0, 0x6, 0xf8, 0x0, 0x0, 0x0,
    0x0, 0x0, 0x6, 0xf8, 0x0, 0x0, 0x0, 0x0,
    0x0, 0x6, 0xf8, 0x0, 0x0, 0x0, 0x0, 0x0,
    0x6, 0xf8, 0x0, 0x0, 0x0,

    /* U+0177 "ŷ" */
    0x0, 0x3, 0xff, 0x80, 0x0, 0x0, 0x1e, 0xd8,
    0xf5, 0x0, 0x0, 0x6a, 0x30, 0x89, 0x0, 0x0,
    0x0, 0x0, 0x0, 0x0, 0x7f, 0x60, 0x0, 0x1,
    0xfa, 0x2f, 0xb0, 0x0, 0x7, 0xf4, 0xc, 0xf1,
    0x0, 0xd, 0xe0, 0x6, 0xf7, 0x0, 0x2f, 0x90,
    0x0, 0xfc, 0x0, 0x8f, 0x30, 0x0, 0xaf, 0x20,
    0xed, 0x0, 0x0, 0x4f, 0x73, 0xf7, 0x0, 0x0,
    0xe, 0xd8, 0xf1, 0x0, 0x0, 0x8, 0xfd, 0xb0,
    0x0, 0x0, 0x2, 0xff, 0x50, 0x0, 0x0, 0x0,
    0xdf, 0x0, 0x0, 0x0, 0x1, 0xfa, 0x0, 0x0,
    0x0, 0x8, 0xf4, 0x0, 0x0, 0xc, 0xdf, 0xb0,
    0x0, 0x0, 0xb, 0xfb, 0x10, 0x0, 0x0,

    /* U+0178 "Ÿ" */
    0x0, 0x0, 0x10, 0x0, 0x10, 0x0, 0x0, 0x0,
    0x0, 0xfc, 0x6, 0xf6, 0x0, 0x0, 0x0, 0x0,
    0xfc, 0x6, 0xf6, 0x0, 0x0, 0x0, 0x0, 0x0,
    0x0, 0x0, 0x0, 0x0, 0x9f, 0xb0, 0x0, 0x0,
    0x0, 0x4f, 0xd0, 0xe, 0xf5, 0x0, 0x0, 0x0,
    0xef, 0x30, 0x5, 0xfe, 0x0, 0x0, 0x8, 0xf9,
    0x0, 0x0, 0xaf, 0x90, 0x0, 0x3f, 0xd0, 0x0,
    0x0, 0x1e, 0xf3, 0x0, 0xcf, 0x40, 0x0, 0x0,
    0x6, 0xfc, 0x6, 0xf9, 0x0, 0x0, 0x0, 0x0,
    0xcf, 0x7e, 0xe0, 0x0, 0x0, 0x0, 0x0, 0x2f,
    0xff, 0x40, 0x0, 0x0, 0x0, 0x0, 0x8, 0xfa,
    0x0, 0x0, 0x0, 0x0, 0x0, 0x6, 0xf8, 0x0,
    0x0, 0x0, 0x0, 0x0, 0x6, 0xf8, 0x0, 0x0,
    0x0, 0x0, 0x0, 0x6, 0xf8, 0x0, 0x0, 0x0,
    0x0, 0x0, 0x6, 0xf8, 0x0, 0x0, 0x0, 0x0,
    0x0, 0x6, 0xf8, 0x0, 0x0, 0x0, 0x0, 0x0,
    0x6, 0xf8, 0x0, 0x0, 0x0,

    /* U+0179 "Ź" */
    0x0, 0x0, 0x1, 0xff, 0x20, 0x0, 0x0, 0x0,
    0x8, 0xf5, 0x0, 0x0, 0x0, 0x0, 0xc, 0x80,
    0x0, 0x0, 0x0, 0x0, 0x0, 0x0, 0x0, 0x0,
    0xd, 0xff, 0xff, 0xff, 0xff, 0xf7, 0x9, 0xcc,
    0xcc, 0xcc, 0xcf, 0xf6, 0x0, 0x0, 0x0, 0x0,
    0x7f, 0xd0, 0x0, 0x0, 0x0, 0x4, 0xff, 0x20,
    0x0, 0x0, 0x0, 0x1e, 0xf5, 0x0, 0x0, 0x0,
    0x0, 0xcf, 0x80, 0x0, 0x0, 0x0, 0x9, 0xfc,
    0x0, 0x0, 0x0, 0x0, 0x5f, 0xe1, 0x0, 0x0,
    0x0, 0x2, 0xff, 0x30, 0x0, 0x0, 0x0, 0xd,
    0xf7, 0x0, 0x0, 0x0, 0x0, 0x9f, 0xa0, 0x0,
    0x0, 0x0, 0x6, 0xfd, 0x0, 0x0, 0x0, 0x0,
    0x2f, 0xf2, 0x0, 0x0, 0x0, 0x0, 0xaf, 0xec,
    0xcc, 0xcc, 0xcc, 0xc8, 0xaf, 0xff, 0xff, 0xff,
    0xff, 0xfb,

    /* U+017A "ź" */
    0x0, 0x0, 0x5f, 0xc0, 0x0, 0x0, 0x0, 0xce,
    0x10, 0x0, 0x0, 0x3, 0xd4, 0x0, 0x0, 0x0,
    0x0, 0x0, 0x0, 0x0, 0x3f, 0xff, 0xff, 0xff,
    0xf4, 0x17, 0x77, 0x77, 0x9f, 0xe1, 0x0, 0x0,
    0x0, 0xcf, 0x30, 0x0, 0x0, 0xa, 0xf6, 0x0,
    0x0, 0x0, 0x7f, 0xa0, 0x0, 0x0, 0x4, 0xfc,
    0x0, 0x0, 0x0, 0x2f, 0xe1, 0x0, 0x0, 0x1,
    0xdf, 0x40, 0x0, 0x0, 0xb, 0xf7, 0x0, 0x0,
    0x0, 0x7f, 0xe8, 0x88, 0x88, 0x85, 0x9f, 0xff,
    0xff, 0xff, 0xf9,

    /* U+017B "Ż" */
    0x0, 0x0, 0x0, 0x10, 0x0, 0x0, 0x0, 0x0,
    0xa, 0xf2, 0x0, 0x0, 0x0, 0x0, 0xa, 0xf2,
    0x0, 0x0, 0x0, 0x0, 0x0, 0x0, 0x0, 0x0,
    0xd, 0xff, 0xff, 0xff, 0xff, 0xf7, 0x9, 0xcc,
    0xcc, 0xcc, 0xcf, 0xf6, 0x0, 0x0, 0x0, 0x0,
    0x7f, 0xd0, 0x0, 0x0, 0x0, 0x4, 0xff, 0x20,
    0x0, 0x0, 0x0, 0x1e, 0xf5, 0x0, 0x0, 0x0,
    0x0, 0xcf, 0x80, 0x0, 0x0, 0x0, 0x9, 0xfc,
    0x0, 0x0, 0x0, 0x0, 0x5f, 0xe1, 0x0, 0x0,
    0x0, 0x2, 0xff, 0x30, 0x0, 0x0, 0x0, 0xd,
    0xf7, 0x0, 0x0, 0x0, 0x0, 0x9f, 0xa0, 0x0,
    0x0, 0x0, 0x6, 0xfd, 0x0, 0x0, 0x0, 0x0,
    0x2f, 0xf2, 0x0, 0x0, 0x0, 0x0, 0xaf, 0xec,
    0xcc, 0xcc, 0xcc, 0xc8, 0xaf, 0xff, 0xff, 0xff,
    0xff, 0xfb,

    /* U+017C "ż" */
    0x0, 0x0, 0xdf, 0x0, 0x0, 0x0, 0x0, 0xdf,
    0x0, 0x0, 0x0, 0x0, 0x11, 0x0, 0x0, 0x0,
    0x0, 0x0, 0x0, 0x0, 0x3f, 0xff, 0xff, 0xff,
    0xf4, 0x17, 0x77, 0x77, 0x9f, 0xe1, 0x0, 0x0,
    0x0, 0xcf, 0x30, 0x0, 0x0, 0xa, 0xf6, 0x0,
    0x0, 0x0, 0x7f, 0xa0, 0x0, 0x0, 0x4, 0xfc,
    0x0, 0x0, 0x0, 0x2f, 0xe1, 0x0, 0x0, 0x1,
    0xdf, 0x40, 0x0, 0x0, 0xb, 0xf7, 0x0, 0x0,
    0x0, 0x7f, 0xe8, 0x88, 0x88, 0x85, 0x9f, 0xff,
    0xff, 0xff, 0xf9,

    /* U+017D "Ž" */
    0x0, 0x6, 0xf7, 0xe, 0xe1, 0x0, 0x0, 0x0,
    0xaf, 0xaf, 0x50, 0x0, 0x0, 0x0, 0x1e, 0xf9,
    0x0, 0x0, 0x0, 0x0, 0x0, 0x0, 0x0, 0x0,
    0xd, 0xff, 0xff, 0xff, 0xff, 0xf7, 0x9, 0xcc,
    0xcc, 0xcc, 0xcf, 0xf6, 0x0, 0x0, 0x0, 0x0,
    0x7f, 0xd0, 0x0, 0x0, 0x0, 0x4, 0xff, 0x20,
    0x0, 0x0, 0x0, 0x1e, 0xf5, 0x0, 0x0, 0x0,
    0x0, 0xcf, 0x80, 0x0, 0x0, 0x0, 0x9, 0xfc,
    0x0, 0x0, 0x0, 0x0, 0x5f, 0xe1, 0x0, 0x0,
    0x0, 0x2, 0xff, 0x30, 0x0, 0x0, 0x0, 0xd,
    0xf7, 0x0, 0x0, 0x0, 0x0, 0x9f, 0xa0, 0x0,
    0x0, 0x0, 0x6, 0xfd, 0x0, 0x0, 0x0, 0x0,
    0x2f, 0xf2, 0x0, 0x0, 0x0, 0x0, 0xaf, 0xec,
    0xcc, 0xcc, 0xcc, 0xc8, 0xaf, 0xff, 0xff, 0xff,
    0xff, 0xfb,

    /* U+017E "ž" */
    0x0, 0xaf, 0x44, 0xfa, 0x0, 0x0, 0xc, 0xde,
    0xd0, 0x0, 0x0, 0x1, 0x99, 0x20, 0x0, 0x0,
    0x0, 0x0, 0x0, 0x0, 0x3f, 0xff, 0xff, 0xff,
    0xf4, 0x17, 0x77, 0x77, 0x9f, 0xe1, 0x0, 0x0,
    0x0, 0xcf, 0x30, 0x0, 0x0, 0xa, 0xf6, 0x0,
    0x0, 0x0, 0x7f, 0xa0, 0x0, 0x0, 0x4, 0xfc,
    0x0, 0x0, 0x0, 0x2f, 0xe1, 0x0, 0x0, 0x1,
    0xdf, 0x40, 0x0, 0x0, 0xb, 0xf7, 0x0, 0x0,
    0x0, 0x7f, 0xe8, 0x88, 0x88, 0x85, 0x9f, 0xff,
    0xff, 0xff, 0xf9,

    /* U+017F "ſ" */
    0x8, 0xef, 0xa6, 0xfe, 0xb7, 0x9f, 0x30, 0xa,
    0xf1, 0x0, 0xaf, 0x10, 0xa, 0xf1, 0x0, 0xaf,
    0x10, 0xa, 0xf1, 0x0, 0xaf, 0x10, 0xa, 0xf1,
    0x0, 0xaf, 0x10, 0xa, 0xf1, 0x0, 0xaf, 0x10,
    0xa, 0xf1, 0x0, 0xaf, 0x10, 0x0,

    /* U+0180 "ƀ" */
    0x0, 0xbf, 0x10, 0x0, 0x0, 0x0, 0x4f, 0xff,
    0xff, 0xd0, 0x0, 0x0, 0x28, 0xdf, 0x88, 0x60,
    0x0, 0x0, 0x0, 0xbf, 0x10, 0x0, 0x0, 0x0,
    0x0, 0xbf, 0x3b, 0xff, 0xa2, 0x0, 0x0, 0xbf,
    0xed, 0x8a, 0xfe, 0x20, 0x0, 0xbf, 0xc0, 0x0,
    0x5f, 0xb0, 0x0, 0xbf, 0x40, 0x0, 0xc, 0xf1,
    0x0, 0xbf, 0x0, 0x0, 0x9, 0xf3, 0x0, 0xbf,
    0x0, 0x0, 0x8, 0xf4, 0x0, 0xbf, 0x0, 0x0,
    0x9, 0xf3, 0x0, 0xbf, 0x20, 0x0, 0xd, 0xf0,
    0x0, 0xbf, 0xb0, 0x0, 0x6f, 0xa0, 0x0, 0xbf,
    0xed, 0x9b, 0xfd, 0x10, 0x0, 0xbf, 0x2b, 0xfe,
    0x91, 0x0,

    /* U+0181 "Ɓ" */
    0x4d, 0xff, 0xff, 0xff, 0xfe, 0xa3, 0x0, 0xdf,
    0xcf, 0xfc, 0xcc, 0xce, 0xff, 0x30, 0xfb, 0x1f,
    0xd0, 0x0, 0x0, 0x6f, 0xc0, 0xd8, 0x1f, 0xd0,
    0x0, 0x0, 0xe, 0xf0, 0x0, 0x1f, 0xd0, 0x0,
    0x0, 0xd, 0xf0, 0x0, 0x1f, 0xd0, 0x0, 0x0,
    0x5f, 0x90, 0x0, 0x1f, 0xfc, 0xcc, 0xce, 0xfb,
    0x0, 0x0, 0x1f, 0xff, 0xff, 0xff, 0xfc, 0x30,
    0x0, 0x1f, 0xd0, 0x0, 0x1, 0x6f, 0xf2, 0x0,
    0x1f, 0xd0, 0x0, 0x0, 0x7, 0xf9, 0x0, 0x1f,
    0xd0, 0x0, 0x0, 0x4, 0xfb, 0x0, 0x1f, 0xd0,
    0x0, 0x0, 0x6, 0xfa, 0x0, 0x1f, 0xd0, 0x0,
    0x0, 0x2d, 0xf5, 0x0, 0x1f, 0xfc, 0xcc, 0xcd,
    0xff, 0xb0, 0x0, 0x1f, 0xff, 0xff, 0xfe, 0xc6,
    0x0,

    /* U+0182 "Ƃ" */
    0x6f, 0xff, 0xff, 0xff, 0xfe, 0x0, 0x6f, 0xdb,
    0xbb, 0xbb, 0xba, 0x0, 0x6f, 0x80, 0x0, 0x0,
    0x0, 0x0, 0x6f, 0x80, 0x0, 0x0, 0x0, 0x0,
    0x6f, 0x80, 0x0, 0x0, 0x0, 0x0, 0x6f, 0x80,
    0x0, 0x0, 0x0, 0x0, 0x6f, 0xec, 0xcc, 0xba,
    0x71, 0x0, 0x6f, 0xff, 0xff, 0xff, 0xfe, 0x30,
    0x6f, 0x80, 0x0, 0x3, 0xaf, 0xe0, 0x6f, 0x80,
    0x0, 0x0, 0xe, 0xf4, 0x6f, 0x80, 0x0, 0x0,
    0xb, 0xf6, 0x6f, 0x80, 0x0, 0x0, 0xc, 0xf4,
    0x6f, 0x80, 0x0, 0x0, 0x5f, 0xf0, 0x6f, 0xdb,
    0xbb, 0xbd, 0xff, 0x60, 0x6f, 0xff, 0xff, 0xfe,
    0xb4, 0x0,

    /* U+0183 "ƃ" */
    0xbf, 0xff, 0xff, 0xff, 0xf3, 0xbf, 0x87, 0x77,
    0x77, 0x71, 0xbf, 0x10, 0x0, 0x0, 0x0, 0xbf,
    0x10, 0x0, 0x0, 0x0, 0xbf, 0x3b, 0xff, 0xa2,
    0x0, 0xbf, 0xed, 0x8a, 0xfe, 0x20, 0xbf, 0xc0,
    0x0, 0x5f, 0xb0, 0xbf, 0x40, 0x0, 0xc, 0xf1,
    0xbf, 0x0, 0x0, 0x9, 0xf3, 0xbf, 0x0, 0x0,
    0x8, 0xf4, 0xbf, 0x0, 0x0, 0x9, 0xf3, 0xbf,
    0x20, 0x0, 0xd, 0xf0, 0xbf, 0xb0, 0x0, 0x6f,
    0xa0, 0xbf, 0xed, 0x9b, 0xfd, 0x10, 0xbf, 0x2b,
    0xfe, 0x91, 0x0,

    /* U+0184 "Ƅ" */
    0xaf, 0x10, 0x0, 0x0, 0x0, 0xaf, 0x10, 0x0,
    0x0, 0x0, 0xaf, 0x10, 0x0, 0x0, 0x0, 0xaf,
    0x10, 0x0, 0x0, 0x0, 0xaf, 0x10, 0x0, 0x0,
    0x0, 0xaf, 0x10, 0x0, 0x0, 0x0, 0xaf, 0xff,
    0xff, 0xc5, 0x0, 0xaf, 0xa9, 0x9b, 0xef, 0x70,
    0xaf, 0x10, 0x0, 0x1e, 0xf1, 0xaf, 0x10, 0x0,
    0x9, 0xf4, 0x9f, 0x20, 0x0, 0x7, 0xf4, 0x7f,
    0x50, 0x0, 0x9, 0xf2, 0x2f, 0xd1, 0x0, 0xe,
    0xe0, 0x8, 0xfd, 0x98, 0xdf, 0x70, 0x0, 0x6d,
    0xff, 0xc6, 0x0,

    /* U+0185 "ƅ" */
    0xaf, 0x10, 0x0, 0x0, 0x0, 0xaf, 0x10, 0x0,
    0x0, 0x0, 0xaf, 0x10, 0x0, 0x0, 0x0, 0xaf,
    0x10, 0x0, 0x0, 0x0, 0xaf, 0x3a, 0xff, 0xb2,
    0x0, 0xaf, 0xed, 0x89, 0xff, 0x20, 0xaf, 0xd0,
    0x0, 0x4f, 0xb0, 0xaf, 0x50, 0x0, 0xc, 0xf1,
    0xaf, 0x10, 0x0, 0x9, 0xf4, 0xaf, 0x0, 0x0,
    0x7, 0xf5, 0x9f, 0x10, 0x0, 0x9, 0xf4, 0x7f,
    0x40, 0x0, 0xc, 0xf1, 0x2f, 0xc0, 0x0, 0x5f,
    0xa0, 0x8, 0xfd, 0x8a, 0xfe, 0x10, 0x0, 0x6c,
    0xfe, 0xa1, 0x0,

    /* U+0186 "Ɔ" */
    0x0, 0x2, 0x9e, 0xfe, 0xc6, 0x0, 0x0, 0x0,
    0x5f, 0xfe, 0xbc, 0xff, 0xd2, 0x0, 0x3, 0xff,
    0x50, 0x0, 0x8, 0xfd, 0x10, 0xb, 0xf7, 0x0,
    0x0, 0x0, 0x9f, 0x90, 0x5, 0x90, 0x0, 0x0,
    0x0, 0x1f, 0xf0, 0x0, 0x0, 0x0, 0x0, 0x0,
    0xb, 0xf3, 0x0, 0x0, 0x0, 0x0, 0x0, 0x9,
    0xf5, 0x0, 0x0, 0x0, 0x0, 0x0, 0x8, 0xf6,
    0x0, 0x0, 0x0, 0x0, 0x0, 0x9, 0xf5, 0x1,
    0x30, 0x0, 0x0, 0x0, 0xc, 0xf3, 0x1f, 0xe0,
    0x0, 0x0, 0x0, 0x1f, 0xe0, 0xb, 0xf7, 0x0,
    0x0, 0x0, 0x9f, 0x80, 0x3, 0xff, 0x60, 0x0,
    0x8, 0xfe, 0x10, 0x0, 0x5f, 0xfe, 0xbb, 0xff,
    0xe3, 0x0, 0x0, 0x2, 0x9e, 0xfe, 0xc8, 0x10,
    0x0,

    /* U+0187 "Ƈ" */
    0x0, 0x3, 0xae, 0xfe, 0xb3, 0x9, 0xef, 0x40,
    0x8, 0xff, 0xdb, 0xcf, 0xfa, 0xfe, 0xb2, 0x8,
    0xfd, 0x30, 0x0, 0x2c, 0xff, 0x70, 0x2, 0xfe,
    0x10, 0x0, 0x0, 0x1e, 0xf6, 0x0, 0x8f, 0x80,
    0x0, 0x0, 0x0, 0x67, 0x20, 0xc, 0xf3, 0x0,
    0x0, 0x0, 0x0, 0x0, 0x0, 0xef, 0x0, 0x0,
    0x0, 0x0, 0x0, 0x0, 0xf, 0xf0, 0x0, 0x0,
    0x0, 0x0, 0x0, 0x0, 0xef, 0x0, 0x0, 0x0,
    0x0, 0x0, 0x0, 0xc, 0xf3, 0x0, 0x0, 0x0,
    0x1, 0x20, 0x0, 0x8f, 0x70, 0x0, 0x0, 0x0,
    0x8f, 0x80, 0x2, 0xfe, 0x10, 0x0, 0x0, 0x1e,
    0xf2, 0x0, 0x8, 0xfd, 0x30, 0x0, 0x2c, 0xfa,
    0x0, 0x0, 0xa, 0xff, 0xdb, 0xdf, 0xfb, 0x0,
    0x0, 0x0, 0x4, 0xae, 0xff, 0xc6, 0x0, 0x0,
    0x0,

    /* U+0188 "ƈ" */
    0x0, 0x0, 0x0, 0x0, 0x0, 0x10, 0x0, 0x0,
    0x0, 0x0, 0x6f, 0xf7, 0x0, 0x19, 0xef, 0xec,
    0xee, 0x62, 0x1, 0xdf, 0xb8, 0xbf, 0xfa, 0x0,
    0x9, 0xf6, 0x0, 0x8, 0xfa, 0x0, 0xf, 0xe0,
    0x0, 0x1, 0x83, 0x0, 0x2f, 0xb0, 0x0, 0x0,
    0x0, 0x0, 0x3f, 0x90, 0x0, 0x0, 0x0, 0x0,
    0x2f, 0xb0, 0x0, 0x0, 0x0, 0x0, 0xf, 0xe0,
    0x0, 0x1, 0xfb, 0x0, 0x9, 0xf6, 0x0, 0x8,
    0xf6, 0x0, 0x1, 0xdf, 0xa8, 0xbf, 0xc0, 0x0,
    0x0, 0x19, 0xef, 0xd7, 0x0, 0x0,

    /* U+0189 "Ɖ" */
    0x6, 0xff, 0xff, 0xff, 0xea, 0x30, 0x0, 0x6,
    0xfe, 0xcc, 0xcd, 0xff, 0xf6, 0x0, 0x6, 0xf8,
    0x0, 0x0, 0x6, 0xff, 0x20, 0x6, 0xf8, 0x0,
    0x0, 0x0, 0x7f, 0xb0, 0x6, 0xf8, 0x0, 0x0,
    0x0, 0xe, 0xf1, 0x6, 0xf8, 0x0, 0x0, 0x0,
    0xb, 0xf4, 0x6, 0xf8, 0x0, 0x0, 0x0, 0x9,
    0xf6, 0xff, 0xff, 0xff, 0xf6, 0x0, 0x8, 0xf6,
    0xcd, 0xfe, 0xcc, 0xc4, 0x0, 0x9, 0xf6, 0x6,
    0xf8, 0x0, 0x0, 0x0, 0xb, 0xf3, 0x6, 0xf8,
    0x0, 0x0, 0x0, 0xf, 0xf0, 0x6, 0xf8, 0x0,
    0x0, 0x0, 0x7f, 0xa0, 0x6, 0xf8, 0x0, 0x0,
    0x6, 0xff, 0x20, 0x6, 0xfe, 0xcc, 0xcd, 0xff,
    0xf5, 0x0, 0x6, 0xff, 0xff, 0xff, 0xda, 0x20,
    0x0,

    /* U+018A "Ɗ" */
    0x4d, 0xff, 0xff, 0xff, 0xfe, 0xc6, 0x0, 0xd,
    0xfc, 0xff, 0xcc, 0xcc, 0xdf, 0xfb, 0x0, 0xfb,
    0x1f, 0xd0, 0x0, 0x0, 0x3d, 0xf8, 0xe, 0x81,
    0xfd, 0x0, 0x0, 0x0, 0x2f, 0xf1, 0x0, 0x1f,
    0xd0, 0x0, 0x0, 0x0, 0x9f, 0x60, 0x1, 0xfd,
    0x0, 0x0, 0x0, 0x5, 0xf9, 0x0, 0x1f, 0xd0,
    0x0, 0x0, 0x0, 0x4f, 0xb0, 0x1, 0xfd, 0x0,
    0x0, 0x0, 0x3, 0xfc, 0x0, 0x1f, 0xd0, 0x0,
    0x0, 0x0, 0x4f, 0xb0, 0x1, 0xfd, 0x0, 0x0,
    0x0, 0x5, 0xf9, 0x0, 0x1f, 0xd0, 0x0, 0x0,
    0x0, 0xaf, 0x50, 0x1, 0xfd, 0x0, 0x0, 0x0,
    0x2f, 0xf0, 0x0, 0x1f, 0xd0, 0x0, 0x0, 0x3d,
    0xf7, 0x0, 0x1, 0xff, 0xcc, 0xcc, 0xef, 0xfa,
    0x0, 0x0, 0x1f, 0xff, 0xff, 0xfe, 0xa4, 0x0,
    0x0,

    /* U+018B "Ƌ" */
    0x0, 0xcf, 0xff, 0xff, 0xff, 0xf8, 0x0, 0x9b,
    0xbb, 0xbb, 0xbd, 0xf8, 0x0, 0x0, 0x0, 0x0,
    0x6, 0xf8, 0x0, 0x0, 0x0, 0x0, 0x6, 0xf8,
    0x0, 0x0, 0x0, 0x0, 0x6, 0xf8, 0x0, 0x0,
    0x0, 0x0, 0x6, 0xf8, 0x0, 0x16, 0xab, 0xcc,
    0xcd, 0xf8, 0x2, 0xef, 0xff, 0xff, 0xff, 0xf8,
    0xc, 0xfb, 0x31, 0x0, 0x6, 0xf8, 0x2f, 0xf0,
    0x0, 0x0, 0x6, 0xf8, 0x4f, 0xc0, 0x0, 0x0,
    0x6, 0xf8, 0x3f, 0xe0, 0x0, 0x0, 0x6, 0xf8,
    0xe, 0xf7, 0x0, 0x0, 0x6, 0xf8, 0x4, 0xff,
    0xdb, 0xbb, 0xbd, 0xf8, 0x0, 0x3b, 0xef, 0xff,
    0xff, 0xf8,

    /* U+018C "ƌ" */
    0x1f, 0xff, 0xff, 0xff, 0xfd, 0x7, 0x77, 0x77,
    0x77, 0xfd, 0x0, 0x0, 0x0, 0x0, 0xfd, 0x0,
    0x0, 0x0, 0x0, 0xfd, 0x0, 0x1a, 0xef, 0xb2,
    0xfd, 0x1, 0xef, 0xb8, 0xce, 0xfd, 0x9, 0xf7,
    0x0, 0xb, 0xfd, 0xf, 0xe0, 0x0, 0x2, 0xfd,
    0x1f, 0xb0, 0x0, 0x0, 0xed, 0x2f, 0xa0, 0x0,
    0x0, 0xdd, 0x1f, 0xb0, 0x0, 0x0, 0xdd, 0xe,
    0xe0, 0x0, 0x1, 0xfd, 0x8, 0xf8, 0x0, 0x9,
    0xfd, 0x0, 0xcf, 0xc9, 0xcf, 0xed, 0x0, 0x8,
    0xef, 0xc3, 0xdd,

    /* U+018D "ƍ" */
    0x0, 0x19, 0xdf, 0xea, 0x20, 0x0, 0x1d, 0xfb,
    0x8a, 0xfe, 0x20, 0xa, 0xf6, 0x0, 0x5, 0xfc,
    0x0, 0xfd, 0x0, 0x0, 0xb, 0xf2, 0x3f, 0x90,
    0x0, 0x0, 0x7f, 0x54, 0xf8, 0x0, 0x0, 0x6,
    0xf6, 0x3f, 0x90, 0x0, 0x0, 0x7f, 0x50, 0xfd,
    0x0, 0x0, 0xb, 0xf2, 0x9, 0xf6, 0x0, 0x4,
    0xfc, 0x0, 0x1d, 0xfa, 0x79, 0xff, 0x30, 0x0,
    0x1b, 0xff, 0xfb, 0x20, 0x0, 0x0, 0x7, 0xfa,
    0x10, 0x0, 0x0, 0x0, 0x3, 0xde, 0x40, 0x0,
    0x8, 0x88, 0x88, 0xff, 0x90, 0x1, 0xff, 0xff,
    0xff, 0xfe, 0x0,

    /* U+018E "Ǝ" */
    0x9f, 0xff, 0xff, 0xff, 0xff, 0xc7, 0xcc, 0xcc,
    0xcc, 0xcc, 0xfc, 0x0, 0x0, 0x0, 0x0, 0x2f,
    0xc0, 0x0, 0x0, 0x0, 0x2, 0xfc, 0x0, 0x0,
    0x0, 0x0, 0x2f, 0xc0, 0x0, 0x0, 0x0, 0x2,
    0xfc, 0xc, 0xcc, 0xcc, 0xcc, 0xcf, 0xc1, 0xff,
    0xff, 0xff, 0xff, 0xfc, 0x0, 0x0, 0x0, 0x0,
    0x2f, 0xc0, 0x0, 0x0, 0x0, 0x2, 0xfc, 0x0,
    0x0, 0x0, 0x0, 0x2f, 0xc0, 0x0, 0x0, 0x0,
    0x2, 0xfc, 0x0, 0x0, 0x0, 0x0, 0x2f, 0xcb,
    0xcc, 0xcc, 0xcc, 0xcc, 0xfc, 0xff, 0xff, 0xff,
    0xff, 0xff, 0xc0,

    /* U+018F "Ə" */
    0x0, 0x1, 0x8d, 0xff, 0xc7, 0x0, 0x0, 0x0,
    0x3e, 0xfe, 0xcb, 0xff, 0xe3, 0x0, 0x1, 0xef,
    0x80, 0x0, 0x7, 0xfe, 0x10, 0x9, 0xf9, 0x0,
    0x0, 0x0, 0x8f, 0x90, 0xe, 0xf1, 0x0, 0x0,
    0x0, 0xe, 0xf0, 0x1, 0x40, 0x0, 0x0, 0x0,
    0xa, 0xf4, 0x0, 0x0, 0x0, 0x0, 0x0, 0x7,
    0xf6, 0x1f, 0xff, 0xff, 0xff, 0xff, 0xff, 0xf7,
    0xf, 0xfc, 0xcc, 0xcc, 0xcc, 0xcd, 0xf7, 0xe,
    0xe0, 0x0, 0x0, 0x0, 0x9, 0xf5, 0xb, 0xf2,
    0x0, 0x0, 0x0, 0xd, 0xf2, 0x5, 0xf9, 0x0,
    0x0, 0x0, 0x5f, 0xb0, 0x0, 0xcf, 0x80, 0x0,
    0x5, 0xff, 0x20, 0x0, 0x2d, 0xfe, 0xbb, 0xef,
    0xf4, 0x0, 0x0, 0x0, 0x7d, 0xff, 0xd8, 0x10,
    0x0,

    /* U+0190 "Ɛ" */
    0x0, 0x6, 0xcf, 0xfc, 0x60, 0x0, 0x0, 0xaf,
    0xfd, 0xdf, 0xfb, 0x0, 0x4, 0xfe, 0x20, 0x1,
    0xcf, 0x60, 0x9, 0xf7, 0x0, 0x0, 0x2f, 0xc0,
    0x8, 0xf7, 0x0, 0x0, 0x8, 0x70, 0x2, 0xfe,
    0x20, 0x0, 0x0, 0x0, 0x0, 0x4e, 0xfc, 0xb1,
    0x0, 0x0, 0x0, 0x7e, 0xff, 0xf1, 0x0, 0x0,
    0x8, 0xfd, 0x51, 0x0, 0x0, 0x0, 0xf, 0xf1,
    0x0, 0x0, 0x0, 0x0, 0x1f, 0xd0, 0x0, 0x0,
    0x8, 0x91, 0xf, 0xf0, 0x0, 0x0, 0x2f, 0xf0,
    0xb, 0xfa, 0x0, 0x2, 0xdf, 0x70, 0x1, 0xdf,
    0xeb, 0xcf, 0xfb, 0x0, 0x0, 0x8, 0xdf, 0xfc,
    0x60, 0x0,

    /* U+0191 "Ƒ" */
    0x0, 0x6f, 0xff, 0xff, 0xff, 0xff, 0x40, 0x6,
    0xfe, 0xcc, 0xcc, 0xcc, 0xc3, 0x0, 0x6f, 0x80,
    0x0, 0x0, 0x0, 0x0, 0x6, 0xf8, 0x0, 0x0,
    0x0, 0x0, 0x0, 0x6f, 0x80, 0x0, 0x0, 0x0,
    0x0, 0x6, 0xf8, 0x0, 0x0, 0x0, 0x0, 0x0,
    0x6f, 0xec, 0xcc, 0xcc, 0xc2, 0x0, 0x6, 0xff,
    0xff, 0xff, 0xff, 0x30, 0x0, 0x6f, 0x80, 0x0,
    0x0, 0x0, 0x0, 0x6, 0xf8, 0x0, 0x0, 0x0,
    0x0, 0x0, 0x6f, 0x80, 0x0, 0x0, 0x0, 0x0,
    0x6, 0xf8, 0x0, 0x0, 0x0, 0x0, 0x0, 0x6f,
    0x80, 0x0, 0x0, 0x0, 0x0, 0x6, 0xf8, 0x0,
    0x0, 0x0, 0x0, 0x0, 0x6f, 0x70, 0x0, 0x0,
    0x0, 0x0, 0x7, 0xf7, 0x0, 0x0, 0x0, 0x0,
    0x2b, 0xef, 0x40, 0x0, 0x0, 0x0, 0x4, 0xfe,
    0x90, 0x0, 0x0, 0x0, 0x0,

    /* U+0192 "ƒ" */
    0x0, 0x5, 0xdf, 0xe1, 0x0, 0x1f, 0xfc, 0xb0,
    0x0, 0x3f, 0x90, 0x0, 0x0, 0x4f, 0x70, 0x0,
    0xd, 0xff, 0xff, 0x70, 0x5, 0x9f, 0xb6, 0x30,
    0x0, 0x4f, 0x70, 0x0, 0x0, 0x4f, 0x70, 0x0,
    0x0, 0x4f, 0x70, 0x0, 0x0, 0x4f, 0x70, 0x0,
    0x0, 0x4f, 0x70, 0x0, 0x0, 0x4f, 0x70, 0x0,
    0x0, 0x4f, 0x70, 0x0, 0x0, 0x4f, 0x70, 0x0,
    0x0, 0x4f, 0x70, 0x0, 0x0, 0x5f, 0x70, 0x0,
    0x1b, 0xef, 0x50, 0x0, 0x3f, 0xfa, 0x0, 0x0,

    /* U+0193 "Ɠ" */
    0x0, 0x1, 0x8c, 0xef, 0xd7, 0x3, 0xdf, 0xa0,
    0x5, 0xff, 0xeb, 0xbe, 0xfd, 0xdf, 0xc7, 0x5,
    0xfe, 0x50, 0x0, 0x6, 0xff, 0xe0, 0x1, 0xef,
    0x30, 0x0, 0x0, 0x8, 0xfe, 0x0, 0x6f, 0x90,
    0x0, 0x0, 0x0, 0x18, 0x40, 0xb, 0xf3, 0x0,
    0x0, 0x0, 0x0, 0x0, 0x0, 0xdf, 0x10, 0x0,
    0x0, 0x0, 0x0, 0x0, 0xf, 0xf0, 0x0, 0x0,
    0x9c, 0xcc, 0xcc, 0x30, 0xef, 0x10, 0x0, 0xc,
    0xff, 0xff, 0xf4, 0xc, 0xf4, 0x0, 0x0, 0x0,
    0x0, 0x9f, 0x40, 0x7f, 0x90, 0x0, 0x0, 0x0,
    0x9, 0xf4, 0x1, 0xff, 0x40, 0x0, 0x0, 0x0,
    0x9f, 0x40, 0x5, 0xff, 0x71, 0x0, 0x3, 0xaf,
    0xf3, 0x0, 0x5, 0xff, 0xfd, 0xce, 0xff, 0xd4,
    0x0, 0x0, 0x1, 0x8c, 0xef, 0xeb, 0x60, 0x0,
    0x0,

    /* U+0194 "Ɣ" */
    0xcf, 0x40, 0x0, 0x0, 0x0, 0x3f, 0xc5, 0xfa,
    0x0, 0x0, 0x0, 0xa, 0xf5, 0xe, 0xf1, 0x0,
    0x0, 0x1, 0xfe, 0x0, 0x8f, 0x80, 0x0, 0x0,
    0x7f, 0x80, 0x1, 0xfe, 0x0, 0x0, 0xe, 0xf1,
    0x0, 0xa, 0xf5, 0x0, 0x4, 0xfa, 0x0, 0x0,
    0x3f, 0xc0, 0x0, 0xbf, 0x30, 0x0, 0x0, 0xdf,
    0x30, 0x2f, 0xd0, 0x0, 0x0, 0x6, 0xf9, 0x8,
    0xf6, 0x0, 0x0, 0x0, 0xe, 0xf1, 0xef, 0x0,
    0x0, 0x0, 0x0, 0x8f, 0xcf, 0x90, 0x0, 0x0,
    0x0, 0x2, 0xff, 0xf2, 0x0, 0x0, 0x0, 0x0,
    0xb, 0xfb, 0x0, 0x0, 0x0, 0x0, 0x0, 0x9f,
    0xa0, 0x0, 0x0, 0x0, 0x0, 0x1f, 0xff, 0x10,
    0x0, 0x0, 0x0, 0x6, 0xfd, 0xf7, 0x0, 0x0,
    0x0, 0x0, 0xaf, 0x2f, 0xa0, 0x0, 0x0, 0x0,
    0x8, 0xf8, 0xf9, 0x0, 0x0, 0x0, 0x0, 0x1c,
    0xfc, 0x10, 0x0, 0x0,

    /* U+0195 "ƕ" */
    0xaf, 0x10, 0x0, 0x0, 0x0, 0x0, 0x0, 0xa,
    0xf1, 0x0, 0x0, 0x0, 0x0, 0x0, 0x0, 0xaf,
    0x10, 0x0, 0x0, 0x0, 0x0, 0x0, 0xa, 0xf1,
    0x0, 0x0, 0x0, 0x0, 0x0, 0x0, 0xaf, 0x2a,
    0xfe, 0xa1, 0x0, 0x9, 0xf2, 0xa, 0xfe, 0xd9,
    0xdf, 0xd0, 0x0, 0x2f, 0xa0, 0xaf, 0xc0, 0x0,
    0xcf, 0x30, 0x0, 0xdf, 0xa, 0xf5, 0x0, 0x7,
    0xf5, 0x0, 0x8, 0xf4, 0xaf, 0x20, 0x0, 0x5f,
    0x60, 0x0, 0x5f, 0x6a, 0xf1, 0x0, 0x5, 0xf6,
    0x0, 0x4, 0xf7, 0xaf, 0x10, 0x0, 0x5f, 0x60,
    0x0, 0x5f, 0x7a, 0xf1, 0x0, 0x4, 0xf8, 0x0,
    0x8, 0xf4, 0xaf, 0x10, 0x0, 0x2f, 0xc0, 0x0,
    0xef, 0xa, 0xf1, 0x0, 0x0, 0xaf, 0xb7, 0xcf,
    0x60, 0xaf, 0x10, 0x0, 0x0, 0x8d, 0xfd, 0x60,
    0x0,

    /* U+0196 "Ɩ" */
    0xaf, 0x10, 0xaf, 0x10, 0xaf, 0x10, 0xaf, 0x10,
    0xaf, 0x10, 0xaf, 0x10, 0xaf, 0x10, 0xaf, 0x10,
    0xaf, 0x10, 0xaf, 0x10, 0xaf, 0x10, 0xaf, 0x10,
    0xaf, 0x20, 0x8f, 0xd8, 0x1b, 0xfc,

    /* U+0197 "Ɨ" */
    0x0, 0xbf, 0x30, 0x0, 0xb, 0xf3, 0x0, 0x0,
    0xbf, 0x30, 0x0, 0xb, 0xf3, 0x0, 0x0, 0xbf,
    0x30, 0x0, 0xb, 0xf3, 0x0, 0x11, 0xbf, 0x41,
    0xf, 0xff, 0xff, 0xf7, 0x44, 0xcf, 0x64, 0x10,
    0xb, 0xf3, 0x0, 0x0, 0xbf, 0x30, 0x0, 0xb,
    0xf3, 0x0, 0x0, 0xbf, 0x30, 0x0, 0xb, 0xf3,
    0x0, 0x0, 0xbf, 0x30, 0x0,

    /* U+0198 "Ƙ" */
    0x8f, 0x50, 0x0, 0x0, 0x5d, 0xfa, 0x18, 0xf5,
    0x0, 0x0, 0x6f, 0xfd, 0xf8, 0x8f, 0x50, 0x0,
    0x4f, 0xd1, 0xb, 0x88, 0xf5, 0x0, 0x3f, 0xe1,
    0x0, 0x0, 0x8f, 0x50, 0x2e, 0xe2, 0x0, 0x0,
    0x8, 0xf5, 0x1d, 0xf4, 0x0, 0x0, 0x0, 0x8f,
    0x6c, 0xff, 0x60, 0x0, 0x0, 0x8, 0xfe, 0xfa,
    0xff, 0x20, 0x0, 0x0, 0x8f, 0xf9, 0x9, 0xfc,
    0x0, 0x0, 0x8, 0xfb, 0x0, 0xd, 0xf7, 0x0,
    0x0, 0x8f, 0x50, 0x0, 0x3f, 0xf3, 0x0, 0x8,
    0xf5, 0x0, 0x0, 0x8f, 0xd0, 0x0, 0x8f, 0x50,
    0x0, 0x0, 0xdf, 0x80, 0x8, 0xf5, 0x0, 0x0,
    0x3, 0xff, 0x40, 0x8f, 0x50, 0x0, 0x0, 0x8,
    0xfe, 0x10,

    /* U+0199 "ƙ" */
    0x1b, 0xfe, 0x0, 0x0, 0x7, 0xfb, 0x70, 0x0,
    0x0, 0xaf, 0x10, 0x0, 0x0, 0xb, 0xf1, 0x0,
    0x0, 0x0, 0xbf, 0x10, 0x4, 0xfe, 0x2b, 0xf1,
    0x3, 0xfe, 0x20, 0xbf, 0x12, 0xee, 0x20, 0xb,
    0xf3, 0xee, 0x30, 0x0, 0xbf, 0xef, 0xd0, 0x0,
    0xb, 0xff, 0xbf, 0x70, 0x0, 0xbf, 0x41, 0xef,
    0x20, 0xb, 0xf1, 0x6, 0xfb, 0x0, 0xbf, 0x10,
    0xc, 0xf5, 0xb, 0xf1, 0x0, 0x2f, 0xe1, 0xbf,
    0x10, 0x0, 0x8f, 0x90,

    /* U+019A "ƚ" */
    0x0, 0xaf, 0x10, 0x0, 0xa, 0xf1, 0x0, 0x0,
    0xaf, 0x10, 0x0, 0xa, 0xf1, 0x0, 0x0, 0xaf,
    0x10, 0x1, 0x1b, 0xf3, 0x10, 0xff, 0xff, 0xff,
    0x74, 0x4c, 0xf5, 0x41, 0x0, 0xaf, 0x10, 0x0,
    0xa, 0xf1, 0x0, 0x0, 0xaf, 0x10, 0x0, 0xa,
    0xf1, 0x0, 0x0, 0xaf, 0x20, 0x0, 0x8, 0xfd,
    0x80, 0x0, 0x1b, 0xfc, 0x0,

    /* U+019B "ƛ" */
    0x0, 0x4f, 0x92, 0x60, 0x0, 0x0, 0xf, 0xff,
    0xf1, 0x0, 0x6, 0xff, 0xf9, 0x10, 0x0, 0x5,
    0x85, 0xfa, 0x0, 0x0, 0x0, 0x0, 0xff, 0x0,
    0x0, 0x0, 0x4, 0xff, 0x50, 0x0, 0x0, 0xa,
    0xff, 0xb0, 0x0, 0x0, 0xf, 0xcc, 0xf1, 0x0,
    0x0, 0x6f, 0x76, 0xf6, 0x0, 0x0, 0xcf, 0x11,
    0xfc, 0x0, 0x1, 0xfb, 0x0, 0xbf, 0x20, 0x7,
    0xf5, 0x0, 0x5f, 0x80, 0xd, 0xf0, 0x0, 0xf,
    0xd0, 0x3f, 0xa0, 0x0, 0xa, 0xf3, 0x8f, 0x40,
    0x0, 0x4, 0xf9,

    /* U+019C "Ɯ" */
    0xbf, 0x10, 0x0, 0x8f, 0x30, 0x0, 0x6f, 0x6b,
    0xf1, 0x0, 0x8, 0xf3, 0x0, 0x6, 0xf6, 0xbf,
    0x10, 0x0, 0x8f, 0x30, 0x0, 0x6f, 0x6b, 0xf1,
    0x0, 0x8, 0xf3, 0x0, 0x6, 0xf6, 0xbf, 0x10,
    0x0, 0x8f, 0x30, 0x0, 0x6f, 0x6b, 0xf1, 0x0,
    0x8, 0xf3, 0x0, 0x6, 0xf6, 0xbf, 0x10, 0x0,
    0x8f, 0x30, 0x0, 0x6f, 0x6b, 0xf1, 0x0, 0x8,
    0xf3, 0x0, 0x6, 0xf6, 0xbf, 0x10, 0x0, 0x8f,
    0x30, 0x0, 0x6f, 0x6b, 0xf1, 0x0, 0x8, 0xf3,
    0x0, 0x6, 0xf6, 0xbf, 0x10, 0x0, 0x9f, 0x30,
    0x0, 0x6f, 0x6a, 0xf1, 0x0, 0xb, 0xf4, 0x0,
    0x9, 0xf6, 0x9f, 0x50, 0x3, 0xff, 0x70, 0x2,
    0xef, 0x63, 0xff, 0xab, 0xf8, 0xff, 0xaa, 0xfc,
    0xf6, 0x5, 0xdf, 0xd6, 0x4, 0xcf, 0xe7, 0x3f,
    0x60,

    /* U+019D "Ɲ" */
    0x0, 0x6f, 0xd0, 0x0, 0x0, 0x0, 0xfd, 0x0,
    0x6f, 0xf7, 0x0, 0x0, 0x0, 0xfd, 0x0, 0x6f,
    0xff, 0x20, 0x0, 0x0, 0xfd, 0x0, 0x6f, 0xcf,
    0xb0, 0x0, 0x0, 0xfd, 0x0, 0x6f, 0x6c, 0xf5,
    0x0, 0x0, 0xfd, 0x0, 0x6f, 0x62, 0xfe, 0x10,
    0x0, 0xfd, 0x0, 0x6f, 0x60, 0x7f, 0xa0, 0x0,
    0xfd, 0x0, 0x6f, 0x60, 0xd, 0xf4, 0x0, 0xfd,
    0x0, 0x6f, 0x60, 0x3, 0xfd, 0x0, 0xfd, 0x0,
    0x6f, 0x60, 0x0, 0x9f, 0x80, 0xfd, 0x0, 0x6f,
    0x60, 0x0, 0xe, 0xf3, 0xfd, 0x0, 0x6f, 0x60,
    0x0, 0x5, 0xfc, 0xfd, 0x0, 0x6f, 0x60, 0x0,
    0x0, 0xaf, 0xfd, 0x0, 0x6f, 0x60, 0x0, 0x0,
    0x1f, 0xfd, 0x0, 0x6f, 0x50, 0x0, 0x0, 0x6,
    0xfd, 0x0, 0x7f, 0x50, 0x0, 0x0, 0x0, 0x0,
    0x2b, 0xef, 0x30, 0x0, 0x0, 0x0, 0x0, 0x4f,
    0xe8, 0x0, 0x0, 0x0, 0x0, 0x0,

    /* U+019E "ƞ" */
    0xaf, 0x1a, 0xef, 0xc5, 0xa, 0xfe, 0xb6, 0x7e,
    0xf4, 0xaf, 0xa0, 0x0, 0x4f, 0xaa, 0xf4, 0x0,
    0x0, 0xfc, 0xaf, 0x20, 0x0, 0xf, 0xca, 0xf1,
    0x0, 0x0, 0xfd, 0xaf, 0x10, 0x0, 0xf, 0xda,
    0xf1, 0x0, 0x0, 0xfd, 0xaf, 0x10, 0x0, 0xf,
    0xda, 0xf1, 0x0, 0x0, 0xfd, 0xaf, 0x10, 0x0,
    0xf, 0xd0, 0x0, 0x0, 0x0, 0xfd, 0x0, 0x0,
    0x0, 0xf, 0xd0, 0x0, 0x0, 0x0, 0xfd, 0x0,
    0x0, 0x0, 0xf, 0xd0,

    /* U+019F "Ɵ" */
    0x0, 0x0, 0x39, 0xdf, 0xec, 0x70, 0x0, 0x0,
    0x0, 0x8f, 0xfd, 0xbb, 0xff, 0xe2, 0x0, 0x0,
    0x7f, 0xd3, 0x0, 0x0, 0x7f, 0xe1, 0x0, 0x2f,
    0xe1, 0x0, 0x0, 0x0, 0x6f, 0xb0, 0x9, 0xf6,
    0x0, 0x0, 0x0, 0x0, 0xdf, 0x20, 0xdf, 0x10,
    0x0, 0x0, 0x0, 0x8, 0xf6, 0xf, 0xf8, 0x88,
    0x88, 0x88, 0x88, 0xbf, 0x80, 0xff, 0xff, 0xff,
    0xff, 0xff, 0xff, 0xf9, 0xf, 0xf0, 0x0, 0x0,
    0x0, 0x0, 0x6f, 0x90, 0xdf, 0x20, 0x0, 0x0,
    0x0, 0x9, 0xf6, 0x9, 0xf8, 0x0, 0x0, 0x0,
    0x0, 0xef, 0x20, 0x2f, 0xf2, 0x0, 0x0, 0x0,
    0x8f, 0xb0, 0x0, 0x7f, 0xe4, 0x0, 0x0, 0x8f,
    0xe2, 0x0, 0x0, 0x7f, 0xfd, 0xbc, 0xff, 0xe3,
    0x0, 0x0, 0x0, 0x39, 0xdf, 0xfc, 0x70, 0x0,
    0x0,

    /* U+01A0 "Ơ" */
    0x0, 0x0, 0x0, 0x0, 0x0, 0x0, 0x0, 0x21,
    0x0, 0x0, 0x0, 0x0, 0x0, 0x0, 0x5, 0xf8,
    0x0, 0x0, 0x39, 0xdf, 0xec, 0x60, 0x5, 0xf8,
    0x0, 0x8, 0xff, 0xdb, 0xcf, 0xfd, 0x20, 0x77,
    0x0, 0x7f, 0xe4, 0x0, 0x1, 0x8f, 0xe1, 0xa4,
    0x2, 0xfe, 0x10, 0x0, 0x0, 0x8, 0xfc, 0xc0,
    0x9, 0xf7, 0x0, 0x0, 0x0, 0x0, 0xef, 0x30,
    0xd, 0xf2, 0x0, 0x0, 0x0, 0x0, 0x9f, 0x60,
    0xf, 0xf0, 0x0, 0x0, 0x0, 0x0, 0x6f, 0x80,
    0xf, 0xe0, 0x0, 0x0, 0x0, 0x0, 0x5f, 0x90,
    0xf, 0xf0, 0x0, 0x0, 0x0, 0x0, 0x6f, 0x90,
    0xd, 0xf1, 0x0, 0x0, 0x0, 0x0, 0x9f, 0x60,
    0x9, 0xf7, 0x0, 0x0, 0x0, 0x0, 0xef, 0x20,
    0x2, 0xff, 0x20, 0x0, 0x0, 0x7, 0xfb, 0x0,
    0x0, 0x7f, 0xe4, 0x0, 0x0, 0x8f, 0xe2, 0x0,
    0x0, 0x7, 0xff, 0xdb, 0xcf, 0xfe, 0x30, 0x0,
    0x0, 0x0, 0x39, 0xdf, 0xfc, 0x70, 0x0, 0x0,

    /* U+01A1 "ơ" */
    0x0, 0x0, 0x0, 0x0, 0xc, 0xf1, 0x0, 0x0,
    0x0, 0x0, 0xc, 0xf1, 0x0, 0x18, 0xef, 0xe9,
    0x11, 0xe1, 0x1, 0xef, 0xb8, 0xbf, 0xe4, 0xe0,
    0xa, 0xf6, 0x0, 0x5, 0xff, 0x60, 0xf, 0xd0,
    0x0, 0x0, 0xbf, 0x20, 0x3f, 0x90, 0x0, 0x0,
    0x7f, 0x50, 0x4f, 0x80, 0x0, 0x0, 0x6f, 0x60,
    0x3f, 0xa0, 0x0, 0x0, 0x8f, 0x50, 0xf, 0xd0,
    0x0, 0x0, 0xcf, 0x20, 0xb, 0xf7, 0x0, 0x4,
    0xfc, 0x0, 0x1, 0xef, 0xc8, 0xaf, 0xe2, 0x0,
    0x0, 0x18, 0xdf, 0xe9, 0x10, 0x0,

    /* U+01A2 "Ƣ" */
    0x0, 0x0, 0x39, 0xdf, 0xfc, 0x70, 0x3c, 0xff,
    0xb3, 0x0, 0x0, 0x8f, 0xfe, 0xcd, 0xff, 0xdf,
    0xfd, 0xdf, 0xf3, 0x0, 0x7f, 0xe5, 0x0, 0x1,
    0xaf, 0xf7, 0x0, 0x6f, 0xa0, 0x2f, 0xf2, 0x0,
    0x0, 0x0, 0x9f, 0xb0, 0x0, 0xfe, 0x9, 0xf8,
    0x0, 0x0, 0x0, 0x0, 0xef, 0x20, 0xe, 0xf0,
    0xdf, 0x20, 0x0, 0x0, 0x0, 0x9, 0xf6, 0x0,
    0xef, 0xf, 0xf0, 0x0, 0x0, 0x0, 0x0, 0x6f,
    0x90, 0xe, 0xf0, 0xfe, 0x0, 0x0, 0x0, 0x0,
    0x5, 0xf9, 0x0, 0xef, 0xf, 0xf0, 0x0, 0x0,
    0x0, 0x0, 0x6f, 0x90, 0xe, 0xf0, 0xdf, 0x10,
    0x0, 0x0, 0x0, 0x8, 0xf6, 0x0, 0xef, 0x9,
    0xf7, 0x0, 0x0, 0x0, 0x0, 0xef, 0x20, 0xe,
    0xf0, 0x2f, 0xe1, 0x0, 0x0, 0x0, 0x7f, 0xb0,
    0x0, 0xef, 0x0, 0x7f, 0xe4, 0x0, 0x0, 0x8f,
    0xe2, 0x0, 0xe, 0xf0, 0x0, 0x7f, 0xfd, 0xbc,
    0xff, 0xe3, 0x0, 0x0, 0xef, 0x0, 0x0, 0x39,
    0xdf, 0xfc, 0x70, 0x0, 0x0, 0xe, 0xf0,

    /* U+01A3 "ƣ" */
    0x0, 0x18, 0xef, 0xd9, 0x4b, 0xfe, 0xa1, 0x0,
    0x1e, 0xfc, 0x9c, 0xff, 0xfa, 0xbf, 0xc0, 0xa,
    0xf8, 0x0, 0x6, 0xfc, 0x0, 0xbf, 0x20, 0xfd,
    0x0, 0x0, 0xc, 0xf2, 0x7, 0xf4, 0x3f, 0xa0,
    0x0, 0x0, 0x8f, 0x50, 0x7f, 0x44, 0xf8, 0x0,
    0x0, 0x6, 0xf6, 0x7, 0xf4, 0x3f, 0x90, 0x0,
    0x0, 0x7f, 0x50, 0x7f, 0x40, 0xfd, 0x0, 0x0,
    0xc, 0xf2, 0x7, 0xf4, 0xb, 0xf7, 0x0, 0x4,
    0xfc, 0x0, 0x7f, 0x40, 0x1e, 0xfc, 0x8a, 0xfe,
    0x20, 0x7, 0xf4, 0x0, 0x18, 0xdf, 0xe9, 0x10,
    0x0, 0x7f, 0x40, 0x0, 0x0, 0x0, 0x0, 0x0,
    0x7, 0xf4, 0x0, 0x0, 0x0, 0x0, 0x0, 0x0,
    0x7f, 0x40, 0x0, 0x0, 0x0, 0x0, 0x0, 0x7,
    0xf4, 0x0, 0x0, 0x0, 0x0, 0x0, 0x0, 0x7f,
    0x40,

    /* U+01A4 "Ƥ" */
    0x4d, 0xff, 0xff, 0xff, 0xff, 0xd8, 0x10, 0xdf,
    0xdf, 0xfc, 0xcc, 0xcd, 0xff, 0xd0, 0xfb, 0x1f,
    0xd0, 0x0, 0x0, 0x1c, 0xf6, 0xe9, 0x1f, 0xd0,
    0x0, 0x0, 0x4, 0xfb, 0x0, 0x1f, 0xd0, 0x0,
    0x0, 0x2, 0xfc, 0x0, 0x1f, 0xd0, 0x0, 0x0,
    0x5, 0xfa, 0x0, 0x1f, 0xd0, 0x0, 0x0, 0x3e,
    0xf5, 0x0, 0x1f, 0xfc, 0xcc, 0xce, 0xff, 0xb0,
    0x0, 0x1f, 0xff, 0xff, 0xfe, 0xc6, 0x0, 0x0,
    0x1f, 0xd0, 0x0, 0x0, 0x0, 0x0, 0x0, 0x1f,
    0xd0, 0x0, 0x0, 0x0, 0x0, 0x0, 0x1f, 0xd0,
    0x0, 0x0, 0x0, 0x0, 0x0, 0x1f, 0xd0, 0x0,
    0x0, 0x0, 0x0, 0x0, 0x1f, 0xd0, 0x0, 0x0,
    0x0, 0x0, 0x0, 0x1f, 0xd0, 0x0, 0x0, 0x0,
    0x0,

    /* U+01A5 "ƥ" */
    0x0, 0x0, 0x0, 0x16, 0x71, 0x0, 0x0, 0x0,
    0xdf, 0xf3, 0x0, 0x0, 0x2, 0xf8, 0x0, 0xaf,
    0x2b, 0xff, 0xf8, 0x0, 0xaf, 0xea, 0x35, 0xdf,
    0x40, 0xaf, 0xb0, 0x0, 0x2f, 0xd0, 0xaf, 0x40,
    0x0, 0xb, 0xf2, 0xaf, 0x0, 0x0, 0x8, 0xf4,
    0xaf, 0x0, 0x0, 0x7, 0xf5, 0xaf, 0x0, 0x0,
    0x8, 0xf4, 0xaf, 0x40, 0x0, 0xc, 0xf1, 0xaf,
    0xc0, 0x0, 0x5f, 0xa0, 0xaf, 0xed, 0x8a, 0xfd,
    0x10, 0xaf, 0x3b, 0xfe, 0xa1, 0x0, 0xaf, 0x10,
    0x0, 0x0, 0x0, 0xaf, 0x10, 0x0, 0x0, 0x0,
    0xaf, 0x10, 0x0, 0x0, 0x0, 0xaf, 0x10, 0x0,
    0x0, 0x0,

    /* U+01A6 "Ʀ" */
    0x6f, 0x80, 0x0, 0x0, 0x0, 0x0, 0x0, 0x6f,
    0x80, 0x0, 0x0, 0x0, 0x0, 0x0, 0x6f, 0xff,
    0xff, 0xff, 0xeb, 0x30, 0x0, 0x6f, 0xda, 0xaa,
    0xab, 0xef, 0xf3, 0x0, 0x6f, 0x80, 0x0, 0x0,
    0x8, 0xfc, 0x0, 0x6f, 0x80, 0x0, 0x0, 0x0,
    0xff, 0x0, 0x6f, 0x80, 0x0, 0x0, 0x0, 0xff,
    0x0, 0x6f, 0x80, 0x0, 0x0, 0xa, 0xfa, 0x0,
    0x6f, 0xec, 0xcc, 0xcd, 0xff, 0xd1, 0x0, 0x6f,
    0xff, 0xff, 0xff, 0xa5, 0x0, 0x0, 0x6f, 0x80,
    0x1, 0x6f, 0xd2, 0x0, 0x0, 0x6f, 0x80, 0x0,
    0x6, 0xfe, 0x10, 0x0, 0x6f, 0x80, 0x0, 0x0,
    0xaf, 0xb0, 0x0, 0x6f, 0x80, 0x0, 0x0, 0x1f,
    0xf4, 0x0, 0x6f, 0x80, 0x0, 0x0, 0x7, 0xfe,
    0x0, 0x0, 0x0, 0x0, 0x0, 0x0, 0xdf, 0x80,
    0x0, 0x0, 0x0, 0x0, 0x0, 0x3f, 0xf2, 0x0,
    0x0, 0x0, 0x0, 0x0, 0x6, 0x84,

    /* U+01A7 "Ƨ" */
    0x0, 0x29, 0xdf, 0xfc, 0x70, 0x0, 0x5, 0xff,
    0xec, 0xdf, 0xfc, 0x0, 0x1f, 0xf6, 0x0, 0x1,
    0xaf, 0x80, 0x6f, 0x90, 0x0, 0x0, 0xf, 0xd0,
    0x37, 0x30, 0x0, 0x0, 0x1f, 0xd0, 0x0, 0x0,
    0x0, 0x4, 0xcf, 0x80, 0x0, 0x3, 0x7b, 0xff,
    0xfb, 0x0, 0x3, 0xcf, 0xff, 0xea, 0x40, 0x0,
    0x4f, 0xfc, 0x72, 0x0, 0x0, 0x0, 0xcf, 0x60,
    0x0, 0x0, 0x0, 0x0, 0xee, 0x0, 0x0, 0x0,
    0x7, 0xf5, 0xdf, 0x10, 0x0, 0x0, 0xd, 0xf2,
    0x8f, 0xb2, 0x0, 0x3, 0xbf, 0xb0, 0xb, 0xff,
    0xdc, 0xef, 0xfd, 0x10, 0x0, 0x6c, 0xff, 0xec,
    0x70, 0x0,

    /* U+01A8 "ƨ" */
    0x0, 0x4b, 0xef, 0xd7, 0x0, 0x4, 0xfe, 0x98,
    0xcf, 0x90, 0xb, 0xf2, 0x0, 0xb, 0xf0, 0x0,
    0x20, 0x0, 0x1d, 0xf0, 0x0, 0x3, 0x7c, 0xff,
    0x90, 0x3, 0xdf, 0xff, 0xd6, 0x0, 0xe, 0xfb,
    0x61, 0x0, 0x0, 0x2f, 0xa0, 0x0, 0x4, 0x82,
    0x1f, 0xc0, 0x0, 0xc, 0xf1, 0x9, 0xfd, 0x89,
    0xdf, 0x90, 0x0, 0x5c, 0xfe, 0xc6, 0x0,

    /* U+01A9 "Ʃ" */
    0x1f, 0xff, 0xff, 0xff, 0xff, 0xb0, 0xf, 0xfc,
    0xcc, 0xcc, 0xcc, 0x80, 0x9, 0xfa, 0x0, 0x0,
    0x0, 0x0, 0x0, 0xbf, 0x80, 0x0, 0x0, 0x0,
    0x0, 0xc, 0xf7, 0x0, 0x0, 0x0, 0x0, 0x1,
    0xdf, 0x50, 0x0, 0x0, 0x0, 0x0, 0x1e, 0xf4,
    0x0, 0x0, 0x0, 0x0, 0xa, 0xf9, 0x0, 0x0,
    0x0, 0x0, 0x7f, 0xc0, 0x0, 0x0, 0x0, 0x4,
    0xfe, 0x10, 0x0, 0x0, 0x0, 0x2e, 0xf3, 0x0,
    0x0, 0x0, 0x0, 0xdf, 0x60, 0x0, 0x0, 0x0,
    0xb, 0xf9, 0x0, 0x0, 0x0, 0x0, 0x1f, 0xfc,
    0xcc, 0xcc, 0xcc, 0xc0, 0x1f, 0xff, 0xff, 0xff,
    0xff, 0xf1,

    /* U+01AA "ƪ" */
    0x5, 0xee, 0x90, 0x0, 0x1, 0xe2, 0x2e, 0x80,
    0x0, 0x4a, 0x0, 0xbf, 0x0, 0x1, 0xe2, 0x2e,
    0xf1, 0x0, 0x5, 0xee, 0xef, 0x10, 0x0, 0x0,
    0xa, 0xf1, 0x0, 0x0, 0x0, 0xaf, 0x10, 0x0,
    0x0, 0xa, 0xf1, 0x0, 0x0, 0x0, 0xaf, 0x10,
    0x0, 0x0, 0xa, 0xf1, 0x0, 0x0, 0x0, 0xaf,
    0x10, 0x0, 0x0, 0xa, 0xf1, 0x0, 0x0, 0x0,
    0xaf, 0x10, 0x0, 0x0, 0xa, 0xf1, 0x0, 0x0,
    0x0, 0xaf, 0x10, 0x0, 0x0, 0xa, 0xf1, 0x0,
    0x0, 0x0, 0x9f, 0x40, 0x0, 0x0, 0x6, 0xff,
    0xf0, 0x0, 0x0, 0x7, 0xa9, 0x0,

    /* U+01AB "ƫ" */
    0x0, 0x33, 0x0, 0x4, 0xf6, 0x0, 0x6, 0xf6,
    0x0, 0x6, 0xf6, 0x0, 0xaf, 0xff, 0xf2, 0x4a,
    0xfa, 0x60, 0x6, 0xf6, 0x0, 0x6, 0xf6, 0x0,
    0x6, 0xf6, 0x0, 0x6, 0xf6, 0x0, 0x6, 0xf6,
    0x0, 0x5, 0xf6, 0x0, 0x5, 0xf6, 0x0, 0x3,
    0xfe, 0xb4, 0x0, 0xaf, 0xf5, 0x0, 0x3, 0xf5,
    0x0, 0x8c, 0xf3, 0x1, 0xef, 0x90,

    /* U+01AC "Ƭ" */
    0xa, 0xef, 0xff, 0xff, 0xff, 0xf6, 0xfe, 0xcc,
    0xff, 0xcc, 0xcc, 0x8f, 0x20, 0xd, 0xf0, 0x0,
    0x7, 0xd1, 0x0, 0xdf, 0x0, 0x0, 0x0, 0x0,
    0xd, 0xf0, 0x0, 0x0, 0x0, 0x0, 0xdf, 0x0,
    0x0, 0x0, 0x0, 0xd, 0xf0, 0x0, 0x0, 0x0,
    0x0, 0xdf, 0x0, 0x0, 0x0, 0x0, 0xd, 0xf0,
    0x0, 0x0, 0x0, 0x0, 0xdf, 0x0, 0x0, 0x0,
    0x0, 0xd, 0xf0, 0x0, 0x0, 0x0, 0x0, 0xdf,
    0x0, 0x0, 0x0, 0x0, 0xd, 0xf0, 0x0, 0x0,
    0x0, 0x0, 0xdf, 0x0, 0x0, 0x0, 0x0, 0xd,
    0xf0, 0x0, 0x0,

    /* U+01AD "ƭ" */
    0x0, 0x9f, 0xf4, 0x3, 0xfe, 0xb2, 0x5, 0xf6,
    0x0, 0x5, 0xf6, 0x0, 0xaf, 0xff, 0xf2, 0x4a,
    0xfa, 0x60, 0x6, 0xf6, 0x0, 0x6, 0xf6, 0x0,
    0x6, 0xf6, 0x0, 0x6, 0xf6, 0x0, 0x6, 0xf6,
    0x0, 0x5, 0xf6, 0x0, 0x5, 0xf7, 0x0, 0x3,
    0xfe, 0xb2, 0x0, 0x9f, 0xf4,

    /* U+01AE "Ʈ" */
    0x9f, 0xff, 0xff, 0xff, 0xff, 0xfc, 0x6c, 0xcc,
    0xcf, 0xfc, 0xcc, 0xc9, 0x0, 0x0, 0xd, 0xf0,
    0x0, 0x0, 0x0, 0x0, 0xd, 0xf0, 0x0, 0x0,
    0x0, 0x0, 0xd, 0xf0, 0x0, 0x0, 0x0, 0x0,
    0xd, 0xf0, 0x0, 0x0, 0x0, 0x0, 0xd, 0xf0,
    0x0, 0x0, 0x0, 0x0, 0xd, 0xf0, 0x0, 0x0,
    0x0, 0x0, 0xd, 0xf0, 0x0, 0x0, 0x0, 0x0,
    0xd, 0xf0, 0x0, 0x0, 0x0, 0x0, 0xd, 0xf0,
    0x0, 0x0, 0x0, 0x0, 0xd, 0xf0, 0x0, 0x0,
    0x0, 0x0, 0xd, 0xf0, 0x0, 0x0, 0x0, 0x0,
    0xd, 0xf0, 0x0, 0x0, 0x0, 0x0, 0xd, 0xf0,
    0x0, 0x0, 0x0, 0x0, 0xd, 0xf0, 0x0, 0x0,
    0x0, 0x0, 0xd, 0xf1, 0x0, 0x0, 0x0, 0x0,
    0xa, 0xfe, 0xa0, 0x0, 0x0, 0x0, 0x2, 0xcf,
    0xe0, 0x0,

    /* U+01AF "Ư" */
    0x0, 0x0, 0x0, 0x0, 0x0, 0x0, 0x2, 0x10,
    0x0, 0x0, 0x0, 0x0, 0x0, 0x5, 0xf8, 0x6f,
    0x70, 0x0, 0x0, 0x1, 0xfd, 0x5f, 0x86, 0xf7,
    0x0, 0x0, 0x0, 0x1f, 0xd0, 0x77, 0x6f, 0x70,
    0x0, 0x0, 0x1, 0xfd, 0xb, 0x36, 0xf7, 0x0,
    0x0, 0x0, 0x1f, 0xea, 0x90, 0x6f, 0x70, 0x0,
    0x0, 0x1, 0xfe, 0x40, 0x6, 0xf7, 0x0, 0x0,
    0x0, 0x1f, 0xd0, 0x0, 0x6f, 0x70, 0x0, 0x0,
    0x1, 0xfd, 0x0, 0x6, 0xf7, 0x0, 0x0, 0x0,
    0x1f, 0xd0, 0x0, 0x6f, 0x70, 0x0, 0x0, 0x1,
    0xfd, 0x0, 0x5, 0xf8, 0x0, 0x0, 0x0, 0x1f,
    0xc0, 0x0, 0x4f, 0x90, 0x0, 0x0, 0x3, 0xfb,
    0x0, 0x1, 0xfe, 0x0, 0x0, 0x0, 0x8f, 0x80,
    0x0, 0xb, 0xfa, 0x10, 0x0, 0x5f, 0xf1, 0x0,
    0x0, 0x1e, 0xff, 0xdc, 0xef, 0xf6, 0x0, 0x0,
    0x0, 0x18, 0xdf, 0xfe, 0xa3, 0x0, 0x0, 0x0,

    /* U+01B0 "ư" */
    0x0, 0x0, 0x0, 0x0, 0x0, 0x10, 0x0, 0x0,
    0x0, 0x0, 0x6, 0xf8, 0x0, 0x0, 0x0, 0x0,
    0x6, 0xf7, 0xbf, 0x10, 0x0, 0xf, 0xb0, 0x76,
    0xbf, 0x10, 0x0, 0xf, 0xb0, 0xb3, 0xbf, 0x10,
    0x0, 0xf, 0xda, 0x90, 0xbf, 0x10, 0x0, 0xf,
    0xd4, 0x0, 0xbf, 0x10, 0x0, 0xf, 0xb0, 0x0,
    0xbf, 0x10, 0x0, 0xf, 0xb0, 0x0, 0xaf, 0x10,
    0x0, 0x1f, 0xb0, 0x0, 0xaf, 0x20, 0x0, 0x3f,
    0xb0, 0x0, 0x7f, 0x70, 0x0, 0xbf, 0xb0, 0x0,
    0x2f, 0xfb, 0xae, 0xcd, 0xb0, 0x0, 0x3, 0xbf,
    0xe9, 0x1d, 0xb0, 0x0,

    /* U+01B1 "Ʊ" */
    0xaf, 0xfb, 0x20, 0x0, 0x3c, 0xff, 0xa7, 0xcf,
    0xf9, 0x0, 0xb, 0xfe, 0xb7, 0x0, 0x6f, 0x70,
    0x0, 0x9f, 0x40, 0x0, 0xa, 0xf2, 0x0, 0x3,
    0xf8, 0x0, 0x1, 0xfb, 0x0, 0x0, 0xc, 0xf1,
    0x0, 0x8f, 0x40, 0x0, 0x0, 0x6f, 0x70, 0xe,
    0xe0, 0x0, 0x0, 0x0, 0xfe, 0x4, 0xfa, 0x0,
    0x0, 0x0, 0xb, 0xf3, 0x7f, 0x70, 0x0, 0x0,
    0x0, 0x8f, 0x67, 0xf7, 0x0, 0x0, 0x0, 0x8,
    0xf6, 0x5f, 0xb0, 0x0, 0x0, 0x0, 0xcf, 0x40,
    0xef, 0x40, 0x0, 0x0, 0x4f, 0xe0, 0x6, 0xfe,
    0x40, 0x0, 0x4e, 0xf5, 0x0, 0x7, 0xff, 0xdb,
    0xdf, 0xf7, 0x0, 0x0, 0x3, 0xae, 0xfe, 0xa3,
    0x0, 0x0,

    /* U+01B2 "Ʋ" */
    0xbf, 0x50, 0x0, 0x0, 0xb, 0xfd, 0x15, 0xfa,
    0x0, 0x0, 0x0, 0x8d, 0xf6, 0xe, 0xf0, 0x0,
    0x0, 0x0, 0x6f, 0x50, 0x9f, 0x50, 0x0, 0x0,
    0x8, 0xf2, 0x3, 0xfa, 0x0, 0x0, 0x0, 0xbe,
    0x0, 0xd, 0xf0, 0x0, 0x0, 0xf, 0xa0, 0x0,
    0x7f, 0x50, 0x0, 0x5, 0xf5, 0x0, 0x1, 0xfb,
    0x0, 0x0, 0xbf, 0x0, 0x0, 0xb, 0xf1, 0x0,
    0x1f, 0x90, 0x0, 0x0, 0x5f, 0x60, 0x8, 0xf3,
    0x0, 0x0, 0x0, 0xfb, 0x0, 0xec, 0x0, 0x0,
    0x0, 0xa, 0xf1, 0x7f, 0x50, 0x0, 0x0, 0x0,
    0x4f, 0x6e, 0xd0, 0x0, 0x0, 0x0, 0x0, 0xee,
    0xf5, 0x0, 0x0, 0x0, 0x0, 0x8, 0xfd, 0x0,
    0x0, 0x0,

    /* U+01B3 "Ƴ" */
    0x2d, 0xfc, 0x40, 0x0, 0x0, 0x0, 0x9f, 0x90,
    0xba, 0xff, 0x50, 0x0, 0x0, 0x3f, 0xe0, 0x0,
    0x2, 0xef, 0x20, 0x0, 0xd, 0xf4, 0x0, 0x0,
    0x5, 0xfb, 0x0, 0x7, 0xfa, 0x0, 0x0, 0x0,
    0xb, 0xf3, 0x1, 0xfe, 0x10, 0x0, 0x0, 0x0,
    0x2f, 0xb0, 0xaf, 0x50, 0x0, 0x0, 0x0, 0x0,
    0xbf, 0x5f, 0xb0, 0x0, 0x0, 0x0, 0x0, 0x4,
    0xff, 0xf2, 0x0, 0x0, 0x0, 0x0, 0x0, 0xd,
    0xf7, 0x0, 0x0, 0x0, 0x0, 0x0, 0x0, 0xbf,
    0x30, 0x0, 0x0, 0x0, 0x0, 0x0, 0xb, 0xf3,
    0x0, 0x0, 0x0, 0x0, 0x0, 0x0, 0xbf, 0x30,
    0x0, 0x0, 0x0, 0x0, 0x0, 0xb, 0xf3, 0x0,
    0x0, 0x0, 0x0, 0x0, 0x0, 0xbf, 0x30, 0x0,
    0x0, 0x0, 0x0, 0x0, 0xb, 0xf3, 0x0, 0x0,
    0x0,

    /* U+01B4 "ƴ" */
    0x7f, 0x60, 0x0, 0x0, 0x5e, 0xe4, 0x2, 0xfb,
    0x0, 0x0, 0x3f, 0xcd, 0xf1, 0xc, 0xf1, 0x0,
    0xa, 0xf1, 0x4f, 0x40, 0x6f, 0x70, 0x1, 0xfa,
    0x0, 0x0, 0x0, 0xfc, 0x0, 0x7f, 0x40, 0x0,
    0x0, 0xa, 0xf2, 0xd, 0xe0, 0x0, 0x0, 0x0,
    0x4f, 0x73, 0xf8, 0x0, 0x0, 0x0, 0x0, 0xed,
    0x8f, 0x20, 0x0, 0x0, 0x0, 0x8, 0xfd, 0xc0,
    0x0, 0x0, 0x0, 0x0, 0x2f, 0xf6, 0x0, 0x0,
    0x0, 0x0, 0x0, 0xdf, 0x0, 0x0, 0x0, 0x0,
    0x0, 0x1f, 0xa0, 0x0, 0x0, 0x0, 0x0, 0x9,
    0xf3, 0x0, 0x0, 0x0, 0x0, 0xcd, 0xfb, 0x0,
    0x0, 0x0, 0x0, 0xb, 0xfb, 0x10, 0x0, 0x0,
    0x0, 0x0,

    /* U+01B5 "Ƶ" */
    0xd, 0xff, 0xff, 0xff, 0xff, 0xf7, 0x9, 0xcc,
    0xcc, 0xcc, 0xcf, 0xf6, 0x0, 0x0, 0x0, 0x0,
    0x6f, 0xd0, 0x0, 0x0, 0x0, 0x3, 0xff, 0x30,
    0x0, 0x0, 0x0, 0xd, 0xf7, 0x0, 0x0, 0x0,
    0x0, 0x9f, 0xc0, 0x0, 0x0, 0x11, 0x15, 0xff,
    0x31, 0x0, 0x2, 0xff, 0xff, 0xff, 0xff, 0x0,
    0x0, 0x45, 0xef, 0x84, 0x44, 0x0, 0x0, 0xa,
    0xfa, 0x0, 0x0, 0x0, 0x0, 0x7f, 0xc0, 0x0,
    0x0, 0x0, 0x4, 0xfe, 0x10, 0x0, 0x0, 0x0,
    0x2f, 0xf3, 0x0, 0x0, 0x0, 0x0, 0xaf, 0xec,
    0xcc, 0xcc, 0xcc, 0xc8, 0xaf, 0xff, 0xff, 0xff,
    0xff, 0xfb,

    /* U+01B6 "ƶ" */
    0x3f, 0xff, 0xff, 0xff, 0xf4, 0x17, 0x77, 0x77,
    0x9f, 0xe1, 0x0, 0x0, 0x1, 0xdf, 0x20, 0x2,
    0x22, 0x2c, 0xf6, 0x20, 0x1f, 0xff, 0xff, 0xff,
    0xf2, 0x5, 0x5c, 0xfa, 0x55, 0x50, 0x0, 0x5f,
    0xd0, 0x0, 0x0, 0x2, 0xef, 0x20, 0x0, 0x0,
    0xc, 0xf5, 0x0, 0x0, 0x0, 0x7f, 0xe8, 0x99,
    0x99, 0x95, 0x9f, 0xff, 0xff, 0xff, 0xf9,

    /* U+01B7 "Ʒ" */
    0x7, 0xff, 0xff, 0xff, 0xff, 0xc0, 0x5, 0xcc,
    0xcc, 0xcc, 0xff, 0x80, 0x0, 0x0, 0x0, 0xa,
    0xf6, 0x0, 0x0, 0x0, 0x1, 0xce, 0x30, 0x0,
    0x0, 0x0, 0x3e, 0xc1, 0x0, 0x0, 0x0, 0x0,
    0xdf, 0xfd, 0x81, 0x0, 0x0, 0x0, 0xa9, 0x9c,
    0xfe, 0x30, 0x0, 0x0, 0x0, 0x0, 0x5f, 0xe0,
    0x0, 0x0, 0x0, 0x0, 0x7, 0xf6, 0x0, 0x0,
    0x0, 0x0, 0x3, 0xf9, 0x1c, 0xb0, 0x0, 0x0,
    0x3, 0xf9, 0xf, 0xf2, 0x0, 0x0, 0x9, 0xf5,
    0x8, 0xfc, 0x20, 0x0, 0x7f, 0xd0, 0x0, 0xbf,
    0xfd, 0xce, 0xfe, 0x20, 0x0, 0x6, 0xcf, 0xfd,
    0x81, 0x0,

    /* U+01B8 "Ƹ" */
    0x3, 0xff, 0xff, 0xff, 0xff, 0xf0, 0x1, 0xef,
    0xec, 0xcc, 0xcc, 0xc0, 0x0, 0x1b, 0xf5, 0x0,
    0x0, 0x0, 0x0, 0x0, 0x9f, 0x70, 0x0, 0x0,
    0x0, 0x0, 0x6, 0xfa, 0x0, 0x0, 0x0, 0x4,
    0xbe, 0xff, 0x60, 0x0, 0x0, 0x8f, 0xfb, 0x9a,
    0x50, 0x0, 0x6, 0xfb, 0x10, 0x0, 0x0, 0x0,
    0xd, 0xf1, 0x0, 0x0, 0x0, 0x0, 0xf, 0xc0,
    0x0, 0x0, 0x0, 0x0, 0xf, 0xc0, 0x0, 0x0,
    0x2, 0xe7, 0xc, 0xf2, 0x0, 0x0, 0x8, 0xf8,
    0x5, 0xfd, 0x30, 0x0, 0x6f, 0xf2, 0x0, 0x8f,
    0xfd, 0xbe, 0xff, 0x50, 0x0, 0x4, 0xbe, 0xfe,
    0xa2, 0x0,

    /* U+01B9 "ƹ" */
    0xc, 0xff, 0xff, 0xff, 0xf5, 0x8, 0xfc, 0x88,
    0x88, 0x82, 0x0, 0xcf, 0x20, 0x0, 0x0, 0x0,
    0x1e, 0xd0, 0x0, 0x0, 0x0, 0x3, 0xf9, 0x0,
    0x0, 0x0, 0x0, 0x7f, 0x50, 0x0, 0x0, 0x2c,
    0xff, 0xa0, 0x0, 0x3, 0xff, 0x85, 0x40, 0x0,
    0xc, 0xf4, 0x0, 0x0, 0x0, 0xf, 0xc0, 0x0,
    0x0, 0x0, 0x2f, 0xa0, 0x0, 0x0, 0x0, 0xf,
    0xd0, 0x0, 0x2, 0xf8, 0x9, 0xf7, 0x0, 0x9,
    0xf5, 0x1, 0xdf, 0xb8, 0xbf, 0xb0, 0x0, 0x8,
    0xef, 0xd7, 0x0,

    /* U+01BA "ƺ" */
    0x4f, 0xff, 0xff, 0xff, 0x32, 0x88, 0x88, 0x9f,
    0xc0, 0x0, 0x0, 0x1d, 0xd1, 0x0, 0x0, 0xc,
    0xd1, 0x0, 0x0, 0xb, 0xf3, 0x0, 0x0, 0x1,
    0xff, 0xfe, 0x70, 0x0, 0x16, 0x57, 0xdf, 0x60,
    0x0, 0x0, 0x2, 0xfb, 0x0, 0x0, 0x0, 0x5f,
    0x90, 0x0, 0x4, 0xaf, 0xe2, 0x0, 0x6e, 0xfd,
    0x70, 0x0, 0x8f, 0x82, 0x0, 0x0, 0xd, 0xa0,
    0x0, 0x0, 0x0, 0xaf, 0x98, 0xa4, 0x0, 0x1,
    0xae, 0xfd, 0x60, 0x0,

    /* U+01BB "ƻ" */
    0x0, 0x7, 0xdf, 0xea, 0x20, 0x0, 0xc, 0xfe,
    0xbe, 0xff, 0x20, 0x8, 0xf8, 0x0, 0x9, 0xfb,
    0x0, 0xee, 0x0, 0x0, 0xf, 0xf0, 0x6, 0x60,
    0x0, 0x0, 0xff, 0x0, 0x0, 0x0, 0x0, 0x4f,
    0xd0, 0x0, 0x0, 0x0, 0xd, 0xf6, 0x0, 0x0,
    0x0, 0xa, 0xfb, 0x0, 0x0, 0xef, 0xff, 0xff,
    0xff, 0x10, 0x7, 0x8f, 0xfc, 0x88, 0x80, 0x0,
    0x1c, 0xfb, 0x0, 0x0, 0x0, 0xc, 0xfa, 0x0,
    0x0, 0x0, 0x9, 0xfb, 0x0, 0x0, 0x0, 0x1,
    0xff, 0xdc, 0xcc, 0xcc, 0xc1, 0x4f, 0xff, 0xff,
    0xff, 0xff, 0x10,

    /* U+01BC "Ƽ" */
    0xbf, 0xff, 0xff, 0xff, 0xfa, 0x8, 0xcf, 0xfc,
    0xcc, 0xcc, 0x70, 0x0, 0xec, 0x0, 0x0, 0x0,
    0x0, 0x1f, 0x90, 0x0, 0x0, 0x0, 0x4, 0xf6,
    0x0, 0x0, 0x0, 0x0, 0x7f, 0x7b, 0xee, 0xa2,
    0x0, 0xa, 0xff, 0xcb, 0xef, 0xf3, 0x0, 0xaf,
    0x40, 0x0, 0x9f, 0xd0, 0x0, 0x0, 0x0, 0x0,
    0xef, 0x20, 0x0, 0x0, 0x0, 0xb, 0xf4, 0x2,
    0x20, 0x0, 0x0, 0xbf, 0x40, 0xfe, 0x0, 0x0,
    0xe, 0xf1, 0xb, 0xf6, 0x0, 0x8, 0xfa, 0x0,
    0x2e, 0xfb, 0x8b, 0xfd, 0x10, 0x0, 0x19, 0xef,
    0xe8, 0x0, 0x0,

    /* U+01BD "ƽ" */
    0x4f, 0xff, 0xff, 0xff, 0xf0, 0x28, 0xfb, 0x88,
    0x88, 0x80, 0x2, 0xf4, 0x0, 0x0, 0x0, 0x5,
    0xf1, 0x1, 0x0, 0x0, 0x8, 0xfc, 0xff, 0xfa,
    0x20, 0xc, 0xf9, 0x65, 0x8f, 0xf3, 0x0, 0x0,
    0x0, 0x4, 0xf9, 0x0, 0x10, 0x0, 0x2, 0xfb,
    0xf, 0xc0, 0x0, 0x8, 0xf8, 0x8, 0xfd, 0x88,
    0xcf, 0xd1, 0x0, 0x5c, 0xef, 0xd7, 0x0,

    /* U+01BE "ƾ" */
    0x0, 0x0, 0x5f, 0x50, 0x0, 0x0, 0x0, 0x5,
    0xf5, 0x0, 0x0, 0x0, 0x3f, 0xff, 0xff, 0x40,
    0x0, 0x1, 0x8a, 0xfa, 0x82, 0x0, 0x0, 0x0,
    0x4f, 0x70, 0x0, 0x0, 0x0, 0x0, 0xfc, 0x0,
    0x0, 0x0, 0x0, 0x8, 0xf8, 0x0, 0x0, 0x0,
    0x0, 0xb, 0xf8, 0x0, 0x0, 0x0, 0x0, 0xc,
    0xf5, 0x0, 0x0, 0x0, 0x0, 0x1f, 0xd0, 0x5,
    0x50, 0x0, 0x0, 0xbf, 0x10, 0xef, 0x0, 0x0,
    0xc, 0xf1, 0x9, 0xf8, 0x0, 0x5, 0xfd, 0x0,
    0x1d, 0xfb, 0x8b, 0xff, 0x30, 0x0, 0x19, 0xef,
    0xea, 0x20, 0x0,

    /* U+01BF "ƿ" */
    0xaf, 0x8, 0xef, 0xd5, 0xa, 0xfd, 0xd7, 0x8e,
    0xf3, 0xaf, 0xa0, 0x0, 0x3f, 0xba, 0xf1, 0x0,
    0x0, 0xee, 0xaf, 0x10, 0x0, 0xd, 0xea, 0xf1,
    0x0, 0x1, 0xfb, 0xaf, 0x10, 0x0, 0x9f, 0x5a,
    0xf1, 0x0, 0x6f, 0xa0, 0xaf, 0x12, 0xbf, 0x90,
    0xa, 0xfb, 0xfd, 0x40, 0x0, 0xaf, 0xb5, 0x0,
    0x0, 0xa, 0xf1, 0x0, 0x0, 0x0, 0xaf, 0x10,
    0x0, 0x0, 0xa, 0xf1, 0x0, 0x0, 0x0, 0xaf,
    0x10, 0x0, 0x0, 0x0,

    /* U+01C0 "ǀ" */
    0x2f, 0x52, 0xf5, 0x2f, 0x52, 0xf5, 0x2f, 0x52,
    0xf5, 0x2f, 0x52, 0xf5, 0x2f, 0x52, 0xf5, 0x2f,
    0x52, 0xf5, 0x2f, 0x52, 0xf5, 0x2f, 0x50,

    /* U+01C1 "ǁ" */
    0x2f, 0x50, 0x1f, 0x72, 0xf5, 0x1, 0xf7, 0x2f,
    0x50, 0x1f, 0x72, 0xf5, 0x1, 0xf7, 0x2f, 0x50,
    0x1f, 0x72, 0xf5, 0x1, 0xf7, 0x2f, 0x50, 0x1f,
    0x72, 0xf5, 0x1, 0xf7, 0x2f, 0x50, 0x1f, 0x72,
    0xf5, 0x1, 0xf7, 0x2f, 0x50, 0x1f, 0x72, 0xf5,
    0x1, 0xf7, 0x2f, 0x50, 0x1f, 0x72, 0xf5, 0x1,
    0xf7, 0x2f, 0x50, 0x1f, 0x70,

    /* U+01C2 "ǂ" */
    0x0, 0x0, 0xf8, 0x0, 0x0, 0x0, 0xf, 0x80,
    0x0, 0x0, 0x0, 0xf8, 0x0, 0x0, 0x0, 0xf,
    0x80, 0x0, 0x8f, 0xff, 0xff, 0xff, 0xf3, 0x66,
    0x6f, 0xb6, 0x66, 0x0, 0x0, 0xf8, 0x0, 0x0,
    0x0, 0xf, 0x80, 0x0, 0x1, 0x11, 0xf8, 0x11,
    0x18, 0xff, 0xff, 0xff, 0xff, 0x24, 0x44, 0xfa,
    0x44, 0x40, 0x0, 0xf, 0x80, 0x0, 0x0, 0x0,
    0xf8, 0x0, 0x0, 0x0, 0xf, 0x80, 0x0, 0x0,
    0x0, 0xf8, 0x0, 0x0,

    /* U+01C3 "ǃ" */
    0x4f, 0xe4, 0xfe, 0x4f, 0xe4, 0xfd, 0x3f, 0xc2,
    0xfb, 0x1f, 0xa0, 0xf9, 0xf, 0x80, 0xe7, 0xd,
    0x60, 0x10, 0x1, 0x3, 0xfc, 0x3f, 0xc0,

    /* U+01C4 "Ǆ" */
    0x0, 0x0, 0x0, 0x0, 0x0, 0x0, 0x0, 0x0,
    0x38, 0x40, 0x58, 0x20, 0x0, 0x0, 0x0, 0x0,
    0x0, 0x0, 0x0, 0x0, 0x0, 0xb, 0xe5, 0xfa,
    0x0, 0x0, 0x0, 0x0, 0x0, 0x0, 0x0, 0x0,
    0x0, 0x0, 0x1, 0xdf, 0xc0, 0x0, 0x0, 0x0,
    0x0, 0x0, 0x0, 0x0, 0x0, 0x0, 0x0, 0x0,
    0x0, 0x0, 0x0, 0x0, 0x6f, 0xff, 0xff, 0xfe,
    0xa3, 0x0, 0x0, 0x7f, 0xff, 0xff, 0xff, 0xff,
    0xd0, 0x6f, 0xec, 0xcc, 0xce, 0xff, 0x60, 0x0,
    0x5c, 0xcc, 0xcc, 0xcc, 0xef, 0xc0, 0x6f, 0x80,
    0x0, 0x0, 0x6f, 0xf2, 0x0, 0x0, 0x0, 0x0,
    0x2, 0xef, 0x40, 0x6f, 0x80, 0x0, 0x0, 0x6,
    0xfb, 0x0, 0x0, 0x0, 0x0, 0xd, 0xf7, 0x0,
    0x6f, 0x80, 0x0, 0x0, 0x0, 0xef, 0x10, 0x0,
    0x0, 0x0, 0xaf, 0xb0, 0x0, 0x6f, 0x80, 0x0,
    0x0, 0x0, 0xbf, 0x40, 0x0, 0x0, 0x6, 0xfd,
    0x10, 0x0, 0x6f, 0x80, 0x0, 0x0, 0x0, 0x9f,
    0x60, 0x0, 0x0, 0x3f, 0xf3, 0x0, 0x0, 0x6f,
    0x80, 0x0, 0x0, 0x0, 0x8f, 0x60, 0x0, 0x1,
    0xef, 0x60, 0x0, 0x0, 0x6f, 0x80, 0x0, 0x0,
    0x0, 0x9f, 0x50, 0x0, 0xb, 0xf9, 0x0, 0x0,
    0x0, 0x6f, 0x80, 0x0, 0x0, 0x0, 0xbf, 0x30,
    0x0, 0x7f, 0xc0, 0x0, 0x0, 0x0, 0x6f, 0x80,
    0x0, 0x0, 0x0, 0xff, 0x0, 0x4, 0xfe, 0x20,
    0x0, 0x0, 0x0, 0x6f, 0x80, 0x0, 0x0, 0x7,
    0xfa, 0x0, 0x1e, 0xf4, 0x0, 0x0, 0x0, 0x0,
    0x6f, 0x80, 0x0, 0x0, 0x6f, 0xf2, 0x0, 0xcf,
    0x80, 0x0, 0x0, 0x0, 0x0, 0x6f, 0xec, 0xcc,
    0xdf, 0xff, 0x50, 0x4, 0xff, 0xcc, 0xcc, 0xcc,
    0xcc, 0xc0, 0x6f, 0xff, 0xff, 0xfd, 0x92, 0x0,
    0x4, 0xff, 0xff, 0xff, 0xff, 0xff, 0xf1,

    /* U+01C5 "ǅ" */
    0x6f, 0xff, 0xff, 0xfe, 0xa3, 0x0, 0x0, 0x4,
    0xfa, 0xd, 0xf2, 0x0, 0x6f, 0xec, 0xcc, 0xce,
    0xff, 0x60, 0x0, 0x0, 0x6f, 0xdf, 0x40, 0x0,
    0x6f, 0x80, 0x0, 0x0, 0x6f, 0xf2, 0x0, 0x0,
    0x6, 0x95, 0x0, 0x0, 0x6f, 0x80, 0x0, 0x0,
    0x6, 0xfb, 0x0, 0x0, 0x0, 0x0, 0x0, 0x0,
    0x6f, 0x80, 0x0, 0x0, 0x0, 0xef, 0x10, 0xcf,
    0xff, 0xff, 0xff, 0xb0, 0x6f, 0x80, 0x0, 0x0,
    0x0, 0xbf, 0x40, 0x57, 0x77, 0x77, 0xef, 0x70,
    0x6f, 0x80, 0x0, 0x0, 0x0, 0x9f, 0x60, 0x0,
    0x0, 0x6, 0xfa, 0x0, 0x6f, 0x80, 0x0, 0x0,
    0x0, 0x8f, 0x60, 0x0, 0x0, 0x3f, 0xc0, 0x0,
    0x6f, 0x80, 0x0, 0x0, 0x0, 0x9f, 0x50, 0x0,
    0x1, 0xee, 0x10, 0x0, 0x6f, 0x80, 0x0, 0x0,
    0x0, 0xbf, 0x30, 0x0, 0xc, 0xf3, 0x0, 0x0,
    0x6f, 0x80, 0x0, 0x0, 0x0, 0xff, 0x0, 0x0,
    0xaf, 0x60, 0x0, 0x0, 0x6f, 0x80, 0x0, 0x0,
    0x7, 0xfa, 0x0, 0x7, 0xf8, 0x0, 0x0, 0x0,
    0x6f, 0x80, 0x0, 0x0, 0x6f, 0xf2, 0x0, 0x4f,
    0xb0, 0x0, 0x0, 0x0, 0x6f, 0xec, 0xcc, 0xdf,
    0xff, 0x50, 0x1, 0xff, 0xcc, 0xcc, 0xcc, 0xc0,
    0x6f, 0xff, 0xff, 0xfd, 0x92, 0x0, 0x2, 0xff,
    0xff, 0xff, 0xff, 0xf0,

    /* U+01C6 "ǆ" */
    0x0, 0x0, 0x0, 0x0, 0xfb, 0x0, 0x8, 0xf6,
    0x2f, 0xc0, 0x0, 0x0, 0x0, 0x0, 0xf, 0xb0,
    0x0, 0xb, 0xfd, 0xe1, 0x0, 0x0, 0x0, 0x0,
    0x0, 0xfb, 0x0, 0x0, 0xa, 0xb4, 0x0, 0x0,
    0x0, 0x0, 0x0, 0xf, 0xb0, 0x0, 0x0, 0x0,
    0x0, 0x0, 0x0, 0x2a, 0xef, 0xb2, 0xfb, 0x1,
    0xff, 0xff, 0xff, 0xff, 0x60, 0x2e, 0xfa, 0x8c,
    0xef, 0xb0, 0x7, 0x77, 0x77, 0x8f, 0xf4, 0xa,
    0xf5, 0x0, 0xb, 0xfb, 0x0, 0x0, 0x0, 0xb,
    0xf8, 0x0, 0xfd, 0x0, 0x0, 0x4f, 0xb0, 0x0,
    0x0, 0x8, 0xfa, 0x0, 0x3f, 0x90, 0x0, 0x0,
    0xfb, 0x0, 0x0, 0x5, 0xfd, 0x0, 0x4, 0xf8,
    0x0, 0x0, 0xe, 0xb0, 0x0, 0x3, 0xfe, 0x20,
    0x0, 0x3f, 0x90, 0x0, 0x0, 0xfb, 0x0, 0x1,
    0xef, 0x40, 0x0, 0x0, 0xfd, 0x0, 0x0, 0x3f,
    0xb0, 0x0, 0xcf, 0x60, 0x0, 0x0, 0x9, 0xf6,
    0x0, 0xb, 0xfb, 0x0, 0xaf, 0x90, 0x0, 0x0,
    0x0, 0x1d, 0xfb, 0x8d, 0xef, 0xb0, 0x6f, 0xf9,
    0x88, 0x88, 0x86, 0x0, 0x19, 0xef, 0xb2, 0xeb,
    0x7, 0xff, 0xff, 0xff, 0xff, 0xb0,

    /* U+01C7 "Ǉ" */
    0x8f, 0x60, 0x0, 0x0, 0x0, 0x0, 0x0, 0x0,
    0xef, 0x8f, 0x60, 0x0, 0x0, 0x0, 0x0, 0x0,
    0x0, 0xef, 0x8f, 0x60, 0x0, 0x0, 0x0, 0x0,
    0x0, 0x0, 0xef, 0x8f, 0x60, 0x0, 0x0, 0x0,
    0x0, 0x0, 0x0, 0xef, 0x8f, 0x60, 0x0, 0x0,
    0x0, 0x0, 0x0, 0x0, 0xef, 0x8f, 0x60, 0x0,
    0x0, 0x0, 0x0, 0x0, 0x0, 0xef, 0x8f, 0x60,
    0x0, 0x0, 0x0, 0x0, 0x0, 0x0, 0xef, 0x8f,
    0x60, 0x0, 0x0, 0x0, 0x0, 0x0, 0x0, 0xef,
    0x8f, 0x60, 0x0, 0x0, 0x0, 0x0, 0x0, 0x0,
    0xef, 0x8f, 0x60, 0x0, 0x0, 0x0, 0x0, 0x0,
    0x0, 0xef, 0x8f, 0x60, 0x0, 0x0, 0x0, 0x46,
    0x0, 0x0, 0xef, 0x8f, 0x60, 0x0, 0x0, 0x0,
    0xdf, 0x0, 0x0, 0xfd, 0x8f, 0x60, 0x0, 0x0,
    0x0, 0xaf, 0x70, 0x6, 0xfa, 0x8f, 0xdc, 0xcc,
    0xcc, 0xc5, 0x3f, 0xfd, 0xdf, 0xf3, 0x8f, 0xff,
    0xff, 0xff, 0xf7, 0x4, 0xcf, 0xfb, 0x30,

    /* U+01C8 "ǈ" */
    0x8f, 0x60, 0x0, 0x0, 0x0, 0x9, 0xf3, 0x8f,
    0x60, 0x0, 0x0, 0x0, 0x9, 0xf3, 0x8f, 0x60,
    0x0, 0x0, 0x0, 0x0, 0x10, 0x8f, 0x60, 0x0,
    0x0, 0x0, 0x0, 0x0, 0x8f, 0x60, 0x0, 0x0,
    0x0, 0x9, 0xf3, 0x8f, 0x60, 0x0, 0x0, 0x0,
    0x9, 0xf3, 0x8f, 0x60, 0x0, 0x0, 0x0, 0x9,
    0xf3, 0x8f, 0x60, 0x0, 0x0, 0x0, 0x9, 0xf3,
    0x8f, 0x60, 0x0, 0x0, 0x0, 0x9, 0xf3, 0x8f,
    0x60, 0x0, 0x0, 0x0, 0x9, 0xf3, 0x8f, 0x60,
    0x0, 0x0, 0x0, 0x9, 0xf3, 0x8f, 0x60, 0x0,
    0x0, 0x0, 0x9, 0xf3, 0x8f, 0x60, 0x0, 0x0,
    0x0, 0x9, 0xf3, 0x8f, 0xdc, 0xcc, 0xcc, 0xc5,
    0x9, 0xf3, 0x8f, 0xff, 0xff, 0xff, 0xf7, 0x9,
    0xf3, 0x0, 0x0, 0x0, 0x0, 0x0, 0x9, 0xf2,
    0x0, 0x0, 0x0, 0x0, 0x0, 0xa, 0xf1, 0x0,
    0x0, 0x0, 0x0, 0x5, 0xaf, 0xe0, 0x0, 0x0,
    0x0, 0x0, 0x9, 0xfd, 0x30,

    /* U+01C9 "ǉ" */
    0xaf, 0x10, 0x4f, 0x8a, 0xf1, 0x4, 0xf8, 0xaf,
    0x10, 0x1, 0xa, 0xf1, 0x0, 0x0, 0xaf, 0x10,
    0x4f, 0x8a, 0xf1, 0x4, 0xf8, 0xaf, 0x10, 0x4f,
    0x8a, 0xf1, 0x4, 0xf8, 0xaf, 0x10, 0x4f, 0x8a,
    0xf1, 0x4, 0xf8, 0xaf, 0x10, 0x4f, 0x8a, 0xf1,
    0x4, 0xf8, 0xaf, 0x10, 0x4f, 0x8a, 0xf1, 0x4,
    0xf8, 0xaf, 0x10, 0x4f, 0x80, 0x0, 0x4, 0xf8,
    0x0, 0x0, 0x5f, 0x70, 0x2, 0x9e, 0xf3, 0x0,
    0x5f, 0xe7, 0x0,

    /* U+01CA "Ǌ" */
    0x6f, 0xd0, 0x0, 0x0, 0x0, 0xfd, 0x0, 0x0,
    0x0, 0x1, 0xfd, 0x6f, 0xf7, 0x0, 0x0, 0x0,
    0xfd, 0x0, 0x0, 0x0, 0x1, 0xfd, 0x6f, 0xff,
    0x20, 0x0, 0x0, 0xfd, 0x0, 0x0, 0x0, 0x1,
    0xfd, 0x6f, 0xbf, 0xc0, 0x0, 0x0, 0xfd, 0x0,
    0x0, 0x0, 0x1, 0xfd, 0x6f, 0x6b, 0xf6, 0x0,
    0x0, 0xfd, 0x0, 0x0, 0x0, 0x1, 0xfd, 0x6f,
    0x62, 0xff, 0x10, 0x0, 0xfd, 0x0, 0x0, 0x0,
    0x1, 0xfd, 0x6f, 0x60, 0x7f, 0xb0, 0x0, 0xfd,
    0x0, 0x0, 0x0, 0x1, 0xfd, 0x6f, 0x60, 0xd,
    0xf5, 0x0, 0xfd, 0x0, 0x0, 0x0, 0x1, 0xfd,
    0x6f, 0x60, 0x3, 0xfe, 0x10, 0xfd, 0x0, 0x0,
    0x0, 0x1, 0xfd, 0x6f, 0x60, 0x0, 0x9f, 0xa0,
    0xfd, 0x0, 0x0, 0x0, 0x1, 0xfd, 0x6f, 0x60,
    0x0, 0xe, 0xf4, 0xfd, 0x0, 0x87, 0x0, 0x1,
    0xfc, 0x6f, 0x60, 0x0, 0x4, 0xfe, 0xfd, 0x0,
    0xfd, 0x0, 0x2, 0xfb, 0x6f, 0x60, 0x0, 0x0,
    0xaf, 0xfd, 0x0, 0xcf, 0x40, 0x9, 0xf7, 0x6f,
    0x60, 0x0, 0x0, 0x1f, 0xfd, 0x0, 0x5f, 0xfd,
    0xef, 0xe1, 0x6f, 0x60, 0x0, 0x0, 0x6, 0xfd,
    0x0, 0x5, 0xdf, 0xea, 0x20,

    /* U+01CB "ǋ" */
    0x6f, 0xd0, 0x0, 0x0, 0x0, 0xfd, 0x0, 0x4f,
    0x86, 0xff, 0x70, 0x0, 0x0, 0xf, 0xd0, 0x4,
    0xf8, 0x6f, 0xff, 0x20, 0x0, 0x0, 0xfd, 0x0,
    0x1, 0x6, 0xfb, 0xfb, 0x0, 0x0, 0xf, 0xd0,
    0x0, 0x0, 0x6f, 0x6b, 0xf6, 0x0, 0x0, 0xfd,
    0x0, 0x4f, 0x86, 0xf6, 0x2f, 0xe1, 0x0, 0xf,
    0xd0, 0x4, 0xf8, 0x6f, 0x60, 0x7f, 0xa0, 0x0,
    0xfd, 0x0, 0x4f, 0x86, 0xf6, 0x0, 0xcf, 0x40,
    0xf, 0xd0, 0x4, 0xf8, 0x6f, 0x60, 0x3, 0xfe,
    0x0, 0xfd, 0x0, 0x4f, 0x86, 0xf6, 0x0, 0x9,
    0xf9, 0xf, 0xd0, 0x4, 0xf8, 0x6f, 0x60, 0x0,
    0xe, 0xf3, 0xfd, 0x0, 0x4f, 0x86, 0xf6, 0x0,
    0x0, 0x4f, 0xdf, 0xd0, 0x4, 0xf8, 0x6f, 0x60,
    0x0, 0x0, 0xaf, 0xfd, 0x0, 0x4f, 0x86, 0xf6,
    0x0, 0x0, 0x1, 0xff, 0xd0, 0x4, 0xf8, 0x6f,
    0x60, 0x0, 0x0, 0x6, 0xfd, 0x0, 0x4f, 0x80,
    0x0, 0x0, 0x0, 0x0, 0x0, 0x0, 0x4, 0xf8,
    0x0, 0x0, 0x0, 0x0, 0x0, 0x0, 0x0, 0x5f,
    0x70, 0x0, 0x0, 0x0, 0x0, 0x0, 0x2, 0x9e,
    0xf3, 0x0, 0x0, 0x0, 0x0, 0x0, 0x0, 0x5f,
    0xe7, 0x0,

    /* U+01CC "ǌ" */
    0x0, 0x0, 0x0, 0x0, 0x0, 0x9, 0xf3, 0x0,
    0x0, 0x0, 0x0, 0x0, 0x9, 0xf3, 0x0, 0x0,
    0x0, 0x0, 0x0, 0x0, 0x10, 0x0, 0x0, 0x0,
    0x0, 0x0, 0x0, 0x0, 0xaf, 0x1a, 0xef, 0xc5,
    0x0, 0x9, 0xf3, 0xaf, 0xeb, 0x67, 0xef, 0x40,
    0x9, 0xf3, 0xaf, 0xa0, 0x0, 0x4f, 0xa0, 0x9,
    0xf3, 0xaf, 0x40, 0x0, 0xf, 0xc0, 0x9, 0xf3,
    0xaf, 0x20, 0x0, 0xf, 0xc0, 0x9, 0xf3, 0xaf,
    0x10, 0x0, 0xf, 0xd0, 0x9, 0xf3, 0xaf, 0x10,
    0x0, 0xf, 0xd0, 0x9, 0xf3, 0xaf, 0x10, 0x0,
    0xf, 0xd0, 0x9, 0xf3, 0xaf, 0x10, 0x0, 0xf,
    0xd0, 0x9, 0xf3, 0xaf, 0x10, 0x0, 0xf, 0xd0,
    0x9, 0xf3, 0xaf, 0x10, 0x0, 0xf, 0xd0, 0x9,
    0xf3, 0x0, 0x0, 0x0, 0x0, 0x0, 0x9, 0xf2,
    0x0, 0x0, 0x0, 0x0, 0x0, 0xa, 0xf1, 0x0,
    0x0, 0x0, 0x0, 0x5, 0xaf, 0xe0, 0x0, 0x0,
    0x0, 0x0, 0x9, 0xfd, 0x30,

    /* U+01CD "Ǎ" */
    0x0, 0x0, 0x38, 0x40, 0x48, 0x20, 0x0, 0x0,
    0x0, 0x0, 0xbf, 0x5f, 0xb0, 0x0, 0x0, 0x0,
    0x0, 0x0, 0xcf, 0xd0, 0x0, 0x0, 0x0, 0x0,
    0x0, 0x0, 0x0, 0x0, 0x0, 0x0, 0x0, 0x0,
    0x0, 0xbf, 0xb0, 0x0, 0x0, 0x0, 0x0, 0x0,
    0x1f, 0xff, 0x10, 0x0, 0x0, 0x0, 0x0, 0x6,
    0xf7, 0xf7, 0x0, 0x0, 0x0, 0x0, 0x0, 0xce,
    0xf, 0xd0, 0x0, 0x0, 0x0, 0x0, 0x2f, 0xa0,
    0xaf, 0x40, 0x0, 0x0, 0x0, 0x8, 0xf5, 0x4,
    0xfa, 0x0, 0x0, 0x0, 0x0, 0xef, 0x0, 0xe,
    0xf1, 0x0, 0x0, 0x0, 0x4f, 0xa0, 0x0, 0x9f,
    0x60, 0x0, 0x0, 0xa, 0xf4, 0x0, 0x3, 0xfd,
    0x0, 0x0, 0x0, 0xff, 0xff, 0xff, 0xff, 0xf3,
    0x0, 0x0, 0x5f, 0xc9, 0x99, 0x99, 0xbf, 0x90,
    0x0, 0xb, 0xf3, 0x0, 0x0, 0x1, 0xff, 0x0,
    0x1, 0xfd, 0x0, 0x0, 0x0, 0xb, 0xf6, 0x0,
    0x7f, 0x80, 0x0, 0x0, 0x0, 0x5f, 0xc0, 0xd,
    0xf2, 0x0, 0x0, 0x0, 0x0, 0xef, 0x20,

    /* U+01CE "ǎ" */
    0x0, 0x2f, 0xc0, 0xaf, 0x40, 0x0, 0x0, 0x5f,
    0xbf, 0x70, 0x0, 0x0, 0x0, 0x7c, 0x90, 0x0,
    0x0, 0x0, 0x0, 0x0, 0x0, 0x0, 0x0, 0x29,
    0xdf, 0xec, 0x50, 0x0, 0x2f, 0xf9, 0x89, 0xff,
    0x50, 0xa, 0xf3, 0x0, 0x4, 0xfa, 0x0, 0x46,
    0x0, 0x0, 0xf, 0xb0, 0x0, 0x1, 0x46, 0x9c,
    0xfb, 0x0, 0x1b, 0xff, 0xfe, 0x9f, 0xc0, 0xc,
    0xf9, 0x41, 0x0, 0xfc, 0x2, 0xfb, 0x0, 0x0,
    0x3f, 0xc0, 0x2f, 0xc0, 0x0, 0xb, 0xfc, 0x0,
    0xcf, 0xb7, 0x8e, 0xde, 0xd0, 0x1, 0x9e, 0xfd,
    0x70, 0xaf, 0x10,

    /* U+01CF "Ǐ" */
    0x17, 0x60, 0x28, 0x40, 0x7f, 0x6d, 0xe1, 0x0,
    0x9f, 0xf2, 0x0, 0x0, 0x0, 0x0, 0x0, 0x2f,
    0xb0, 0x0, 0x2, 0xfb, 0x0, 0x0, 0x2f, 0xb0,
    0x0, 0x2, 0xfb, 0x0, 0x0, 0x2f, 0xb0, 0x0,
    0x2, 0xfb, 0x0, 0x0, 0x2f, 0xb0, 0x0, 0x2,
    0xfb, 0x0, 0x0, 0x2f, 0xb0, 0x0, 0x2, 0xfb,
    0x0, 0x0, 0x2f, 0xb0, 0x0, 0x2, 0xfb, 0x0,
    0x0, 0x2f, 0xb0, 0x0, 0x2, 0xfb, 0x0, 0x0,
    0x2f, 0xb0, 0x0,

    /* U+01D0 "ǐ" */
    0x1d, 0xe1, 0x8f, 0x60, 0x2f, 0xcf, 0x90, 0x0,
    0x4a, 0x90, 0x0, 0x0, 0x0, 0x0, 0x0, 0x1f,
    0xa0, 0x0, 0x1, 0xfa, 0x0, 0x0, 0x1f, 0xa0,
    0x0, 0x1, 0xfa, 0x0, 0x0, 0x1f, 0xa0, 0x0,
    0x1, 0xfa, 0x0, 0x0, 0x1f, 0xa0, 0x0, 0x1,
    0xfa, 0x0, 0x0, 0x1f, 0xa0, 0x0, 0x1, 0xfa,
    0x0, 0x0, 0x1f, 0xa0, 0x0,

    /* U+01D1 "Ǒ" */
    0x0, 0x0, 0x1e, 0xd0, 0x8f, 0x70, 0x0, 0x0,
    0x0, 0x0, 0x4f, 0xaf, 0xb0, 0x0, 0x0, 0x0,
    0x0, 0x0, 0x8f, 0xe1, 0x0, 0x0, 0x0, 0x0,
    0x0, 0x0, 0x0, 0x0, 0x0, 0x0, 0x0, 0x0,
    0x39, 0xdf, 0xec, 0x70, 0x0, 0x0, 0x0, 0x8f,
    0xfd, 0xbc, 0xff, 0xe2, 0x0, 0x0, 0x7f, 0xe4,
    0x0, 0x0, 0x8f, 0xe1, 0x0, 0x2f, 0xe1, 0x0,
    0x0, 0x0, 0x8f, 0xb0, 0x9, 0xf7, 0x0, 0x0,
    0x0, 0x0, 0xef, 0x20, 0xdf, 0x20, 0x0, 0x0,
    0x0, 0x9, 0xf6, 0xf, 0xf0, 0x0, 0x0, 0x0,
    0x0, 0x6f, 0x80, 0xfe, 0x0, 0x0, 0x0, 0x0,
    0x5, 0xf9, 0xf, 0xf0, 0x0, 0x0, 0x0, 0x0,
    0x6f, 0x90, 0xdf, 0x10, 0x0, 0x0, 0x0, 0x9,
    0xf6, 0x9, 0xf7, 0x0, 0x0, 0x0, 0x0, 0xef,
    0x20, 0x2f, 0xf2, 0x0, 0x0, 0x0, 0x7f, 0xb0,
    0x0, 0x7f, 0xe4, 0x0, 0x0, 0x8f, 0xe2, 0x0,
    0x0, 0x7f, 0xfd, 0xbc, 0xff, 0xe3, 0x0, 0x0,
    0x0, 0x39, 0xdf, 0xfc, 0x70, 0x0, 0x0,

    /* U+01D2 "ǒ" */
    0x0, 0x3f, 0xb0, 0xbf, 0x30, 0x0, 0x0, 0x6f,
    0xbf, 0x70, 0x0, 0x0, 0x0, 0x8c, 0x90, 0x0,
    0x0, 0x0, 0x0, 0x0, 0x0, 0x0, 0x0, 0x18,
    0xef, 0xe9, 0x10, 0x0, 0x1e, 0xfb, 0x8b, 0xfe,
    0x20, 0xa, 0xf6, 0x0, 0x5, 0xfc, 0x0, 0xfd,
    0x0, 0x0, 0xb, 0xf2, 0x3f, 0x90, 0x0, 0x0,
    0x7f, 0x54, 0xf8, 0x0, 0x0, 0x6, 0xf6, 0x3f,
    0xa0, 0x0, 0x0, 0x8f, 0x50, 0xfd, 0x0, 0x0,
    0xc, 0xf2, 0xb, 0xf7, 0x0, 0x4, 0xfc, 0x0,
    0x1e, 0xfc, 0x8a, 0xfe, 0x20, 0x0, 0x18, 0xdf,
    0xe9, 0x10, 0x0,

    /* U+01D3 "Ǔ" */
    0x0, 0x8, 0xf6, 0x1e, 0xd0, 0x0, 0x0, 0x0,
    0xce, 0xaf, 0x30, 0x0, 0x0, 0x0, 0x1e, 0xf8,
    0x0, 0x0, 0x0, 0x0, 0x0, 0x0, 0x0, 0x0,
    0x6f, 0x70, 0x0, 0x0, 0x1, 0xfd, 0x6f, 0x70,
    0x0, 0x0, 0x1, 0xfd, 0x6f, 0x70, 0x0, 0x0,
    0x1, 0xfd, 0x6f, 0x70, 0x0, 0x0, 0x1, 0xfd,
    0x6f, 0x70, 0x0, 0x0, 0x1, 0xfd, 0x6f, 0x70,
    0x0, 0x0, 0x1, 0xfd, 0x6f, 0x70, 0x0, 0x0,
    0x1, 0xfd, 0x6f, 0x70, 0x0, 0x0, 0x1, 0xfd,
    0x6f, 0x70, 0x0, 0x0, 0x1, 0xfd, 0x5f, 0x80,
    0x0, 0x0, 0x1, 0xfc, 0x4f, 0x90, 0x0, 0x0,
    0x3, 0xfb, 0x1f, 0xe0, 0x0, 0x0, 0x8, 0xf8,
    0xb, 0xfa, 0x10, 0x0, 0x5f, 0xf2, 0x1, 0xef,
    0xfd, 0xce, 0xff, 0x60, 0x0, 0x18, 0xdf, 0xfe,
    0xa3, 0x0,

    /* U+01D4 "ǔ" */
    0x2, 0xfc, 0xb, 0xf4, 0x0, 0x4, 0xfc, 0xf6,
    0x0, 0x0, 0x5, 0xa7, 0x0, 0x0, 0x0, 0x0,
    0x0, 0x0, 0xbf, 0x10, 0x0, 0xf, 0xbb, 0xf1,
    0x0, 0x0, 0xfb, 0xbf, 0x10, 0x0, 0xf, 0xbb,
    0xf1, 0x0, 0x0, 0xfb, 0xbf, 0x10, 0x0, 0xf,
    0xbb, 0xf1, 0x0, 0x0, 0xfb, 0xaf, 0x10, 0x0,
    0x1f, 0xba, 0xf2, 0x0, 0x3, 0xfb, 0x7f, 0x70,
    0x0, 0xbf, 0xb2, 0xff, 0xba, 0xec, 0xdb, 0x3,
    0xbf, 0xe9, 0x1d, 0xb0,

    /* U+01D5 "Ǖ" */
    0x0, 0xe, 0xff, 0xff, 0xf2, 0x0, 0x0, 0x7,
    0x88, 0x88, 0x81, 0x0, 0x0, 0x7, 0xf5, 0xd,
    0xf0, 0x0, 0x0, 0x7, 0xf5, 0xd, 0xf0, 0x0,
    0x0, 0x0, 0x10, 0x1, 0x10, 0x0, 0x0, 0x0,
    0x0, 0x0, 0x0, 0x0, 0x6f, 0x70, 0x0, 0x0,
    0x1, 0xfd, 0x6f, 0x70, 0x0, 0x0, 0x1, 0xfd,
    0x6f, 0x70, 0x0, 0x0, 0x1, 0xfd, 0x6f, 0x70,
    0x0, 0x0, 0x1, 0xfd, 0x6f, 0x70, 0x0, 0x0,
    0x1, 0xfd, 0x6f, 0x70, 0x0, 0x0, 0x1, 0xfd,
    0x6f, 0x70, 0x0, 0x0, 0x1, 0xfd, 0x6f, 0x70,
    0x0, 0x0, 0x1, 0xfd, 0x6f, 0x70, 0x0, 0x0,
    0x1, 0xfd, 0x5f, 0x80, 0x0, 0x0, 0x1, 0xfc,
    0x4f, 0x90, 0x0, 0x0, 0x3, 0xfb, 0x1f, 0xe0,
    0x0, 0x0, 0x8, 0xf8, 0xb, 0xfa, 0x10, 0x0,
    0x5f, 0xf2, 0x1, 0xef, 0xfd, 0xce, 0xff, 0x60,
    0x0, 0x18, 0xdf, 0xfe, 0xa3, 0x0,

    /* U+01D6 "ǖ" */
    0x4, 0x88, 0x88, 0x84, 0x0, 0x8f, 0xff, 0xff,
    0x90, 0x0, 0x0, 0x0, 0x0, 0x0, 0x2f, 0xb0,
    0x8f, 0x40, 0x2, 0xfb, 0x8, 0xf4, 0x0, 0x1,
    0x0, 0x1, 0x0, 0x0, 0x0, 0x0, 0x0, 0xb,
    0xf1, 0x0, 0x0, 0xfb, 0xbf, 0x10, 0x0, 0xf,
    0xbb, 0xf1, 0x0, 0x0, 0xfb, 0xbf, 0x10, 0x0,
    0xf, 0xbb, 0xf1, 0x0, 0x0, 0xfb, 0xbf, 0x10,
    0x0, 0xf, 0xba, 0xf1, 0x0, 0x1, 0xfb, 0xaf,
    0x20, 0x0, 0x3f, 0xb7, 0xf7, 0x0, 0xb, 0xfb,
    0x2f, 0xfb, 0xae, 0xcd, 0xb0, 0x3b, 0xfe, 0x91,
    0xdb,

    /* U+01D7 "Ǘ" */
    0x0, 0x0, 0x0, 0xcf, 0x50, 0x0, 0x0, 0x0,
    0x4, 0xf9, 0x0, 0x0, 0x0, 0x0, 0x9, 0xb0,
    0x0, 0x0, 0x0, 0x7, 0xf5, 0xd, 0xf0, 0x0,
    0x0, 0x7, 0xf5, 0xd, 0xf0, 0x0, 0x0, 0x0,
    0x10, 0x1, 0x10, 0x0, 0x0, 0x0, 0x0, 0x0,
    0x0, 0x0, 0x6f, 0x70, 0x0, 0x0, 0x1, 0xfd,
    0x6f, 0x70, 0x0, 0x0, 0x1, 0xfd, 0x6f, 0x70,
    0x0, 0x0, 0x1, 0xfd, 0x6f, 0x70, 0x0, 0x0,
    0x1, 0xfd, 0x6f, 0x70, 0x0, 0x0, 0x1, 0xfd,
    0x6f, 0x70, 0x0, 0x0, 0x1, 0xfd, 0x6f, 0x70,
    0x0, 0x0, 0x1, 0xfd, 0x6f, 0x70, 0x0, 0x0,
    0x1, 0xfd, 0x6f, 0x70, 0x0, 0x0, 0x1, 0xfd,
    0x5f, 0x80, 0x0, 0x0, 0x1, 0xfc, 0x4f, 0x90,
    0x0, 0x0, 0x3, 0xfb, 0x1f, 0xe0, 0x0, 0x0,
    0x8, 0xf8, 0xb, 0xfa, 0x10, 0x0, 0x5f, 0xf2,
    0x1, 0xef, 0xfd, 0xce, 0xff, 0x60, 0x0, 0x18,
    0xdf, 0xfe, 0xa3, 0x0,

    /* U+01D8 "ǘ" */
    0x0, 0x0, 0x5d, 0xa0, 0x0, 0x0, 0xd, 0xe2,
    0x0, 0x0, 0x4, 0xf4, 0x0, 0x0, 0x0, 0x0,
    0x0, 0x0, 0x2, 0xfb, 0x8, 0xf4, 0x0, 0x2f,
    0xb0, 0x8f, 0x40, 0x0, 0x10, 0x0, 0x10, 0x0,
    0x0, 0x0, 0x0, 0x0, 0xbf, 0x10, 0x0, 0xf,
    0xbb, 0xf1, 0x0, 0x0, 0xfb, 0xbf, 0x10, 0x0,
    0xf, 0xbb, 0xf1, 0x0, 0x0, 0xfb, 0xbf, 0x10,
    0x0, 0xf, 0xbb, 0xf1, 0x0, 0x0, 0xfb, 0xaf,
    0x10, 0x0, 0x1f, 0xba, 0xf2, 0x0, 0x3, 0xfb,
    0x7f, 0x70, 0x0, 0xbf, 0xb2, 0xff, 0xba, 0xec,
    0xdb, 0x3, 0xbf, 0xe9, 0x1d, 0xb0,

    /* U+01D9 "Ǚ" */
    0x0, 0x5, 0x82, 0x6, 0x71, 0x0, 0x0, 0x2,
    0xfb, 0x4f, 0x90, 0x0, 0x0, 0x0, 0x6f, 0xfd,
    0x0, 0x0, 0x0, 0x0, 0x6, 0x83, 0x0, 0x0,
    0x0, 0x7, 0xf5, 0xd, 0xf0, 0x0, 0x0, 0x7,
    0xf5, 0xd, 0xf0, 0x0, 0x0, 0x0, 0x10, 0x1,
    0x10, 0x0, 0x0, 0x0, 0x0, 0x0, 0x0, 0x0,
    0x6f, 0x70, 0x0, 0x0, 0x1, 0xfd, 0x6f, 0x70,
    0x0, 0x0, 0x1, 0xfd, 0x6f, 0x70, 0x0, 0x0,
    0x1, 0xfd, 0x6f, 0x70, 0x0, 0x0, 0x1, 0xfd,
    0x6f, 0x70, 0x0, 0x0, 0x1, 0xfd, 0x6f, 0x70,
    0x0, 0x0, 0x1, 0xfd, 0x6f, 0x70, 0x0, 0x0,
    0x1, 0xfd, 0x6f, 0x70, 0x0, 0x0, 0x1, 0xfd,
    0x6f, 0x70, 0x0, 0x0, 0x1, 0xfd, 0x5f, 0x80,
    0x0, 0x0, 0x1, 0xfc, 0x4f, 0x90, 0x0, 0x0,
    0x3, 0xfb, 0x1f, 0xe0, 0x0, 0x0, 0x8, 0xf8,
    0xb, 0xfa, 0x10, 0x0, 0x5f, 0xf2, 0x1, 0xef,
    0xfd, 0xce, 0xff, 0x60, 0x0, 0x18, 0xdf, 0xfe,
    0xa3, 0x0,

    /* U+01DA "ǚ" */
    0x4, 0xfa, 0xb, 0xf3, 0x0, 0x8, 0xf9, 0xf8,
    0x0, 0x0, 0xc, 0xfc, 0x0, 0x0, 0x0, 0x0,
    0x0, 0x0, 0x2, 0xfa, 0x8, 0xf4, 0x0, 0x2f,
    0xa0, 0x8f, 0x40, 0x0, 0x10, 0x0, 0x10, 0x0,
    0x0, 0x0, 0x0, 0x0, 0xbf, 0x10, 0x0, 0xf,
    0xbb, 0xf1, 0x0, 0x0, 0xfb, 0xbf, 0x10, 0x0,
    0xf, 0xbb, 0xf1, 0x0, 0x0, 0xfb, 0xbf, 0x10,
    0x0, 0xf, 0xbb, 0xf1, 0x0, 0x0, 0xfb, 0xaf,
    0x10, 0x0, 0x1f, 0xba, 0xf2, 0x0, 0x3, 0xfb,
    0x7f, 0x70, 0x0, 0xbf, 0xb2, 0xff, 0xba, 0xec,
    0xdb, 0x3, 0xbf, 0xe9, 0x1d, 0xb0,

    /* U+01DB "Ǜ" */
    0x0, 0x0, 0xdf, 0x40, 0x0, 0x0, 0x0, 0x0,
    0x2f, 0xb0, 0x0, 0x0, 0x0, 0x0, 0x5, 0xd2,
    0x0, 0x0, 0x0, 0x7, 0xf5, 0xd, 0xf0, 0x0,
    0x0, 0x7, 0xf5, 0xd, 0xf0, 0x0, 0x0, 0x0,
    0x10, 0x1, 0x10, 0x0, 0x0, 0x0, 0x0, 0x0,
    0x0, 0x0, 0x6f, 0x70, 0x0, 0x0, 0x1, 0xfd,
    0x6f, 0x70, 0x0, 0x0, 0x1, 0xfd, 0x6f, 0x70,
    0x0, 0x0, 0x1, 0xfd, 0x6f, 0x70, 0x0, 0x0,
    0x1, 0xfd, 0x6f, 0x70, 0x0, 0x0, 0x1, 0xfd,
    0x6f, 0x70, 0x0, 0x0, 0x1, 0xfd, 0x6f, 0x70,
    0x0, 0x0, 0x1, 0xfd, 0x6f, 0x70, 0x0, 0x0,
    0x1, 0xfd, 0x6f, 0x70, 0x0, 0x0, 0x1, 0xfd,
    0x5f, 0x80, 0x0, 0x0, 0x1, 0xfc, 0x4f, 0x90,
    0x0, 0x0, 0x3, 0xfb, 0x1f, 0xe0, 0x0, 0x0,
    0x8, 0xf8, 0xb, 0xfa, 0x10, 0x0, 0x5f, 0xf2,
    0x1, 0xef, 0xfd, 0xce, 0xff, 0x60, 0x0, 0x18,
    0xdf, 0xfe, 0xa3, 0x0,

    /* U+01DC "ǜ" */
    0x0, 0x8d, 0x70, 0x0, 0x0, 0x0, 0xde, 0x0,
    0x0, 0x0, 0x3, 0xf7, 0x0, 0x0, 0x0, 0x0,
    0x0, 0x0, 0x2, 0xfa, 0x8, 0xf4, 0x0, 0x2f,
    0xa0, 0x8f, 0x40, 0x0, 0x10, 0x0, 0x10, 0x0,
    0x0, 0x0, 0x0, 0x0, 0xbf, 0x10, 0x0, 0xf,
    0xbb, 0xf1, 0x0, 0x0, 0xfb, 0xbf, 0x10, 0x0,
    0xf, 0xbb, 0xf1, 0x0, 0x0, 0xfb, 0xbf, 0x10,
    0x0, 0xf, 0xbb, 0xf1, 0x0, 0x0, 0xfb, 0xaf,
    0x10, 0x0, 0x1f, 0xba, 0xf2, 0x0, 0x3, 0xfb,
    0x7f, 0x70, 0x0, 0xbf, 0xb2, 0xff, 0xba, 0xec,
    0xdb, 0x3, 0xbf, 0xe9, 0x1d, 0xb0,

    /* U+01DD "ǝ" */
    0x0, 0x2a, 0xdf, 0xe9, 0x10, 0x0, 0x2e, 0xfa,
    0x8b, 0xfe, 0x10, 0xc, 0xf4, 0x0, 0x6, 0xfb,
    0x0, 0x77, 0x0, 0x0, 0xd, 0xf1, 0x0, 0x0,
    0x0, 0x0, 0x9f, 0x43, 0xff, 0xff, 0xff, 0xff,
    0xf5, 0x2f, 0xd8, 0x88, 0x88, 0xdf, 0x40, 0xfd,
    0x0, 0x0, 0xc, 0xf1, 0x9, 0xf6, 0x0, 0x6,
    0xfa, 0x0, 0x1d, 0xfb, 0x8b, 0xfd, 0x10, 0x0,
    0x19, 0xef, 0xe9, 0x10, 0x0,

    /* U+01DE "Ǟ" */
    0x0, 0x0, 0x7f, 0xff, 0xff, 0xa0, 0x0, 0x0,
    0x0, 0x3, 0x88, 0x88, 0x85, 0x0, 0x0, 0x0,
    0x0, 0x1, 0x0, 0x1, 0x0, 0x0, 0x0, 0x0,
    0x0, 0xfc, 0x6, 0xf6, 0x0, 0x0, 0x0, 0x0,
    0xf, 0xc0, 0x6f, 0x60, 0x0, 0x0, 0x0, 0x0,
    0x0, 0x0, 0x0, 0x0, 0x0, 0x0, 0x0, 0x0,
    0xbf, 0xb0, 0x0, 0x0, 0x0, 0x0, 0x0, 0x1f,
    0xff, 0x10, 0x0, 0x0, 0x0, 0x0, 0x6, 0xf7,
    0xf7, 0x0, 0x0, 0x0, 0x0, 0x0, 0xce, 0xf,
    0xd0, 0x0, 0x0, 0x0, 0x0, 0x2f, 0xa0, 0xaf,
    0x40, 0x0, 0x0, 0x0, 0x8, 0xf5, 0x4, 0xfa,
    0x0, 0x0, 0x0, 0x0, 0xef, 0x0, 0xe, 0xf1,
    0x0, 0x0, 0x0, 0x4f, 0xa0, 0x0, 0x9f, 0x60,
    0x0, 0x0, 0xa, 0xf4, 0x0, 0x3, 0xfd, 0x0,
    0x0, 0x0, 0xff, 0xff, 0xff, 0xff, 0xf3, 0x0,
    0x0, 0x5f, 0xc9, 0x99, 0x99, 0xbf, 0x90, 0x0,
    0xb, 0xf3, 0x0, 0x0, 0x1, 0xff, 0x0, 0x1,
    0xfd, 0x0, 0x0, 0x0, 0xb, 0xf6, 0x0, 0x7f,
    0x80, 0x0, 0x0, 0x0, 0x5f, 0xc0, 0xd, 0xf2,
    0x0, 0x0, 0x0, 0x0, 0xef, 0x20,

    /* U+01DF "ǟ" */
    0x0, 0x48, 0x88, 0x88, 0x40, 0x0, 0x8, 0xff,
    0xff, 0xf9, 0x0, 0x0, 0x0, 0x0, 0x0, 0x0,
    0x0, 0x2, 0xfa, 0x8, 0xf4, 0x0, 0x0, 0x2f,
    0xa0, 0x8f, 0x40, 0x0, 0x0, 0x10, 0x0, 0x10,
    0x0, 0x0, 0x0, 0x0, 0x0, 0x0, 0x0, 0x2,
    0x9d, 0xfe, 0xc5, 0x0, 0x2, 0xff, 0x98, 0x9f,
    0xf5, 0x0, 0xaf, 0x30, 0x0, 0x4f, 0xa0, 0x4,
    0x60, 0x0, 0x0, 0xfb, 0x0, 0x0, 0x14, 0x69,
    0xcf, 0xb0, 0x1, 0xbf, 0xff, 0xe9, 0xfc, 0x0,
    0xcf, 0x94, 0x10, 0xf, 0xc0, 0x2f, 0xb0, 0x0,
    0x3, 0xfc, 0x2, 0xfc, 0x0, 0x0, 0xbf, 0xc0,
    0xc, 0xfb, 0x78, 0xed, 0xed, 0x0, 0x19, 0xef,
    0xd7, 0xa, 0xf1,

    /* U+01E0 "Ǡ" */
    0x0, 0x0, 0x8f, 0xff, 0xff, 0x80, 0x0, 0x0,
    0x0, 0x4, 0x88, 0x88, 0x84, 0x0, 0x0, 0x0,
    0x0, 0x0, 0x1, 0x0, 0x0, 0x0, 0x0, 0x0,
    0x0, 0x6, 0xf6, 0x0, 0x0, 0x0, 0x0, 0x0,
    0x0, 0x6f, 0x60, 0x0, 0x0, 0x0, 0x0, 0x0,
    0x0, 0x0, 0x0, 0x0, 0x0, 0x0, 0x0, 0x0,
    0xbf, 0xb0, 0x0, 0x0, 0x0, 0x0, 0x0, 0x1f,
    0xff, 0x10, 0x0, 0x0, 0x0, 0x0, 0x6, 0xf7,
    0xf7, 0x0, 0x0, 0x0, 0x0, 0x0, 0xce, 0xf,
    0xd0, 0x0, 0x0, 0x0, 0x0, 0x2f, 0xa0, 0xaf,
    0x40, 0x0, 0x0, 0x0, 0x8, 0xf5, 0x4, 0xfa,
    0x0, 0x0, 0x0, 0x0, 0xef, 0x0, 0xe, 0xf1,
    0x0, 0x0, 0x0, 0x4f, 0xa0, 0x0, 0x9f, 0x60,
    0x0, 0x0, 0xa, 0xf4, 0x0, 0x3, 0xfd, 0x0,
    0x0, 0x0, 0xff, 0xff, 0xff, 0xff, 0xf3, 0x0,
    0x0, 0x5f, 0xc9, 0x99, 0x99, 0xbf, 0x90, 0x0,
    0xb, 0xf3, 0x0, 0x0, 0x1, 0xff, 0x0, 0x1,
    0xfd, 0x0, 0x0, 0x0, 0xb, 0xf6, 0x0, 0x7f,
    0x80, 0x0, 0x0, 0x0, 0x5f, 0xc0, 0xd, 0xf2,
    0x0, 0x0, 0x0, 0x0, 0xef, 0x20,

    /* U+01E1 "ǡ" */
    0x0, 0x38, 0x88, 0x88, 0x50, 0x0, 0x7, 0xff,
    0xff, 0xfa, 0x0, 0x0, 0x0, 0x0, 0x0, 0x0,
    0x0, 0x0, 0x3, 0xf9, 0x0, 0x0, 0x0, 0x0,
    0x3f, 0x90, 0x0, 0x0, 0x0, 0x0, 0x10, 0x0,
    0x0, 0x0, 0x0, 0x0, 0x0, 0x0, 0x0, 0x2,
    0x9d, 0xfe, 0xc5, 0x0, 0x2, 0xff, 0x98, 0x9f,
    0xf5, 0x0, 0xaf, 0x30, 0x0, 0x4f, 0xa0, 0x4,
    0x60, 0x0, 0x0, 0xfb, 0x0, 0x0, 0x14, 0x69,
    0xcf, 0xb0, 0x1, 0xbf, 0xff, 0xe9, 0xfc, 0x0,
    0xcf, 0x94, 0x10, 0xf, 0xc0, 0x2f, 0xb0, 0x0,
    0x3, 0xfc, 0x2, 0xfc, 0x0, 0x0, 0xbf, 0xc0,
    0xc, 0xfb, 0x78, 0xed, 0xed, 0x0, 0x19, 0xef,
    0xd7, 0xa, 0xf1,

    /* U+01E2 "Ǣ" */
    0x0, 0x0, 0x0, 0x8, 0xff, 0xff, 0xf9, 0x0,
    0x0, 0x0, 0x0, 0x0, 0x0, 0x48, 0x88, 0x88,
    0x40, 0x0, 0x0, 0x0, 0x0, 0x0, 0x0, 0x0,
    0x0, 0x0, 0x0, 0x0, 0x0, 0x0, 0x0, 0x5,
    0xff, 0xff, 0xff, 0xff, 0xff, 0xfa, 0x0, 0x0,
    0x0, 0xcf, 0xcd, 0xfd, 0xcc, 0xcc, 0xcc, 0x70,
    0x0, 0x0, 0x3f, 0xc0, 0x7f, 0x70, 0x0, 0x0,
    0x0, 0x0, 0x0, 0xb, 0xf5, 0x7, 0xf7, 0x0,
    0x0, 0x0, 0x0, 0x0, 0x2, 0xfd, 0x0, 0x7f,
    0x70, 0x0, 0x0, 0x0, 0x0, 0x0, 0xaf, 0x60,
    0x7, 0xf7, 0x0, 0x0, 0x0, 0x0, 0x0, 0x1f,
    0xe0, 0x0, 0x7f, 0xdb, 0xbb, 0xbb, 0xb1, 0x0,
    0x8, 0xf8, 0x0, 0x7, 0xff, 0xff, 0xff, 0xff,
    0x20, 0x0, 0xff, 0x10, 0x0, 0x7f, 0x70, 0x0,
    0x0, 0x0, 0x0, 0x7f, 0xff, 0xff, 0xff, 0xf7,
    0x0, 0x0, 0x0, 0x0, 0xe, 0xfc, 0xcc, 0xcc,
    0xdf, 0x70, 0x0, 0x0, 0x0, 0x6, 0xfa, 0x0,
    0x0, 0x7, 0xf7, 0x0, 0x0, 0x0, 0x0, 0xdf,
    0x30, 0x0, 0x0, 0x7f, 0x70, 0x0, 0x0, 0x0,
    0x5f, 0xc0, 0x0, 0x0, 0x7, 0xfd, 0xcc, 0xcc,
    0xcc, 0xac, 0xf4, 0x0, 0x0, 0x0, 0x7f, 0xff,
    0xff, 0xff, 0xfe,

    /* U+01E3 "ǣ" */
    0x0, 0x0, 0x1, 0xff, 0xff, 0xff, 0x0, 0x0,
    0x0, 0x0, 0x0, 0x8, 0x88, 0x88, 0x80, 0x0,
    0x0, 0x0, 0x0, 0x0, 0x0, 0x0, 0x0, 0x0,
    0x0, 0x0, 0x0, 0x0, 0x0, 0x0, 0x0, 0x0,
    0x0, 0x0, 0x0, 0x2a, 0xef, 0xeb, 0x31, 0x9e,
    0xfd, 0x70, 0x0, 0x3f, 0xe9, 0x8a, 0xff, 0xdf,
    0xa8, 0xbf, 0xb0, 0xb, 0xf2, 0x0, 0x7, 0xff,
    0x40, 0x0, 0x8f, 0x50, 0x55, 0x0, 0x0, 0x4f,
    0xb0, 0x0, 0x0, 0xfb, 0x0, 0x0, 0x36, 0x9d,
    0xfc, 0x88, 0x88, 0x8e, 0xe0, 0x1a, 0xff, 0xfe,
    0xbf, 0xff, 0xff, 0xff, 0xff, 0xd, 0xf8, 0x30,
    0x4, 0xf8, 0x0, 0x0, 0x0, 0x3, 0xfa, 0x0,
    0x0, 0x6f, 0xa0, 0x0, 0x0, 0x97, 0x3f, 0xc0,
    0x0, 0x1d, 0xff, 0x30, 0x0, 0x7f, 0x80, 0xcf,
    0xc8, 0xaf, 0xd4, 0xef, 0xb8, 0xbf, 0xd1, 0x1,
    0xae, 0xfd, 0x70, 0x1, 0x9e, 0xfd, 0x81, 0x0,

    /* U+01E4 "Ǥ" */
    0x0, 0x1, 0x8c, 0xef, 0xea, 0x40, 0x0, 0x0,
    0x5, 0xff, 0xeb, 0xbd, 0xff, 0x80, 0x0, 0x5,
    0xfe, 0x50, 0x0, 0x3, 0xef, 0x50, 0x1, 0xef,
    0x30, 0x0, 0x0, 0x3, 0xfc, 0x0, 0x6f, 0x90,
    0x0, 0x0, 0x0, 0x8, 0x60, 0xb, 0xf3, 0x0,
    0x0, 0x0, 0x0, 0x0, 0x0, 0xdf, 0x10, 0x0,
    0x0, 0x0, 0x0, 0x0, 0xf, 0xf0, 0x0, 0x0,
    0x9c, 0xcc, 0xcc, 0x30, 0xef, 0x10, 0x0, 0xc,
    0xff, 0xff, 0xf4, 0xc, 0xf4, 0x0, 0x0, 0x0,
    0x0, 0x9f, 0x40, 0x7f, 0x90, 0x0, 0x0, 0xe,
    0xff, 0xff, 0x91, 0xff, 0x40, 0x0, 0x0, 0x78,
    0xcf, 0xa4, 0x5, 0xff, 0x71, 0x0, 0x2, 0x8f,
    0xf4, 0x0, 0x5, 0xff, 0xfd, 0xce, 0xff, 0xf6,
    0x0, 0x0, 0x1, 0x8c, 0xef, 0xeb, 0x70, 0x0,
    0x0,

    /* U+01E5 "ǥ" */
    0x0, 0x2a, 0xef, 0xb3, 0xcd, 0x0, 0x1, 0xef,
    0xa8, 0xcf, 0xed, 0x0, 0xa, 0xf5, 0x0, 0xa,
    0xfd, 0x0, 0xf, 0xd0, 0x0, 0x1, 0xfd, 0x0,
    0x3f, 0x90, 0x0, 0x78, 0xfe, 0x81, 0x4f, 0x80,
    0x0, 0xef, 0xff, 0xf2, 0x3f, 0x80, 0x0, 0x0,
    0xfd, 0x0, 0xf, 0xc0, 0x0, 0x3, 0xfd, 0x0,
    0xa, 0xf5, 0x0, 0xc, 0xfd, 0x0, 0x1, 0xef,
    0xa8, 0xde, 0xfd, 0x0, 0x0, 0x1a, 0xef, 0xb2,
    0xfc, 0x0, 0x2, 0x0, 0x0, 0x1, 0xfa, 0x0,
    0xe, 0xe0, 0x0, 0x8, 0xf6, 0x0, 0x7, 0xfd,
    0x88, 0xbf, 0xc0, 0x0, 0x0, 0x5c, 0xef, 0xd7,
    0x0, 0x0,

    /* U+01E6 "Ǧ" */
    0x0, 0x0, 0x8f, 0x51, 0xfd, 0x0, 0x0, 0x0,
    0x0, 0xc, 0xeb, 0xf3, 0x0, 0x0, 0x0, 0x0,
    0x2, 0xff, 0x70, 0x0, 0x0, 0x0, 0x0, 0x0,
    0x0, 0x0, 0x0, 0x0, 0x0, 0x1, 0x8c, 0xef,
    0xea, 0x40, 0x0, 0x0, 0x5f, 0xfe, 0xbb, 0xdf,
    0xf8, 0x0, 0x5, 0xfe, 0x50, 0x0, 0x4, 0xef,
    0x50, 0x1e, 0xf3, 0x0, 0x0, 0x0, 0x3f, 0xd0,
    0x6f, 0x90, 0x0, 0x0, 0x0, 0x8, 0x60, 0xbf,
    0x30, 0x0, 0x0, 0x0, 0x0, 0x0, 0xdf, 0x10,
    0x0, 0x0, 0x0, 0x0, 0x0, 0xff, 0x0, 0x0,
    0x9, 0xcc, 0xcc, 0xc3, 0xef, 0x10, 0x0, 0xc,
    0xff, 0xff, 0xf4, 0xcf, 0x40, 0x0, 0x0, 0x0,
    0x9, 0xf4, 0x7f, 0x90, 0x0, 0x0, 0x0, 0x9,
    0xf4, 0x1f, 0xf4, 0x0, 0x0, 0x0, 0x9, 0xf4,
    0x5, 0xff, 0x71, 0x0, 0x3, 0xaf, 0xf3, 0x0,
    0x5f, 0xff, 0xdc, 0xef, 0xfd, 0x40, 0x0, 0x1,
    0x8c, 0xef, 0xeb, 0x60, 0x0,

    /* U+01E7 "ǧ" */
    0x0, 0x5f, 0x90, 0xde, 0x20, 0x0, 0x8, 0xfb,
    0xf4, 0x0, 0x0, 0x0, 0xac, 0x70, 0x0, 0x0,
    0x0, 0x0, 0x0, 0x0, 0x0, 0x2a, 0xef, 0xb2,
    0xcd, 0x1, 0xef, 0xa8, 0xcf, 0xed, 0xa, 0xf5,
    0x0, 0xb, 0xfd, 0xf, 0xd0, 0x0, 0x2, 0xfd,
    0x3f, 0x90, 0x0, 0x0, 0xed, 0x4f, 0x80, 0x0,
    0x0, 0xdd, 0x3f, 0x80, 0x0, 0x0, 0xed, 0xf,
    0xc0, 0x0, 0x1, 0xfd, 0xa, 0xf5, 0x0, 0xa,
    0xfd, 0x1, 0xef, 0xa8, 0xde, 0xfd, 0x0, 0x1a,
    0xef, 0xb2, 0xfc, 0x2, 0x0, 0x0, 0x1, 0xfa,
    0xe, 0xe0, 0x0, 0x8, 0xf6, 0x7, 0xfd, 0x88,
    0xbf, 0xc0, 0x0, 0x5c, 0xef, 0xd8, 0x0,

    /* U+01E8 "Ǩ" */
    0x0, 0x28, 0x50, 0x48, 0x30, 0x0, 0x0, 0x0,
    0xaf, 0x5f, 0xc0, 0x0, 0x0, 0x0, 0x0, 0xbf,
    0xe1, 0x0, 0x0, 0x0, 0x0, 0x0, 0x0, 0x0,
    0x0, 0x0, 0x8f, 0x50, 0x0, 0x0, 0x1e, 0xf8,
    0x8, 0xf5, 0x0, 0x0, 0x1d, 0xf8, 0x0, 0x8f,
    0x50, 0x0, 0x1d, 0xf9, 0x0, 0x8, 0xf5, 0x0,
    0xc, 0xf9, 0x0, 0x0, 0x8f, 0x50, 0xc, 0xf9,
    0x0, 0x0, 0x8, 0xf5, 0xb, 0xf9, 0x0, 0x0,
    0x0, 0x8f, 0x6b, 0xff, 0x50, 0x0, 0x0, 0x8,
    0xfe, 0xfb, 0xfe, 0x10, 0x0, 0x0, 0x8f, 0xfa,
    0x8, 0xfb, 0x0, 0x0, 0x8, 0xfa, 0x0, 0xd,
    0xf7, 0x0, 0x0, 0x8f, 0x50, 0x0, 0x3f, 0xf2,
    0x0, 0x8, 0xf5, 0x0, 0x0, 0x8f, 0xd0, 0x0,
    0x8f, 0x50, 0x0, 0x0, 0xdf, 0x80, 0x8, 0xf5,
    0x0, 0x0, 0x3, 0xff, 0x40, 0x8f, 0x50, 0x0,
    0x0, 0x8, 0xfe, 0x10,

    /* U+01E9 "ǩ" */
    0x6, 0x70, 0x7, 0x60, 0x0, 0x3f, 0x9a, 0xf4,
    0x0, 0x0, 0x5f, 0xf6, 0x0, 0x0, 0x0, 0x0,
    0x0, 0x0, 0xbf, 0x10, 0x0, 0x0, 0xb, 0xf1,
    0x0, 0x0, 0x0, 0xbf, 0x10, 0x0, 0x0, 0xb,
    0xf1, 0x0, 0x0, 0x0, 0xbf, 0x10, 0x4, 0xfe,
    0x2b, 0xf1, 0x3, 0xfe, 0x20, 0xbf, 0x12, 0xee,
    0x20, 0xb, 0xf3, 0xee, 0x30, 0x0, 0xbf, 0xef,
    0xd0, 0x0, 0xb, 0xff, 0xbf, 0x70, 0x0, 0xbf,
    0x41, 0xef, 0x20, 0xb, 0xf1, 0x6, 0xfb, 0x0,
    0xbf, 0x10, 0xc, 0xf5, 0xb, 0xf1, 0x0, 0x2f,
    0xe1, 0xbf, 0x10, 0x0, 0x8f, 0x90,

    /* U+01EA "Ǫ" */
    0x0, 0x0, 0x39, 0xdf, 0xec, 0x70, 0x0, 0x0,
    0x0, 0x8f, 0xfd, 0xbc, 0xff, 0xd2, 0x0, 0x0,
    0x7f, 0xe4, 0x0, 0x1, 0x8f, 0xe1, 0x0, 0x2f,
    0xf2, 0x0, 0x0, 0x0, 0x8f, 0xa0, 0x8, 0xf7,
    0x0, 0x0, 0x0, 0x0, 0xef, 0x20, 0xdf, 0x20,
    0x0, 0x0, 0x0, 0x9, 0xf6, 0xf, 0xf0, 0x0,
    0x0, 0x0, 0x0, 0x6f, 0x80, 0xfe, 0x0, 0x0,
    0x0, 0x0, 0x5, 0xf9, 0xf, 0xf0, 0x0, 0x0,
    0x0, 0x0, 0x6f, 0x90, 0xdf, 0x10, 0x0, 0x0,
    0x0, 0x8, 0xf7, 0x9, 0xf6, 0x0, 0x0, 0x0,
    0x0, 0xdf, 0x30, 0x2f, 0xe1, 0x0, 0x0, 0x0,
    0x6f, 0xc0, 0x0, 0x7f, 0xd2, 0x0, 0x0, 0x6f,
    0xf3, 0x0, 0x0, 0x8f, 0xfc, 0x9a, 0xef, 0xf5,
    0x0, 0x0, 0x0, 0x3a, 0xef, 0xfd, 0x92, 0x0,
    0x0, 0x0, 0x0, 0x0, 0xf2, 0x0, 0x0, 0x0,
    0x0, 0x0, 0x0, 0x3f, 0x10, 0x0, 0x0, 0x0,
    0x0, 0x0, 0x1, 0xfb, 0x69, 0x0, 0x0, 0x0,
    0x0, 0x0, 0x7, 0xee, 0x90, 0x0, 0x0,

    /* U+01EB "ǫ" */
    0x0, 0x19, 0xef, 0xe9, 0x10, 0x0, 0x2e, 0xfa,
    0x8a, 0xfe, 0x20, 0xb, 0xf6, 0x0, 0x5, 0xfb,
    0x1, 0xfd, 0x0, 0x0, 0xc, 0xf1, 0x4f, 0x90,
    0x0, 0x0, 0x8f, 0x45, 0xf8, 0x0, 0x0, 0x7,
    0xf5, 0x4f, 0x90, 0x0, 0x0, 0x8f, 0x41, 0xfd,
    0x0, 0x0, 0xc, 0xf1, 0xb, 0xf5, 0x0, 0x5,
    0xfb, 0x0, 0x2e, 0xfa, 0x7a, 0xfe, 0x20, 0x0,
    0x19, 0xef, 0xd9, 0x10, 0x0, 0x0, 0x3, 0xf0,
    0x0, 0x0, 0x0, 0x0, 0x5e, 0x0, 0x0, 0x0,
    0x0, 0x3, 0xfa, 0x68, 0x0, 0x0, 0x0, 0x9,
    0xfe, 0x80, 0x0,

    /* U+01EC "Ǭ" */
    0x0, 0x0, 0x28, 0x88, 0x88, 0x60, 0x0, 0x0,
    0x0, 0x5, 0xff, 0xff, 0xfc, 0x0, 0x0, 0x0,
    0x0, 0x0, 0x0, 0x0, 0x0, 0x0, 0x0, 0x0,
    0x0, 0x0, 0x0, 0x0, 0x0, 0x0, 0x0, 0x0,
    0x39, 0xdf, 0xec, 0x70, 0x0, 0x0, 0x0, 0x8f,
    0xfd, 0xbc, 0xff, 0xd2, 0x0, 0x0, 0x7f, 0xe4,
    0x0, 0x1, 0x8f, 0xe1, 0x0, 0x2f, 0xf2, 0x0,
    0x0, 0x0, 0x8f, 0xa0, 0x8, 0xf7, 0x0, 0x0,
    0x0, 0x0, 0xef, 0x20, 0xdf, 0x20, 0x0, 0x0,
    0x0, 0x9, 0xf6, 0xf, 0xf0, 0x0, 0x0, 0x0,
    0x0, 0x6f, 0x80, 0xfe, 0x0, 0x0, 0x0, 0x0,
    0x5, 0xf9, 0xf, 0xf0, 0x0, 0x0, 0x0, 0x0,
    0x6f, 0x90, 0xdf, 0x10, 0x0, 0x0, 0x0, 0x8,
    0xf7, 0x9, 0xf6, 0x0, 0x0, 0x0, 0x0, 0xdf,
    0x30, 0x2f, 0xe1, 0x0, 0x0, 0x0, 0x6f, 0xc0,
    0x0, 0x7f, 0xd2, 0x0, 0x0, 0x6f, 0xf3, 0x0,
    0x0, 0x8f, 0xfc, 0x9a, 0xef, 0xf5, 0x0, 0x0,
    0x0, 0x3a, 0xef, 0xfd, 0x92, 0x0, 0x0, 0x0,
    0x0, 0x0, 0xf2, 0x0, 0x0, 0x0, 0x0, 0x0,
    0x0, 0x3f, 0x10, 0x0, 0x0, 0x0, 0x0, 0x0,
    0x1, 0xfb, 0x69, 0x0, 0x0, 0x0, 0x0, 0x0,
    0x7, 0xee, 0x90, 0x0, 0x0,

    /* U+01ED "ǭ" */
    0x0, 0xbf, 0xff, 0xff, 0x60, 0x0, 0x5, 0x88,
    0x88, 0x83, 0x0, 0x0, 0x0, 0x0, 0x0, 0x0,
    0x0, 0x0, 0x0, 0x0, 0x0, 0x0, 0x0, 0x19,
    0xef, 0xe9, 0x10, 0x0, 0x2e, 0xfa, 0x8a, 0xfe,
    0x20, 0xb, 0xf6, 0x0, 0x5, 0xfb, 0x1, 0xfd,
    0x0, 0x0, 0xc, 0xf1, 0x4f, 0x90, 0x0, 0x0,
    0x8f, 0x45, 0xf8, 0x0, 0x0, 0x7, 0xf5, 0x4f,
    0x90, 0x0, 0x0, 0x8f, 0x41, 0xfd, 0x0, 0x0,
    0xc, 0xf1, 0xb, 0xf5, 0x0, 0x5, 0xfb, 0x0,
    0x2e, 0xfa, 0x7a, 0xfe, 0x20, 0x0, 0x19, 0xef,
    0xd9, 0x10, 0x0, 0x0, 0x3, 0xf0, 0x0, 0x0,
    0x0, 0x0, 0x5e, 0x0, 0x0, 0x0, 0x0, 0x3,
    0xfa, 0x68, 0x0, 0x0, 0x0, 0x9, 0xfe, 0x80,
    0x0,

    /* U+01EE "Ǯ" */
    0x0, 0x48, 0x20, 0x68, 0x10, 0x0, 0x2f, 0xc3,
    0xfa, 0x0, 0x0, 0x5, 0xfe, 0xe1, 0x0, 0x0,
    0x0, 0x68, 0x30, 0x0, 0xa, 0xff, 0xff, 0xff,
    0xf7, 0x7, 0xcc, 0xcc, 0xcf, 0xf5, 0x0, 0x0,
    0x0, 0x4f, 0x90, 0x0, 0x0, 0x2, 0xeb, 0x0,
    0x0, 0x0, 0xd, 0xd1, 0x0, 0x0, 0x0, 0xaf,
    0x30, 0x0, 0x0, 0x0, 0xff, 0xf9, 0x0, 0x0,
    0x0, 0x66, 0xcf, 0xc0, 0x0, 0x0, 0x0, 0xa,
    0xf7, 0x0, 0x0, 0x0, 0x2, 0xfc, 0x0, 0x0,
    0x0, 0x0, 0xfd, 0xd, 0xc0, 0x0, 0x3, 0xfa,
    0xa, 0xf3, 0x0, 0xc, 0xf5, 0x1, 0xef, 0x99,
    0xdf, 0x90, 0x0, 0x2a, 0xef, 0xd6, 0x0,

    /* U+01EF "ǯ" */
    0x0, 0x4f, 0x90, 0xde, 0x20, 0x0, 0x7, 0xfc,
    0xf4, 0x0, 0x0, 0x0, 0x7a, 0x50, 0x0, 0x0,
    0x0, 0x0, 0x0, 0x0, 0xa, 0xff, 0xff, 0xff,
    0xf7, 0x7, 0xcc, 0xcc, 0xcf, 0xf5, 0x0, 0x0,
    0x0, 0x4f, 0x90, 0x0, 0x0, 0x2, 0xec, 0x0,
    0x0, 0x0, 0xd, 0xe1, 0x0, 0x0, 0x0, 0xaf,
    0x30, 0x0, 0x0, 0x0, 0xff, 0xf9, 0x0, 0x0,
    0x0, 0x67, 0xcf, 0xc0, 0x0, 0x0, 0x0, 0xa,
    0xf7, 0x0, 0x0, 0x0, 0x2, 0xfc, 0x0, 0x0,
    0x0, 0x0, 0xfd, 0xc, 0xc0, 0x0, 0x3, 0xfa,
    0xa, 0xf3, 0x0, 0xb, 0xf5, 0x1, 0xef, 0x98,
    0xdf, 0x90, 0x0, 0x2a, 0xef, 0xd6, 0x0,

    /* U+01F0 "ǰ" */
    0x8f, 0x52, 0xfc, 0x0, 0xbe, 0xde, 0x10, 0x0,
    0x9a, 0x30, 0x0, 0x0, 0x0, 0x0, 0x0, 0xaf,
    0x10, 0x0, 0xa, 0xf1, 0x0, 0x0, 0xaf, 0x10,
    0x0, 0xa, 0xf1, 0x0, 0x0, 0xaf, 0x10, 0x0,
    0xa, 0xf1, 0x0, 0x0, 0xaf, 0x10, 0x0, 0xa,
    0xf1, 0x0, 0x0, 0xaf, 0x10, 0x0, 0xa, 0xf1,
    0x0, 0x0, 0xaf, 0x10, 0x0, 0xa, 0xf1, 0x0,
    0x0, 0xcf, 0x0, 0x6, 0xaf, 0xc0, 0x0, 0xbf,
    0xc3, 0x0, 0x0,

    /* U+01F1 "Ǳ" */
    0x6f, 0xff, 0xff, 0xfe, 0xa3, 0x0, 0x0, 0x7f,
    0xff, 0xff, 0xff, 0xff, 0xc0, 0x6f, 0xec, 0xcc,
    0xce, 0xff, 0x60, 0x0, 0x5c, 0xcc, 0xcc, 0xcc,
    0xef, 0xb0, 0x6f, 0x80, 0x0, 0x0, 0x6f, 0xf2,
    0x0, 0x0, 0x0, 0x0, 0x2, 0xff, 0x30, 0x6f,
    0x80, 0x0, 0x0, 0x6, 0xfb, 0x0, 0x0, 0x0,
    0x0, 0x1d, 0xf6, 0x0, 0x6f, 0x80, 0x0, 0x0,
    0x0, 0xef, 0x10, 0x0, 0x0, 0x0, 0xbf, 0xa0,
    0x0, 0x6f, 0x80, 0x0, 0x0, 0x0, 0xbf, 0x40,
    0x0, 0x0, 0x7, 0xfd, 0x0, 0x0, 0x6f, 0x80,
    0x0, 0x0, 0x0, 0x9f, 0x60, 0x0, 0x0, 0x3f,
    0xf2, 0x0, 0x0, 0x6f, 0x80, 0x0, 0x0, 0x0,
    0x8f, 0x60, 0x0, 0x1, 0xef, 0x50, 0x0, 0x0,
    0x6f, 0x80, 0x0, 0x0, 0x0, 0x9f, 0x50, 0x0,
    0xb, 0xf8, 0x0, 0x0, 0x0, 0x6f, 0x80, 0x0,
    0x0, 0x0, 0xbf, 0x30, 0x0, 0x8f, 0xc0, 0x0,
    0x0, 0x0, 0x6f, 0x80, 0x0, 0x0, 0x0, 0xff,
    0x0, 0x4, 0xfe, 0x10, 0x0, 0x0, 0x0, 0x6f,
    0x80, 0x0, 0x0, 0x7, 0xfa, 0x0, 0x1e, 0xf4,
    0x0, 0x0, 0x0, 0x0, 0x6f, 0x80, 0x0, 0x0,
    0x6f, 0xf2, 0x0, 0xcf, 0x70, 0x0, 0x0, 0x0,
    0x0, 0x6f, 0xec, 0xcc, 0xdf, 0xff, 0x50, 0x4,
    0xff, 0xcc, 0xcc, 0xcc, 0xcc, 0xc0, 0x6f, 0xff,
    0xff, 0xfd, 0x92, 0x0, 0x4, 0xff, 0xff, 0xff,
    0xff, 0xff, 0xf0,

    /* U+01F2 "ǲ" */
    0x6f, 0xff, 0xff, 0xfe, 0xa3, 0x0, 0x0, 0x0,
    0x0, 0x0, 0x0, 0x6, 0xfe, 0xcc, 0xcc, 0xef,
    0xf6, 0x0, 0x0, 0x0, 0x0, 0x0, 0x0, 0x6f,
    0x80, 0x0, 0x0, 0x6f, 0xf2, 0x0, 0x0, 0x0,
    0x0, 0x0, 0x6, 0xf8, 0x0, 0x0, 0x0, 0x6f,
    0xb0, 0x0, 0x0, 0x0, 0x0, 0x0, 0x6f, 0x80,
    0x0, 0x0, 0x0, 0xef, 0x10, 0xcf, 0xff, 0xff,
    0xff, 0xa6, 0xf8, 0x0, 0x0, 0x0, 0xb, 0xf4,
    0x6, 0x77, 0x77, 0x7e, 0xf6, 0x6f, 0x80, 0x0,
    0x0, 0x0, 0x9f, 0x60, 0x0, 0x0, 0x6, 0xf9,
    0x6, 0xf8, 0x0, 0x0, 0x0, 0x8, 0xf6, 0x0,
    0x0, 0x4, 0xfc, 0x0, 0x6f, 0x80, 0x0, 0x0,
    0x0, 0x9f, 0x50, 0x0, 0x2, 0xee, 0x10, 0x6,
    0xf8, 0x0, 0x0, 0x0, 0xb, 0xf3, 0x0, 0x0,
    0xdf, 0x30, 0x0, 0x6f, 0x80, 0x0, 0x0, 0x0,
    0xff, 0x0, 0x0, 0xbf, 0x50, 0x0, 0x6, 0xf8,
    0x0, 0x0, 0x0, 0x7f, 0xa0, 0x0, 0x8f, 0x80,
    0x0, 0x0, 0x6f, 0x80, 0x0, 0x0, 0x6f, 0xf2,
    0x0, 0x5f, 0xb0, 0x0, 0x0, 0x6, 0xfe, 0xcc,
    0xcd, 0xff, 0xf5, 0x0, 0x1f, 0xfc, 0xcc, 0xcc,
    0xcc, 0x6f, 0xff, 0xff, 0xfd, 0x92, 0x0, 0x3,
    0xff, 0xff, 0xff, 0xff, 0xf0,

    /* U+01F3 "ǳ" */
    0x0, 0x0, 0x0, 0x0, 0xfb, 0x0, 0x0, 0x0,
    0x0, 0x0, 0x0, 0x0, 0x0, 0x0, 0xf, 0xb0,
    0x0, 0x0, 0x0, 0x0, 0x0, 0x0, 0x0, 0x0,
    0x0, 0xfb, 0x0, 0x0, 0x0, 0x0, 0x0, 0x0,
    0x0, 0x0, 0x0, 0xf, 0xb0, 0x0, 0x0, 0x0,
    0x0, 0x0, 0x0, 0x2a, 0xef, 0xb2, 0xfb, 0x2,
    0xff, 0xff, 0xff, 0xff, 0x50, 0x2e, 0xfa, 0x8c,
    0xef, 0xb0, 0x7, 0x77, 0x77, 0x8f, 0xf3, 0xa,
    0xf5, 0x0, 0xb, 0xfb, 0x0, 0x0, 0x0, 0xb,
    0xf7, 0x0, 0xfd, 0x0, 0x0, 0x4f, 0xb0, 0x0,
    0x0, 0x9, 0xfa, 0x0, 0x3f, 0x90, 0x0, 0x0,
    0xfb, 0x0, 0x0, 0x6, 0xfc, 0x0, 0x4, 0xf8,
    0x0, 0x0, 0xe, 0xb0, 0x0, 0x3, 0xfe, 0x10,
    0x0, 0x3f, 0x90, 0x0, 0x0, 0xfb, 0x0, 0x2,
    0xef, 0x30, 0x0, 0x0, 0xfd, 0x0, 0x0, 0x3f,
    0xb0, 0x0, 0xdf, 0x60, 0x0, 0x0, 0x9, 0xf6,
    0x0, 0xb, 0xfb, 0x0, 0xbf, 0x80, 0x0, 0x0,
    0x0, 0x1d, 0xfb, 0x8d, 0xef, 0xb0, 0x6f, 0xf8,
    0x88, 0x88, 0x85, 0x0, 0x19, 0xef, 0xb2, 0xeb,
    0x8, 0xff, 0xff, 0xff, 0xff, 0xa0,

    /* U+01F4 "Ǵ" */
    0x0, 0x0, 0x0, 0x4f, 0xd0, 0x0, 0x0, 0x0,
    0x0, 0x0, 0xbf, 0x20, 0x0, 0x0, 0x0, 0x0,
    0x1, 0xd5, 0x0, 0x0, 0x0, 0x0, 0x0, 0x0,
    0x0, 0x0, 0x0, 0x0, 0x0, 0x1, 0x8c, 0xef,
    0xea, 0x40, 0x0, 0x0, 0x5f, 0xfe, 0xbb, 0xdf,
    0xf8, 0x0, 0x5, 0xfe, 0x50, 0x0, 0x4, 0xef,
    0x50, 0x1e, 0xf3, 0x0, 0x0, 0x0, 0x3f, 0xd0,
    0x6f, 0x90, 0x0, 0x0, 0x0, 0x8, 0x60, 0xbf,
    0x30, 0x0, 0x0, 0x0, 0x0, 0x0, 0xdf, 0x10,
    0x0, 0x0, 0x0, 0x0, 0x0, 0xff, 0x0, 0x0,
    0x9, 0xcc, 0xcc, 0xc3, 0xef, 0x10, 0x0, 0xc,
    0xff, 0xff, 0xf4, 0xcf, 0x40, 0x0, 0x0, 0x0,
    0x9, 0xf4, 0x7f, 0x90, 0x0, 0x0, 0x0, 0x9,
    0xf4, 0x1f, 0xf4, 0x0, 0x0, 0x0, 0x9, 0xf4,
    0x5, 0xff, 0x71, 0x0, 0x3, 0xaf, 0xf3, 0x0,
    0x5f, 0xff, 0xdc, 0xef, 0xfd, 0x40, 0x0, 0x1,
    0x8c, 0xef, 0xeb, 0x60, 0x0,

    /* U+01F5 "ǵ" */
    0x0, 0x0, 0xd, 0xf4, 0x0, 0x0, 0x0, 0x5f,
    0x80, 0x0, 0x0, 0x0, 0xab, 0x0, 0x0, 0x0,
    0x0, 0x0, 0x0, 0x0, 0x0, 0x2a, 0xef, 0xb2,
    0xcd, 0x1, 0xef, 0xa8, 0xcf, 0xed, 0xa, 0xf5,
    0x0, 0xb, 0xfd, 0xf, 0xd0, 0x0, 0x2, 0xfd,
    0x3f, 0x90, 0x0, 0x0, 0xed, 0x4f, 0x80, 0x0,
    0x0, 0xdd, 0x3f, 0x80, 0x0, 0x0, 0xed, 0xf,
    0xc0, 0x0, 0x1, 0xfd, 0xa, 0xf5, 0x0, 0xa,
    0xfd, 0x1, 0xef, 0xa8, 0xde, 0xfd, 0x0, 0x1a,
    0xef, 0xb2, 0xfc, 0x2, 0x0, 0x0, 0x1, 0xfa,
    0xe, 0xe0, 0x0, 0x8, 0xf6, 0x7, 0xfd, 0x88,
    0xbf, 0xc0, 0x0, 0x5c, 0xef, 0xd8, 0x0,

    /* U+01FA "Ǻ" */
    0x0, 0x0, 0x0, 0x8, 0xd8, 0x0, 0x0, 0x0,
    0x0, 0x0, 0x0, 0xfd, 0x10, 0x0, 0x0, 0x0,
    0x0, 0x0, 0x6f, 0x30, 0x0, 0x0, 0x0, 0x0,
    0x0, 0x0, 0x0, 0x0, 0x0, 0x0, 0x0, 0x0,
    0x0, 0x7c, 0x70, 0x0, 0x0, 0x0, 0x0, 0x0,
    0x2a, 0x9, 0x20, 0x0, 0x0, 0x0, 0x0, 0x2,
    0xb0, 0xa2, 0x0, 0x0, 0x0, 0x0, 0x0, 0xc,
    0xfc, 0x0, 0x0, 0x0, 0x0, 0x0, 0x1, 0xff,
    0xf1, 0x0, 0x0, 0x0, 0x0, 0x0, 0x6f, 0x7f,
    0x70, 0x0, 0x0, 0x0, 0x0, 0xc, 0xe0, 0xfd,
    0x0, 0x0, 0x0, 0x0, 0x2, 0xfa, 0xa, 0xf3,
    0x0, 0x0, 0x0, 0x0, 0x8f, 0x50, 0x4f, 0xa0,
    0x0, 0x0, 0x0, 0xe, 0xf0, 0x0, 0xef, 0x10,
    0x0, 0x0, 0x4, 0xfa, 0x0, 0x9, 0xf6, 0x0,
    0x0, 0x0, 0xaf, 0x40, 0x0, 0x3f, 0xd0, 0x0,
    0x0, 0xf, 0xff, 0xff, 0xff, 0xff, 0x30, 0x0,
    0x5, 0xfc, 0x99, 0x99, 0x9b, 0xf9, 0x0, 0x0,
    0xbf, 0x30, 0x0, 0x0, 0x1f, 0xf0, 0x0, 0x1f,
    0xd0, 0x0, 0x0, 0x0, 0xbf, 0x60, 0x7, 0xf8,
    0x0, 0x0, 0x0, 0x5, 0xfc, 0x0, 0xdf, 0x20,
    0x0, 0x0, 0x0, 0xe, 0xf2,

    /* U+01FB "ǻ" */
    0x0, 0x0, 0x5, 0xda, 0x0, 0x0, 0x0, 0x0,
    0xde, 0x20, 0x0, 0x0, 0x0, 0x4f, 0x40, 0x0,
    0x0, 0x0, 0x0, 0x0, 0x0, 0x0, 0x0, 0x0,
    0x6b, 0x80, 0x0, 0x0, 0x0, 0x1a, 0x9, 0x30,
    0x0, 0x0, 0x1, 0xa0, 0x93, 0x0, 0x0, 0x0,
    0x6, 0xb8, 0x0, 0x0, 0x0, 0x0, 0x0, 0x0,
    0x0, 0x0, 0x2, 0x9d, 0xfe, 0xc5, 0x0, 0x2,
    0xff, 0x98, 0x9f, 0xf5, 0x0, 0xaf, 0x30, 0x0,
    0x4f, 0xa0, 0x4, 0x60, 0x0, 0x0, 0xfb, 0x0,
    0x0, 0x14, 0x69, 0xcf, 0xb0, 0x1, 0xbf, 0xff,
    0xe9, 0xfc, 0x0, 0xcf, 0x94, 0x10, 0xf, 0xc0,
    0x2f, 0xb0, 0x0, 0x3, 0xfc, 0x2, 0xfc, 0x0,
    0x0, 0xbf, 0xc0, 0xc, 0xfb, 0x78, 0xed, 0xed,
    0x0, 0x19, 0xef, 0xd7, 0xa, 0xf1,

    /* U+01FC "Ǽ" */
    0x0, 0x0, 0x0, 0x0, 0x0, 0x0, 0xad, 0x40,
    0x0, 0x0, 0x0, 0x0, 0x0, 0x0, 0x0, 0x3f,
    0xa0, 0x0, 0x0, 0x0, 0x0, 0x0, 0x0, 0x0,
    0xb, 0xd0, 0x0, 0x0, 0x0, 0x0, 0x0, 0x0,
    0x0, 0x0, 0x0, 0x0, 0x0, 0x0, 0x0, 0x0,
    0x0, 0x5f, 0xff, 0xff, 0xff, 0xff, 0xff, 0xa0,
    0x0, 0x0, 0xc, 0xfc, 0xdf, 0xdc, 0xcc, 0xcc,
    0xc7, 0x0, 0x0, 0x3, 0xfc, 0x7, 0xf7, 0x0,
    0x0, 0x0, 0x0, 0x0, 0x0, 0xbf, 0x50, 0x7f,
    0x70, 0x0, 0x0, 0x0, 0x0, 0x0, 0x2f, 0xd0,
    0x7, 0xf7, 0x0, 0x0, 0x0, 0x0, 0x0, 0xa,
    0xf6, 0x0, 0x7f, 0x70, 0x0, 0x0, 0x0, 0x0,
    0x1, 0xfe, 0x0, 0x7, 0xfd, 0xbb, 0xbb, 0xbb,
    0x10, 0x0, 0x8f, 0x80, 0x0, 0x7f, 0xff, 0xff,
    0xff, 0xf2, 0x0, 0xf, 0xf1, 0x0, 0x7, 0xf7,
    0x0, 0x0, 0x0, 0x0, 0x7, 0xff, 0xff, 0xff,
    0xff, 0x70, 0x0, 0x0, 0x0, 0x0, 0xef, 0xcc,
    0xcc, 0xcd, 0xf7, 0x0, 0x0, 0x0, 0x0, 0x6f,
    0xa0, 0x0, 0x0, 0x7f, 0x70, 0x0, 0x0, 0x0,
    0xd, 0xf3, 0x0, 0x0, 0x7, 0xf7, 0x0, 0x0,
    0x0, 0x5, 0xfc, 0x0, 0x0, 0x0, 0x7f, 0xdc,
    0xcc, 0xcc, 0xca, 0xcf, 0x40, 0x0, 0x0, 0x7,
    0xff, 0xff, 0xff, 0xff, 0xe0,

    /* U+01FD "ǽ" */
    0x0, 0x0, 0x0, 0x0, 0x7f, 0xa0, 0x0, 0x0,
    0x0, 0x0, 0x0, 0x0, 0xe, 0xd0, 0x0, 0x0,
    0x0, 0x0, 0x0, 0x0, 0x4, 0xd3, 0x0, 0x0,
    0x0, 0x0, 0x0, 0x0, 0x0, 0x0, 0x0, 0x0,
    0x0, 0x0, 0x0, 0x2a, 0xef, 0xeb, 0x31, 0x9e,
    0xfd, 0x70, 0x0, 0x3f, 0xe9, 0x8a, 0xff, 0xdf,
    0xa8, 0xbf, 0xb0, 0xb, 0xf2, 0x0, 0x7, 0xff,
    0x40, 0x0, 0x8f, 0x50, 0x55, 0x0, 0x0, 0x4f,
    0xb0, 0x0, 0x0, 0xfb, 0x0, 0x0, 0x36, 0x9d,
    0xfc, 0x88, 0x88, 0x8e, 0xe0, 0x1a, 0xff, 0xfe,
    0xbf, 0xff, 0xff, 0xff, 0xff, 0xd, 0xf8, 0x30,
    0x4, 0xf8, 0x0, 0x0, 0x0, 0x3, 0xfa, 0x0,
    0x0, 0x6f, 0xa0, 0x0, 0x0, 0x97, 0x3f, 0xc0,
    0x0, 0x1d, 0xff, 0x30, 0x0, 0x7f, 0x80, 0xcf,
    0xc8, 0xaf, 0xd4, 0xef, 0xb8, 0xbf, 0xd1, 0x1,
    0xae, 0xfd, 0x70, 0x1, 0x9e, 0xfd, 0x81, 0x0,

    /* U+01FE "Ǿ" */
    0x0, 0x0, 0x0, 0x2, 0xdb, 0x0, 0x0, 0x0,
    0x0, 0x0, 0x0, 0xaf, 0x40, 0x0, 0x0, 0x0,
    0x0, 0x0, 0x1f, 0x70, 0x0, 0x0, 0x0, 0x0,
    0x0, 0x0, 0x0, 0x0, 0x0, 0x10, 0x0, 0x0,
    0x39, 0xdf, 0xfc, 0x60, 0xd, 0x90, 0x0, 0x8f,
    0xfd, 0xbc, 0xff, 0xdb, 0xe1, 0x0, 0x7f, 0xe4,
    0x0, 0x0, 0x8f, 0xf4, 0x0, 0x2f, 0xe2, 0x0,
    0x0, 0x7, 0xff, 0xb0, 0x9, 0xf7, 0x0, 0x0,
    0x5, 0xf6, 0xef, 0x20, 0xdf, 0x20, 0x0, 0x4,
    0xf7, 0x9, 0xf6, 0xf, 0xf0, 0x0, 0x2, 0xf9,
    0x0, 0x7f, 0x90, 0xfe, 0x0, 0x1, 0xeb, 0x0,
    0x5, 0xf9, 0xf, 0xf0, 0x0, 0xdc, 0x0, 0x0,
    0x6f, 0x90, 0xdf, 0x20, 0xbd, 0x10, 0x0, 0x9,
    0xf6, 0x8, 0xf8, 0xae, 0x20, 0x0, 0x0, 0xef,
    0x20, 0x1f, 0xff, 0x30, 0x0, 0x0, 0x7f, 0xb0,
    0x0, 0xaf, 0xe4, 0x0, 0x0, 0x8f, 0xe2, 0x0,
    0x5f, 0xaf, 0xfd, 0xbc, 0xff, 0xe3, 0x0, 0xe,
    0x80, 0x29, 0xdf, 0xfc, 0x70, 0x0, 0x0, 0x10,
    0x0, 0x0, 0x0, 0x0, 0x0, 0x0,

    /* U+01FF "ǿ" */
    0x0, 0x0, 0xe, 0xf4, 0x0, 0x0, 0x0, 0x5f,
    0x70, 0x0, 0x0, 0x0, 0xaa, 0x0, 0x0, 0x0,
    0x0, 0x0, 0x0, 0x11, 0x0, 0x4b, 0xfe, 0xc5,
    0xb9, 0x6, 0xfe, 0x98, 0xdf, 0xf1, 0x1f, 0xe1,
    0x0, 0x4f, 0xf5, 0x7f, 0x60, 0x1, 0xe9, 0xfb,
    0xaf, 0x20, 0xc, 0xa0, 0xee, 0xbf, 0x10, 0x8d,
    0x0, 0xdf, 0xaf, 0x24, 0xf3, 0x0, 0xfe, 0x7f,
    0x8e, 0x60, 0x2, 0xfb, 0x1f, 0xfa, 0x0, 0xb,
    0xf6, 0xb, 0xff, 0x98, 0xdf, 0xa0, 0x4f, 0x5b,
    0xef, 0xc6, 0x0, 0x4, 0x0, 0x0, 0x0, 0x0,

    /* U+1E00 "Ḁ" */
    0x0, 0x0, 0x0, 0xbf, 0xb0, 0x0, 0x0, 0x0,
    0x0, 0x0, 0x1f, 0xef, 0x10, 0x0, 0x0, 0x0,
    0x0, 0x6, 0xf6, 0xf7, 0x0, 0x0, 0x0, 0x0,
    0x0, 0xce, 0xe, 0xd0, 0x0, 0x0, 0x0, 0x0,
    0x2f, 0x90, 0x8f, 0x40, 0x0, 0x0, 0x0, 0x8,
    0xf3, 0x2, 0xfa, 0x0, 0x0, 0x0, 0x0, 0xed,
    0x0, 0xc, 0xf1, 0x0, 0x0, 0x0, 0x4f, 0x70,
    0x0, 0x6f, 0x60, 0x0, 0x0, 0xa, 0xfa, 0x99,
    0x99, 0xfd, 0x0, 0x0, 0x0, 0xff, 0xff, 0xff,
    0xff, 0xf3, 0x0, 0x0, 0x5f, 0x60, 0x0, 0x0,
    0x4f, 0x90, 0x0, 0xb, 0xf1, 0x0, 0x0, 0x0,
    0xef, 0x0, 0x1, 0xfc, 0x0, 0x0, 0x0, 0x9,
    0xf6, 0x0, 0x7f, 0x70, 0x0, 0x0, 0x0, 0x4f,
    0xc0, 0xd, 0xf2, 0x0, 0x0, 0x0, 0x0, 0xef,
    0x20, 0x0, 0x0, 0x7, 0xb7, 0x0, 0x0, 0x0,
    0x0, 0x0, 0x2, 0xa0, 0xa2, 0x0, 0x0, 0x0,
    0x0, 0x0, 0x29, 0x9, 0x20, 0x0, 0x0, 0x0,
    0x0, 0x0, 0x9c, 0x90, 0x0, 0x0, 0x0,

    /* U+1E01 "ḁ" */
    0x0, 0x29, 0xdf, 0xec, 0x50, 0x0, 0x2f, 0xf9,
    0x89, 0xff, 0x50, 0xa, 0xf3, 0x0, 0x4, 0xfa,
    0x0, 0x46, 0x0, 0x0, 0xf, 0xb0, 0x0, 0x1,
    0x46, 0x9c, 0xfb, 0x0, 0x1b, 0xff, 0xfe, 0x9f,
    0xc0, 0xc, 0xf9, 0x41, 0x0, 0xfc, 0x2, 0xfb,
    0x0, 0x0, 0x3f, 0xc0, 0x2f, 0xc0, 0x0, 0xb,
    0xfc, 0x0, 0xcf, 0xb7, 0x8e, 0xde, 0xd0, 0x1,
    0x9e, 0xfd, 0x70, 0xaf, 0x10, 0x0, 0x1a, 0xb2,
    0x0, 0x0, 0x0, 0x8, 0x41, 0xb0, 0x0, 0x0,
    0x0, 0x83, 0xb, 0x0, 0x0, 0x0, 0x1, 0xbc,
    0x40, 0x0, 0x0,

    /* U+1E02 "Ḃ" */
    0x0, 0x0, 0x1, 0x0, 0x0, 0x0, 0x0, 0x0,
    0x8f, 0x40, 0x0, 0x0, 0x0, 0x0, 0x8f, 0x40,
    0x0, 0x0, 0x0, 0x0, 0x0, 0x0, 0x0, 0x0,
    0x8f, 0xff, 0xff, 0xfd, 0x80, 0x0, 0x8f, 0xdc,
    0xcc, 0xdf, 0xfb, 0x0, 0x8f, 0x60, 0x0, 0x1,
    0xcf, 0x50, 0x8f, 0x60, 0x0, 0x0, 0x5f, 0x90,
    0x8f, 0x60, 0x0, 0x0, 0x5f, 0x80, 0x8f, 0x60,
    0x0, 0x1, 0xcf, 0x20, 0x8f, 0xdc, 0xcc, 0xdf,
    0xf5, 0x0, 0x8f, 0xff, 0xff, 0xff, 0xf8, 0x0,
    0x8f, 0x60, 0x0, 0x3, 0xbf, 0xa0, 0x8f, 0x60,
    0x0, 0x0, 0xe, 0xf1, 0x8f, 0x60, 0x0, 0x0,
    0xb, 0xf4, 0x8f, 0x60, 0x0, 0x0, 0xd, 0xf3,
    0x8f, 0x60, 0x0, 0x0, 0x7f, 0xe0, 0x8f, 0xdc,
    0xcc, 0xce, 0xff, 0x40, 0x8f, 0xff, 0xff, 0xfe,
    0xa2, 0x0,

    /* U+1E03 "ḃ" */
    0x0, 0x0, 0xfc, 0x0, 0x0, 0x0, 0x0, 0xfc,
    0x0, 0x0, 0x0, 0x0, 0x10, 0x0, 0x0, 0x0,
    0x0, 0x0, 0x0, 0x0, 0xaf, 0x10, 0x0, 0x0,
    0x0, 0xaf, 0x10, 0x0, 0x0, 0x0, 0xaf, 0x10,
    0x0, 0x0, 0x0, 0xaf, 0x10, 0x0, 0x0, 0x0,
    0xaf, 0x3a, 0xff, 0xb2, 0x0, 0xaf, 0xed, 0x89,
    0xff, 0x20, 0xaf, 0xd0, 0x0, 0x4f, 0xb0, 0xaf,
    0x50, 0x0, 0xc, 0xf1, 0xaf, 0x10, 0x0, 0x9,
    0xf4, 0xaf, 0x0, 0x0, 0x7, 0xf5, 0xaf, 0x0,
    0x0, 0x9, 0xf4, 0xaf, 0x30, 0x0, 0xd, 0xf1,
    0xaf, 0xc0, 0x0, 0x5f, 0xa0, 0xaf, 0xdd, 0x8a,
    0xfe, 0x10, 0xaf, 0x1b, 0xfe, 0x91, 0x0,

    /* U+1E04 "Ḅ" */
    0x8f, 0xff, 0xff, 0xfd, 0x80, 0x0, 0x8f, 0xdc,
    0xcc, 0xdf, 0xfb, 0x0, 0x8f, 0x60, 0x0, 0x1,
    0xcf, 0x50, 0x8f, 0x60, 0x0, 0x0, 0x5f, 0x90,
    0x8f, 0x60, 0x0, 0x0, 0x5f, 0x80, 0x8f, 0x60,
    0x0, 0x3, 0xdf, 0x20, 0x8f, 0xff, 0xff, 0xff,
    0xf5, 0x0, 0x8f, 0xdc, 0xcc, 0xcf, 0xf8, 0x0,
    0x8f, 0x60, 0x0, 0x0, 0x8f, 0xa0, 0x8f, 0x60,
    0x0, 0x0, 0xd, 0xf1, 0x8f, 0x60, 0x0, 0x0,
    0xb, 0xf4, 0x8f, 0x60, 0x0, 0x0, 0xd, 0xf3,
    0x8f, 0x60, 0x0, 0x0, 0x7f, 0xe0, 0x8f, 0xdc,
    0xcc, 0xce, 0xff, 0x40, 0x8f, 0xff, 0xff, 0xfe,
    0xa2, 0x0, 0x0, 0x0, 0x0, 0x0, 0x0, 0x0,
    0x0, 0x0, 0x1, 0x0, 0x0, 0x0, 0x0, 0x0,
    0x9f, 0x30, 0x0, 0x0, 0x0, 0x0, 0x9f, 0x30,
    0x0, 0x0,

    /* U+1E05 "ḅ" */
    0xaf, 0x10, 0x0, 0x0, 0x0, 0xaf, 0x10, 0x0,
    0x0, 0x0, 0xaf, 0x10, 0x0, 0x0, 0x0, 0xaf,
    0x10, 0x0, 0x0, 0x0, 0xaf, 0x3a, 0xff, 0xb2,
    0x0, 0xaf, 0xed, 0x89, 0xff, 0x20, 0xaf, 0xd0,
    0x0, 0x4f, 0xb0, 0xaf, 0x50, 0x0, 0xc, 0xf1,
    0xaf, 0x10, 0x0, 0x9, 0xf4, 0xaf, 0x0, 0x0,
    0x7, 0xf5, 0xaf, 0x0, 0x0, 0x9, 0xf4, 0xaf,
    0x30, 0x0, 0xd, 0xf1, 0xaf, 0xc0, 0x0, 0x5f,
    0xa0, 0xaf, 0xdd, 0x8a, 0xfe, 0x10, 0xaf, 0x1b,
    0xfe, 0x91, 0x0, 0x0, 0x0, 0x0, 0x0, 0x0,
    0x0, 0x0, 0x10, 0x0, 0x0, 0x0, 0x5, 0xf7,
    0x0, 0x0, 0x0, 0x5, 0xf7, 0x0, 0x0,

    /* U+1E06 "Ḇ" */
    0x8f, 0xff, 0xff, 0xfd, 0x80, 0x0, 0x8f, 0xdc,
    0xcc, 0xdf, 0xfb, 0x0, 0x8f, 0x60, 0x0, 0x1,
    0xdf, 0x50, 0x8f, 0x60, 0x0, 0x0, 0x6f, 0x90,
    0x8f, 0x60, 0x0, 0x0, 0x4f, 0x80, 0x8f, 0x60,
    0x0, 0x0, 0x7f, 0x20, 0x8f, 0x60, 0x0, 0x4,
    0xe5, 0x0, 0x8f, 0xff, 0xff, 0xff, 0xf8, 0x0,
    0x8f, 0xdc, 0xcc, 0xce, 0xff, 0xa0, 0x8f, 0x60,
    0x0, 0x0, 0x6f, 0xf1, 0x8f, 0x60, 0x0, 0x0,
    0xc, 0xf4, 0x8f, 0x60, 0x0, 0x0, 0xc, 0xf3,
    0x8f, 0x60, 0x0, 0x0, 0x5f, 0xe0, 0x8f, 0xdc,
    0xcc, 0xce, 0xff, 0x40, 0x8f, 0xff, 0xff, 0xfe,
    0xa2, 0x0, 0x0, 0x0, 0x0, 0x0, 0x0, 0x0,
    0x0, 0x0, 0x0, 0x0, 0x0, 0x0, 0x0, 0x88,
    0x88, 0x88, 0x0, 0x0, 0x0, 0xff, 0xff, 0xff,
    0x10, 0x0,

    /* U+1E07 "ḇ" */
    0xaf, 0x10, 0x0, 0x0, 0x0, 0xaf, 0x10, 0x0,
    0x0, 0x0, 0xaf, 0x10, 0x0, 0x0, 0x0, 0xaf,
    0x10, 0x0, 0x0, 0x0, 0xaf, 0x3a, 0xff, 0xb2,
    0x0, 0xaf, 0xed, 0x89, 0xff, 0x20, 0xaf, 0xd0,
    0x0, 0x4f, 0xb0, 0xaf, 0x50, 0x0, 0xc, 0xf1,
    0xaf, 0x10, 0x0, 0x9, 0xf4, 0xaf, 0x0, 0x0,
    0x7, 0xf5, 0xaf, 0x0, 0x0, 0x9, 0xf4, 0xaf,
    0x30, 0x0, 0xd, 0xf1, 0xaf, 0xc0, 0x0, 0x5f,
    0xa0, 0xaf, 0xdd, 0x8a, 0xfe, 0x10, 0xaf, 0x1b,
    0xfe, 0x91, 0x0, 0x0, 0x0, 0x0, 0x0, 0x0,
    0x0, 0x0, 0x0, 0x0, 0x0, 0x5, 0x88, 0x88,
    0x83, 0x0, 0xb, 0xff, 0xff, 0xf6, 0x0,

    /* U+1E08 "Ḉ" */
    0x0, 0x0, 0x0, 0x3f, 0xd0, 0x0, 0x0, 0x0,
    0x0, 0xb, 0xf2, 0x0, 0x0, 0x0, 0x0, 0x1,
    0xd5, 0x0, 0x0, 0x0, 0x0, 0x0, 0x0, 0x0,
    0x0, 0x0, 0x0, 0x3, 0xad, 0xff, 0xc6, 0x0,
    0x0, 0x8, 0xff, 0xdb, 0xcf, 0xfb, 0x0, 0x8,
    0xfd, 0x30, 0x0, 0x2c, 0xf9, 0x2, 0xfe, 0x10,
    0x0, 0x0, 0x1e, 0xf2, 0x8f, 0x80, 0x0, 0x0,
    0x0, 0x68, 0x2c, 0xf3, 0x0, 0x0, 0x0, 0x0,
    0x0, 0xef, 0x0, 0x0, 0x0, 0x0, 0x0, 0xf,
    0xf0, 0x0, 0x0, 0x0, 0x0, 0x0, 0xef, 0x0,
    0x0, 0x0, 0x0, 0x0, 0xc, 0xf2, 0x0, 0x0,
    0x0, 0x1, 0x20, 0x8f, 0x70, 0x0, 0x0, 0x0,
    0x8f, 0x82, 0xfe, 0x10, 0x0, 0x0, 0x1e, 0xf3,
    0x9, 0xfc, 0x20, 0x0, 0x2c, 0xfb, 0x0, 0xa,
    0xff, 0xca, 0xcf, 0xfc, 0x10, 0x0, 0x5, 0xbf,
    0xff, 0xd7, 0x0, 0x0, 0x0, 0x0, 0x9f, 0x30,
    0x0, 0x0, 0x0, 0x0, 0x5, 0xbf, 0x40, 0x0,
    0x0, 0x0, 0x3, 0x49, 0xf6, 0x0, 0x0, 0x0,
    0x0, 0xef, 0xe8, 0x0, 0x0, 0x0,

    /* U+1E09 "ḉ" */
    0x0, 0x0, 0x7, 0xfa, 0x0, 0x0, 0x0, 0xe,
    0xd0, 0x0, 0x0, 0x0, 0x4d, 0x30, 0x0, 0x0,
    0x0, 0x0, 0x0, 0x0, 0x0, 0x18, 0xef, 0xd8,
    0x0, 0x0, 0xdf, 0xb8, 0xbf, 0xc0, 0x8, 0xf7,
    0x0, 0x9, 0xf5, 0xe, 0xe0, 0x0, 0x2, 0xa4,
    0x1f, 0xb0, 0x0, 0x0, 0x0, 0x3f, 0x90, 0x0,
    0x0, 0x0, 0x2f, 0xa0, 0x0, 0x0, 0x0, 0xf,
    0xc0, 0x0, 0x0, 0xb7, 0xb, 0xf2, 0x0, 0x4,
    0xf8, 0x4, 0xfd, 0x30, 0x3d, 0xf1, 0x0, 0x6f,
    0xff, 0xfe, 0x40, 0x0, 0x1, 0xbd, 0x40, 0x0,
    0x0, 0x0, 0x9e, 0xb0, 0x0, 0x0, 0x2, 0x3a,
    0xf2, 0x0, 0x0, 0x9, 0xfd, 0x70, 0x0,

    /* U+1E0A "Ḋ" */
    0x0, 0x0, 0x1, 0x0, 0x0, 0x0, 0x0, 0x0,
    0x0, 0xfc, 0x0, 0x0, 0x0, 0x0, 0x0, 0xf,
    0xc0, 0x0, 0x0, 0x0, 0x0, 0x0, 0x0, 0x0,
    0x0, 0x0, 0x6f, 0xff, 0xff, 0xfe, 0xa3, 0x0,
    0x6, 0xfe, 0xcc, 0xcc, 0xef, 0xf6, 0x0, 0x6f,
    0x80, 0x0, 0x0, 0x6f, 0xf2, 0x6, 0xf8, 0x0,
    0x0, 0x0, 0x6f, 0xb0, 0x6f, 0x80, 0x0, 0x0,
    0x0, 0xef, 0x16, 0xf8, 0x0, 0x0, 0x0, 0xb,
    0xf4, 0x6f, 0x80, 0x0, 0x0, 0x0, 0x9f, 0x66,
    0xf8, 0x0, 0x0, 0x0, 0x8, 0xf6, 0x6f, 0x80,
    0x0, 0x0, 0x0, 0x9f, 0x56, 0xf8, 0x0, 0x0,
    0x0, 0xb, 0xf3, 0x6f, 0x80, 0x0, 0x0, 0x0,
    0xff, 0x6, 0xf8, 0x0, 0x0, 0x0, 0x7f, 0xa0,
    0x6f, 0x80, 0x0, 0x0, 0x6f, 0xf2, 0x6, 0xfe,
    0xcc, 0xcd, 0xff, 0xf5, 0x0, 0x6f, 0xff, 0xff,
    0xfd, 0x92, 0x0, 0x0,

    /* U+1E0B "ḋ" */
    0x0, 0x0, 0x8f, 0x40, 0x0, 0x0, 0x0, 0x8f,
    0x40, 0x0, 0x0, 0x0, 0x1, 0x0, 0x0, 0x0,
    0x0, 0x0, 0x0, 0x0, 0x0, 0x0, 0x0, 0x0,
    0xfb, 0x0, 0x0, 0x0, 0x0, 0xfb, 0x0, 0x0,
    0x0, 0x0, 0xfb, 0x0, 0x0, 0x0, 0x0, 0xfb,
    0x0, 0x2a, 0xef, 0xb2, 0xfb, 0x2, 0xef, 0xa8,
    0xce, 0xfb, 0xa, 0xf5, 0x0, 0xb, 0xfb, 0xf,
    0xd0, 0x0, 0x4, 0xfb, 0x3f, 0x90, 0x0, 0x0,
    0xfb, 0x4f, 0x80, 0x0, 0x0, 0xeb, 0x3f, 0x90,
    0x0, 0x0, 0xfb, 0xf, 0xd0, 0x0, 0x3, 0xfb,
    0x9, 0xf6, 0x0, 0xb, 0xfb, 0x1, 0xdf, 0xb8,
    0xdd, 0xfb, 0x0, 0x19, 0xef, 0xb2, 0xeb,

    /* U+1E0C "Ḍ" */
    0x6f, 0xff, 0xff, 0xfe, 0xa3, 0x0, 0x6, 0xfe,
    0xcc, 0xcc, 0xef, 0xf6, 0x0, 0x6f, 0x80, 0x0,
    0x0, 0x6f, 0xf2, 0x6, 0xf8, 0x0, 0x0, 0x0,
    0x6f, 0xb0, 0x6f, 0x80, 0x0, 0x0, 0x0, 0xef,
    0x16, 0xf8, 0x0, 0x0, 0x0, 0xb, 0xf4, 0x6f,
    0x80, 0x0, 0x0, 0x0, 0x9f, 0x66, 0xf8, 0x0,
    0x0, 0x0, 0x8, 0xf6, 0x6f, 0x80, 0x0, 0x0,
    0x0, 0x9f, 0x56, 0xf8, 0x0, 0x0, 0x0, 0xb,
    0xf3, 0x6f, 0x80, 0x0, 0x0, 0x0, 0xff, 0x6,
    0xf8, 0x0, 0x0, 0x0, 0x7f, 0xa0, 0x6f, 0x80,
    0x0, 0x0, 0x6f, 0xf2, 0x6, 0xfe, 0xcc, 0xcd,
    0xff, 0xf5, 0x0, 0x6f, 0xff, 0xff, 0xfd, 0x92,
    0x0, 0x0, 0x0, 0x0, 0x0, 0x0, 0x0, 0x0,
    0x0, 0x0, 0x1, 0x0, 0x0, 0x0, 0x0, 0x0,
    0x3, 0xf9, 0x0, 0x0, 0x0, 0x0, 0x0, 0x3f,
    0x90, 0x0, 0x0, 0x0,

    /* U+1E0D "ḍ" */
    0x0, 0x0, 0x0, 0x0, 0xfb, 0x0, 0x0, 0x0,
    0x0, 0xfb, 0x0, 0x0, 0x0, 0x0, 0xfb, 0x0,
    0x0, 0x0, 0x0, 0xfb, 0x0, 0x2a, 0xef, 0xb2,
    0xfb, 0x2, 0xef, 0xa8, 0xce, 0xfb, 0xa, 0xf5,
    0x0, 0xb, 0xfb, 0xf, 0xd0, 0x0, 0x4, 0xfb,
    0x3f, 0x90, 0x0, 0x0, 0xfb, 0x4f, 0x80, 0x0,
    0x0, 0xeb, 0x3f, 0x90, 0x0, 0x0, 0xfb, 0xf,
    0xd0, 0x0, 0x3, 0xfb, 0x9, 0xf6, 0x0, 0xb,
    0xfb, 0x1, 0xdf, 0xb8, 0xdd, 0xfb, 0x0, 0x19,
    0xef, 0xb2, 0xeb, 0x0, 0x0, 0x0, 0x0, 0x0,
    0x0, 0x0, 0x1, 0x0, 0x0, 0x0, 0x0, 0x6f,
    0x60, 0x0, 0x0, 0x0, 0x6f, 0x60, 0x0,

    /* U+1E0E "Ḏ" */
    0x6f, 0xff, 0xff, 0xfe, 0xa3, 0x0, 0x6, 0xfe,
    0xcc, 0xcc, 0xef, 0xf6, 0x0, 0x6f, 0x80, 0x0,
    0x0, 0x6f, 0xf2, 0x6, 0xf8, 0x0, 0x0, 0x0,
    0x6f, 0xb0, 0x6f, 0x80, 0x0, 0x0, 0x0, 0xef,
    0x16, 0xf8, 0x0, 0x0, 0x0, 0xb, 0xf4, 0x6f,
    0x80, 0x0, 0x0, 0x0, 0x9f, 0x66, 0xf8, 0x0,
    0x0, 0x0, 0x8, 0xf6, 0x6f, 0x80, 0x0, 0x0,
    0x0, 0x9f, 0x56, 0xf8, 0x0, 0x0, 0x0, 0xb,
    0xf3, 0x6f, 0x80, 0x0, 0x0, 0x0, 0xff, 0x6,
    0xf8, 0x0, 0x0, 0x0, 0x7f, 0xa0, 0x6f, 0x80,
    0x0, 0x0, 0x6f, 0xf2, 0x6, 0xfe, 0xcc, 0xcd,
    0xff, 0xf5, 0x0, 0x6f, 0xff, 0xff, 0xfd, 0x92,
    0x0, 0x0, 0x0, 0x0, 0x0, 0x0, 0x0, 0x0,
    0x0, 0x0, 0x0, 0x0, 0x0, 0x0, 0x0, 0x3,
    0x88, 0x88, 0x85, 0x0, 0x0, 0x0, 0x7f, 0xff,
    0xff, 0xa0, 0x0, 0x0,

    /* U+1E0F "ḏ" */
    0x0, 0x0, 0x0, 0x0, 0xfb, 0x0, 0x0, 0x0,
    0x0, 0xfb, 0x0, 0x0, 0x0, 0x0, 0xfb, 0x0,
    0x0, 0x0, 0x0, 0xfb, 0x0, 0x2a, 0xef, 0xb2,
    0xfb, 0x2, 0xef, 0xa8, 0xce, 0xfb, 0xa, 0xf5,
    0x0, 0xb, 0xfb, 0xf, 0xd0, 0x0, 0x4, 0xfb,
    0x3f, 0x90, 0x0, 0x0, 0xfb, 0x4f, 0x80, 0x0,
    0x0, 0xeb, 0x3f, 0x90, 0x0, 0x0, 0xfb, 0xf,
    0xd0, 0x0, 0x3, 0xfb, 0x9, 0xf6, 0x0, 0xb,
    0xfb, 0x1, 0xdf, 0xb8, 0xdd, 0xfb, 0x0, 0x19,
    0xef, 0xb2, 0xeb, 0x0, 0x0, 0x0, 0x0, 0x0,
    0x0, 0x0, 0x0, 0x0, 0x0, 0x0, 0x68, 0x88,
    0x88, 0x20, 0x0, 0xcf, 0xff, 0xff, 0x50,

    /* U+1E10 "Ḑ" */
    0x6f, 0xff, 0xff, 0xfe, 0xa3, 0x0, 0x6, 0xfe,
    0xcc, 0xcc, 0xef, 0xf6, 0x0, 0x6f, 0x80, 0x0,
    0x0, 0x6f, 0xf2, 0x6, 0xf8, 0x0, 0x0, 0x0,
    0x6f, 0xb0, 0x6f, 0x80, 0x0, 0x0, 0x0, 0xef,
    0x16, 0xf8, 0x0, 0x0, 0x0, 0xb, 0xf4, 0x6f,
    0x80, 0x0, 0x0, 0x0, 0x9f, 0x66, 0xf8, 0x0,
    0x0, 0x0, 0x8, 0xf6, 0x6f, 0x80, 0x0, 0x0,
    0x0, 0x9f, 0x56, 0xf8, 0x0, 0x0, 0x0, 0xb,
    0xf4, 0x6f, 0x80, 0x0, 0x0, 0x0, 0xff, 0x6,
    0xf8, 0x0, 0x0, 0x0, 0x7f, 0xa0, 0x6f, 0x80,
    0x0, 0x0, 0x6f, 0xf3, 0x6, 0xfd, 0xbb, 0xbc,
    0xef, 0xf6, 0x0, 0x6f, 0xff, 0xff, 0xfe, 0xa3,
    0x0, 0x0, 0x0, 0x3, 0xf2, 0x0, 0x0, 0x0,
    0x0, 0x0, 0x39, 0xf5, 0x0, 0x0, 0x0, 0x0,
    0x24, 0x6f, 0x80, 0x0, 0x0, 0x0, 0x7, 0xfe,
    0xa1, 0x0, 0x0, 0x0,

    /* U+1E11 "ḑ" */
    0x0, 0x0, 0x0, 0x0, 0xfb, 0x0, 0x0, 0x0,
    0x0, 0xfb, 0x0, 0x0, 0x0, 0x0, 0xfb, 0x0,
    0x0, 0x0, 0x0, 0xfb, 0x0, 0x2a, 0xef, 0xb2,
    0xfb, 0x1, 0xef, 0x98, 0xce, 0xfb, 0xa, 0xf4,
    0x0, 0xb, 0xfb, 0xf, 0xd0, 0x0, 0x3, 0xfb,
    0x3f, 0x90, 0x0, 0x0, 0xfb, 0x4f, 0x80, 0x0,
    0x0, 0xeb, 0x3f, 0xa0, 0x0, 0x0, 0xfb, 0xf,
    0xe0, 0x0, 0x4, 0xfb, 0xa, 0xfa, 0x0, 0x2d,
    0xfb, 0x2, 0xef, 0xfd, 0xfb, 0xeb, 0x0, 0x2c,
    0xff, 0x90, 0xeb, 0x0, 0x0, 0x9d, 0x30, 0x0,
    0x0, 0x0, 0x7, 0xf3, 0x0, 0x0, 0x3, 0x4a,
    0xf3, 0x0, 0x0, 0xc, 0xfe, 0x70, 0x0,

    /* U+1E12 "Ḓ" */
    0x6f, 0xff, 0xff, 0xfe, 0xa3, 0x0, 0x6, 0xfe,
    0xcc, 0xcc, 0xef, 0xf6, 0x0, 0x6f, 0x80, 0x0,
    0x0, 0x6f, 0xf2, 0x6, 0xf8, 0x0, 0x0, 0x0,
    0x6f, 0xb0, 0x6f, 0x80, 0x0, 0x0, 0x0, 0xef,
    0x16, 0xf8, 0x0, 0x0, 0x0, 0xb, 0xf4, 0x6f,
    0x80, 0x0, 0x0, 0x0, 0x9f, 0x66, 0xf8, 0x0,
    0x0, 0x0, 0x8, 0xf6, 0x6f, 0x80, 0x0, 0x0,
    0x0, 0x9f, 0x56, 0xf8, 0x0, 0x0, 0x0, 0xb,
    0xf3, 0x6f, 0x80, 0x0, 0x0, 0x0, 0xff, 0x6,
    0xf8, 0x0, 0x0, 0x0, 0x7f, 0xa0, 0x6f, 0x80,
    0x0, 0x0, 0x6f, 0xf2, 0x6, 0xfe, 0xcc, 0xcd,
    0xff, 0xf5, 0x0, 0x6f, 0xff, 0xff, 0xfd, 0x92,
    0x0, 0x0, 0x0, 0x0, 0x0, 0x0, 0x0, 0x0,
    0x0, 0x0, 0x69, 0x60, 0x0, 0x0, 0x0, 0x0,
    0x5f, 0xcf, 0x50, 0x0, 0x0, 0x0, 0x2f, 0xc0,
    0xbf, 0x30, 0x0, 0x0,

    /* U+1E13 "ḓ" */
    0x0, 0x0, 0x0, 0x0, 0xfb, 0x0, 0x0, 0x0,
    0x0, 0xfb, 0x0, 0x0, 0x0, 0x0, 0xfb, 0x0,
    0x0, 0x0, 0x0, 0xfb, 0x0, 0x2a, 0xef, 0xb2,
    0xfb, 0x2, 0xef, 0xa8, 0xce, 0xfb, 0xa, 0xf5,
    0x0, 0xb, 0xfb, 0xf, 0xd0, 0x0, 0x4, 0xfb,
    0x3f, 0x90, 0x0, 0x0, 0xfb, 0x4f, 0x80, 0x0,
    0x0, 0xeb, 0x3f, 0x90, 0x0, 0x0, 0xfb, 0xf,
    0xd0, 0x0, 0x3, 0xfb, 0x9, 0xf6, 0x0, 0xb,
    0xfb, 0x1, 0xdf, 0xb8, 0xdd, 0xfb, 0x0, 0x19,
    0xef, 0xb2, 0xeb, 0x0, 0x0, 0x0, 0x0, 0x0,
    0x0, 0x0, 0x8c, 0x90, 0x0, 0x0, 0x6, 0xfb,
    0xf7, 0x0, 0x0, 0x2f, 0xc0, 0xaf, 0x40,

    /* U+1E14 "Ḕ" */
    0x0, 0x3, 0xdb, 0x0, 0x0, 0x0, 0x0, 0x0,
    0x9f, 0x50, 0x0, 0x0, 0x0, 0x0, 0xc, 0xc0,
    0x0, 0x0, 0x0, 0x0, 0x0, 0x0, 0x0, 0x0,
    0x0, 0x5f, 0xff, 0xff, 0xb0, 0x0, 0x0, 0x28,
    0x88, 0x88, 0x50, 0x0, 0x0, 0x0, 0x0, 0x0,
    0x0, 0x0, 0x6f, 0xff, 0xff, 0xff, 0xff, 0xf0,
    0x6f, 0xec, 0xcc, 0xcc, 0xcc, 0xb0, 0x6f, 0x70,
    0x0, 0x0, 0x0, 0x0, 0x6f, 0x70, 0x0, 0x0,
    0x0, 0x0, 0x6f, 0x70, 0x0, 0x0, 0x0, 0x0,
    0x6f, 0x70, 0x0, 0x0, 0x0, 0x0, 0x6f, 0xec,
    0xcc, 0xcc, 0xcc, 0x40, 0x6f, 0xff, 0xff, 0xff,
    0xff, 0x60, 0x6f, 0x70, 0x0, 0x0, 0x0, 0x0,
    0x6f, 0x70, 0x0, 0x0, 0x0, 0x0, 0x6f, 0x70,
    0x0, 0x0, 0x0, 0x0, 0x6f, 0x70, 0x0, 0x0,
    0x0, 0x0, 0x6f, 0x70, 0x0, 0x0, 0x0, 0x0,
    0x6f, 0xec, 0xcc, 0xcc, 0xcc, 0xc3, 0x6f, 0xff,
    0xff, 0xff, 0xff, 0xf4,

    /* U+1E15 "ḕ" */
    0x0, 0x8, 0xd7, 0x0, 0x0, 0x0, 0x0, 0xd,
    0xf0, 0x0, 0x0, 0x0, 0x0, 0x3f, 0x70, 0x0,
    0x0, 0x0, 0x0, 0x0, 0x0, 0x0, 0x0, 0x5f,
    0xff, 0xff, 0xc0, 0x0, 0x2, 0x88, 0x88, 0x86,
    0x0, 0x0, 0x0, 0x0, 0x0, 0x0, 0x0, 0x0,
    0x0, 0x0, 0x0, 0x0, 0x0, 0x8, 0xdf, 0xe9,
    0x10, 0x0, 0xd, 0xfc, 0x8a, 0xfe, 0x10, 0x8,
    0xf8, 0x0, 0x4, 0xfb, 0x0, 0xee, 0x0, 0x0,
    0xb, 0xf1, 0x2f, 0xd8, 0x88, 0x88, 0xcf, 0x43,
    0xff, 0xff, 0xff, 0xff, 0xf5, 0x2f, 0xa0, 0x0,
    0x0, 0x0, 0x0, 0xfe, 0x0, 0x0, 0x6, 0x71,
    0x9, 0xf8, 0x0, 0x3, 0xfe, 0x0, 0x1d, 0xfc,
    0x8a, 0xff, 0x40, 0x0, 0x18, 0xdf, 0xea, 0x30,
    0x0,

    /* U+1E16 "Ḗ" */
    0x0, 0x0, 0x4, 0xdb, 0x0, 0x0, 0x0, 0x0,
    0xb, 0xf3, 0x0, 0x0, 0x0, 0x0, 0x3f, 0x60,
    0x0, 0x0, 0x0, 0x0, 0x0, 0x0, 0x0, 0x0,
    0x0, 0x5f, 0xff, 0xff, 0xc0, 0x0, 0x0, 0x28,
    0x88, 0x88, 0x60, 0x0, 0x0, 0x0, 0x0, 0x0,
    0x0, 0x0, 0x6f, 0xff, 0xff, 0xff, 0xff, 0xf0,
    0x6f, 0xec, 0xcc, 0xcc, 0xcc, 0xb0, 0x6f, 0x70,
    0x0, 0x0, 0x0, 0x0, 0x6f, 0x70, 0x0, 0x0,
    0x0, 0x0, 0x6f, 0x70, 0x0, 0x0, 0x0, 0x0,
    0x6f, 0x70, 0x0, 0x0, 0x0, 0x0, 0x6f, 0xec,
    0xcc, 0xcc, 0xcc, 0x40, 0x6f, 0xff, 0xff, 0xff,
    0xff, 0x60, 0x6f, 0x70, 0x0, 0x0, 0x0, 0x0,
    0x6f, 0x70, 0x0, 0x0, 0x0, 0x0, 0x6f, 0x70,
    0x0, 0x0, 0x0, 0x0, 0x6f, 0x70, 0x0, 0x0,
    0x0, 0x0, 0x6f, 0x70, 0x0, 0x0, 0x0, 0x0,
    0x6f, 0xec, 0xcc, 0xcc, 0xcc, 0xc3, 0x6f, 0xff,
    0xff, 0xff, 0xff, 0xf4,

    /* U+1E17 "ḗ" */
    0x0, 0x0, 0x5, 0xda, 0x0, 0x0, 0x0, 0x0,
    0xde, 0x20, 0x0, 0x0, 0x0, 0x4f, 0x40, 0x0,
    0x0, 0x0, 0x0, 0x0, 0x0, 0x0, 0x0, 0x5f,
    0xff, 0xff, 0xc0, 0x0, 0x2, 0x88, 0x88, 0x86,
    0x0, 0x0, 0x0, 0x0, 0x0, 0x0, 0x0, 0x0,
    0x0, 0x0, 0x0, 0x0, 0x0, 0x8, 0xdf, 0xe9,
    0x10, 0x0, 0xd, 0xfc, 0x8a, 0xfe, 0x10, 0x8,
    0xf8, 0x0, 0x4, 0xfb, 0x0, 0xee, 0x0, 0x0,
    0xb, 0xf1, 0x2f, 0xd8, 0x88, 0x88, 0xcf, 0x43,
    0xff, 0xff, 0xff, 0xff, 0xf5, 0x2f, 0xa0, 0x0,
    0x0, 0x0, 0x0, 0xfe, 0x0, 0x0, 0x6, 0x71,
    0x9, 0xf8, 0x0, 0x3, 0xfe, 0x0, 0x1d, 0xfc,
    0x8a, 0xff, 0x40, 0x0, 0x18, 0xdf, 0xea, 0x30,
    0x0,

    /* U+1E18 "Ḙ" */
    0x6f, 0xff, 0xff, 0xff, 0xff, 0xf0, 0x6f, 0xec,
    0xcc, 0xcc, 0xcc, 0xb0, 0x6f, 0x70, 0x0, 0x0,
    0x0, 0x0, 0x6f, 0x70, 0x0, 0x0, 0x0, 0x0,
    0x6f, 0x70, 0x0, 0x0, 0x0, 0x0, 0x6f, 0x70,
    0x0, 0x0, 0x0, 0x0, 0x6f, 0xff, 0xff, 0xff,
    0xff, 0x60, 0x6f, 0xec, 0xcc, 0xcc, 0xcc, 0x40,
    0x6f, 0x70, 0x0, 0x0, 0x0, 0x0, 0x6f, 0x70,
    0x0, 0x0, 0x0, 0x0, 0x6f, 0x70, 0x0, 0x0,
    0x0, 0x0, 0x6f, 0x70, 0x0, 0x0, 0x0, 0x0,
    0x6f, 0x70, 0x0, 0x0, 0x0, 0x0, 0x6f, 0xec,
    0xcc, 0xcc, 0xcc, 0xc3, 0x6f, 0xff, 0xff, 0xff,
    0xff, 0xf4, 0x0, 0x0, 0x0, 0x0, 0x0, 0x0,
    0x0, 0x0, 0x39, 0x80, 0x0, 0x0, 0x0, 0x2,
    0xec, 0xfa, 0x0, 0x0, 0x0, 0xd, 0xf2, 0x6f,
    0x70, 0x0,

    /* U+1E19 "ḙ" */
    0x0, 0x8, 0xdf, 0xea, 0x20, 0x0, 0xd, 0xfb,
    0x8a, 0xff, 0x20, 0x8, 0xf5, 0x0, 0x2, 0xed,
    0x0, 0xed, 0x0, 0x0, 0x9, 0xf2, 0x2f, 0xff,
    0xff, 0xff, 0xff, 0x43, 0xfc, 0x88, 0x88, 0x88,
    0x82, 0x2f, 0xc0, 0x0, 0x0, 0x0, 0x0, 0xff,
    0x10, 0x0, 0xa, 0xc1, 0x9, 0xfa, 0x0, 0x4,
    0xfd, 0x0, 0x1d, 0xfc, 0x8a, 0xff, 0x30, 0x0,
    0x18, 0xdf, 0xea, 0x20, 0x0, 0x0, 0x0, 0x0,
    0x0, 0x0, 0x0, 0x0, 0x5c, 0xb1, 0x0, 0x0,
    0x0, 0x2f, 0xce, 0xb0, 0x0, 0x0, 0xd, 0xf1,
    0x6f, 0x80, 0x0,

    /* U+1E1A "Ḛ" */
    0x6f, 0xff, 0xff, 0xff, 0xff, 0xf0, 0x6f, 0xec,
    0xcc, 0xcc, 0xcc, 0xb0, 0x6f, 0x70, 0x0, 0x0,
    0x0, 0x0, 0x6f, 0x70, 0x0, 0x0, 0x0, 0x0,
    0x6f, 0x70, 0x0, 0x0, 0x0, 0x0, 0x6f, 0x70,
    0x0, 0x0, 0x0, 0x0, 0x6f, 0xec, 0xcc, 0xcc,
    0xcc, 0x40, 0x6f, 0xff, 0xff, 0xff, 0xff, 0x60,
    0x6f, 0x70, 0x0, 0x0, 0x0, 0x0, 0x6f, 0x70,
    0x0, 0x0, 0x0, 0x0, 0x6f, 0x70, 0x0, 0x0,
    0x0, 0x0, 0x6f, 0x70, 0x0, 0x0, 0x0, 0x0,
    0x6f, 0x70, 0x0, 0x0, 0x0, 0x0, 0x6f, 0xec,
    0xcc, 0xcc, 0xcc, 0xc3, 0x6f, 0xff, 0xff, 0xff,
    0xff, 0xf4, 0x0, 0x0, 0x0, 0x0, 0x0, 0x0,
    0x0, 0x0, 0x0, 0x0, 0x10, 0x0, 0x0, 0xa,
    0xfe, 0xa9, 0xf1, 0x0, 0x0, 0x4f, 0x67, 0xdf,
    0x70, 0x0,

    /* U+1E1B "ḛ" */
    0x0, 0x8, 0xdf, 0xe8, 0x0, 0x0, 0xd, 0xfc,
    0x8b, 0xfd, 0x0, 0x8, 0xfa, 0x0, 0x5, 0xf9,
    0x0, 0xef, 0x10, 0x0, 0xc, 0xf0, 0x2f, 0xc0,
    0x0, 0x0, 0x8f, 0x33, 0xff, 0xff, 0xff, 0xff,
    0xf4, 0x2f, 0xd8, 0x88, 0x88, 0x88, 0x20, 0xfd,
    0x0, 0x0, 0x2, 0x30, 0x9, 0xf6, 0x0, 0x2,
    0xef, 0x0, 0x1d, 0xfc, 0x89, 0xff, 0x50, 0x0,
    0x18, 0xdf, 0xeb, 0x40, 0x0, 0x0, 0x0, 0x0,
    0x0, 0x0, 0x0, 0x0, 0x0, 0x0, 0x10, 0x0,
    0x1, 0xcf, 0xe9, 0xbe, 0x0, 0x0, 0x6e, 0x58,
    0xee, 0x50, 0x0,

    /* U+1E1C "Ḝ" */
    0x0, 0xb, 0xa1, 0x1a, 0xc0, 0x0, 0x0, 0x2,
    0xdf, 0xfd, 0x30, 0x0, 0x0, 0x0, 0x2, 0x20,
    0x0, 0x0, 0x0, 0x0, 0x0, 0x0, 0x0, 0x0,
    0x6f, 0xff, 0xff, 0xff, 0xff, 0xf0, 0x6f, 0xec,
    0xcc, 0xcc, 0xcc, 0xb0, 0x6f, 0x70, 0x0, 0x0,
    0x0, 0x0, 0x6f, 0x70, 0x0, 0x0, 0x0, 0x0,
    0x6f, 0x70, 0x0, 0x0, 0x0, 0x0, 0x6f, 0x70,
    0x0, 0x0, 0x0, 0x0, 0x6f, 0xec, 0xcc, 0xcc,
    0xcc, 0x40, 0x6f, 0xff, 0xff, 0xff, 0xff, 0x60,
    0x6f, 0x70, 0x0, 0x0, 0x0, 0x0, 0x6f, 0x70,
    0x0, 0x0, 0x0, 0x0, 0x6f, 0x70, 0x0, 0x0,
    0x0, 0x0, 0x6f, 0x70, 0x0, 0x0, 0x0, 0x0,
    0x6f, 0x70, 0x0, 0x0, 0x0, 0x0, 0x6f, 0xec,
    0xcc, 0xcc, 0xcc, 0xc3, 0x6f, 0xff, 0xff, 0xff,
    0xff, 0xf4, 0x0, 0x0, 0xc, 0x90, 0x0, 0x0,
    0x0, 0x0, 0x7, 0xdb, 0x0, 0x0, 0x0, 0x0,
    0x44, 0xdf, 0x0, 0x0, 0x0, 0x1, 0xff, 0xc4,
    0x0, 0x0,

    /* U+1E1D "ḝ" */
    0x0, 0xf, 0x60, 0x2d, 0x70, 0x0, 0x0, 0x5f,
    0xff, 0xb0, 0x0, 0x0, 0x0, 0x2, 0x10, 0x0,
    0x0, 0x0, 0x0, 0x0, 0x0, 0x0, 0x0, 0x18,
    0xdf, 0xe9, 0x10, 0x0, 0x1d, 0xfc, 0x8a, 0xfe,
    0x10, 0x9, 0xf8, 0x0, 0x4, 0xfb, 0x0, 0xfe,
    0x0, 0x0, 0xb, 0xf1, 0x2f, 0xd8, 0x88, 0x88,
    0xcf, 0x43, 0xff, 0xff, 0xff, 0xff, 0xf5, 0x2f,
    0xa0, 0x0, 0x0, 0x0, 0x0, 0xee, 0x10, 0x0,
    0x8, 0x91, 0x7, 0xfb, 0x10, 0x6, 0xfd, 0x0,
    0x9, 0xff, 0xde, 0xfe, 0x20, 0x0, 0x3, 0x9f,
    0xb7, 0x0, 0x0, 0x0, 0x5, 0xf8, 0x0, 0x0,
    0x0, 0x0, 0x3, 0xf8, 0x0, 0x0, 0x0, 0x24,
    0x7f, 0x70, 0x0, 0x0, 0x7, 0xfe, 0x90, 0x0,
    0x0,

    /* U+1E1E "Ḟ" */
    0x0, 0x0, 0x1, 0x0, 0x0, 0x0, 0x0, 0x8,
    0xf4, 0x0, 0x0, 0x0, 0x0, 0x8f, 0x40, 0x0,
    0x0, 0x0, 0x0, 0x0, 0x0, 0x0, 0x6f, 0xff,
    0xff, 0xff, 0xff, 0x46, 0xfe, 0xcc, 0xcc, 0xcc,
    0xc3, 0x6f, 0x80, 0x0, 0x0, 0x0, 0x6, 0xf8,
    0x0, 0x0, 0x0, 0x0, 0x6f, 0x80, 0x0, 0x0,
    0x0, 0x6, 0xf8, 0x0, 0x0, 0x0, 0x0, 0x6f,
    0xec, 0xcc, 0xcc, 0xc2, 0x6, 0xff, 0xff, 0xff,
    0xff, 0x30, 0x6f, 0x80, 0x0, 0x0, 0x0, 0x6,
    0xf8, 0x0, 0x0, 0x0, 0x0, 0x6f, 0x80, 0x0,
    0x0, 0x0, 0x6, 0xf8, 0x0, 0x0, 0x0, 0x0,
    0x6f, 0x80, 0x0, 0x0, 0x0, 0x6, 0xf8, 0x0,
    0x0, 0x0, 0x0, 0x6f, 0x80, 0x0, 0x0, 0x0,
    0x0,

    /* U+1E1F "ḟ" */
    0x0, 0x1, 0x0, 0x0, 0x1, 0xfb, 0x0, 0x0,
    0x1f, 0xb0, 0x0, 0x0, 0x0, 0x0, 0x0, 0x5d,
    0xfe, 0x10, 0x1f, 0xfc, 0xb0, 0x3, 0xf9, 0x0,
    0x0, 0x4f, 0x70, 0x0, 0xdf, 0xff, 0xf7, 0x5,
    0x9f, 0xb6, 0x30, 0x4, 0xf7, 0x0, 0x0, 0x4f,
    0x70, 0x0, 0x4, 0xf7, 0x0, 0x0, 0x4f, 0x70,
    0x0, 0x4, 0xf7, 0x0, 0x0, 0x4f, 0x70, 0x0,
    0x4, 0xf7, 0x0, 0x0, 0x4f, 0x70, 0x0, 0x4,
    0xf7, 0x0, 0x0,

    /* U+1E20 "Ḡ" */
    0x0, 0x2, 0xff, 0xff, 0xff, 0x0, 0x0, 0x0,
    0x1, 0x88, 0x88, 0x87, 0x0, 0x0, 0x0, 0x0,
    0x0, 0x0, 0x0, 0x0, 0x0, 0x0, 0x1, 0x8c,
    0xef, 0xea, 0x40, 0x0, 0x0, 0x5f, 0xfe, 0xbb,
    0xdf, 0xf8, 0x0, 0x5, 0xfe, 0x50, 0x0, 0x4,
    0xef, 0x50, 0x1e, 0xf3, 0x0, 0x0, 0x0, 0x3f,
    0xd0, 0x6f, 0x90, 0x0, 0x0, 0x0, 0x8, 0x60,
    0xbf, 0x30, 0x0, 0x0, 0x0, 0x0, 0x0, 0xdf,
    0x10, 0x0, 0x0, 0x0, 0x0, 0x0, 0xff, 0x0,
    0x0, 0x9, 0xcc, 0xcc, 0xc3, 0xef, 0x10, 0x0,
    0xc, 0xff, 0xff, 0xf4, 0xcf, 0x40, 0x0, 0x0,
    0x0, 0x9, 0xf4, 0x7f, 0x90, 0x0, 0x0, 0x0,
    0x9, 0xf4, 0x1f, 0xf4, 0x0, 0x0, 0x0, 0x9,
    0xf4, 0x5, 0xff, 0x71, 0x0, 0x3, 0xaf, 0xf3,
    0x0, 0x5f, 0xff, 0xdc, 0xef, 0xfd, 0x40, 0x0,
    0x1, 0x8c, 0xef, 0xeb, 0x60, 0x0,

    /* U+1E21 "ḡ" */
    0x0, 0xbf, 0xff, 0xff, 0x60, 0x0, 0x58, 0x88,
    0x88, 0x30, 0x0, 0x0, 0x0, 0x0, 0x0, 0x0,
    0x0, 0x0, 0x0, 0x0, 0x0, 0x2a, 0xef, 0xb2,
    0xcd, 0x1, 0xef, 0xa8, 0xcf, 0xed, 0xa, 0xf5,
    0x0, 0xb, 0xfd, 0xf, 0xd0, 0x0, 0x2, 0xfd,
    0x3f, 0x90, 0x0, 0x0, 0xed, 0x4f, 0x80, 0x0,
    0x0, 0xdd, 0x3f, 0x80, 0x0, 0x0, 0xed, 0xf,
    0xc0, 0x0, 0x1, 0xfd, 0xa, 0xf5, 0x0, 0xa,
    0xfd, 0x1, 0xef, 0xa8, 0xde, 0xfd, 0x0, 0x1a,
    0xef, 0xb2, 0xfc, 0x2, 0x0, 0x0, 0x1, 0xfa,
    0xe, 0xe0, 0x0, 0x8, 0xf6, 0x7, 0xfd, 0x88,
    0xbf, 0xc0, 0x0, 0x5c, 0xef, 0xd8, 0x0,

    /* U+1E22 "Ḣ" */
    0x0, 0x0, 0x0, 0x10, 0x0, 0x0, 0x0, 0x0,
    0x8, 0xf4, 0x0, 0x0, 0x0, 0x0, 0x8, 0xf4,
    0x0, 0x0, 0x0, 0x0, 0x0, 0x0, 0x0, 0x0,
    0x6f, 0x80, 0x0, 0x0, 0x1, 0xfd, 0x6f, 0x80,
    0x0, 0x0, 0x1, 0xfd, 0x6f, 0x80, 0x0, 0x0,
    0x1, 0xfd, 0x6f, 0x80, 0x0, 0x0, 0x1, 0xfd,
    0x6f, 0x80, 0x0, 0x0, 0x1, 0xfd, 0x6f, 0x80,
    0x0, 0x0, 0x1, 0xfd, 0x6f, 0xec, 0xcc, 0xcc,
    0xcc, 0xfd, 0x6f, 0xff, 0xff, 0xff, 0xff, 0xfd,
    0x6f, 0x80, 0x0, 0x0, 0x1, 0xfd, 0x6f, 0x80,
    0x0, 0x0, 0x1, 0xfd, 0x6f, 0x80, 0x0, 0x0,
    0x1, 0xfd, 0x6f, 0x80, 0x0, 0x0, 0x1, 0xfd,
    0x6f, 0x80, 0x0, 0x0, 0x1, 0xfd, 0x6f, 0x80,
    0x0, 0x0, 0x1, 0xfd, 0x6f, 0x80, 0x0, 0x0,
    0x1, 0xfd,

    /* U+1E23 "ḣ" */
    0x1, 0x0, 0x0, 0x0, 0xa, 0xf2, 0x0, 0x0,
    0x0, 0xaf, 0x20, 0x0, 0x0, 0x0, 0x0, 0x0,
    0x0, 0x0, 0xaf, 0x10, 0x0, 0x0, 0xa, 0xf1,
    0x0, 0x0, 0x0, 0xaf, 0x10, 0x0, 0x0, 0xa,
    0xf1, 0x0, 0x0, 0x0, 0xaf, 0x29, 0xef, 0xc5,
    0xa, 0xfe, 0xea, 0xbf, 0xf4, 0xaf, 0xc1, 0x0,
    0x6f, 0xaa, 0xf4, 0x0, 0x0, 0xfc, 0xaf, 0x20,
    0x0, 0xf, 0xca, 0xf1, 0x0, 0x0, 0xfd, 0xaf,
    0x10, 0x0, 0xf, 0xda, 0xf1, 0x0, 0x0, 0xfd,
    0xaf, 0x10, 0x0, 0xf, 0xda, 0xf1, 0x0, 0x0,
    0xfd, 0xaf, 0x10, 0x0, 0xf, 0xd0,

    /* U+1E24 "Ḥ" */
    0x6f, 0x80, 0x0, 0x0, 0x1, 0xfd, 0x6f, 0x80,
    0x0, 0x0, 0x1, 0xfd, 0x6f, 0x80, 0x0, 0x0,
    0x1, 0xfd, 0x6f, 0x80, 0x0, 0x0, 0x1, 0xfd,
    0x6f, 0x80, 0x0, 0x0, 0x1, 0xfd, 0x6f, 0x80,
    0x0, 0x0, 0x1, 0xfd, 0x6f, 0xff, 0xff, 0xff,
    0xff, 0xfd, 0x6f, 0xec, 0xcc, 0xcc, 0xcc, 0xfd,
    0x6f, 0x80, 0x0, 0x0, 0x1, 0xfd, 0x6f, 0x80,
    0x0, 0x0, 0x1, 0xfd, 0x6f, 0x80, 0x0, 0x0,
    0x1, 0xfd, 0x6f, 0x80, 0x0, 0x0, 0x1, 0xfd,
    0x6f, 0x80, 0x0, 0x0, 0x1, 0xfd, 0x6f, 0x80,
    0x0, 0x0, 0x1, 0xfd, 0x6f, 0x80, 0x0, 0x0,
    0x1, 0xfd, 0x0, 0x0, 0x0, 0x0, 0x0, 0x0,
    0x0, 0x0, 0x0, 0x10, 0x0, 0x0, 0x0, 0x0,
    0x8, 0xf4, 0x0, 0x0, 0x0, 0x0, 0x8, 0xf4,
    0x0, 0x0,

    /* U+1E25 "ḥ" */
    0xaf, 0x10, 0x0, 0x0, 0xa, 0xf1, 0x0, 0x0,
    0x0, 0xaf, 0x10, 0x0, 0x0, 0xa, 0xf1, 0x0,
    0x0, 0x0, 0xaf, 0x29, 0xef, 0xc5, 0xa, 0xfe,
    0xea, 0xbf, 0xf4, 0xaf, 0xc1, 0x0, 0x6f, 0xaa,
    0xf4, 0x0, 0x0, 0xfc, 0xaf, 0x20, 0x0, 0xf,
    0xca, 0xf1, 0x0, 0x0, 0xfd, 0xaf, 0x10, 0x0,
    0xf, 0xda, 0xf1, 0x0, 0x0, 0xfd, 0xaf, 0x10,
    0x0, 0xf, 0xda, 0xf1, 0x0, 0x0, 0xfd, 0xaf,
    0x10, 0x0, 0xf, 0xd0, 0x0, 0x0, 0x0, 0x0,
    0x0, 0x0, 0x10, 0x0, 0x0, 0x0, 0x3f, 0x90,
    0x0, 0x0, 0x3, 0xf9, 0x0, 0x0,

    /* U+1E26 "Ḧ" */
    0x0, 0x0, 0x10, 0x1, 0x10, 0x0, 0x0, 0x7,
    0xf5, 0xd, 0xf0, 0x0, 0x0, 0x7, 0xf5, 0xd,
    0xf0, 0x0, 0x0, 0x0, 0x0, 0x0, 0x0, 0x0,
    0x6f, 0x80, 0x0, 0x0, 0x1, 0xfd, 0x6f, 0x80,
    0x0, 0x0, 0x1, 0xfd, 0x6f, 0x80, 0x0, 0x0,
    0x1, 0xfd, 0x6f, 0x80, 0x0, 0x0, 0x1, 0xfd,
    0x6f, 0x80, 0x0, 0x0, 0x1, 0xfd, 0x6f, 0x80,
    0x0, 0x0, 0x1, 0xfd, 0x6f, 0xec, 0xcc, 0xcc,
    0xcc, 0xfd, 0x6f, 0xff, 0xff, 0xff, 0xff, 0xfd,
    0x6f, 0x80, 0x0, 0x0, 0x1, 0xfd, 0x6f, 0x80,
    0x0, 0x0, 0x1, 0xfd, 0x6f, 0x80, 0x0, 0x0,
    0x1, 0xfd, 0x6f, 0x80, 0x0, 0x0, 0x1, 0xfd,
    0x6f, 0x80, 0x0, 0x0, 0x1, 0xfd, 0x6f, 0x80,
    0x0, 0x0, 0x1, 0xfd, 0x6f, 0x80, 0x0, 0x0,
    0x1, 0xfd,

    /* U+1E27 "ḧ" */
    0x0, 0x10, 0x0, 0x10, 0x0, 0x1f, 0xb0, 0x7f,
    0x50, 0x1, 0xfb, 0x7, 0xf5, 0x0, 0x0, 0x0,
    0x0, 0x0, 0xaf, 0x10, 0x0, 0x0, 0xa, 0xf1,
    0x0, 0x0, 0x0, 0xaf, 0x10, 0x0, 0x0, 0xa,
    0xf1, 0x0, 0x0, 0x0, 0xaf, 0x29, 0xef, 0xc5,
    0xa, 0xfe, 0xea, 0xbf, 0xf4, 0xaf, 0xc1, 0x0,
    0x6f, 0xaa, 0xf4, 0x0, 0x0, 0xfc, 0xaf, 0x20,
    0x0, 0xf, 0xca, 0xf1, 0x0, 0x0, 0xfd, 0xaf,
    0x10, 0x0, 0xf, 0xda, 0xf1, 0x0, 0x0, 0xfd,
    0xaf, 0x10, 0x0, 0xf, 0xda, 0xf1, 0x0, 0x0,
    0xfd, 0xaf, 0x10, 0x0, 0xf, 0xd0,

    /* U+1E28 "Ḩ" */
    0x6, 0xf8, 0x0, 0x0, 0x0, 0x1f, 0xd0, 0x6f,
    0x80, 0x0, 0x0, 0x1, 0xfd, 0x6, 0xf8, 0x0,
    0x0, 0x0, 0x1f, 0xd0, 0x6f, 0x80, 0x0, 0x0,
    0x1, 0xfd, 0x6, 0xf8, 0x0, 0x0, 0x0, 0x1f,
    0xd0, 0x6f, 0x80, 0x0, 0x0, 0x1, 0xfd, 0x6,
    0xff, 0xff, 0xff, 0xff, 0xff, 0xd0, 0x6f, 0xec,
    0xcc, 0xcc, 0xcc, 0xfd, 0x6, 0xf8, 0x0, 0x0,
    0x0, 0x1f, 0xd0, 0x6f, 0x80, 0x0, 0x0, 0x1,
    0xfd, 0x6, 0xf8, 0x0, 0x0, 0x0, 0x1f, 0xd0,
    0x6f, 0x80, 0x0, 0x0, 0x1, 0xfd, 0x6, 0xf8,
    0x0, 0x0, 0x0, 0x1f, 0xd0, 0x6f, 0x80, 0x0,
    0x0, 0x1, 0xfd, 0x6, 0xf8, 0x0, 0x0, 0x0,
    0x1f, 0xd0, 0x1f, 0x40, 0x0, 0x0, 0x0, 0x0,
    0x2, 0x8f, 0x70, 0x0, 0x0, 0x0, 0x1, 0x46,
    0xfa, 0x0, 0x0, 0x0, 0x0, 0x6f, 0xfb, 0x10,
    0x0, 0x0, 0x0, 0x0,

    /* U+1E29 "ḩ" */
    0xa, 0xf1, 0x0, 0x0, 0x0, 0xa, 0xf1, 0x0,
    0x0, 0x0, 0xa, 0xf1, 0x0, 0x0, 0x0, 0xa,
    0xf1, 0x0, 0x0, 0x0, 0xa, 0xf2, 0x9e, 0xfc,
    0x50, 0xa, 0xfe, 0xea, 0xaf, 0xf4, 0xa, 0xfc,
    0x10, 0x6, 0xfa, 0xa, 0xf4, 0x0, 0x0, 0xfc,
    0xa, 0xf2, 0x0, 0x0, 0xfc, 0xa, 0xf1, 0x0,
    0x0, 0xfd, 0xa, 0xf1, 0x0, 0x0, 0xfd, 0xa,
    0xf1, 0x0, 0x0, 0xfd, 0xa, 0xf1, 0x0, 0x0,
    0xfd, 0xa, 0xf1, 0x0, 0x0, 0xfd, 0xa, 0xf1,
    0x0, 0x0, 0xfd, 0x9, 0xc0, 0x0, 0x0, 0x0,
    0x6, 0xce, 0x10, 0x0, 0x0, 0x34, 0xbf, 0x20,
    0x0, 0x0, 0xdf, 0xd6, 0x0, 0x0, 0x0,

    /* U+1E2A "Ḫ" */
    0x6f, 0x80, 0x0, 0x0, 0x1, 0xfd, 0x6f, 0x80,
    0x0, 0x0, 0x1, 0xfd, 0x6f, 0x80, 0x0, 0x0,
    0x1, 0xfd, 0x6f, 0x80, 0x0, 0x0, 0x1, 0xfd,
    0x6f, 0x80, 0x0, 0x0, 0x1, 0xfd, 0x6f, 0x80,
    0x0, 0x0, 0x1, 0xfd, 0x6f, 0xff, 0xff, 0xff,
    0xff, 0xfd, 0x6f, 0xec, 0xcc, 0xcc, 0xcc, 0xfd,
    0x6f, 0x80, 0x0, 0x0, 0x1, 0xfd, 0x6f, 0x80,
    0x0, 0x0, 0x1, 0xfd, 0x6f, 0x80, 0x0, 0x0,
    0x1, 0xfd, 0x6f, 0x80, 0x0, 0x0, 0x1, 0xfd,
    0x6f, 0x80, 0x0, 0x0, 0x1, 0xfd, 0x6f, 0x80,
    0x0, 0x0, 0x1, 0xfd, 0x6f, 0x80, 0x0, 0x0,
    0x1, 0xfd, 0x0, 0x0, 0x0, 0x0, 0x0, 0x0,
    0x0, 0x5, 0x50, 0x1, 0x80, 0x0, 0x0, 0x5,
    0xf6, 0x4b, 0xc0, 0x0, 0x0, 0x0, 0x7e, 0xfb,
    0x10, 0x0,

    /* U+1E2B "ḫ" */
    0xaf, 0x10, 0x0, 0x0, 0xa, 0xf1, 0x0, 0x0,
    0x0, 0xaf, 0x10, 0x0, 0x0, 0xa, 0xf1, 0x0,
    0x0, 0x0, 0xaf, 0x29, 0xef, 0xc5, 0xa, 0xfe,
    0xea, 0xbf, 0xf4, 0xaf, 0xc1, 0x0, 0x6f, 0xaa,
    0xf4, 0x0, 0x0, 0xfc, 0xaf, 0x20, 0x0, 0xf,
    0xca, 0xf1, 0x0, 0x0, 0xfd, 0xaf, 0x10, 0x0,
    0xf, 0xda, 0xf1, 0x0, 0x0, 0xfd, 0xaf, 0x10,
    0x0, 0xf, 0xda, 0xf1, 0x0, 0x0, 0xfd, 0xaf,
    0x10, 0x0, 0xf, 0xd0, 0x0, 0x0, 0x0, 0x0,
    0x2, 0x80, 0x0, 0x82, 0x0, 0x1f, 0x84, 0x8f,
    0x10, 0x0, 0x4c, 0xfd, 0x40, 0x0,

    /* U+1E2C "Ḭ" */
    0x0, 0x2f, 0xb0, 0x0, 0x2, 0xfb, 0x0, 0x0,
    0x2f, 0xb0, 0x0, 0x2, 0xfb, 0x0, 0x0, 0x2f,
    0xb0, 0x0, 0x2, 0xfb, 0x0, 0x0, 0x2f, 0xb0,
    0x0, 0x2, 0xfb, 0x0, 0x0, 0x2f, 0xb0, 0x0,
    0x2, 0xfb, 0x0, 0x0, 0x2f, 0xb0, 0x0, 0x2,
    0xfb, 0x0, 0x0, 0x2f, 0xb0, 0x0, 0x2, 0xfb,
    0x0, 0x0, 0x2f, 0xb0, 0x0, 0x0, 0x0, 0x0,
    0x0, 0x0, 0x0, 0x11, 0xdf, 0xd9, 0xbd, 0x7e,
    0x59, 0xee, 0x50,

    /* U+1E2D "ḭ" */
    0x0, 0xa, 0xf1, 0x0, 0x0, 0xa, 0xf1, 0x0,
    0x0, 0x0, 0x10, 0x0, 0x0, 0x0, 0x0, 0x0,
    0x0, 0xa, 0xf1, 0x0, 0x0, 0xa, 0xf1, 0x0,
    0x0, 0xa, 0xf1, 0x0, 0x0, 0xa, 0xf1, 0x0,
    0x0, 0xa, 0xf1, 0x0, 0x0, 0xa, 0xf1, 0x0,
    0x0, 0xa, 0xf1, 0x0, 0x0, 0xa, 0xf1, 0x0,
    0x0, 0xa, 0xf1, 0x0, 0x0, 0xa, 0xf1, 0x0,
    0x0, 0xa, 0xf1, 0x0, 0x0, 0x0, 0x0, 0x0,
    0x0, 0x0, 0x0, 0x10, 0x8, 0xff, 0xb8, 0xf4,
    0x1f, 0x86, 0xcf, 0xa0,

    /* U+1E2E "Ḯ" */
    0x0, 0x4f, 0xd0, 0x0, 0xbf, 0x20, 0x1, 0xd5,
    0x0, 0x11, 0x0, 0x10, 0xfe, 0x5, 0xf7, 0xfe,
    0x5, 0xf7, 0x0, 0x0, 0x0, 0x2, 0xfb, 0x0,
    0x2, 0xfb, 0x0, 0x2, 0xfb, 0x0, 0x2, 0xfb,
    0x0, 0x2, 0xfb, 0x0, 0x2, 0xfb, 0x0, 0x2,
    0xfb, 0x0, 0x2, 0xfb, 0x0, 0x2, 0xfb, 0x0,
    0x2, 0xfb, 0x0, 0x2, 0xfb, 0x0, 0x2, 0xfb,
    0x0, 0x2, 0xfb, 0x0, 0x2, 0xfb, 0x0, 0x2,
    0xfb, 0x0,

    /* U+1E2F "ḯ" */
    0x0, 0x3d, 0xc0, 0x0, 0xaf, 0x40, 0x1, 0xf7,
    0x0, 0x0, 0x0, 0x0, 0xee, 0x4, 0xf8, 0xee,
    0x4, 0xf8, 0x11, 0x0, 0x10, 0x0, 0x0, 0x0,
    0x1, 0xfa, 0x0, 0x1, 0xfa, 0x0, 0x1, 0xfa,
    0x0, 0x1, 0xfa, 0x0, 0x1, 0xfa, 0x0, 0x1,
    0xfa, 0x0, 0x1, 0xfa, 0x0, 0x1, 0xfa, 0x0,
    0x1, 0xfa, 0x0, 0x1, 0xfa, 0x0, 0x1, 0xfa,
    0x0,

    /* U+1E30 "Ḱ" */
    0x0, 0x0, 0xa, 0xd5, 0x0, 0x0, 0x0, 0x0,
    0x2, 0xfb, 0x0, 0x0, 0x0, 0x0, 0x0, 0xae,
    0x10, 0x0, 0x0, 0x0, 0x0, 0x0, 0x0, 0x0,
    0x0, 0x0, 0x8f, 0x50, 0x0, 0x0, 0x1e, 0xf8,
    0x8, 0xf5, 0x0, 0x0, 0x1d, 0xf8, 0x0, 0x8f,
    0x50, 0x0, 0x1d, 0xf9, 0x0, 0x8, 0xf5, 0x0,
    0xc, 0xf9, 0x0, 0x0, 0x8f, 0x50, 0xc, 0xf9,
    0x0, 0x0, 0x8, 0xf5, 0xb, 0xf9, 0x0, 0x0,
    0x0, 0x8f, 0x6b, 0xff, 0x50, 0x0, 0x0, 0x8,
    0xfe, 0xfb, 0xfe, 0x10, 0x0, 0x0, 0x8f, 0xfa,
    0x8, 0xfb, 0x0, 0x0, 0x8, 0xfa, 0x0, 0xd,
    0xf7, 0x0, 0x0, 0x8f, 0x50, 0x0, 0x3f, 0xf2,
    0x0, 0x8, 0xf5, 0x0, 0x0, 0x8f, 0xd0, 0x0,
    0x8f, 0x50, 0x0, 0x0, 0xdf, 0x80, 0x8, 0xf5,
    0x0, 0x0, 0x3, 0xff, 0x40, 0x8f, 0x50, 0x0,
    0x0, 0x8, 0xfe, 0x10,

    /* U+1E31 "ḱ" */
    0x0, 0x4d, 0xb0, 0x0, 0x0, 0xb, 0xf2, 0x0,
    0x0, 0x3, 0xf6, 0x0, 0x0, 0x0, 0x0, 0x0,
    0x0, 0x0, 0xbf, 0x10, 0x0, 0x0, 0xb, 0xf1,
    0x0, 0x0, 0x0, 0xbf, 0x10, 0x0, 0x0, 0xb,
    0xf1, 0x0, 0x0, 0x0, 0xbf, 0x10, 0x4, 0xfe,
    0x2b, 0xf1, 0x3, 0xfe, 0x20, 0xbf, 0x12, 0xee,
    0x20, 0xb, 0xf3, 0xee, 0x30, 0x0, 0xbf, 0xef,
    0xd0, 0x0, 0xb, 0xff, 0xbf, 0x70, 0x0, 0xbf,
    0x41, 0xef, 0x20, 0xb, 0xf1, 0x6, 0xfb, 0x0,
    0xbf, 0x10, 0xc, 0xf5, 0xb, 0xf1, 0x0, 0x2f,
    0xe1, 0xbf, 0x10, 0x0, 0x8f, 0x90,

    /* U+1E32 "Ḳ" */
    0x8f, 0x50, 0x0, 0x0, 0x1e, 0xf8, 0x8, 0xf5,
    0x0, 0x0, 0x1d, 0xf8, 0x0, 0x8f, 0x50, 0x0,
    0x1d, 0xf9, 0x0, 0x8, 0xf5, 0x0, 0xc, 0xf9,
    0x0, 0x0, 0x8f, 0x50, 0xc, 0xf9, 0x0, 0x0,
    0x8, 0xf5, 0xb, 0xf9, 0x0, 0x0, 0x0, 0x8f,
    0x6b, 0xff, 0x50, 0x0, 0x0, 0x8, 0xfe, 0xfb,
    0xfe, 0x10, 0x0, 0x0, 0x8f, 0xfa, 0x8, 0xfb,
    0x0, 0x0, 0x8, 0xfa, 0x0, 0xd, 0xf7, 0x0,
    0x0, 0x8f, 0x50, 0x0, 0x3f, 0xf2, 0x0, 0x8,
    0xf5, 0x0, 0x0, 0x8f, 0xd0, 0x0, 0x8f, 0x50,
    0x0, 0x0, 0xdf, 0x80, 0x8, 0xf5, 0x0, 0x0,
    0x3, 0xff, 0x40, 0x8f, 0x50, 0x0, 0x0, 0x8,
    0xfe, 0x10, 0x0, 0x0, 0x0, 0x0, 0x0, 0x0,
    0x0, 0x0, 0x1, 0x0, 0x0, 0x0, 0x0, 0x0,
    0x6, 0xf6, 0x0, 0x0, 0x0, 0x0, 0x0, 0x6f,
    0x60, 0x0, 0x0, 0x0,

    /* U+1E33 "ḳ" */
    0xbf, 0x10, 0x0, 0x0, 0xb, 0xf1, 0x0, 0x0,
    0x0, 0xbf, 0x10, 0x0, 0x0, 0xb, 0xf1, 0x0,
    0x0, 0x0, 0xbf, 0x10, 0x4, 0xfe, 0x2b, 0xf1,
    0x3, 0xfe, 0x20, 0xbf, 0x12, 0xee, 0x20, 0xb,
    0xf3, 0xee, 0x30, 0x0, 0xbf, 0xef, 0xd0, 0x0,
    0xb, 0xff, 0xbf, 0x70, 0x0, 0xbf, 0x41, 0xef,
    0x20, 0xb, 0xf1, 0x6, 0xfb, 0x0, 0xbf, 0x10,
    0xc, 0xf5, 0xb, 0xf1, 0x0, 0x2f, 0xe1, 0xbf,
    0x10, 0x0, 0x8f, 0x90, 0x0, 0x0, 0x0, 0x0,
    0x0, 0x1, 0x10, 0x0, 0x0, 0x0, 0xdf, 0x0,
    0x0, 0x0, 0xd, 0xf0, 0x0, 0x0,

    /* U+1E34 "Ḵ" */
    0x8f, 0x50, 0x0, 0x0, 0x1e, 0xf8, 0x8, 0xf5,
    0x0, 0x0, 0x1d, 0xf8, 0x0, 0x8f, 0x50, 0x0,
    0x1d, 0xf9, 0x0, 0x8, 0xf5, 0x0, 0xc, 0xf9,
    0x0, 0x0, 0x8f, 0x50, 0xc, 0xf9, 0x0, 0x0,
    0x8, 0xf5, 0xb, 0xf9, 0x0, 0x0, 0x0, 0x8f,
    0x6b, 0xff, 0x50, 0x0, 0x0, 0x8, 0xfe, 0xfb,
    0xfe, 0x10, 0x0, 0x0, 0x8f, 0xfa, 0x8, 0xfb,
    0x0, 0x0, 0x8, 0xfa, 0x0, 0xd, 0xf7, 0x0,
    0x0, 0x8f, 0x50, 0x0, 0x3f, 0xf2, 0x0, 0x8,
    0xf5, 0x0, 0x0, 0x8f, 0xd0, 0x0, 0x8f, 0x50,
    0x0, 0x0, 0xdf, 0x80, 0x8, 0xf5, 0x0, 0x0,
    0x3, 0xff, 0x40, 0x8f, 0x50, 0x0, 0x0, 0x8,
    0xfe, 0x10, 0x0, 0x0, 0x0, 0x0, 0x0, 0x0,
    0x0, 0x0, 0x0, 0x0, 0x0, 0x0, 0x0, 0x1,
    0x88, 0x88, 0x87, 0x0, 0x0, 0x0, 0x3f, 0xff,
    0xff, 0xd0, 0x0, 0x0,

    /* U+1E35 "ḵ" */
    0xbf, 0x10, 0x0, 0x0, 0xb, 0xf1, 0x0, 0x0,
    0x0, 0xbf, 0x10, 0x0, 0x0, 0xb, 0xf1, 0x0,
    0x0, 0x0, 0xbf, 0x10, 0x4, 0xfe, 0x2b, 0xf1,
    0x3, 0xfe, 0x20, 0xbf, 0x12, 0xee, 0x20, 0xb,
    0xf3, 0xee, 0x30, 0x0, 0xbf, 0xef, 0xd0, 0x0,
    0xb, 0xff, 0xbf, 0x70, 0x0, 0xbf, 0x41, 0xef,
    0x20, 0xb, 0xf1, 0x6, 0xfb, 0x0, 0xbf, 0x10,
    0xc, 0xf5, 0xb, 0xf1, 0x0, 0x2f, 0xe1, 0xbf,
    0x10, 0x0, 0x8f, 0x90, 0x0, 0x0, 0x0, 0x0,
    0x0, 0x0, 0x0, 0x0, 0x0, 0x58, 0x88, 0x88,
    0x30, 0xa, 0xff, 0xff, 0xf7, 0x0,

    /* U+1E36 "Ḷ" */
    0x8f, 0x60, 0x0, 0x0, 0x0, 0x8f, 0x60, 0x0,
    0x0, 0x0, 0x8f, 0x60, 0x0, 0x0, 0x0, 0x8f,
    0x60, 0x0, 0x0, 0x0, 0x8f, 0x60, 0x0, 0x0,
    0x0, 0x8f, 0x60, 0x0, 0x0, 0x0, 0x8f, 0x60,
    0x0, 0x0, 0x0, 0x8f, 0x60, 0x0, 0x0, 0x0,
    0x8f, 0x60, 0x0, 0x0, 0x0, 0x8f, 0x60, 0x0,
    0x0, 0x0, 0x8f, 0x60, 0x0, 0x0, 0x0, 0x8f,
    0x60, 0x0, 0x0, 0x0, 0x8f, 0x60, 0x0, 0x0,
    0x0, 0x8f, 0xdc, 0xcc, 0xcc, 0xc5, 0x8f, 0xff,
    0xff, 0xff, 0xf7, 0x0, 0x0, 0x0, 0x0, 0x0,
    0x0, 0x0, 0x10, 0x0, 0x0, 0x0, 0x0, 0xfc,
    0x0, 0x0, 0x0, 0x0, 0xfc, 0x0, 0x0,

    /* U+1E37 "ḷ" */
    0xaf, 0x1a, 0xf1, 0xaf, 0x1a, 0xf1, 0xaf, 0x1a,
    0xf1, 0xaf, 0x1a, 0xf1, 0xaf, 0x1a, 0xf1, 0xaf,
    0x1a, 0xf1, 0xaf, 0x1a, 0xf1, 0xaf, 0x10, 0x0,
    0x1, 0xa, 0xf2, 0xaf, 0x20,

    /* U+1E38 "Ḹ" */
    0x1, 0x88, 0x88, 0x86, 0x0, 0x3, 0xff, 0xff,
    0xfd, 0x0, 0x0, 0x0, 0x0, 0x0, 0x0, 0x0,
    0x0, 0x0, 0x0, 0x0, 0x8f, 0x60, 0x0, 0x0,
    0x0, 0x8f, 0x60, 0x0, 0x0, 0x0, 0x8f, 0x60,
    0x0, 0x0, 0x0, 0x8f, 0x60, 0x0, 0x0, 0x0,
    0x8f, 0x60, 0x0, 0x0, 0x0, 0x8f, 0x60, 0x0,
    0x0, 0x0, 0x8f, 0x60, 0x0, 0x0, 0x0, 0x8f,
    0x60, 0x0, 0x0, 0x0, 0x8f, 0x60, 0x0, 0x0,
    0x0, 0x8f, 0x60, 0x0, 0x0, 0x0, 0x8f, 0x60,
    0x0, 0x0, 0x0, 0x8f, 0x60, 0x0, 0x0, 0x0,
    0x8f, 0x60, 0x0, 0x0, 0x0, 0x8f, 0xdc, 0xcc,
    0xcc, 0xc5, 0x8f, 0xff, 0xff, 0xff, 0xf7, 0x0,
    0x0, 0x0, 0x0, 0x0, 0x0, 0x0, 0x10, 0x0,
    0x0, 0x0, 0x0, 0xfc, 0x0, 0x0, 0x0, 0x0,
    0xfc, 0x0, 0x0,

    /* U+1E39 "ḹ" */
    0x68, 0x88, 0x88, 0x2d, 0xff, 0xff, 0xf4, 0x0,
    0x0, 0x0, 0x0, 0x0, 0x0, 0x0, 0x0, 0xaf,
    0x10, 0x0, 0xa, 0xf1, 0x0, 0x0, 0xaf, 0x10,
    0x0, 0xa, 0xf1, 0x0, 0x0, 0xaf, 0x10, 0x0,
    0xa, 0xf1, 0x0, 0x0, 0xaf, 0x10, 0x0, 0xa,
    0xf1, 0x0, 0x0, 0xaf, 0x10, 0x0, 0xa, 0xf1,
    0x0, 0x0, 0xaf, 0x10, 0x0, 0xa, 0xf1, 0x0,
    0x0, 0xaf, 0x10, 0x0, 0xa, 0xf1, 0x0, 0x0,
    0xaf, 0x10, 0x0, 0x0, 0x0, 0x0, 0x0, 0x1,
    0x0, 0x0, 0xa, 0xf2, 0x0, 0x0, 0xaf, 0x20,
    0x0,

    /* U+1E3A "Ḻ" */
    0x8f, 0x60, 0x0, 0x0, 0x0, 0x8f, 0x60, 0x0,
    0x0, 0x0, 0x8f, 0x60, 0x0, 0x0, 0x0, 0x8f,
    0x60, 0x0, 0x0, 0x0, 0x8f, 0x60, 0x0, 0x0,
    0x0, 0x8f, 0x60, 0x0, 0x0, 0x0, 0x8f, 0x60,
    0x0, 0x0, 0x0, 0x8f, 0x60, 0x0, 0x0, 0x0,
    0x8f, 0x60, 0x0, 0x0, 0x0, 0x8f, 0x60, 0x0,
    0x0, 0x0, 0x8f, 0x60, 0x0, 0x0, 0x0, 0x8f,
    0x60, 0x0, 0x0, 0x0, 0x8f, 0x60, 0x0, 0x0,
    0x0, 0x8f, 0xdc, 0xcc, 0xcc, 0xc5, 0x8f, 0xff,
    0xff, 0xff, 0xf7, 0x0, 0x0, 0x0, 0x0, 0x0,
    0x0, 0x0, 0x0, 0x0, 0x0, 0x1, 0x88, 0x88,
    0x87, 0x0, 0x2, 0xff, 0xff, 0xff, 0x0,

    /* U+1E3B "ḻ" */
    0x0, 0xaf, 0x10, 0x0, 0xa, 0xf1, 0x0, 0x0,
    0xaf, 0x10, 0x0, 0xa, 0xf1, 0x0, 0x0, 0xaf,
    0x10, 0x0, 0xa, 0xf1, 0x0, 0x0, 0xaf, 0x10,
    0x0, 0xa, 0xf1, 0x0, 0x0, 0xaf, 0x10, 0x0,
    0xa, 0xf1, 0x0, 0x0, 0xaf, 0x10, 0x0, 0xa,
    0xf1, 0x0, 0x0, 0xaf, 0x10, 0x0, 0xa, 0xf1,
    0x0, 0x0, 0xaf, 0x10, 0x0, 0x0, 0x0, 0x0,
    0x0, 0x0, 0x0, 0x6, 0x88, 0x88, 0x82, 0xdf,
    0xff, 0xff, 0x40,

    /* U+1E3C "Ḽ" */
    0x8f, 0x60, 0x0, 0x0, 0x0, 0x8f, 0x60, 0x0,
    0x0, 0x0, 0x8f, 0x60, 0x0, 0x0, 0x0, 0x8f,
    0x60, 0x0, 0x0, 0x0, 0x8f, 0x60, 0x0, 0x0,
    0x0, 0x8f, 0x60, 0x0, 0x0, 0x0, 0x8f, 0x60,
    0x0, 0x0, 0x0, 0x8f, 0x60, 0x0, 0x0, 0x0,
    0x8f, 0x60, 0x0, 0x0, 0x0, 0x8f, 0x60, 0x0,
    0x0, 0x0, 0x8f, 0x60, 0x0, 0x0, 0x0, 0x8f,
    0x60, 0x0, 0x0, 0x0, 0x8f, 0x60, 0x0, 0x0,
    0x0, 0x8f, 0xdc, 0xcc, 0xcc, 0xc5, 0x8f, 0xff,
    0xff, 0xff, 0xf7, 0x0, 0x0, 0x0, 0x0, 0x0,
    0x0, 0x1, 0x99, 0x10, 0x0, 0x0, 0xc, 0xed,
    0xc0, 0x0, 0x0, 0xaf, 0x43, 0xfa, 0x0,

    /* U+1E3D "ḽ" */
    0x0, 0xaf, 0x10, 0x0, 0xa, 0xf1, 0x0, 0x0,
    0xaf, 0x10, 0x0, 0xa, 0xf1, 0x0, 0x0, 0xaf,
    0x10, 0x0, 0xa, 0xf1, 0x0, 0x0, 0xaf, 0x10,
    0x0, 0xa, 0xf1, 0x0, 0x0, 0xaf, 0x10, 0x0,
    0xa, 0xf1, 0x0, 0x0, 0xaf, 0x10, 0x0, 0xa,
    0xf1, 0x0, 0x0, 0xaf, 0x10, 0x0, 0xa, 0xf1,
    0x0, 0x0, 0xaf, 0x10, 0x0, 0x0, 0x0, 0x0,
    0x0, 0x89, 0x40, 0x0, 0x8f, 0xcf, 0x20, 0x5f,
    0x90, 0xee, 0x10,

    /* U+1E3E "Ḿ" */
    0x0, 0x0, 0x0, 0x7, 0xd8, 0x0, 0x0, 0x0,
    0x0, 0x0, 0x0, 0xee, 0x10, 0x0, 0x0, 0x0,
    0x0, 0x0, 0x6f, 0x30, 0x0, 0x0, 0x0, 0x0,
    0x0, 0x0, 0x0, 0x0, 0x0, 0x0, 0x7f, 0xf8,
    0x0, 0x0, 0x0, 0x8, 0xff, 0x27, 0xff, 0xd0,
    0x0, 0x0, 0x0, 0xdf, 0xf2, 0x7f, 0xdf, 0x20,
    0x0, 0x0, 0x3f, 0xef, 0x27, 0xf8, 0xf7, 0x0,
    0x0, 0x8, 0xea, 0xf2, 0x7f, 0x5e, 0xc0, 0x0,
    0x0, 0xda, 0xaf, 0x27, 0xf5, 0x9f, 0x10, 0x0,
    0x2f, 0x4a, 0xf2, 0x7f, 0x54, 0xf6, 0x0, 0x8,
    0xf0, 0xaf, 0x27, 0xf5, 0xe, 0xc0, 0x0, 0xda,
    0xa, 0xf2, 0x7f, 0x50, 0x9f, 0x10, 0x2f, 0x50,
    0xaf, 0x27, 0xf5, 0x4, 0xf6, 0x7, 0xf0, 0xa,
    0xf2, 0x7f, 0x50, 0xf, 0xb0, 0xda, 0x0, 0xaf,
    0x27, 0xf5, 0x0, 0xaf, 0x2f, 0x50, 0xa, 0xf2,
    0x7f, 0x50, 0x5, 0xfc, 0xf0, 0x0, 0xaf, 0x27,
    0xf5, 0x0, 0xf, 0xfa, 0x0, 0xa, 0xf2, 0x7f,
    0x50, 0x0, 0xaf, 0x50, 0x0, 0xaf, 0x20,

    /* U+1E3F "ḿ" */
    0x0, 0x0, 0x0, 0x3, 0xfd, 0x0, 0x0, 0x0,
    0x0, 0x0, 0x0, 0xbf, 0x30, 0x0, 0x0, 0x0,
    0x0, 0x0, 0x1d, 0x60, 0x0, 0x0, 0x0, 0x0,
    0x0, 0x0, 0x0, 0x0, 0x0, 0x0, 0xbe, 0x2b,
    0xff, 0xb2, 0x19, 0xef, 0xb2, 0xb, 0xfe, 0xa6,
    0x9f, 0xdd, 0xb6, 0x7f, 0xd0, 0xbf, 0x90, 0x0,
    0xbf, 0xb0, 0x0, 0x9f, 0x3b, 0xf3, 0x0, 0x9,
    0xf5, 0x0, 0x6, 0xf5, 0xbf, 0x10, 0x0, 0x8f,
    0x30, 0x0, 0x6f, 0x6b, 0xf1, 0x0, 0x8, 0xf3,
    0x0, 0x6, 0xf6, 0xbf, 0x10, 0x0, 0x8f, 0x30,
    0x0, 0x6f, 0x6b, 0xf1, 0x0, 0x8, 0xf3, 0x0,
    0x6, 0xf6, 0xbf, 0x10, 0x0, 0x8f, 0x30, 0x0,
    0x6f, 0x6b, 0xf1, 0x0, 0x8, 0xf3, 0x0, 0x6,
    0xf6, 0xbf, 0x10, 0x0, 0x8f, 0x30, 0x0, 0x6f,
    0x60,

    /* U+1E40 "Ṁ" */
    0x0, 0x0, 0x0, 0x1, 0x0, 0x0, 0x0, 0x0,
    0x0, 0x0, 0x8, 0xf4, 0x0, 0x0, 0x0, 0x0,
    0x0, 0x0, 0x8f, 0x40, 0x0, 0x0, 0x0, 0x0,
    0x0, 0x0, 0x0, 0x0, 0x0, 0x0, 0x7f, 0xf8,
    0x0, 0x0, 0x0, 0x8, 0xff, 0x27, 0xff, 0xd0,
    0x0, 0x0, 0x0, 0xdf, 0xf2, 0x7f, 0xdf, 0x20,
    0x0, 0x0, 0x3f, 0xef, 0x27, 0xf8, 0xf7, 0x0,
    0x0, 0x8, 0xea, 0xf2, 0x7f, 0x5e, 0xc0, 0x0,
    0x0, 0xda, 0xaf, 0x27, 0xf5, 0x9f, 0x10, 0x0,
    0x2f, 0x4a, 0xf2, 0x7f, 0x54, 0xf6, 0x0, 0x8,
    0xf0, 0xaf, 0x27, 0xf5, 0xe, 0xc0, 0x0, 0xda,
    0xa, 0xf2, 0x7f, 0x50, 0x9f, 0x10, 0x2f, 0x50,
    0xaf, 0x27, 0xf5, 0x4, 0xf6, 0x7, 0xf0, 0xa,
    0xf2, 0x7f, 0x50, 0xf, 0xb0, 0xda, 0x0, 0xaf,
    0x27, 0xf5, 0x0, 0xaf, 0x2f, 0x50, 0xa, 0xf2,
    0x7f, 0x50, 0x5, 0xfc, 0xf0, 0x0, 0xaf, 0x27,
    0xf5, 0x0, 0xf, 0xfa, 0x0, 0xa, 0xf2, 0x7f,
    0x50, 0x0, 0xaf, 0x50, 0x0, 0xaf, 0x20,

    /* U+1E41 "ṁ" */
    0x0, 0x0, 0x0, 0x6f, 0x60, 0x0, 0x0, 0x0,
    0x0, 0x0, 0x6, 0xf6, 0x0, 0x0, 0x0, 0x0,
    0x0, 0x0, 0x1, 0x0, 0x0, 0x0, 0x0, 0x0,
    0x0, 0x0, 0x0, 0x0, 0x0, 0x0, 0xbe, 0x2b,
    0xff, 0xb2, 0x19, 0xef, 0xb2, 0xb, 0xfe, 0xa6,
    0x9f, 0xdd, 0xb6, 0x7f, 0xd0, 0xbf, 0x90, 0x0,
    0xbf, 0xb0, 0x0, 0x9f, 0x3b, 0xf3, 0x0, 0x9,
    0xf5, 0x0, 0x6, 0xf5, 0xbf, 0x10, 0x0, 0x8f,
    0x30, 0x0, 0x6f, 0x6b, 0xf1, 0x0, 0x8, 0xf3,
    0x0, 0x6, 0xf6, 0xbf, 0x10, 0x0, 0x8f, 0x30,
    0x0, 0x6f, 0x6b, 0xf1, 0x0, 0x8, 0xf3, 0x0,
    0x6, 0xf6, 0xbf, 0x10, 0x0, 0x8f, 0x30, 0x0,
    0x6f, 0x6b, 0xf1, 0x0, 0x8, 0xf3, 0x0, 0x6,
    0xf6, 0xbf, 0x10, 0x0, 0x8f, 0x30, 0x0, 0x6f,
    0x60,

    /* U+1E42 "Ṃ" */
    0x7f, 0xf8, 0x0, 0x0, 0x0, 0x8, 0xff, 0x27,
    0xff, 0xd0, 0x0, 0x0, 0x0, 0xdf, 0xf2, 0x7f,
    0xdf, 0x20, 0x0, 0x0, 0x3f, 0xef, 0x27, 0xf8,
    0xf7, 0x0, 0x0, 0x8, 0xea, 0xf2, 0x7f, 0x5e,
    0xc0, 0x0, 0x0, 0xda, 0xaf, 0x27, 0xf5, 0x9f,
    0x10, 0x0, 0x2f, 0x4a, 0xf2, 0x7f, 0x54, 0xf6,
    0x0, 0x8, 0xf0, 0xaf, 0x27, 0xf5, 0xe, 0xc0,
    0x0, 0xda, 0xa, 0xf2, 0x7f, 0x50, 0x9f, 0x10,
    0x2f, 0x50, 0xaf, 0x27, 0xf5, 0x4, 0xf6, 0x7,
    0xf0, 0xa, 0xf2, 0x7f, 0x50, 0xf, 0xb0, 0xda,
    0x0, 0xaf, 0x27, 0xf5, 0x0, 0xaf, 0x2f, 0x50,
    0xa, 0xf2, 0x7f, 0x50, 0x5, 0xfc, 0xf0, 0x0,
    0xaf, 0x27, 0xf5, 0x0, 0xf, 0xfa, 0x0, 0xa,
    0xf2, 0x7f, 0x50, 0x0, 0xaf, 0x50, 0x0, 0xaf,
    0x20, 0x0, 0x0, 0x0, 0x0, 0x0, 0x0, 0x0,
    0x0, 0x0, 0x0, 0x1, 0x0, 0x0, 0x0, 0x0,
    0x0, 0x0, 0x6, 0xf6, 0x0, 0x0, 0x0, 0x0,
    0x0, 0x0, 0x6f, 0x60, 0x0, 0x0, 0x0,

    /* U+1E43 "ṃ" */
    0xbe, 0x2b, 0xff, 0xb2, 0x19, 0xef, 0xb2, 0xb,
    0xfe, 0xa6, 0x9f, 0xdd, 0xb6, 0x7f, 0xd0, 0xbf,
    0x90, 0x0, 0xbf, 0xb0, 0x0, 0x9f, 0x3b, 0xf3,
    0x0, 0x9, 0xf5, 0x0, 0x6, 0xf5, 0xbf, 0x10,
    0x0, 0x8f, 0x30, 0x0, 0x6f, 0x6b, 0xf1, 0x0,
    0x8, 0xf3, 0x0, 0x6, 0xf6, 0xbf, 0x10, 0x0,
    0x8f, 0x30, 0x0, 0x6f, 0x6b, 0xf1, 0x0, 0x8,
    0xf3, 0x0, 0x6, 0xf6, 0xbf, 0x10, 0x0, 0x8f,
    0x30, 0x0, 0x6f, 0x6b, 0xf1, 0x0, 0x8, 0xf3,
    0x0, 0x6, 0xf6, 0xbf, 0x10, 0x0, 0x8f, 0x30,
    0x0, 0x6f, 0x60, 0x0, 0x0, 0x0, 0x0, 0x0,
    0x0, 0x0, 0x0, 0x0, 0x0, 0x1, 0x0, 0x0,
    0x0, 0x0, 0x0, 0x0, 0x6, 0xf6, 0x0, 0x0,
    0x0, 0x0, 0x0, 0x0, 0x6f, 0x60, 0x0, 0x0,
    0x0,

    /* U+1E44 "Ṅ" */
    0x0, 0x0, 0x0, 0x10, 0x0, 0x0, 0x0, 0x0,
    0x8, 0xf4, 0x0, 0x0, 0x0, 0x0, 0x8, 0xf4,
    0x0, 0x0, 0x0, 0x0, 0x0, 0x0, 0x0, 0x0,
    0x6f, 0xd0, 0x0, 0x0, 0x0, 0xfd, 0x6f, 0xf7,
    0x0, 0x0, 0x0, 0xfd, 0x6f, 0xff, 0x20, 0x0,
    0x0, 0xfd, 0x6f, 0xcf, 0xb0, 0x0, 0x0, 0xfd,
    0x6f, 0x6c, 0xf5, 0x0, 0x0, 0xfd, 0x6f, 0x62,
    0xfe, 0x10, 0x0, 0xfd, 0x6f, 0x60, 0x7f, 0xa0,
    0x0, 0xfd, 0x6f, 0x60, 0xd, 0xf4, 0x0, 0xfd,
    0x6f, 0x60, 0x3, 0xfd, 0x0, 0xfd, 0x6f, 0x60,
    0x0, 0x9f, 0x80, 0xfd, 0x6f, 0x60, 0x0, 0xe,
    0xf3, 0xfd, 0x6f, 0x60, 0x0, 0x5, 0xfc, 0xfd,
    0x6f, 0x60, 0x0, 0x0, 0xaf, 0xfd, 0x6f, 0x60,
    0x0, 0x0, 0x1f, 0xfd, 0x6f, 0x60, 0x0, 0x0,
    0x6, 0xfd,

    /* U+1E45 "ṅ" */
    0x0, 0x0, 0xdf, 0x0, 0x0, 0x0, 0xd, 0xf0,
    0x0, 0x0, 0x0, 0x11, 0x0, 0x0, 0x0, 0x0,
    0x0, 0x0, 0xaf, 0x1a, 0xef, 0xc5, 0xa, 0xfe,
    0xb6, 0x7e, 0xf4, 0xaf, 0xa0, 0x0, 0x4f, 0xaa,
    0xf4, 0x0, 0x0, 0xfc, 0xaf, 0x20, 0x0, 0xf,
    0xca, 0xf1, 0x0, 0x0, 0xfd, 0xaf, 0x10, 0x0,
    0xf, 0xda, 0xf1, 0x0, 0x0, 0xfd, 0xaf, 0x10,
    0x0, 0xf, 0xda, 0xf1, 0x0, 0x0, 0xfd, 0xaf,
    0x10, 0x0, 0xf, 0xd0,

    /* U+1E46 "Ṇ" */
    0x6f, 0xd0, 0x0, 0x0, 0x0, 0xfd, 0x6f, 0xf7,
    0x0, 0x0, 0x0, 0xfd, 0x6f, 0xff, 0x20, 0x0,
    0x0, 0xfd, 0x6f, 0xcf, 0xb0, 0x0, 0x0, 0xfd,
    0x6f, 0x6c, 0xf5, 0x0, 0x0, 0xfd, 0x6f, 0x62,
    0xfe, 0x10, 0x0, 0xfd, 0x6f, 0x60, 0x7f, 0xa0,
    0x0, 0xfd, 0x6f, 0x60, 0xd, 0xf4, 0x0, 0xfd,
    0x6f, 0x60, 0x3, 0xfd, 0x0, 0xfd, 0x6f, 0x60,
    0x0, 0x9f, 0x80, 0xfd, 0x6f, 0x60, 0x0, 0xe,
    0xf3, 0xfd, 0x6f, 0x60, 0x0, 0x5, 0xfc, 0xfd,
    0x6f, 0x60, 0x0, 0x0, 0xaf, 0xfd, 0x6f, 0x60,
    0x0, 0x0, 0x1f, 0xfd, 0x6f, 0x60, 0x0, 0x0,
    0x6, 0xfd, 0x0, 0x0, 0x0, 0x0, 0x0, 0x0,
    0x0, 0x0, 0x0, 0x10, 0x0, 0x0, 0x0, 0x0,
    0x8, 0xf4, 0x0, 0x0, 0x0, 0x0, 0x8, 0xf4,
    0x0, 0x0,

    /* U+1E47 "ṇ" */
    0xaf, 0x1a, 0xef, 0xc5, 0xa, 0xfe, 0xb6, 0x7e,
    0xf4, 0xaf, 0xa0, 0x0, 0x4f, 0xaa, 0xf4, 0x0,
    0x0, 0xfc, 0xaf, 0x20, 0x0, 0xf, 0xca, 0xf1,
    0x0, 0x0, 0xfd, 0xaf, 0x10, 0x0, 0xf, 0xda,
    0xf1, 0x0, 0x0, 0xfd, 0xaf, 0x10, 0x0, 0xf,
    0xda, 0xf1, 0x0, 0x0, 0xfd, 0xaf, 0x10, 0x0,
    0xf, 0xd0, 0x0, 0x0, 0x0, 0x0, 0x0, 0x0,
    0x10, 0x0, 0x0, 0x0, 0x1f, 0xb0, 0x0, 0x0,
    0x1, 0xfb, 0x0, 0x0,

    /* U+1E48 "Ṉ" */
    0x6f, 0xd0, 0x0, 0x0, 0x0, 0xfd, 0x6f, 0xf7,
    0x0, 0x0, 0x0, 0xfd, 0x6f, 0xff, 0x20, 0x0,
    0x0, 0xfd, 0x6f, 0xcf, 0xb0, 0x0, 0x0, 0xfd,
    0x6f, 0x6c, 0xf5, 0x0, 0x0, 0xfd, 0x6f, 0x62,
    0xfe, 0x10, 0x0, 0xfd, 0x6f, 0x60, 0x7f, 0xa0,
    0x0, 0xfd, 0x6f, 0x60, 0xd, 0xf4, 0x0, 0xfd,
    0x6f, 0x60, 0x3, 0xfd, 0x0, 0xfd, 0x6f, 0x60,
    0x0, 0x9f, 0x80, 0xfd, 0x6f, 0x60, 0x0, 0xe,
    0xf3, 0xfd, 0x6f, 0x60, 0x0, 0x5, 0xfc, 0xfd,
    0x6f, 0x60, 0x0, 0x0, 0xaf, 0xfd, 0x6f, 0x60,
    0x0, 0x0, 0x1f, 0xfd, 0x6f, 0x60, 0x0, 0x0,
    0x6, 0xfd, 0x0, 0x0, 0x0, 0x0, 0x0, 0x0,
    0x0, 0x0, 0x0, 0x0, 0x0, 0x0, 0x0, 0x6,
    0x88, 0x88, 0x82, 0x0, 0x0, 0xd, 0xff, 0xff,
    0xf4, 0x0,

    /* U+1E49 "ṉ" */
    0xaf, 0x1a, 0xef, 0xc5, 0xa, 0xfe, 0xb6, 0x7e,
    0xf4, 0xaf, 0xa0, 0x0, 0x4f, 0xaa, 0xf4, 0x0,
    0x0, 0xfc, 0xaf, 0x20, 0x0, 0xf, 0xca, 0xf1,
    0x0, 0x0, 0xfd, 0xaf, 0x10, 0x0, 0xf, 0xda,
    0xf1, 0x0, 0x0, 0xfd, 0xaf, 0x10, 0x0, 0xf,
    0xda, 0xf1, 0x0, 0x0, 0xfd, 0xaf, 0x10, 0x0,
    0xf, 0xd0, 0x0, 0x0, 0x0, 0x0, 0x0, 0x0,
    0x0, 0x0, 0x0, 0x38, 0x88, 0x88, 0x50, 0x6,
    0xff, 0xff, 0xfb, 0x0,

    /* U+1E4A "Ṋ" */
    0x6f, 0xd0, 0x0, 0x0, 0x0, 0xfd, 0x6f, 0xf7,
    0x0, 0x0, 0x0, 0xfd, 0x6f, 0xff, 0x20, 0x0,
    0x0, 0xfd, 0x6f, 0xcf, 0xb0, 0x0, 0x0, 0xfd,
    0x6f, 0x6c, 0xf5, 0x0, 0x0, 0xfd, 0x6f, 0x62,
    0xfe, 0x10, 0x0, 0xfd, 0x6f, 0x60, 0x7f, 0xa0,
    0x0, 0xfd, 0x6f, 0x60, 0xd, 0xf4, 0x0, 0xfd,
    0x6f, 0x60, 0x3, 0xfd, 0x0, 0xfd, 0x6f, 0x60,
    0x0, 0x9f, 0x80, 0xfd, 0x6f, 0x60, 0x0, 0xe,
    0xf3, 0xfd, 0x6f, 0x60, 0x0, 0x5, 0xfc, 0xfd,
    0x6f, 0x60, 0x0, 0x0, 0xaf, 0xfd, 0x6f, 0x60,
    0x0, 0x0, 0x1f, 0xfd, 0x6f, 0x60, 0x0, 0x0,
    0x6, 0xfd, 0x0, 0x0, 0x0, 0x0, 0x0, 0x0,
    0x0, 0x0, 0x6, 0x96, 0x0, 0x0, 0x0, 0x0,
    0x5f, 0xcf, 0x50, 0x0, 0x0, 0x3, 0xfc, 0xb,
    0xf3, 0x0,

    /* U+1E4B "ṋ" */
    0xaf, 0x1a, 0xef, 0xc5, 0xa, 0xfe, 0xb6, 0x7e,
    0xf4, 0xaf, 0xa0, 0x0, 0x4f, 0xaa, 0xf4, 0x0,
    0x0, 0xfc, 0xaf, 0x20, 0x0, 0xf, 0xca, 0xf1,
    0x0, 0x0, 0xfd, 0xaf, 0x10, 0x0, 0xf, 0xda,
    0xf1, 0x0, 0x0, 0xfd, 0xaf, 0x10, 0x0, 0xf,
    0xda, 0xf1, 0x0, 0x0, 0xfd, 0xaf, 0x10, 0x0,
    0xf, 0xd0, 0x0, 0x0, 0x0, 0x0, 0x0, 0x6,
    0x96, 0x0, 0x0, 0x4, 0xfc, 0xf6, 0x0, 0x2,
    0xfc, 0xa, 0xf4, 0x0,

    /* U+1E4C "Ṍ" */
    0x0, 0x0, 0x0, 0x4, 0xfd, 0x0, 0x0, 0x0,
    0x0, 0x0, 0x0, 0xbf, 0x20, 0x0, 0x0, 0x0,
    0x0, 0x0, 0x2d, 0x50, 0x10, 0x0, 0x0, 0x0,
    0x0, 0xbf, 0xc4, 0x6f, 0x0, 0x0, 0x0, 0x0,
    0x5f, 0x59, 0xff, 0x90, 0x0, 0x0, 0x0, 0x1,
    0x30, 0x2, 0x30, 0x0, 0x0, 0x0, 0x0, 0x0,
    0x0, 0x0, 0x0, 0x0, 0x0, 0x0, 0x3, 0x9d,
    0xfe, 0xc7, 0x0, 0x0, 0x0, 0x8, 0xff, 0xdb,
    0xcf, 0xfe, 0x20, 0x0, 0x7, 0xfe, 0x40, 0x0,
    0x8, 0xfe, 0x10, 0x2, 0xfe, 0x10, 0x0, 0x0,
    0x8, 0xfb, 0x0, 0x9f, 0x70, 0x0, 0x0, 0x0,
    0xe, 0xf2, 0xd, 0xf2, 0x0, 0x0, 0x0, 0x0,
    0x9f, 0x60, 0xff, 0x0, 0x0, 0x0, 0x0, 0x6,
    0xf8, 0xf, 0xe0, 0x0, 0x0, 0x0, 0x0, 0x5f,
    0x90, 0xff, 0x0, 0x0, 0x0, 0x0, 0x6, 0xf9,
    0xd, 0xf1, 0x0, 0x0, 0x0, 0x0, 0x9f, 0x60,
    0x9f, 0x70, 0x0, 0x0, 0x0, 0xe, 0xf2, 0x2,
    0xff, 0x20, 0x0, 0x0, 0x7, 0xfb, 0x0, 0x7,
    0xfe, 0x40, 0x0, 0x8, 0xfe, 0x20, 0x0, 0x7,
    0xff, 0xdb, 0xcf, 0xfe, 0x30, 0x0, 0x0, 0x3,
    0x9d, 0xff, 0xc7, 0x0, 0x0,

    /* U+1E4D "ṍ" */
    0x0, 0x0, 0x7, 0xfb, 0x0, 0x0, 0x0, 0x0,
    0xee, 0x10, 0x0, 0x0, 0x0, 0x4d, 0x30, 0x0,
    0x0, 0x0, 0x0, 0x0, 0x0, 0x0, 0x0, 0x1c,
    0xf9, 0x29, 0xc0, 0x0, 0x9, 0xd6, 0xcf, 0xf5,
    0x0, 0x0, 0x22, 0x0, 0x32, 0x0, 0x0, 0x0,
    0x0, 0x0, 0x0, 0x0, 0x0, 0x18, 0xef, 0xe9,
    0x10, 0x0, 0x1e, 0xfb, 0x8b, 0xfe, 0x20, 0xa,
    0xf6, 0x0, 0x5, 0xfc, 0x0, 0xfd, 0x0, 0x0,
    0xb, 0xf2, 0x3f, 0x90, 0x0, 0x0, 0x7f, 0x54,
    0xf8, 0x0, 0x0, 0x6, 0xf6, 0x3f, 0xa0, 0x0,
    0x0, 0x8f, 0x50, 0xfd, 0x0, 0x0, 0xc, 0xf2,
    0xb, 0xf7, 0x0, 0x4, 0xfc, 0x0, 0x1e, 0xfc,
    0x8a, 0xfe, 0x20, 0x0, 0x18, 0xdf, 0xe9, 0x10,
    0x0,

    /* U+1E4E "Ṏ" */
    0x0, 0x0, 0xf, 0xe0, 0x5f, 0x70, 0x0, 0x0,
    0x0, 0x0, 0xfe, 0x5, 0xf7, 0x0, 0x0, 0x0,
    0x0, 0x1, 0x10, 0x1, 0x10, 0x0, 0x0, 0x0,
    0x0, 0xbf, 0xc4, 0x6f, 0x0, 0x0, 0x0, 0x0,
    0x5f, 0x59, 0xff, 0x90, 0x0, 0x0, 0x0, 0x1,
    0x30, 0x2, 0x30, 0x0, 0x0, 0x0, 0x0, 0x0,
    0x0, 0x0, 0x0, 0x0, 0x0, 0x0, 0x3, 0x9d,
    0xfe, 0xc7, 0x0, 0x0, 0x0, 0x8, 0xff, 0xdb,
    0xcf, 0xfe, 0x20, 0x0, 0x7, 0xfe, 0x40, 0x0,
    0x8, 0xfe, 0x10, 0x2, 0xfe, 0x10, 0x0, 0x0,
    0x8, 0xfb, 0x0, 0x9f, 0x70, 0x0, 0x0, 0x0,
    0xe, 0xf2, 0xd, 0xf2, 0x0, 0x0, 0x0, 0x0,
    0x9f, 0x60, 0xff, 0x0, 0x0, 0x0, 0x0, 0x6,
    0xf8, 0xf, 0xe0, 0x0, 0x0, 0x0, 0x0, 0x5f,
    0x90, 0xff, 0x0, 0x0, 0x0, 0x0, 0x6, 0xf9,
    0xd, 0xf1, 0x0, 0x0, 0x0, 0x0, 0x9f, 0x60,
    0x9f, 0x70, 0x0, 0x0, 0x0, 0xe, 0xf2, 0x2,
    0xff, 0x20, 0x0, 0x0, 0x7, 0xfb, 0x0, 0x7,
    0xfe, 0x40, 0x0, 0x8, 0xfe, 0x20, 0x0, 0x7,
    0xff, 0xdb, 0xcf, 0xfe, 0x30, 0x0, 0x0, 0x3,
    0x9d, 0xff, 0xc7, 0x0, 0x0,

    /* U+1E4F "ṏ" */
    0x0, 0x1, 0x0, 0x1, 0x0, 0x0, 0x2, 0xfb,
    0x8, 0xf4, 0x0, 0x0, 0x2f, 0xb0, 0x8f, 0x40,
    0x0, 0x0, 0x0, 0x0, 0x0, 0x0, 0x0, 0x1c,
    0xf9, 0x29, 0xc0, 0x0, 0x9, 0xd6, 0xcf, 0xf5,
    0x0, 0x0, 0x22, 0x0, 0x32, 0x0, 0x0, 0x0,
    0x0, 0x0, 0x0, 0x0, 0x0, 0x18, 0xef, 0xe9,
    0x10, 0x0, 0x1e, 0xfb, 0x8b, 0xfe, 0x20, 0xa,
    0xf6, 0x0, 0x5, 0xfc, 0x0, 0xfd, 0x0, 0x0,
    0xb, 0xf2, 0x3f, 0x90, 0x0, 0x0, 0x7f, 0x54,
    0xf8, 0x0, 0x0, 0x6, 0xf6, 0x3f, 0xa0, 0x0,
    0x0, 0x8f, 0x50, 0xfd, 0x0, 0x0, 0xc, 0xf2,
    0xb, 0xf7, 0x0, 0x4, 0xfc, 0x0, 0x1e, 0xfc,
    0x8a, 0xfe, 0x20, 0x0, 0x18, 0xdf, 0xe9, 0x10,
    0x0,

    /* U+1E50 "Ṑ" */
    0x0, 0x0, 0x2, 0xef, 0x10, 0x0, 0x0, 0x0,
    0x0, 0x0, 0x4, 0xf8, 0x0, 0x0, 0x0, 0x0,
    0x0, 0x0, 0x8, 0xc0, 0x0, 0x0, 0x0, 0x0,
    0x0, 0x0, 0x0, 0x0, 0x0, 0x0, 0x0, 0x0,
    0x2f, 0xff, 0xff, 0xf0, 0x0, 0x0, 0x0, 0x1,
    0x88, 0x88, 0x87, 0x0, 0x0, 0x0, 0x0, 0x0,
    0x0, 0x0, 0x0, 0x0, 0x0, 0x0, 0x3, 0x9d,
    0xfe, 0xc7, 0x0, 0x0, 0x0, 0x8, 0xff, 0xdb,
    0xcf, 0xfe, 0x20, 0x0, 0x7, 0xfe, 0x40, 0x0,
    0x8, 0xfe, 0x10, 0x2, 0xfe, 0x10, 0x0, 0x0,
    0x8, 0xfb, 0x0, 0x9f, 0x70, 0x0, 0x0, 0x0,
    0xe, 0xf2, 0xd, 0xf2, 0x0, 0x0, 0x0, 0x0,
    0x9f, 0x60, 0xff, 0x0, 0x0, 0x0, 0x0, 0x6,
    0xf8, 0xf, 0xe0, 0x0, 0x0, 0x0, 0x0, 0x5f,
    0x90, 0xff, 0x0, 0x0, 0x0, 0x0, 0x6, 0xf9,
    0xd, 0xf1, 0x0, 0x0, 0x0, 0x0, 0x9f, 0x60,
    0x9f, 0x70, 0x0, 0x0, 0x0, 0xe, 0xf2, 0x2,
    0xff, 0x20, 0x0, 0x0, 0x7, 0xfb, 0x0, 0x7,
    0xfe, 0x40, 0x0, 0x8, 0xfe, 0x20, 0x0, 0x7,
    0xff, 0xdb, 0xcf, 0xfe, 0x30, 0x0, 0x0, 0x3,
    0x9d, 0xff, 0xc7, 0x0, 0x0,

    /* U+1E51 "ṑ" */
    0x0, 0x8, 0xd7, 0x0, 0x0, 0x0, 0x0, 0xd,
    0xf0, 0x0, 0x0, 0x0, 0x0, 0x3f, 0x70, 0x0,
    0x0, 0x0, 0x0, 0x0, 0x0, 0x0, 0x0, 0x9f,
    0xff, 0xff, 0x80, 0x0, 0x4, 0x88, 0x88, 0x84,
    0x0, 0x0, 0x0, 0x0, 0x0, 0x0, 0x0, 0x0,
    0x0, 0x0, 0x0, 0x0, 0x0, 0x18, 0xef, 0xe9,
    0x10, 0x0, 0x1e, 0xfb, 0x8b, 0xfe, 0x20, 0xa,
    0xf6, 0x0, 0x5, 0xfc, 0x0, 0xfd, 0x0, 0x0,
    0xb, 0xf2, 0x3f, 0x90, 0x0, 0x0, 0x7f, 0x54,
    0xf8, 0x0, 0x0, 0x6, 0xf6, 0x3f, 0xa0, 0x0,
    0x0, 0x8f, 0x50, 0xfd, 0x0, 0x0, 0xc, 0xf2,
    0xb, 0xf7, 0x0, 0x4, 0xfc, 0x0, 0x1e, 0xfc,
    0x8a, 0xfe, 0x20, 0x0, 0x18, 0xdf, 0xe9, 0x10,
    0x0,

    /* U+1E52 "Ṓ" */
    0x0, 0x0, 0x0, 0x4, 0xfd, 0x0, 0x0, 0x0,
    0x0, 0x0, 0x0, 0xbf, 0x20, 0x0, 0x0, 0x0,
    0x0, 0x0, 0x1d, 0x50, 0x0, 0x0, 0x0, 0x0,
    0x0, 0x0, 0x0, 0x0, 0x0, 0x0, 0x0, 0x0,
    0x2f, 0xff, 0xff, 0xf0, 0x0, 0x0, 0x0, 0x1,
    0x88, 0x88, 0x87, 0x0, 0x0, 0x0, 0x0, 0x0,
    0x0, 0x0, 0x0, 0x0, 0x0, 0x0, 0x3, 0x9d,
    0xfe, 0xc7, 0x0, 0x0, 0x0, 0x8, 0xff, 0xdb,
    0xcf, 0xfe, 0x20, 0x0, 0x7, 0xfe, 0x40, 0x0,
    0x8, 0xfe, 0x10, 0x2, 0xfe, 0x10, 0x0, 0x0,
    0x8, 0xfb, 0x0, 0x9f, 0x70, 0x0, 0x0, 0x0,
    0xe, 0xf2, 0xd, 0xf2, 0x0, 0x0, 0x0, 0x0,
    0x9f, 0x60, 0xff, 0x0, 0x0, 0x0, 0x0, 0x6,
    0xf8, 0xf, 0xe0, 0x0, 0x0, 0x0, 0x0, 0x5f,
    0x90, 0xff, 0x0, 0x0, 0x0, 0x0, 0x6, 0xf9,
    0xd, 0xf1, 0x0, 0x0, 0x0, 0x0, 0x9f, 0x60,
    0x9f, 0x70, 0x0, 0x0, 0x0, 0xe, 0xf2, 0x2,
    0xff, 0x20, 0x0, 0x0, 0x7, 0xfb, 0x0, 0x7,
    0xfe, 0x40, 0x0, 0x8, 0xfe, 0x20, 0x0, 0x7,
    0xff, 0xdb, 0xcf, 0xfe, 0x30, 0x0, 0x0, 0x3,
    0x9d, 0xff, 0xc7, 0x0, 0x0,

    /* U+1E53 "ṓ" */
    0x0, 0x0, 0x5, 0xda, 0x0, 0x0, 0x0, 0x0,
    0xde, 0x20, 0x0, 0x0, 0x0, 0x4f, 0x40, 0x0,
    0x0, 0x0, 0x0, 0x0, 0x0, 0x0, 0x0, 0x9f,
    0xff, 0xff, 0x80, 0x0, 0x4, 0x88, 0x88, 0x84,
    0x0, 0x0, 0x0, 0x0, 0x0, 0x0, 0x0, 0x0,
    0x0, 0x0, 0x0, 0x0, 0x0, 0x18, 0xef, 0xe9,
    0x10, 0x0, 0x1e, 0xfb, 0x8b, 0xfe, 0x20, 0xa,
    0xf6, 0x0, 0x5, 0xfc, 0x0, 0xfd, 0x0, 0x0,
    0xb, 0xf2, 0x3f, 0x90, 0x0, 0x0, 0x7f, 0x54,
    0xf8, 0x0, 0x0, 0x6, 0xf6, 0x3f, 0xa0, 0x0,
    0x0, 0x8f, 0x50, 0xfd, 0x0, 0x0, 0xc, 0xf2,
    0xb, 0xf7, 0x0, 0x4, 0xfc, 0x0, 0x1e, 0xfc,
    0x8a, 0xfe, 0x20, 0x0, 0x18, 0xdf, 0xe9, 0x10,
    0x0,

    /* U+1E54 "Ṕ" */
    0x0, 0x0, 0x7, 0xd8, 0x0, 0x0, 0x0, 0x0,
    0xe, 0xd1, 0x0, 0x0, 0x0, 0x0, 0x6f, 0x30,
    0x0, 0x0, 0x0, 0x0, 0x0, 0x0, 0x0, 0x0,
    0x7f, 0xff, 0xff, 0xfe, 0xc5, 0x0, 0x7f, 0xdc,
    0xcc, 0xcd, 0xff, 0x80, 0x7f, 0x70, 0x0, 0x0,
    0x4f, 0xf1, 0x7f, 0x70, 0x0, 0x0, 0xa, 0xf5,
    0x7f, 0x70, 0x0, 0x0, 0x8, 0xf7, 0x7f, 0x70,
    0x0, 0x0, 0xb, 0xf5, 0x7f, 0x70, 0x0, 0x0,
    0x6f, 0xf1, 0x7f, 0xdc, 0xcc, 0xce, 0xff, 0x50,
    0x7f, 0xff, 0xff, 0xfe, 0xa3, 0x0, 0x7f, 0x70,
    0x0, 0x0, 0x0, 0x0, 0x7f, 0x70, 0x0, 0x0,
    0x0, 0x0, 0x7f, 0x70, 0x0, 0x0, 0x0, 0x0,
    0x7f, 0x70, 0x0, 0x0, 0x0, 0x0, 0x7f, 0x70,
    0x0, 0x0, 0x0, 0x0, 0x7f, 0x70, 0x0, 0x0,
    0x0, 0x0,

    /* U+1E55 "ṕ" */
    0x0, 0x0, 0x7f, 0xb0, 0x0, 0x0, 0x0, 0xee,
    0x10, 0x0, 0x0, 0x4, 0xd3, 0x0, 0x0, 0x0,
    0x0, 0x0, 0x0, 0x0, 0xaf, 0x1a, 0xff, 0xb2,
    0x0, 0xaf, 0xdd, 0x78, 0xff, 0x20, 0xaf, 0xc0,
    0x0, 0x4f, 0xb0, 0xaf, 0x50, 0x0, 0xc, 0xf1,
    0xaf, 0x10, 0x0, 0x8, 0xf4, 0xaf, 0x0, 0x0,
    0x7, 0xf5, 0xaf, 0x0, 0x0, 0x8, 0xf4, 0xaf,
    0x30, 0x0, 0xc, 0xf1, 0xaf, 0xc0, 0x0, 0x4f,
    0xa0, 0xaf, 0xed, 0x8a, 0xfe, 0x10, 0xaf, 0x3b,
    0xfe, 0xa1, 0x0, 0xaf, 0x10, 0x0, 0x0, 0x0,
    0xaf, 0x10, 0x0, 0x0, 0x0, 0xaf, 0x10, 0x0,
    0x0, 0x0, 0xaf, 0x10, 0x0, 0x0, 0x0,

    /* U+1E56 "Ṗ" */
    0x0, 0x0, 0x1, 0x0, 0x0, 0x0, 0x0, 0x0,
    0x8f, 0x40, 0x0, 0x0, 0x0, 0x0, 0x8f, 0x40,
    0x0, 0x0, 0x0, 0x0, 0x0, 0x0, 0x0, 0x0,
    0x7f, 0xff, 0xff, 0xfe, 0xc5, 0x0, 0x7f, 0xdc,
    0xcc, 0xcd, 0xff, 0x80, 0x7f, 0x70, 0x0, 0x0,
    0x4f, 0xf1, 0x7f, 0x70, 0x0, 0x0, 0xa, 0xf5,
    0x7f, 0x70, 0x0, 0x0, 0x8, 0xf7, 0x7f, 0x70,
    0x0, 0x0, 0xb, 0xf5, 0x7f, 0x70, 0x0, 0x0,
    0x6f, 0xf1, 0x7f, 0xdc, 0xcc, 0xce, 0xff, 0x50,
    0x7f, 0xff, 0xff, 0xfe, 0xa3, 0x0, 0x7f, 0x70,
    0x0, 0x0, 0x0, 0x0, 0x7f, 0x70, 0x0, 0x0,
    0x0, 0x0, 0x7f, 0x70, 0x0, 0x0, 0x0, 0x0,
    0x7f, 0x70, 0x0, 0x0, 0x0, 0x0, 0x7f, 0x70,
    0x0, 0x0, 0x0, 0x0, 0x7f, 0x70, 0x0, 0x0,
    0x0, 0x0,

    /* U+1E57 "ṗ" */
    0x0, 0x2, 0xfa, 0x0, 0x0, 0x0, 0x2, 0xfa,
    0x0, 0x0, 0x0, 0x0, 0x10, 0x0, 0x0, 0x0,
    0x0, 0x0, 0x0, 0x0, 0xaf, 0x1a, 0xff, 0xb2,
    0x0, 0xaf, 0xdd, 0x78, 0xff, 0x20, 0xaf, 0xc0,
    0x0, 0x4f, 0xb0, 0xaf, 0x50, 0x0, 0xc, 0xf1,
    0xaf, 0x10, 0x0, 0x8, 0xf4, 0xaf, 0x0, 0x0,
    0x7, 0xf5, 0xaf, 0x0, 0x0, 0x8, 0xf4, 0xaf,
    0x30, 0x0, 0xc, 0xf1, 0xaf, 0xc0, 0x0, 0x4f,
    0xa0, 0xaf, 0xed, 0x8a, 0xfe, 0x10, 0xaf, 0x3b,
    0xfe, 0xa1, 0x0, 0xaf, 0x10, 0x0, 0x0, 0x0,
    0xaf, 0x10, 0x0, 0x0, 0x0, 0xaf, 0x10, 0x0,
    0x0, 0x0, 0xaf, 0x10, 0x0, 0x0, 0x0,

    /* U+1E58 "Ṙ" */
    0x0, 0x0, 0x1, 0x10, 0x0, 0x0, 0x0, 0x0,
    0x0, 0xe, 0xe0, 0x0, 0x0, 0x0, 0x0, 0x0,
    0xe, 0xe0, 0x0, 0x0, 0x0, 0x0, 0x0, 0x0,
    0x0, 0x0, 0x0, 0x0, 0x6f, 0xff, 0xff, 0xff,
    0xea, 0x20, 0x0, 0x6f, 0xda, 0xaa, 0xab, 0xef,
    0xf2, 0x0, 0x6f, 0x80, 0x0, 0x0, 0xa, 0xfa,
    0x0, 0x6f, 0x80, 0x0, 0x0, 0x1, 0xff, 0x0,
    0x6f, 0x80, 0x0, 0x0, 0x0, 0xff, 0x0, 0x6f,
    0x80, 0x0, 0x0, 0x3, 0xfd, 0x0, 0x6f, 0x80,
    0x0, 0x0, 0x4d, 0xf7, 0x0, 0x6f, 0xff, 0xff,
    0xff, 0xff, 0x80, 0x0, 0x6f, 0xec, 0xcd, 0xff,
    0x91, 0x0, 0x0, 0x6f, 0x80, 0x0, 0x3e, 0xf5,
    0x0, 0x0, 0x6f, 0x80, 0x0, 0x3, 0xff, 0x40,
    0x0, 0x6f, 0x80, 0x0, 0x0, 0x6f, 0xe0, 0x0,
    0x6f, 0x80, 0x0, 0x0, 0xc, 0xf9, 0x0, 0x6f,
    0x80, 0x0, 0x0, 0x2, 0xff, 0x30, 0x6f, 0x80,
    0x0, 0x0, 0x0, 0x7f, 0xd0,

    /* U+1E59 "ṙ" */
    0x9, 0xf3, 0x0, 0x9, 0xf3, 0x0, 0x0, 0x10,
    0x0, 0x0, 0x0, 0x0, 0xbe, 0x3d, 0xf9, 0xbe,
    0xec, 0xb8, 0xbf, 0xa0, 0x0, 0xbf, 0x30, 0x0,
    0xbf, 0x10, 0x0, 0xbf, 0x0, 0x0, 0xbf, 0x0,
    0x0, 0xbf, 0x0, 0x0, 0xbf, 0x0, 0x0, 0xbf,
    0x0, 0x0, 0xbf, 0x0, 0x0,

    /* U+1E5A "Ṛ" */
    0x6f, 0xff, 0xff, 0xff, 0xeb, 0x30, 0x0, 0x6f,
    0xda, 0xaa, 0xaa, 0xdf, 0xf3, 0x0, 0x6f, 0x80,
    0x0, 0x0, 0x8, 0xfc, 0x0, 0x6f, 0x80, 0x0,
    0x0, 0x0, 0xff, 0x0, 0x6f, 0x80, 0x0, 0x0,
    0x0, 0xff, 0x0, 0x6f, 0x80, 0x0, 0x0, 0xa,
    0xfb, 0x0, 0x6f, 0xec, 0xcc, 0xcd, 0xff, 0xd1,
    0x0, 0x6f, 0xff, 0xff, 0xff, 0xa6, 0x0, 0x0,
    0x6f, 0x80, 0x1, 0x7f, 0xd2, 0x0, 0x0, 0x6f,
    0x80, 0x0, 0x8, 0xfd, 0x0, 0x0, 0x6f, 0x80,
    0x0, 0x0, 0xcf, 0x90, 0x0, 0x6f, 0x80, 0x0,
    0x0, 0x3f, 0xf3, 0x0, 0x6f, 0x80, 0x0, 0x0,
    0x9, 0xfc, 0x0, 0x6f, 0x80, 0x0, 0x0, 0x1,
    0xff, 0x50, 0x6f, 0x80, 0x0, 0x0, 0x0, 0x7f,
    0xe0, 0x0, 0x0, 0x0, 0x0, 0x0, 0x0, 0x0,
    0x0, 0x0, 0x1, 0x10, 0x0, 0x0, 0x0, 0x0,
    0x0, 0xd, 0xf0, 0x0, 0x0, 0x0, 0x0, 0x0,
    0xd, 0xf0, 0x0, 0x0, 0x0,

    /* U+1E5B "ṛ" */
    0xbe, 0x3d, 0xf9, 0xbe, 0xec, 0xb8, 0xbf, 0xa0,
    0x0, 0xbf, 0x30, 0x0, 0xbf, 0x10, 0x0, 0xbf,
    0x0, 0x0, 0xbf, 0x0, 0x0, 0xbf, 0x0, 0x0,
    0xbf, 0x0, 0x0, 0xbf, 0x0, 0x0, 0xbf, 0x0,
    0x0, 0x0, 0x0, 0x0, 0x0, 0x10, 0x0, 0x8,
    0xf4, 0x0, 0x8, 0xf4, 0x0,

    /* U+1E5C "Ṝ" */
    0x0, 0x18, 0x88, 0x88, 0x70, 0x0, 0x0, 0x0,
    0x2f, 0xff, 0xff, 0xf0, 0x0, 0x0, 0x0, 0x0,
    0x0, 0x0, 0x0, 0x0, 0x0, 0x0, 0x0, 0x0,
    0x0, 0x0, 0x0, 0x0, 0x6f, 0xff, 0xff, 0xff,
    0xeb, 0x30, 0x0, 0x6f, 0xda, 0xaa, 0xaa, 0xdf,
    0xf3, 0x0, 0x6f, 0x80, 0x0, 0x0, 0x8, 0xfc,
    0x0, 0x6f, 0x80, 0x0, 0x0, 0x0, 0xff, 0x0,
    0x6f, 0x80, 0x0, 0x0, 0x0, 0xff, 0x0, 0x6f,
    0x80, 0x0, 0x0, 0xa, 0xfb, 0x0, 0x6f, 0xec,
    0xcc, 0xcd, 0xff, 0xd1, 0x0, 0x6f, 0xff, 0xff,
    0xff, 0xa6, 0x0, 0x0, 0x6f, 0x80, 0x1, 0x7f,
    0xd2, 0x0, 0x0, 0x6f, 0x80, 0x0, 0x8, 0xfd,
    0x0, 0x0, 0x6f, 0x80, 0x0, 0x0, 0xcf, 0x90,
    0x0, 0x6f, 0x80, 0x0, 0x0, 0x3f, 0xf3, 0x0,
    0x6f, 0x80, 0x0, 0x0, 0x9, 0xfc, 0x0, 0x6f,
    0x80, 0x0, 0x0, 0x1, 0xff, 0x50, 0x6f, 0x80,
    0x0, 0x0, 0x0, 0x7f, 0xe0, 0x0, 0x0, 0x0,
    0x0, 0x0, 0x0, 0x0, 0x0, 0x0, 0x1, 0x10,
    0x0, 0x0, 0x0, 0x0, 0x0, 0xd, 0xf0, 0x0,
    0x0, 0x0, 0x0, 0x0, 0xd, 0xf0, 0x0, 0x0,
    0x0,

    /* U+1E5D "ṝ" */
    0xbf, 0xff, 0xff, 0x65, 0x88, 0x88, 0x83, 0x0,
    0x0, 0x0, 0x0, 0x0, 0x0, 0x0, 0xb, 0xe3,
    0xdf, 0x90, 0xbe, 0xec, 0xb8, 0xb, 0xfa, 0x0,
    0x0, 0xbf, 0x30, 0x0, 0xb, 0xf1, 0x0, 0x0,
    0xbf, 0x0, 0x0, 0xb, 0xf0, 0x0, 0x0, 0xbf,
    0x0, 0x0, 0xb, 0xf0, 0x0, 0x0, 0xbf, 0x0,
    0x0, 0xb, 0xf0, 0x0, 0x0, 0x0, 0x0, 0x0,
    0x0, 0x1, 0x0, 0x0, 0x8, 0xf4, 0x0, 0x0,
    0x8f, 0x40, 0x0,

    /* U+1E5E "Ṟ" */
    0x6f, 0xff, 0xff, 0xff, 0xea, 0x20, 0x0, 0x6f,
    0xda, 0xaa, 0xab, 0xef, 0xf2, 0x0, 0x6f, 0x80,
    0x0, 0x0, 0xa, 0xfa, 0x0, 0x6f, 0x80, 0x0,
    0x0, 0x1, 0xff, 0x0, 0x6f, 0x80, 0x0, 0x0,
    0x0, 0xff, 0x0, 0x6f, 0x80, 0x0, 0x0, 0x3,
    0xfd, 0x0, 0x6f, 0x80, 0x0, 0x0, 0x4d, 0xf7,
    0x0, 0x6f, 0xff, 0xff, 0xff, 0xff, 0x80, 0x0,
    0x6f, 0xec, 0xcd, 0xff, 0x91, 0x0, 0x0, 0x6f,
    0x80, 0x0, 0x3e, 0xf5, 0x0, 0x0, 0x6f, 0x80,
    0x0, 0x3, 0xff, 0x40, 0x0, 0x6f, 0x80, 0x0,
    0x0, 0x6f, 0xe0, 0x0, 0x6f, 0x80, 0x0, 0x0,
    0xc, 0xf9, 0x0, 0x6f, 0x80, 0x0, 0x0, 0x2,
    0xff, 0x30, 0x6f, 0x80, 0x0, 0x0, 0x0, 0x7f,
    0xd0, 0x0, 0x0, 0x0, 0x0, 0x0, 0x0, 0x0,
    0x0, 0x0, 0x0, 0x0, 0x0, 0x0, 0x0, 0x0,
    0x5, 0x88, 0x88, 0x83, 0x0, 0x0, 0x0, 0x9,
    0xff, 0xff, 0xf7, 0x0, 0x0,

    /* U+1E5F "ṟ" */
    0xb, 0xe3, 0xdf, 0x90, 0xbe, 0xec, 0xb8, 0xb,
    0xfa, 0x0, 0x0, 0xbf, 0x30, 0x0, 0xb, 0xf1,
    0x0, 0x0, 0xbf, 0x0, 0x0, 0xb, 0xf0, 0x0,
    0x0, 0xbf, 0x0, 0x0, 0xb, 0xf0, 0x0, 0x0,
    0xbf, 0x0, 0x0, 0xb, 0xf0, 0x0, 0x0, 0x0,
    0x0, 0x0, 0x0, 0x0, 0x0, 0x6, 0x88, 0x88,
    0x82, 0xdf, 0xff, 0xff, 0x40,

    /* U+1E60 "Ṡ" */
    0x0, 0x0, 0x8, 0xf4, 0x0, 0x0, 0x0, 0x0,
    0x0, 0x8f, 0x40, 0x0, 0x0, 0x0, 0x0, 0x0,
    0x10, 0x0, 0x0, 0x0, 0x0, 0x0, 0x0, 0x0,
    0x0, 0x0, 0x0, 0x4, 0xbe, 0xfe, 0xb5, 0x0,
    0x0, 0x8, 0xff, 0xec, 0xef, 0xfa, 0x0, 0x3,
    0xfd, 0x30, 0x0, 0x3d, 0xf6, 0x0, 0x7f, 0x50,
    0x0, 0x0, 0x4f, 0xb0, 0x7, 0xf6, 0x0, 0x0,
    0x0, 0x75, 0x0, 0x3f, 0xf6, 0x10, 0x0, 0x0,
    0x0, 0x0, 0x6f, 0xff, 0xc9, 0x40, 0x0, 0x0,
    0x0, 0x28, 0xdf, 0xff, 0xe7, 0x0, 0x0, 0x0,
    0x0, 0x15, 0xaf, 0xf8, 0x0, 0x0, 0x0, 0x0,
    0x0, 0x2e, 0xf1, 0xf, 0xc0, 0x0, 0x0, 0x0,
    0x9f, 0x40, 0xdf, 0x20, 0x0, 0x0, 0xb, 0xf3,
    0x6, 0xfe, 0x50, 0x0, 0x8, 0xfd, 0x0, 0x9,
    0xff, 0xfd, 0xdf, 0xfe, 0x20, 0x0, 0x4, 0xae,
    0xff, 0xd8, 0x10, 0x0,

    /* U+1E61 "ṡ" */
    0x0, 0x0, 0xdf, 0x0, 0x0, 0x0, 0x0, 0xdf,
    0x0, 0x0, 0x0, 0x0, 0x11, 0x0, 0x0, 0x0,
    0x0, 0x0, 0x0, 0x0, 0x0, 0x7d, 0xfe, 0xb4,
    0x0, 0x9, 0xfc, 0x89, 0xef, 0x40, 0xf, 0xb0,
    0x0, 0x2f, 0xb0, 0xf, 0xd1, 0x0, 0x1, 0x0,
    0x9, 0xff, 0xc7, 0x30, 0x0, 0x0, 0x6d, 0xff,
    0xfd, 0x30, 0x0, 0x0, 0x15, 0xbf, 0xe0, 0x28,
    0x40, 0x0, 0xa, 0xf2, 0x1f, 0xc0, 0x0, 0xc,
    0xf1, 0x9, 0xfd, 0x98, 0xdf, 0x80, 0x0, 0x6c,
    0xef, 0xc5, 0x0,

    /* U+1E62 "Ṣ" */
    0x0, 0x4, 0xbe, 0xfe, 0xb5, 0x0, 0x0, 0x8,
    0xff, 0xec, 0xef, 0xfa, 0x0, 0x3, 0xfd, 0x30,
    0x0, 0x3d, 0xf6, 0x0, 0x7f, 0x50, 0x0, 0x0,
    0x4f, 0xb0, 0x7, 0xf6, 0x0, 0x0, 0x0, 0x75,
    0x0, 0x3f, 0xf6, 0x10, 0x0, 0x0, 0x0, 0x0,
    0x6f, 0xff, 0xc9, 0x40, 0x0, 0x0, 0x0, 0x28,
    0xdf, 0xff, 0xe7, 0x0, 0x0, 0x0, 0x0, 0x15,
    0xaf, 0xf8, 0x0, 0x0, 0x0, 0x0, 0x0, 0x2e,
    0xf1, 0xf, 0xc0, 0x0, 0x0, 0x0, 0x9f, 0x40,
    0xdf, 0x20, 0x0, 0x0, 0xb, 0xf3, 0x6, 0xfe,
    0x50, 0x0, 0x8, 0xfd, 0x0, 0x9, 0xff, 0xfd,
    0xdf, 0xfe, 0x20, 0x0, 0x4, 0xae, 0xff, 0xd8,
    0x10, 0x0, 0x0, 0x0, 0x0, 0x0, 0x0, 0x0,
    0x0, 0x0, 0x0, 0x10, 0x0, 0x0, 0x0, 0x0,
    0x0, 0x3f, 0x90, 0x0, 0x0, 0x0, 0x0, 0x3,
    0xf9, 0x0, 0x0, 0x0,

    /* U+1E63 "ṣ" */
    0x0, 0x7d, 0xfe, 0xb4, 0x0, 0x9, 0xfc, 0x89,
    0xef, 0x40, 0xf, 0xb0, 0x0, 0x2f, 0xb0, 0xf,
    0xd1, 0x0, 0x1, 0x0, 0x9, 0xff, 0xc7, 0x30,
    0x0, 0x0, 0x6d, 0xff, 0xfd, 0x30, 0x0, 0x0,
    0x15, 0xbf, 0xe0, 0x28, 0x40, 0x0, 0xa, 0xf2,
    0x1f, 0xc0, 0x0, 0xc, 0xf1, 0x9, 0xfd, 0x98,
    0xdf, 0x80, 0x0, 0x6c, 0xef, 0xc5, 0x0, 0x0,
    0x0, 0x0, 0x0, 0x0, 0x0, 0x0, 0x11, 0x0,
    0x0, 0x0, 0x0, 0xfd, 0x0, 0x0, 0x0, 0x0,
    0xfd, 0x0, 0x0,

    /* U+1E64 "Ṥ" */
    0x0, 0x0, 0xdf, 0x0, 0x0, 0x0, 0x0, 0x0,
    0xd, 0xf0, 0x5d, 0xa0, 0x0, 0x0, 0x0, 0x11,
    0xc, 0xf2, 0x0, 0x0, 0x0, 0x0, 0x4, 0xf5,
    0x0, 0x0, 0x0, 0x0, 0x0, 0x0, 0x0, 0x0,
    0x0, 0x0, 0x4b, 0xef, 0xeb, 0x50, 0x0, 0x0,
    0x8f, 0xfe, 0xce, 0xff, 0xa0, 0x0, 0x3f, 0xd3,
    0x0, 0x3, 0xdf, 0x60, 0x7, 0xf5, 0x0, 0x0,
    0x4, 0xfb, 0x0, 0x7f, 0x60, 0x0, 0x0, 0x7,
    0x50, 0x3, 0xff, 0x61, 0x0, 0x0, 0x0, 0x0,
    0x6, 0xff, 0xfc, 0x94, 0x0, 0x0, 0x0, 0x2,
    0x8d, 0xff, 0xfe, 0x70, 0x0, 0x0, 0x0, 0x1,
    0x5a, 0xff, 0x80, 0x0, 0x0, 0x0, 0x0, 0x2,
    0xef, 0x10, 0xfc, 0x0, 0x0, 0x0, 0x9, 0xf4,
    0xd, 0xf2, 0x0, 0x0, 0x0, 0xbf, 0x30, 0x6f,
    0xe5, 0x0, 0x0, 0x8f, 0xd0, 0x0, 0x9f, 0xff,
    0xdd, 0xff, 0xe2, 0x0, 0x0, 0x4a, 0xef, 0xfd,
    0x81, 0x0,

    /* U+1E65 "ṥ" */
    0x0, 0x1, 0x0, 0x0, 0x0, 0x0, 0xcf, 0x0,
    0x0, 0x0, 0x0, 0xcf, 0x7, 0xfb, 0x0, 0x0,
    0x0, 0xe, 0xe1, 0x0, 0x0, 0x0, 0x4d, 0x30,
    0x0, 0x0, 0x0, 0x0, 0x0, 0x0, 0x0, 0x7d,
    0xfe, 0xb4, 0x0, 0x9, 0xfc, 0x89, 0xef, 0x40,
    0xf, 0xb0, 0x0, 0x2f, 0xb0, 0xf, 0xd1, 0x0,
    0x1, 0x0, 0x9, 0xff, 0xc7, 0x30, 0x0, 0x0,
    0x6d, 0xff, 0xfd, 0x30, 0x0, 0x0, 0x15, 0xbf,
    0xe0, 0x28, 0x40, 0x0, 0xa, 0xf2, 0x1f, 0xc0,
    0x0, 0xc, 0xf1, 0x9, 0xfd, 0x98, 0xdf, 0x80,
    0x0, 0x6c, 0xef, 0xc5, 0x0,

    /* U+1E66 "Ṧ" */
    0x0, 0x0, 0x4, 0xf8, 0x0, 0x0, 0x0, 0x0,
    0x0, 0x4f, 0x80, 0x0, 0x0, 0x0, 0x0, 0x0,
    0x10, 0x0, 0x0, 0x0, 0x0, 0x2c, 0xa0, 0x6d,
    0x50, 0x0, 0x0, 0x0, 0x8f, 0x6f, 0xd0, 0x0,
    0x0, 0x0, 0x0, 0xcf, 0xf2, 0x0, 0x0, 0x0,
    0x0, 0x1, 0x43, 0x0, 0x0, 0x0, 0x0, 0x4b,
    0xef, 0xeb, 0x50, 0x0, 0x0, 0x8f, 0xfe, 0xce,
    0xff, 0xa0, 0x0, 0x3f, 0xd3, 0x0, 0x3, 0xdf,
    0x60, 0x7, 0xf5, 0x0, 0x0, 0x4, 0xfb, 0x0,
    0x7f, 0x60, 0x0, 0x0, 0x7, 0x50, 0x3, 0xff,
    0x61, 0x0, 0x0, 0x0, 0x0, 0x6, 0xff, 0xfc,
    0x94, 0x0, 0x0, 0x0, 0x2, 0x8d, 0xff, 0xfe,
    0x70, 0x0, 0x0, 0x0, 0x1, 0x5a, 0xff, 0x80,
    0x0, 0x0, 0x0, 0x0, 0x2, 0xef, 0x10, 0xfc,
    0x0, 0x0, 0x0, 0x9, 0xf4, 0xd, 0xf2, 0x0,
    0x0, 0x0, 0xbf, 0x30, 0x6f, 0xe5, 0x0, 0x0,
    0x8f, 0xd0, 0x0, 0x9f, 0xff, 0xdd, 0xff, 0xe2,
    0x0, 0x0, 0x4a, 0xef, 0xfd, 0x81, 0x0,

    /* U+1E67 "ṧ" */
    0x0, 0x0, 0x11, 0x0, 0x0, 0x0, 0x0, 0xdf,
    0x0, 0x0, 0x0, 0x0, 0xdf, 0x0, 0x0, 0x0,
    0x0, 0x0, 0x0, 0x0, 0x0, 0xaf, 0x33, 0xfb,
    0x0, 0x0, 0xd, 0xdd, 0xe1, 0x0, 0x0, 0x2,
    0xcc, 0x30, 0x0, 0x0, 0x0, 0x0, 0x0, 0x0,
    0x0, 0x7d, 0xfe, 0xb4, 0x0, 0x9, 0xfc, 0x89,
    0xef, 0x40, 0xf, 0xb0, 0x0, 0x2f, 0xb0, 0xf,
    0xd1, 0x0, 0x1, 0x0, 0x9, 0xff, 0xc7, 0x30,
    0x0, 0x0, 0x6d, 0xff, 0xfd, 0x30, 0x0, 0x0,
    0x15, 0xbf, 0xe0, 0x28, 0x40, 0x0, 0xa, 0xf2,
    0x1f, 0xc0, 0x0, 0xc, 0xf1, 0x9, 0xfd, 0x98,
    0xdf, 0x80, 0x0, 0x6c, 0xef, 0xc5, 0x0,

    /* U+1E68 "Ṩ" */
    0x0, 0x0, 0x3, 0xf9, 0x0, 0x0, 0x0, 0x0,
    0x0, 0x3f, 0x90, 0x0, 0x0, 0x0, 0x0, 0x0,
    0x10, 0x0, 0x0, 0x0, 0x0, 0x0, 0x0, 0x0,
    0x0, 0x0, 0x0, 0x4, 0xbe, 0xfe, 0xb5, 0x0,
    0x0, 0x8, 0xff, 0xec, 0xef, 0xfa, 0x0, 0x3,
    0xfd, 0x30, 0x0, 0x3d, 0xf6, 0x0, 0x7f, 0x50,
    0x0, 0x0, 0x4f, 0xb0, 0x7, 0xf6, 0x0, 0x0,
    0x0, 0x75, 0x0, 0x3f, 0xf6, 0x10, 0x0, 0x0,
    0x0, 0x0, 0x6f, 0xff, 0xc9, 0x40, 0x0, 0x0,
    0x0, 0x28, 0xdf, 0xff, 0xe7, 0x0, 0x0, 0x0,
    0x0, 0x15, 0xaf, 0xf8, 0x0, 0x0, 0x0, 0x0,
    0x0, 0x2e, 0xf1, 0xf, 0xc0, 0x0, 0x0, 0x0,
    0x9f, 0x40, 0xdf, 0x20, 0x0, 0x0, 0xb, 0xf3,
    0x6, 0xfe, 0x50, 0x0, 0x8, 0xfd, 0x0, 0x9,
    0xff, 0xfd, 0xdf, 0xfe, 0x20, 0x0, 0x4, 0xae,
    0xff, 0xd8, 0x10, 0x0, 0x0, 0x0, 0x0, 0x0,
    0x0, 0x0, 0x0, 0x0, 0x0, 0x10, 0x0, 0x0,
    0x0, 0x0, 0x0, 0x3f, 0x90, 0x0, 0x0, 0x0,
    0x0, 0x3, 0xf9, 0x0, 0x0, 0x0,

    /* U+1E69 "ṩ" */
    0x0, 0x0, 0xdf, 0x0, 0x0, 0x0, 0x0, 0xdf,
    0x0, 0x0, 0x0, 0x0, 0x11, 0x0, 0x0, 0x0,
    0x0, 0x0, 0x0, 0x0, 0x0, 0x7d, 0xfe, 0xb4,
    0x0, 0x9, 0xfc, 0x89, 0xef, 0x40, 0xf, 0xb0,
    0x0, 0x2f, 0xb0, 0xf, 0xd1, 0x0, 0x1, 0x0,
    0x9, 0xff, 0xc7, 0x30, 0x0, 0x0, 0x6d, 0xff,
    0xfd, 0x30, 0x0, 0x0, 0x15, 0xbf, 0xe0, 0x28,
    0x40, 0x0, 0xa, 0xf2, 0x1f, 0xc0, 0x0, 0xc,
    0xf1, 0x9, 0xfd, 0x98, 0xdf, 0x80, 0x0, 0x6c,
    0xef, 0xc5, 0x0, 0x0, 0x0, 0x0, 0x0, 0x0,
    0x0, 0x0, 0x11, 0x0, 0x0, 0x0, 0x0, 0xdf,
    0x0, 0x0, 0x0, 0x0, 0xdf, 0x0, 0x0,

    /* U+1E6A "Ṫ" */
    0x0, 0x0, 0x0, 0x10, 0x0, 0x0, 0x0, 0x0,
    0xb, 0xf1, 0x0, 0x0, 0x0, 0x0, 0xb, 0xf1,
    0x0, 0x0, 0x0, 0x0, 0x0, 0x0, 0x0, 0x0,
    0x9f, 0xff, 0xff, 0xff, 0xff, 0xfc, 0x6c, 0xcc,
    0xcf, 0xfc, 0xcc, 0xc9, 0x0, 0x0, 0xd, 0xf0,
    0x0, 0x0, 0x0, 0x0, 0xd, 0xf0, 0x0, 0x0,
    0x0, 0x0, 0xd, 0xf0, 0x0, 0x0, 0x0, 0x0,
    0xd, 0xf0, 0x0, 0x0, 0x0, 0x0, 0xd, 0xf0,
    0x0, 0x0, 0x0, 0x0, 0xd, 0xf0, 0x0, 0x0,
    0x0, 0x0, 0xd, 0xf0, 0x0, 0x0, 0x0, 0x0,
    0xd, 0xf0, 0x0, 0x0, 0x0, 0x0, 0xd, 0xf0,
    0x0, 0x0, 0x0, 0x0, 0xd, 0xf0, 0x0, 0x0,
    0x0, 0x0, 0xd, 0xf0, 0x0, 0x0, 0x0, 0x0,
    0xd, 0xf0, 0x0, 0x0, 0x0, 0x0, 0xd, 0xf0,
    0x0, 0x0,

    /* U+1E6B "ṫ" */
    0x0, 0x10, 0x0, 0x5, 0xf7, 0x0, 0x5, 0xf7,
    0x0, 0x0, 0x0, 0x0, 0x0, 0x2, 0x0, 0x3,
    0xe6, 0x0, 0x6, 0xf6, 0x0, 0x6, 0xf6, 0x0,
    0xaf, 0xff, 0xf2, 0x4a, 0xfa, 0x60, 0x6, 0xf6,
    0x0, 0x6, 0xf6, 0x0, 0x6, 0xf6, 0x0, 0x6,
    0xf6, 0x0, 0x6, 0xf6, 0x0, 0x5, 0xf6, 0x0,
    0x5, 0xf7, 0x0, 0x3, 0xfe, 0xb2, 0x0, 0x9f,
    0xf4,

    /* U+1E6C "Ṭ" */
    0x9f, 0xff, 0xff, 0xff, 0xff, 0xfc, 0x6c, 0xcc,
    0xcf, 0xfc, 0xcc, 0xc9, 0x0, 0x0, 0xd, 0xf0,
    0x0, 0x0, 0x0, 0x0, 0xd, 0xf0, 0x0, 0x0,
    0x0, 0x0, 0xd, 0xf0, 0x0, 0x0, 0x0, 0x0,
    0xd, 0xf0, 0x0, 0x0, 0x0, 0x0, 0xd, 0xf0,
    0x0, 0x0, 0x0, 0x0, 0xd, 0xf0, 0x0, 0x0,
    0x0, 0x0, 0xd, 0xf0, 0x0, 0x0, 0x0, 0x0,
    0xd, 0xf0, 0x0, 0x0, 0x0, 0x0, 0xd, 0xf0,
    0x0, 0x0, 0x0, 0x0, 0xd, 0xf0, 0x0, 0x0,
    0x0, 0x0, 0xd, 0xf0, 0x0, 0x0, 0x0, 0x0,
    0xd, 0xf0, 0x0, 0x0, 0x0, 0x0, 0xd, 0xf0,
    0x0, 0x0, 0x0, 0x0, 0x0, 0x0, 0x0, 0x0,
    0x0, 0x0, 0x1, 0x10, 0x0, 0x0, 0x0, 0x0,
    0xd, 0xf0, 0x0, 0x0, 0x0, 0x0, 0xd, 0xf0,
    0x0, 0x0,

    /* U+1E6D "ṭ" */
    0x0, 0x33, 0x0, 0x4, 0xf6, 0x0, 0x6, 0xf6,
    0x0, 0x6, 0xf6, 0x0, 0xaf, 0xff, 0xf2, 0x4a,
    0xfa, 0x60, 0x6, 0xf6, 0x0, 0x6, 0xf6, 0x0,
    0x6, 0xf6, 0x0, 0x6, 0xf6, 0x0, 0x6, 0xf6,
    0x0, 0x5, 0xf6, 0x0, 0x5, 0xf7, 0x0, 0x3,
    0xfe, 0xb2, 0x0, 0x9f, 0xf4, 0x0, 0x0, 0x0,
    0x0, 0x1, 0x0, 0x0, 0x9f, 0x30, 0x0, 0x9f,
    0x30,

    /* U+1E6E "Ṯ" */
    0x9f, 0xff, 0xff, 0xff, 0xff, 0xfc, 0x6c, 0xcc,
    0xcf, 0xfc, 0xcc, 0xc9, 0x0, 0x0, 0xd, 0xf0,
    0x0, 0x0, 0x0, 0x0, 0xd, 0xf0, 0x0, 0x0,
    0x0, 0x0, 0xd, 0xf0, 0x0, 0x0, 0x0, 0x0,
    0xd, 0xf0, 0x0, 0x0, 0x0, 0x0, 0xd, 0xf0,
    0x0, 0x0, 0x0, 0x0, 0xd, 0xf0, 0x0, 0x0,
    0x0, 0x0, 0xd, 0xf0, 0x0, 0x0, 0x0, 0x0,
    0xd, 0xf0, 0x0, 0x0, 0x0, 0x0, 0xd, 0xf0,
    0x0, 0x0, 0x0, 0x0, 0xd, 0xf0, 0x0, 0x0,
    0x0, 0x0, 0xd, 0xf0, 0x0, 0x0, 0x0, 0x0,
    0xd, 0xf0, 0x0, 0x0, 0x0, 0x0, 0xd, 0xf0,
    0x0, 0x0, 0x0, 0x0, 0x0, 0x0, 0x0, 0x0,
    0x0, 0x0, 0x0, 0x0, 0x0, 0x0, 0x0, 0x8,
    0x88, 0x88, 0x80, 0x0, 0x0, 0xf, 0xff, 0xff,
    0xf1, 0x0,

    /* U+1E6F "ṯ" */
    0x0, 0x3, 0x30, 0x0, 0x4, 0xf6, 0x0, 0x0,
    0x6f, 0x60, 0x0, 0x6, 0xf6, 0x0, 0xa, 0xff,
    0xff, 0x20, 0x4a, 0xfa, 0x60, 0x0, 0x6f, 0x60,
    0x0, 0x6, 0xf6, 0x0, 0x0, 0x6f, 0x60, 0x0,
    0x6, 0xf6, 0x0, 0x0, 0x6f, 0x60, 0x0, 0x5,
    0xf6, 0x0, 0x0, 0x5f, 0x70, 0x0, 0x3, 0xfe,
    0xb2, 0x0, 0x9, 0xff, 0x40, 0x0, 0x0, 0x0,
    0x0, 0x0, 0x0, 0x1, 0x88, 0x88, 0x87, 0x3f,
    0xff, 0xff, 0xe0,

    /* U+1E70 "Ṱ" */
    0x9f, 0xff, 0xff, 0xff, 0xff, 0xfc, 0x6c, 0xcc,
    0xcf, 0xfc, 0xcc, 0xc9, 0x0, 0x0, 0xd, 0xf0,
    0x0, 0x0, 0x0, 0x0, 0xd, 0xf0, 0x0, 0x0,
    0x0, 0x0, 0xd, 0xf0, 0x0, 0x0, 0x0, 0x0,
    0xd, 0xf0, 0x0, 0x0, 0x0, 0x0, 0xd, 0xf0,
    0x0, 0x0, 0x0, 0x0, 0xd, 0xf0, 0x0, 0x0,
    0x0, 0x0, 0xd, 0xf0, 0x0, 0x0, 0x0, 0x0,
    0xd, 0xf0, 0x0, 0x0, 0x0, 0x0, 0xd, 0xf0,
    0x0, 0x0, 0x0, 0x0, 0xd, 0xf0, 0x0, 0x0,
    0x0, 0x0, 0xd, 0xf0, 0x0, 0x0, 0x0, 0x0,
    0xd, 0xf0, 0x0, 0x0, 0x0, 0x0, 0xd, 0xf0,
    0x0, 0x0, 0x0, 0x0, 0x0, 0x0, 0x0, 0x0,
    0x0, 0x0, 0x19, 0x92, 0x0, 0x0, 0x0, 0x0,
    0xbf, 0xdd, 0x10, 0x0, 0x0, 0x9, 0xf5, 0x2f,
    0xb0, 0x0,

    /* U+1E71 "ṱ" */
    0x0, 0x33, 0x0, 0x0, 0x4f, 0x60, 0x0, 0x6,
    0xf6, 0x0, 0x0, 0x6f, 0x60, 0x0, 0xaf, 0xff,
    0xf2, 0x4, 0xaf, 0xa6, 0x0, 0x6, 0xf6, 0x0,
    0x0, 0x6f, 0x60, 0x0, 0x6, 0xf6, 0x0, 0x0,
    0x6f, 0x60, 0x0, 0x6, 0xf6, 0x0, 0x0, 0x5f,
    0x60, 0x0, 0x5, 0xf7, 0x0, 0x0, 0x3f, 0xeb,
    0x20, 0x0, 0x9f, 0xf4, 0x0, 0x0, 0x0, 0x0,
    0x0, 0xab, 0x40, 0x0, 0xbf, 0xce, 0x20, 0x7f,
    0x71, 0xed, 0x0,

    /* U+1E72 "Ṳ" */
    0x6f, 0x70, 0x0, 0x0, 0x1, 0xfd, 0x6f, 0x70,
    0x0, 0x0, 0x1, 0xfd, 0x6f, 0x70, 0x0, 0x0,
    0x1, 0xfd, 0x6f, 0x70, 0x0, 0x0, 0x1, 0xfd,
    0x6f, 0x70, 0x0, 0x0, 0x1, 0xfd, 0x6f, 0x70,
    0x0, 0x0, 0x1, 0xfd, 0x6f, 0x70, 0x0, 0x0,
    0x1, 0xfd, 0x6f, 0x70, 0x0, 0x0, 0x1, 0xfd,
    0x6f, 0x70, 0x0, 0x0, 0x1, 0xfd, 0x5f, 0x80,
    0x0, 0x0, 0x1, 0xfc, 0x4f, 0x90, 0x0, 0x0,
    0x3, 0xfb, 0x1f, 0xe0, 0x0, 0x0, 0x8, 0xf8,
    0xb, 0xfa, 0x10, 0x0, 0x5f, 0xf2, 0x1, 0xef,
    0xfd, 0xce, 0xff, 0x60, 0x0, 0x18, 0xdf, 0xfe,
    0xa3, 0x0, 0x0, 0x0, 0x0, 0x0, 0x0, 0x0,
    0x0, 0x0, 0x10, 0x1, 0x10, 0x0, 0x0, 0x9,
    0xf3, 0xf, 0xd0, 0x0, 0x0, 0x9, 0xf3, 0xf,
    0xd0, 0x0,

    /* U+1E73 "ṳ" */
    0xbf, 0x10, 0x0, 0xf, 0xbb, 0xf1, 0x0, 0x0,
    0xfb, 0xbf, 0x10, 0x0, 0xf, 0xbb, 0xf1, 0x0,
    0x0, 0xfb, 0xbf, 0x10, 0x0, 0xf, 0xbb, 0xf1,
    0x0, 0x0, 0xfb, 0xaf, 0x10, 0x0, 0x1f, 0xba,
    0xf2, 0x0, 0x3, 0xfb, 0x7f, 0x70, 0x0, 0xbf,
    0xb2, 0xff, 0xba, 0xec, 0xdb, 0x3, 0xbf, 0xe9,
    0x1d, 0xb0, 0x0, 0x0, 0x0, 0x0, 0x0, 0x10,
    0x0, 0x10, 0x0, 0x4f, 0x80, 0xaf, 0x20, 0x4,
    0xf8, 0xa, 0xf2, 0x0,

    /* U+1E74 "Ṵ" */
    0x6f, 0x70, 0x0, 0x0, 0x1, 0xfd, 0x6f, 0x70,
    0x0, 0x0, 0x1, 0xfd, 0x6f, 0x70, 0x0, 0x0,
    0x1, 0xfd, 0x6f, 0x70, 0x0, 0x0, 0x1, 0xfd,
    0x6f, 0x70, 0x0, 0x0, 0x1, 0xfd, 0x6f, 0x70,
    0x0, 0x0, 0x1, 0xfd, 0x6f, 0x70, 0x0, 0x0,
    0x1, 0xfd, 0x6f, 0x70, 0x0, 0x0, 0x1, 0xfd,
    0x6f, 0x70, 0x0, 0x0, 0x1, 0xfd, 0x5f, 0x80,
    0x0, 0x0, 0x1, 0xfc, 0x4f, 0x90, 0x0, 0x0,
    0x3, 0xfb, 0x1f, 0xe0, 0x0, 0x0, 0x8, 0xf8,
    0xb, 0xfa, 0x10, 0x0, 0x5f, 0xf2, 0x1, 0xef,
    0xfd, 0xce, 0xff, 0x60, 0x0, 0x18, 0xdf, 0xfe,
    0xa3, 0x0, 0x0, 0x0, 0x0, 0x0, 0x0, 0x0,
    0x0, 0x0, 0x0, 0x0, 0x0, 0x0, 0x0, 0x5,
    0xff, 0xb8, 0xe7, 0x0, 0x0, 0xd, 0xa6, 0xbf,
    0xc1, 0x0,

    /* U+1E75 "ṵ" */
    0xbf, 0x10, 0x0, 0xf, 0xbb, 0xf1, 0x0, 0x0,
    0xfb, 0xbf, 0x10, 0x0, 0xf, 0xbb, 0xf1, 0x0,
    0x0, 0xfb, 0xbf, 0x10, 0x0, 0xf, 0xbb, 0xf1,
    0x0, 0x0, 0xfb, 0xaf, 0x10, 0x0, 0x1f, 0xba,
    0xf2, 0x0, 0x3, 0xfb, 0x7f, 0x70, 0x0, 0xbf,
    0xb2, 0xff, 0xba, 0xec, 0xdb, 0x3, 0xbf, 0xe9,
    0x1d, 0xb0, 0x0, 0x0, 0x0, 0x0, 0x0, 0x0,
    0x0, 0x0, 0x0, 0x3e, 0xfc, 0x8d, 0xa0, 0xa,
    0xc5, 0xae, 0xd2, 0x0,

    /* U+1E76 "Ṷ" */
    0x6f, 0x70, 0x0, 0x0, 0x1, 0xfd, 0x6f, 0x70,
    0x0, 0x0, 0x1, 0xfd, 0x6f, 0x70, 0x0, 0x0,
    0x1, 0xfd, 0x6f, 0x70, 0x0, 0x0, 0x1, 0xfd,
    0x6f, 0x70, 0x0, 0x0, 0x1, 0xfd, 0x6f, 0x70,
    0x0, 0x0, 0x1, 0xfd, 0x6f, 0x70, 0x0, 0x0,
    0x1, 0xfd, 0x6f, 0x70, 0x0, 0x0, 0x1, 0xfd,
    0x6f, 0x70, 0x0, 0x0, 0x1, 0xfd, 0x5f, 0x80,
    0x0, 0x0, 0x1, 0xfc, 0x4f, 0x90, 0x0, 0x0,
    0x3, 0xfb, 0x1f, 0xe0, 0x0, 0x0, 0x8, 0xf8,
    0xb, 0xfa, 0x10, 0x0, 0x5f, 0xf2, 0x1, 0xef,
    0xfd, 0xce, 0xff, 0x60, 0x0, 0x18, 0xdf, 0xfe,
    0xa3, 0x0, 0x0, 0x0, 0x0, 0x0, 0x0, 0x0,
    0x0, 0x0, 0xb, 0xc5, 0x0, 0x0, 0x0, 0x0,
    0xaf, 0xbf, 0x30, 0x0, 0x0, 0x6, 0xf8, 0xe,
    0xe1, 0x0,

    /* U+1E77 "ṷ" */
    0xbf, 0x10, 0x0, 0xf, 0xbb, 0xf1, 0x0, 0x0,
    0xfb, 0xbf, 0x10, 0x0, 0xf, 0xbb, 0xf1, 0x0,
    0x0, 0xfb, 0xbf, 0x10, 0x0, 0xf, 0xbb, 0xf1,
    0x0, 0x0, 0xfb, 0xaf, 0x10, 0x0, 0x1f, 0xba,
    0xf2, 0x0, 0x3, 0xfb, 0x7f, 0x70, 0x0, 0xbf,
    0xb2, 0xff, 0xba, 0xec, 0xdb, 0x3, 0xbf, 0xe9,
    0x1d, 0xb0, 0x0, 0x0, 0x0, 0x0, 0x0, 0x9,
    0xc8, 0x0, 0x0, 0x6, 0xfb, 0xf6, 0x0, 0x3,
    0xfc, 0xb, 0xf3, 0x0,

    /* U+1E78 "Ṹ" */
    0x0, 0x0, 0x0, 0xad, 0x50, 0x0, 0x0, 0x0,
    0x3, 0xfb, 0x0, 0x0, 0x0, 0x0, 0xa, 0xe1,
    0x0, 0x0, 0x0, 0x0, 0x0, 0x0, 0x0, 0x0,
    0x0, 0x3, 0xef, 0x92, 0xb9, 0x0, 0x0, 0xb,
    0xb5, 0xdf, 0xf3, 0x0, 0x0, 0x3, 0x10, 0x3,
    0x10, 0x0, 0x0, 0x0, 0x0, 0x0, 0x0, 0x0,
    0x6f, 0x70, 0x0, 0x0, 0x1, 0xfd, 0x6f, 0x70,
    0x0, 0x0, 0x1, 0xfd, 0x6f, 0x70, 0x0, 0x0,
    0x1, 0xfd, 0x6f, 0x70, 0x0, 0x0, 0x1, 0xfd,
    0x6f, 0x70, 0x0, 0x0, 0x1, 0xfd, 0x6f, 0x70,
    0x0, 0x0, 0x1, 0xfd, 0x6f, 0x70, 0x0, 0x0,
    0x1, 0xfd, 0x6f, 0x70, 0x0, 0x0, 0x1, 0xfd,
    0x6f, 0x70, 0x0, 0x0, 0x1, 0xfd, 0x5f, 0x80,
    0x0, 0x0, 0x1, 0xfc, 0x4f, 0x90, 0x0, 0x0,
    0x3, 0xfb, 0x1f, 0xe0, 0x0, 0x0, 0x8, 0xf8,
    0xb, 0xfa, 0x10, 0x0, 0x5f, 0xf2, 0x1, 0xef,
    0xfd, 0xce, 0xff, 0x60, 0x0, 0x18, 0xdf, 0xfe,
    0xa3, 0x0,

    /* U+1E79 "ṹ" */
    0x0, 0x0, 0x7f, 0xb0, 0x0, 0x0, 0xe, 0xe1,
    0x0, 0x0, 0x4, 0xd3, 0x0, 0x0, 0x0, 0x0,
    0x0, 0x0, 0x1, 0xcf, 0x92, 0x9c, 0x0, 0x9d,
    0x6c, 0xff, 0x50, 0x2, 0x20, 0x3, 0x20, 0x0,
    0x0, 0x0, 0x0, 0x0, 0xbf, 0x10, 0x0, 0xf,
    0xbb, 0xf1, 0x0, 0x0, 0xfb, 0xbf, 0x10, 0x0,
    0xf, 0xbb, 0xf1, 0x0, 0x0, 0xfb, 0xbf, 0x10,
    0x0, 0xf, 0xbb, 0xf1, 0x0, 0x0, 0xfb, 0xaf,
    0x10, 0x0, 0x1f, 0xba, 0xf2, 0x0, 0x3, 0xfb,
    0x7f, 0x70, 0x0, 0xbf, 0xb2, 0xff, 0xba, 0xec,
    0xdb, 0x3, 0xbf, 0xe9, 0x1d, 0xb0,

    /* U+1E7A "Ṻ" */
    0x0, 0x0, 0x10, 0x1, 0x10, 0x0, 0x0, 0x7,
    0xf5, 0xd, 0xf0, 0x0, 0x0, 0x7, 0xf5, 0xd,
    0xf0, 0x0, 0x0, 0x0, 0x0, 0x0, 0x0, 0x0,
    0x0, 0xd, 0xff, 0xff, 0xf4, 0x0, 0x0, 0x6,
    0x88, 0x88, 0x82, 0x0, 0x0, 0x0, 0x0, 0x0,
    0x0, 0x0, 0x6f, 0x70, 0x0, 0x0, 0x1, 0xfd,
    0x6f, 0x70, 0x0, 0x0, 0x1, 0xfd, 0x6f, 0x70,
    0x0, 0x0, 0x1, 0xfd, 0x6f, 0x70, 0x0, 0x0,
    0x1, 0xfd, 0x6f, 0x70, 0x0, 0x0, 0x1, 0xfd,
    0x6f, 0x70, 0x0, 0x0, 0x1, 0xfd, 0x6f, 0x70,
    0x0, 0x0, 0x1, 0xfd, 0x6f, 0x70, 0x0, 0x0,
    0x1, 0xfd, 0x6f, 0x70, 0x0, 0x0, 0x1, 0xfd,
    0x5f, 0x80, 0x0, 0x0, 0x1, 0xfc, 0x4f, 0x90,
    0x0, 0x0, 0x3, 0xfb, 0x1f, 0xe0, 0x0, 0x0,
    0x8, 0xf8, 0xb, 0xfa, 0x10, 0x0, 0x5f, 0xf2,
    0x1, 0xef, 0xfd, 0xce, 0xff, 0x60, 0x0, 0x18,
    0xdf, 0xfe, 0xa3, 0x0,

    /* U+1E7B "ṻ" */
    0x2, 0xfb, 0x8, 0xf4, 0x0, 0x2f, 0xb0, 0x8f,
    0x40, 0x0, 0x10, 0x0, 0x10, 0x0, 0x7f, 0xff,
    0xff, 0x90, 0x3, 0x88, 0x88, 0x85, 0x0, 0x0,
    0x0, 0x0, 0x0, 0x0, 0x0, 0x0, 0x0, 0xb,
    0xf1, 0x0, 0x0, 0xfb, 0xbf, 0x10, 0x0, 0xf,
    0xbb, 0xf1, 0x0, 0x0, 0xfb, 0xbf, 0x10, 0x0,
    0xf, 0xbb, 0xf1, 0x0, 0x0, 0xfb, 0xbf, 0x10,
    0x0, 0xf, 0xba, 0xf1, 0x0, 0x1, 0xfb, 0xaf,
    0x20, 0x0, 0x3f, 0xb7, 0xf7, 0x0, 0xb, 0xfb,
    0x2f, 0xfb, 0xae, 0xcd, 0xb0, 0x3b, 0xfe, 0x91,
    0xdb,

    /* U+1E7C "Ṽ" */
    0x0, 0x0, 0x0, 0x0, 0x1, 0x0, 0x0, 0x0,
    0x1, 0xdf, 0xa3, 0x9c, 0x0, 0x0, 0x0, 0x8,
    0xd5, 0xbf, 0xf6, 0x0, 0x0, 0x0, 0x2, 0x20,
    0x3, 0x20, 0x0, 0x0, 0xbf, 0x50, 0x0, 0x0,
    0x0, 0xe, 0xf0, 0x5f, 0xa0, 0x0, 0x0, 0x0,
    0x4f, 0xa0, 0xe, 0xf0, 0x0, 0x0, 0x0, 0x9f,
    0x40, 0x9, 0xf5, 0x0, 0x0, 0x0, 0xee, 0x0,
    0x3, 0xfb, 0x0, 0x0, 0x5, 0xf8, 0x0, 0x0,
    0xdf, 0x0, 0x0, 0xa, 0xf2, 0x0, 0x0, 0x7f,
    0x50, 0x0, 0xf, 0xc0, 0x0, 0x0, 0x1f, 0xb0,
    0x0, 0x6f, 0x60, 0x0, 0x0, 0xb, 0xf1, 0x0,
    0xbf, 0x0, 0x0, 0x0, 0x5, 0xf6, 0x1, 0xfa,
    0x0, 0x0, 0x0, 0x0, 0xfb, 0x7, 0xf4, 0x0,
    0x0, 0x0, 0x0, 0xaf, 0x1c, 0xe0, 0x0, 0x0,
    0x0, 0x0, 0x4f, 0x7f, 0x80, 0x0, 0x0, 0x0,
    0x0, 0xe, 0xff, 0x20, 0x0, 0x0, 0x0, 0x0,
    0x8, 0xfc, 0x0, 0x0, 0x0,

    /* U+1E7D "ṽ" */
    0x0, 0x5e, 0xd6, 0x2e, 0x50, 0x0, 0xf9, 0x8f,
    0xfe, 0x10, 0x0, 0x40, 0x1, 0x30, 0x0, 0x0,
    0x0, 0x0, 0x0, 0x0, 0x8f, 0x40, 0x0, 0x3,
    0xf9, 0x3f, 0xa0, 0x0, 0x8, 0xf3, 0xd, 0xe0,
    0x0, 0xe, 0xd0, 0x7, 0xf4, 0x0, 0x3f, 0x80,
    0x2, 0xfa, 0x0, 0x9f, 0x20, 0x0, 0xcf, 0x0,
    0xec, 0x0, 0x0, 0x6f, 0x44, 0xf7, 0x0, 0x0,
    0x1f, 0x99, 0xf1, 0x0, 0x0, 0xb, 0xee, 0xb0,
    0x0, 0x0, 0x5, 0xff, 0x50, 0x0, 0x0, 0x0,
    0xff, 0x0, 0x0,

    /* U+1E7E "Ṿ" */
    0xbf, 0x50, 0x0, 0x0, 0x0, 0xe, 0xf0, 0x5f,
    0xa0, 0x0, 0x0, 0x0, 0x4f, 0xa0, 0xe, 0xf0,
    0x0, 0x0, 0x0, 0x9f, 0x40, 0x9, 0xf5, 0x0,
    0x0, 0x0, 0xee, 0x0, 0x3, 0xfb, 0x0, 0x0,
    0x5, 0xf8, 0x0, 0x0, 0xdf, 0x0, 0x0, 0xa,
    0xf2, 0x0, 0x0, 0x7f, 0x50, 0x0, 0xf, 0xc0,
    0x0, 0x0, 0x1f, 0xb0, 0x0, 0x6f, 0x60, 0x0,
    0x0, 0xb, 0xf1, 0x0, 0xbf, 0x0, 0x0, 0x0,
    0x5, 0xf6, 0x1, 0xfa, 0x0, 0x0, 0x0, 0x0,
    0xfb, 0x7, 0xf4, 0x0, 0x0, 0x0, 0x0, 0xaf,
    0x1c, 0xe0, 0x0, 0x0, 0x0, 0x0, 0x4f, 0x7f,
    0x80, 0x0, 0x0, 0x0, 0x0, 0xe, 0xff, 0x20,
    0x0, 0x0, 0x0, 0x0, 0x8, 0xfc, 0x0, 0x0,
    0x0, 0x0, 0x0, 0x0, 0x0, 0x0, 0x0, 0x0,
    0x0, 0x0, 0x0, 0x10, 0x0, 0x0, 0x0, 0x0,
    0x0, 0x3, 0xf9, 0x0, 0x0, 0x0, 0x0, 0x0,
    0x3, 0xf9, 0x0, 0x0, 0x0,

    /* U+1E7F "ṿ" */
    0x8f, 0x40, 0x0, 0x3, 0xf9, 0x3f, 0xa0, 0x0,
    0x8, 0xf3, 0xd, 0xe0, 0x0, 0xe, 0xd0, 0x7,
    0xf4, 0x0, 0x3f, 0x80, 0x2, 0xfa, 0x0, 0x9f,
    0x20, 0x0, 0xcf, 0x0, 0xec, 0x0, 0x0, 0x6f,
    0x44, 0xf7, 0x0, 0x0, 0x1f, 0x99, 0xf1, 0x0,
    0x0, 0xb, 0xee, 0xb0, 0x0, 0x0, 0x5, 0xff,
    0x50, 0x0, 0x0, 0x0, 0xff, 0x0, 0x0, 0x0,
    0x0, 0x0, 0x0, 0x0, 0x0, 0x0, 0x1, 0x0,
    0x0, 0x0, 0x0, 0xcf, 0x0, 0x0, 0x0, 0x0,
    0xcf, 0x0, 0x0,

    /* U+1E80 "Ẁ" */
    0x0, 0x0, 0x0, 0x0, 0xad, 0x40, 0x0, 0x0,
    0x0, 0x0, 0x0, 0x0, 0x0, 0x2, 0xfc, 0x0,
    0x0, 0x0, 0x0, 0x0, 0x0, 0x0, 0x0, 0x5,
    0xf3, 0x0, 0x0, 0x0, 0x0, 0x0, 0x0, 0x0,
    0x0, 0x0, 0x0, 0x0, 0x0, 0x0, 0xaf, 0x40,
    0x0, 0x0, 0xcf, 0xc0, 0x0, 0x0, 0x5f, 0x85,
    0xf8, 0x0, 0x0, 0x1f, 0xff, 0x0, 0x0, 0x9,
    0xf4, 0x1f, 0xb0, 0x0, 0x5, 0xfa, 0xf4, 0x0,
    0x0, 0xdf, 0x0, 0xdf, 0x0, 0x0, 0x9f, 0x3f,
    0x90, 0x0, 0x1f, 0xb0, 0x9, 0xf3, 0x0, 0xe,
    0xc0, 0xdd, 0x0, 0x4, 0xf7, 0x0, 0x5f, 0x60,
    0x2, 0xf8, 0x9, 0xf1, 0x0, 0x8f, 0x30, 0x1,
    0xfa, 0x0, 0x6f, 0x40, 0x5f, 0x60, 0xc, 0xe0,
    0x0, 0xd, 0xe0, 0xb, 0xf0, 0x1, 0xfa, 0x0,
    0xfa, 0x0, 0x0, 0x9f, 0x10, 0xfb, 0x0, 0xd,
    0xe0, 0x3f, 0x60, 0x0, 0x5, 0xf5, 0x4f, 0x70,
    0x0, 0x8f, 0x27, 0xf2, 0x0, 0x0, 0x1f, 0x88,
    0xf2, 0x0, 0x4, 0xf5, 0xbe, 0x0, 0x0, 0x0,
    0xdc, 0xbe, 0x0, 0x0, 0xf, 0x8e, 0xa0, 0x0,
    0x0, 0x9, 0xee, 0xa0, 0x0, 0x0, 0xcd, 0xf5,
    0x0, 0x0, 0x0, 0x5f, 0xf6, 0x0, 0x0, 0x7,
    0xff, 0x10, 0x0, 0x0, 0x1, 0xff, 0x10, 0x0,
    0x0, 0x3f, 0xd0, 0x0, 0x0,

    /* U+1E81 "ẁ" */
    0x0, 0x0, 0x2, 0xff, 0x10, 0x0, 0x0, 0x0,
    0x0, 0x0, 0x6, 0xf7, 0x0, 0x0, 0x0, 0x0,
    0x0, 0x0, 0x9, 0xc0, 0x0, 0x0, 0x0, 0x0,
    0x0, 0x0, 0x0, 0x0, 0x0, 0x0, 0xcf, 0x10,
    0x0, 0xcf, 0x40, 0x0, 0x8f, 0x37, 0xf4, 0x0,
    0xf, 0xf8, 0x0, 0xc, 0xe0, 0x2f, 0x90, 0x4,
    0xff, 0xc0, 0x1, 0xf9, 0x0, 0xed, 0x0, 0x8f,
    0xaf, 0x0, 0x5f, 0x40, 0x9, 0xf1, 0xc, 0xb6,
    0xf4, 0xa, 0xf0, 0x0, 0x5f, 0x50, 0xf7, 0x2f,
    0x80, 0xeb, 0x0, 0x0, 0xf9, 0x4f, 0x30, 0xec,
    0x3f, 0x60, 0x0, 0xb, 0xd8, 0xf0, 0xa, 0xf7,
    0xf1, 0x0, 0x0, 0x7f, 0xeb, 0x0, 0x5f, 0xed,
    0x0, 0x0, 0x2, 0xff, 0x70, 0x1, 0xff, 0x80,
    0x0, 0x0, 0xd, 0xf3, 0x0, 0xd, 0xf3, 0x0,
    0x0,

    /* U+1E82 "Ẃ" */
    0x0, 0x0, 0x0, 0x0, 0xc, 0xd2, 0x0, 0x0,
    0x0, 0x0, 0x0, 0x0, 0x0, 0x6, 0xf7, 0x0,
    0x0, 0x0, 0x0, 0x0, 0x0, 0x0, 0x0, 0xeb,
    0x0, 0x0, 0x0, 0x0, 0x0, 0x0, 0x0, 0x0,
    0x0, 0x0, 0x0, 0x0, 0x0, 0x0, 0xaf, 0x40,
    0x0, 0x0, 0xcf, 0xc0, 0x0, 0x0, 0x5f, 0x85,
    0xf8, 0x0, 0x0, 0x1f, 0xff, 0x0, 0x0, 0x9,
    0xf4, 0x1f, 0xb0, 0x0, 0x5, 0xfa, 0xf4, 0x0,
    0x0, 0xdf, 0x0, 0xdf, 0x0, 0x0, 0x9f, 0x3f,
    0x90, 0x0, 0x1f, 0xb0, 0x9, 0xf3, 0x0, 0xe,
    0xc0, 0xdd, 0x0, 0x4, 0xf7, 0x0, 0x5f, 0x60,
    0x2, 0xf8, 0x9, 0xf1, 0x0, 0x8f, 0x30, 0x1,
    0xfa, 0x0, 0x6f, 0x40, 0x5f, 0x60, 0xc, 0xe0,
    0x0, 0xd, 0xe0, 0xb, 0xf0, 0x1, 0xfa, 0x0,
    0xfa, 0x0, 0x0, 0x9f, 0x10, 0xfb, 0x0, 0xd,
    0xe0, 0x3f, 0x60, 0x0, 0x5, 0xf5, 0x4f, 0x70,
    0x0, 0x8f, 0x27, 0xf2, 0x0, 0x0, 0x1f, 0x88,
    0xf2, 0x0, 0x4, 0xf5, 0xbe, 0x0, 0x0, 0x0,
    0xdc, 0xbe, 0x0, 0x0, 0xf, 0x8e, 0xa0, 0x0,
    0x0, 0x9, 0xee, 0xa0, 0x0, 0x0, 0xcd, 0xf5,
    0x0, 0x0, 0x0, 0x5f, 0xf6, 0x0, 0x0, 0x7,
    0xff, 0x10, 0x0, 0x0, 0x1, 0xff, 0x10, 0x0,
    0x0, 0x3f, 0xd0, 0x0, 0x0,

    /* U+1E83 "ẃ" */
    0x0, 0x0, 0x0, 0xe, 0xf3, 0x0, 0x0, 0x0,
    0x0, 0x0, 0x6, 0xf7, 0x0, 0x0, 0x0, 0x0,
    0x0, 0x0, 0xba, 0x0, 0x0, 0x0, 0x0, 0x0,
    0x0, 0x0, 0x0, 0x0, 0x0, 0x0, 0xcf, 0x10,
    0x0, 0xcf, 0x40, 0x0, 0x8f, 0x37, 0xf4, 0x0,
    0xf, 0xf8, 0x0, 0xc, 0xe0, 0x2f, 0x90, 0x4,
    0xff, 0xc0, 0x1, 0xf9, 0x0, 0xed, 0x0, 0x8f,
    0xaf, 0x0, 0x5f, 0x40, 0x9, 0xf1, 0xc, 0xb6,
    0xf4, 0xa, 0xf0, 0x0, 0x5f, 0x50, 0xf7, 0x2f,
    0x80, 0xeb, 0x0, 0x0, 0xf9, 0x4f, 0x30, 0xec,
    0x3f, 0x60, 0x0, 0xb, 0xd8, 0xf0, 0xa, 0xf7,
    0xf1, 0x0, 0x0, 0x7f, 0xeb, 0x0, 0x5f, 0xed,
    0x0, 0x0, 0x2, 0xff, 0x70, 0x1, 0xff, 0x80,
    0x0, 0x0, 0xd, 0xf3, 0x0, 0xd, 0xf3, 0x0,
    0x0,

    /* U+1E84 "Ẅ" */
    0x0, 0x0, 0x0, 0x1, 0x0, 0x1, 0x0, 0x0,
    0x0, 0x0, 0x0, 0x0, 0x5, 0xf7, 0xb, 0xf1,
    0x0, 0x0, 0x0, 0x0, 0x0, 0x0, 0x5f, 0x70,
    0xbf, 0x10, 0x0, 0x0, 0x0, 0x0, 0x0, 0x0,
    0x0, 0x0, 0x0, 0x0, 0x0, 0x0, 0xaf, 0x40,
    0x0, 0x0, 0xcf, 0xc0, 0x0, 0x0, 0x5f, 0x85,
    0xf8, 0x0, 0x0, 0x1f, 0xff, 0x0, 0x0, 0x9,
    0xf4, 0x1f, 0xb0, 0x0, 0x5, 0xfa, 0xf4, 0x0,
    0x0, 0xdf, 0x0, 0xdf, 0x0, 0x0, 0x9f, 0x3f,
    0x90, 0x0, 0x1f, 0xb0, 0x9, 0xf3, 0x0, 0xe,
    0xc0, 0xdd, 0x0, 0x4, 0xf7, 0x0, 0x5f, 0x60,
    0x2, 0xf8, 0x9, 0xf1, 0x0, 0x8f, 0x30, 0x1,
    0xfa, 0x0, 0x6f, 0x40, 0x5f, 0x60, 0xc, 0xe0,
    0x0, 0xd, 0xe0, 0xb, 0xf0, 0x1, 0xfa, 0x0,
    0xfa, 0x0, 0x0, 0x9f, 0x10, 0xfb, 0x0, 0xd,
    0xe0, 0x3f, 0x60, 0x0, 0x5, 0xf5, 0x4f, 0x70,
    0x0, 0x8f, 0x27, 0xf2, 0x0, 0x0, 0x1f, 0x88,
    0xf2, 0x0, 0x4, 0xf5, 0xbe, 0x0, 0x0, 0x0,
    0xdc, 0xbe, 0x0, 0x0, 0xf, 0x8e, 0xa0, 0x0,
    0x0, 0x9, 0xee, 0xa0, 0x0, 0x0, 0xcd, 0xf5,
    0x0, 0x0, 0x0, 0x5f, 0xf6, 0x0, 0x0, 0x7,
    0xff, 0x10, 0x0, 0x0, 0x1, 0xff, 0x10, 0x0,
    0x0, 0x3f, 0xd0, 0x0, 0x0,

    /* U+1E85 "ẅ" */
    0x0, 0x0, 0x7f, 0x60, 0xdf, 0x0, 0x0, 0x0,
    0x0, 0x7, 0xf6, 0xd, 0xf0, 0x0, 0x0, 0x0,
    0x0, 0x1, 0x0, 0x11, 0x0, 0x0, 0x0, 0x0,
    0x0, 0x0, 0x0, 0x0, 0x0, 0x0, 0xcf, 0x10,
    0x0, 0xcf, 0x40, 0x0, 0x8f, 0x37, 0xf4, 0x0,
    0xf, 0xf8, 0x0, 0xc, 0xe0, 0x2f, 0x90, 0x4,
    0xff, 0xc0, 0x1, 0xf9, 0x0, 0xed, 0x0, 0x8f,
    0xaf, 0x0, 0x5f, 0x40, 0x9, 0xf1, 0xc, 0xb6,
    0xf4, 0xa, 0xf0, 0x0, 0x5f, 0x50, 0xf7, 0x2f,
    0x80, 0xeb, 0x0, 0x0, 0xf9, 0x4f, 0x30, 0xec,
    0x3f, 0x60, 0x0, 0xb, 0xd8, 0xf0, 0xa, 0xf7,
    0xf1, 0x0, 0x0, 0x7f, 0xeb, 0x0, 0x5f, 0xed,
    0x0, 0x0, 0x2, 0xff, 0x70, 0x1, 0xff, 0x80,
    0x0, 0x0, 0xd, 0xf3, 0x0, 0xd, 0xf3, 0x0,
    0x0,

    /* U+1E86 "Ẇ" */
    0x0, 0x0, 0x0, 0x0, 0x1, 0x0, 0x0, 0x0,
    0x0, 0x0, 0x0, 0x0, 0x0, 0x6, 0xf6, 0x0,
    0x0, 0x0, 0x0, 0x0, 0x0, 0x0, 0x0, 0x6f,
    0x60, 0x0, 0x0, 0x0, 0x0, 0x0, 0x0, 0x0,
    0x0, 0x0, 0x0, 0x0, 0x0, 0x0, 0xaf, 0x40,
    0x0, 0x0, 0xcf, 0xc0, 0x0, 0x0, 0x5f, 0x85,
    0xf8, 0x0, 0x0, 0x1f, 0xff, 0x0, 0x0, 0x9,
    0xf4, 0x1f, 0xb0, 0x0, 0x5, 0xfa, 0xf4, 0x0,
    0x0, 0xdf, 0x0, 0xdf, 0x0, 0x0, 0x9f, 0x3f,
    0x90, 0x0, 0x1f, 0xb0, 0x9, 0xf3, 0x0, 0xe,
    0xc0, 0xdd, 0x0, 0x4, 0xf7, 0x0, 0x5f, 0x60,
    0x2, 0xf8, 0x9, 0xf1, 0x0, 0x8f, 0x30, 0x1,
    0xfa, 0x0, 0x6f, 0x40, 0x5f, 0x60, 0xc, 0xe0,
    0x0, 0xd, 0xe0, 0xb, 0xf0, 0x1, 0xfa, 0x0,
    0xfa, 0x0, 0x0, 0x9f, 0x10, 0xfb, 0x0, 0xd,
    0xe0, 0x3f, 0x60, 0x0, 0x5, 0xf5, 0x4f, 0x70,
    0x0, 0x8f, 0x27, 0xf2, 0x0, 0x0, 0x1f, 0x88,
    0xf2, 0x0, 0x4, 0xf5, 0xbe, 0x0, 0x0, 0x0,
    0xdc, 0xbe, 0x0, 0x0, 0xf, 0x8e, 0xa0, 0x0,
    0x0, 0x9, 0xee, 0xa0, 0x0, 0x0, 0xcd, 0xf5,
    0x0, 0x0, 0x0, 0x5f, 0xf6, 0x0, 0x0, 0x7,
    0xff, 0x10, 0x0, 0x0, 0x1, 0xff, 0x10, 0x0,
    0x0, 0x3f, 0xd0, 0x0, 0x0,

    /* U+1E87 "ẇ" */
    0x0, 0x0, 0x0, 0x8f, 0x40, 0x0, 0x0, 0x0,
    0x0, 0x0, 0x8, 0xf4, 0x0, 0x0, 0x0, 0x0,
    0x0, 0x0, 0x1, 0x0, 0x0, 0x0, 0x0, 0x0,
    0x0, 0x0, 0x0, 0x0, 0x0, 0x0, 0xcf, 0x10,
    0x0, 0xcf, 0x40, 0x0, 0x8f, 0x37, 0xf4, 0x0,
    0xf, 0xf8, 0x0, 0xc, 0xe0, 0x2f, 0x90, 0x4,
    0xff, 0xc0, 0x1, 0xf9, 0x0, 0xed, 0x0, 0x8f,
    0xaf, 0x0, 0x5f, 0x40, 0x9, 0xf1, 0xc, 0xb6,
    0xf4, 0xa, 0xf0, 0x0, 0x5f, 0x50, 0xf7, 0x2f,
    0x80, 0xeb, 0x0, 0x0, 0xf9, 0x4f, 0x30, 0xec,
    0x3f, 0x60, 0x0, 0xb, 0xd8, 0xf0, 0xa, 0xf7,
    0xf1, 0x0, 0x0, 0x7f, 0xeb, 0x0, 0x5f, 0xed,
    0x0, 0x0, 0x2, 0xff, 0x70, 0x1, 0xff, 0x80,
    0x0, 0x0, 0xd, 0xf3, 0x0, 0xd, 0xf3, 0x0,
    0x0,

    /* U+1E88 "Ẉ" */
    0xaf, 0x40, 0x0, 0x0, 0xcf, 0xc0, 0x0, 0x0,
    0x5f, 0x85, 0xf8, 0x0, 0x0, 0x1f, 0xff, 0x0,
    0x0, 0x9, 0xf4, 0x1f, 0xb0, 0x0, 0x5, 0xfa,
    0xf4, 0x0, 0x0, 0xdf, 0x0, 0xdf, 0x0, 0x0,
    0x9f, 0x3f, 0x90, 0x0, 0x1f, 0xb0, 0x9, 0xf3,
    0x0, 0xe, 0xc0, 0xdd, 0x0, 0x4, 0xf7, 0x0,
    0x5f, 0x60, 0x2, 0xf8, 0x9, 0xf1, 0x0, 0x8f,
    0x30, 0x1, 0xfa, 0x0, 0x6f, 0x40, 0x5f, 0x60,
    0xc, 0xe0, 0x0, 0xd, 0xe0, 0xb, 0xf0, 0x1,
    0xfa, 0x0, 0xfa, 0x0, 0x0, 0x9f, 0x10, 0xfb,
    0x0, 0xd, 0xe0, 0x3f, 0x60, 0x0, 0x5, 0xf5,
    0x4f, 0x70, 0x0, 0x8f, 0x27, 0xf2, 0x0, 0x0,
    0x1f, 0x88, 0xf2, 0x0, 0x4, 0xf5, 0xbe, 0x0,
    0x0, 0x0, 0xdc, 0xbe, 0x0, 0x0, 0xf, 0x8e,
    0xa0, 0x0, 0x0, 0x9, 0xee, 0xa0, 0x0, 0x0,
    0xcd, 0xf5, 0x0, 0x0, 0x0, 0x5f, 0xf6, 0x0,
    0x0, 0x7, 0xff, 0x10, 0x0, 0x0, 0x1, 0xff,
    0x10, 0x0, 0x0, 0x3f, 0xd0, 0x0, 0x0, 0x0,
    0x0, 0x0, 0x0, 0x0, 0x0, 0x0, 0x0, 0x0,
    0x0, 0x0, 0x0, 0x0, 0x1, 0x0, 0x0, 0x0,
    0x0, 0x0, 0x0, 0x0, 0x0, 0x6, 0xf6, 0x0,
    0x0, 0x0, 0x0, 0x0, 0x0, 0x0, 0x0, 0x6f,
    0x60, 0x0, 0x0, 0x0, 0x0,

    /* U+1E89 "ẉ" */
    0xcf, 0x10, 0x0, 0xcf, 0x40, 0x0, 0x8f, 0x37,
    0xf4, 0x0, 0xf, 0xf8, 0x0, 0xc, 0xe0, 0x2f,
    0x90, 0x4, 0xff, 0xc0, 0x1, 0xf9, 0x0, 0xed,
    0x0, 0x8f, 0xaf, 0x0, 0x5f, 0x40, 0x9, 0xf1,
    0xc, 0xb6, 0xf4, 0xa, 0xf0, 0x0, 0x5f, 0x50,
    0xf7, 0x2f, 0x80, 0xeb, 0x0, 0x0, 0xf9, 0x4f,
    0x30, 0xec, 0x3f, 0x60, 0x0, 0xb, 0xd8, 0xf0,
    0xa, 0xf7, 0xf1, 0x0, 0x0, 0x7f, 0xeb, 0x0,
    0x5f, 0xed, 0x0, 0x0, 0x2, 0xff, 0x70, 0x1,
    0xff, 0x80, 0x0, 0x0, 0xd, 0xf3, 0x0, 0xd,
    0xf3, 0x0, 0x0, 0x0, 0x0, 0x0, 0x0, 0x0,
    0x0, 0x0, 0x0, 0x0, 0x0, 0x1, 0x0, 0x0,
    0x0, 0x0, 0x0, 0x0, 0x8, 0xf4, 0x0, 0x0,
    0x0, 0x0, 0x0, 0x0, 0x8f, 0x40, 0x0, 0x0,
    0x0,

    /* U+1E8A "Ẋ" */
    0x0, 0x0, 0x0, 0x11, 0x0, 0x0, 0x0, 0x0,
    0x0, 0x0, 0xee, 0x0, 0x0, 0x0, 0x0, 0x0,
    0x0, 0xee, 0x0, 0x0, 0x0, 0x0, 0x0, 0x0,
    0x0, 0x0, 0x0, 0x0, 0xd, 0xf5, 0x0, 0x0,
    0x0, 0x9f, 0x70, 0x3, 0xfe, 0x10, 0x0, 0x5,
    0xfc, 0x0, 0x0, 0x8f, 0xa0, 0x0, 0x1e, 0xe1,
    0x0, 0x0, 0xd, 0xf5, 0x0, 0xbf, 0x50, 0x0,
    0x0, 0x3, 0xfe, 0x17, 0xf9, 0x0, 0x0, 0x0,
    0x0, 0x8f, 0xbf, 0xd0, 0x0, 0x0, 0x0, 0x0,
    0xc, 0xff, 0x30, 0x0, 0x0, 0x0, 0x0, 0x9,
    0xff, 0x20, 0x0, 0x0, 0x0, 0x0, 0x4f, 0xef,
    0xc0, 0x0, 0x0, 0x0, 0x1, 0xef, 0x2c, 0xf7,
    0x0, 0x0, 0x0, 0xb, 0xf7, 0x2, 0xff, 0x20,
    0x0, 0x0, 0x6f, 0xc0, 0x0, 0x7f, 0xc0, 0x0,
    0x2, 0xff, 0x20, 0x0, 0xc, 0xf8, 0x0, 0xd,
    0xf6, 0x0, 0x0, 0x2, 0xff, 0x30, 0x8f, 0xb0,
    0x0, 0x0, 0x0, 0x7f, 0xd0,

    /* U+1E8B "ẋ" */
    0x0, 0x0, 0xdf, 0x0, 0x0, 0x0, 0x0, 0xdf,
    0x0, 0x0, 0x0, 0x0, 0x11, 0x0, 0x0, 0x0,
    0x0, 0x0, 0x0, 0x0, 0x3f, 0xe0, 0x0, 0xd,
    0xf3, 0x9, 0xf8, 0x0, 0x8f, 0x80, 0x0, 0xdf,
    0x23, 0xfd, 0x0, 0x0, 0x3f, 0xcd, 0xf2, 0x0,
    0x0, 0x9, 0xff, 0x70, 0x0, 0x0, 0x4, 0xff,
    0x30, 0x0, 0x0, 0xd, 0xff, 0xd0, 0x0, 0x0,
    0x8f, 0x77, 0xf8, 0x0, 0x3, 0xfd, 0x0, 0xdf,
    0x30, 0xd, 0xf3, 0x0, 0x3f, 0xd0, 0x8f, 0x90,
    0x0, 0x9, 0xf8,

    /* U+1E8C "Ẍ" */
    0x0, 0x0, 0x10, 0x0, 0x10, 0x0, 0x0, 0x0,
    0x1, 0xfb, 0x7, 0xf5, 0x0, 0x0, 0x0, 0x1,
    0xfb, 0x7, 0xf5, 0x0, 0x0, 0x0, 0x0, 0x0,
    0x0, 0x0, 0x0, 0x0, 0xd, 0xf5, 0x0, 0x0,
    0x0, 0x9f, 0x70, 0x3, 0xfe, 0x10, 0x0, 0x5,
    0xfc, 0x0, 0x0, 0x8f, 0xa0, 0x0, 0x1e, 0xe1,
    0x0, 0x0, 0xd, 0xf5, 0x0, 0xbf, 0x50, 0x0,
    0x0, 0x3, 0xfe, 0x17, 0xf9, 0x0, 0x0, 0x0,
    0x0, 0x8f, 0xbf, 0xd0, 0x0, 0x0, 0x0, 0x0,
    0xc, 0xff, 0x30, 0x0, 0x0, 0x0, 0x0, 0x9,
    0xff, 0x20, 0x0, 0x0, 0x0, 0x0, 0x4f, 0xef,
    0xc0, 0x0, 0x0, 0x0, 0x1, 0xef, 0x2c, 0xf7,
    0x0, 0x0, 0x0, 0xb, 0xf7, 0x2, 0xff, 0x20,
    0x0, 0x0, 0x6f, 0xc0, 0x0, 0x7f, 0xc0, 0x0,
    0x2, 0xff, 0x20, 0x0, 0xc, 0xf8, 0x0, 0xd,
    0xf6, 0x0, 0x0, 0x2, 0xff, 0x30, 0x8f, 0xb0,
    0x0, 0x0, 0x0, 0x7f, 0xd0,

    /* U+1E8D "ẍ" */
    0x0, 0xdf, 0x3, 0xf9, 0x0, 0x0, 0xdf, 0x3,
    0xf9, 0x0, 0x0, 0x11, 0x0, 0x10, 0x0, 0x0,
    0x0, 0x0, 0x0, 0x0, 0x3f, 0xe0, 0x0, 0xd,
    0xf3, 0x9, 0xf8, 0x0, 0x8f, 0x80, 0x0, 0xdf,
    0x23, 0xfd, 0x0, 0x0, 0x3f, 0xcd, 0xf2, 0x0,
    0x0, 0x9, 0xff, 0x70, 0x0, 0x0, 0x4, 0xff,
    0x30, 0x0, 0x0, 0xd, 0xff, 0xd0, 0x0, 0x0,
    0x8f, 0x77, 0xf8, 0x0, 0x3, 0xfd, 0x0, 0xdf,
    0x30, 0xd, 0xf3, 0x0, 0x3f, 0xd0, 0x8f, 0x90,
    0x0, 0x9, 0xf8,

    /* U+1E8E "Ẏ" */
    0x0, 0x0, 0x0, 0x10, 0x0, 0x0, 0x0, 0x0,
    0x0, 0x2, 0xfa, 0x0, 0x0, 0x0, 0x0, 0x0,
    0x2, 0xfa, 0x0, 0x0, 0x0, 0x0, 0x0, 0x0,
    0x0, 0x0, 0x0, 0x0, 0x9f, 0xb0, 0x0, 0x0,
    0x0, 0x4f, 0xd0, 0xe, 0xf5, 0x0, 0x0, 0x0,
    0xef, 0x30, 0x5, 0xfe, 0x0, 0x0, 0x8, 0xf9,
    0x0, 0x0, 0xaf, 0x90, 0x0, 0x3f, 0xd0, 0x0,
    0x0, 0x1e, 0xf3, 0x0, 0xcf, 0x40, 0x0, 0x0,
    0x6, 0xfc, 0x6, 0xf9, 0x0, 0x0, 0x0, 0x0,
    0xcf, 0x7e, 0xe0, 0x0, 0x0, 0x0, 0x0, 0x2f,
    0xff, 0x40, 0x0, 0x0, 0x0, 0x0, 0x8, 0xfa,
    0x0, 0x0, 0x0, 0x0, 0x0, 0x6, 0xf8, 0x0,
    0x0, 0x0, 0x0, 0x0, 0x6, 0xf8, 0x0, 0x0,
    0x0, 0x0, 0x0, 0x6, 0xf8, 0x0, 0x0, 0x0,
    0x0, 0x0, 0x6, 0xf8, 0x0, 0x0, 0x0, 0x0,
    0x0, 0x6, 0xf8, 0x0, 0x0, 0x0, 0x0, 0x0,
    0x6, 0xf8, 0x0, 0x0, 0x0,

    /* U+1E8F "ẏ" */
    0x0, 0x0, 0xbf, 0x10, 0x0, 0x0, 0x0, 0xbf,
    0x10, 0x0, 0x0, 0x0, 0x1, 0x0, 0x0, 0x0,
    0x0, 0x0, 0x0, 0x0, 0x7f, 0x60, 0x0, 0x1,
    0xfa, 0x2f, 0xb0, 0x0, 0x7, 0xf4, 0xc, 0xf1,
    0x0, 0xd, 0xe0, 0x6, 0xf7, 0x0, 0x2f, 0x90,
    0x0, 0xfc, 0x0, 0x8f, 0x30, 0x0, 0xaf, 0x20,
    0xed, 0x0, 0x0, 0x4f, 0x73, 0xf7, 0x0, 0x0,
    0xe, 0xd8, 0xf1, 0x0, 0x0, 0x8, 0xfd, 0xb0,
    0x0, 0x0, 0x2, 0xff, 0x50, 0x0, 0x0, 0x0,
    0xdf, 0x0, 0x0, 0x0, 0x1, 0xfa, 0x0, 0x0,
    0x0, 0x8, 0xf4, 0x0, 0x0, 0xc, 0xdf, 0xb0,
    0x0, 0x0, 0xb, 0xfb, 0x10, 0x0, 0x0,

    /* U+1E90 "Ẑ" */
    0x0, 0x0, 0x6, 0x83, 0x0, 0x0, 0x0, 0x0,
    0x8f, 0xce, 0x20, 0x0, 0x0, 0x5, 0xf9, 0x1e,
    0xd1, 0x0, 0x0, 0x0, 0x0, 0x0, 0x0, 0x0,
    0xd, 0xff, 0xff, 0xff, 0xff, 0xf7, 0x9, 0xcc,
    0xcc, 0xcc, 0xcf, 0xf6, 0x0, 0x0, 0x0, 0x0,
    0x7f, 0xd0, 0x0, 0x0, 0x0, 0x4, 0xff, 0x20,
    0x0, 0x0, 0x0, 0x1e, 0xf5, 0x0, 0x0, 0x0,
    0x0, 0xcf, 0x80, 0x0, 0x0, 0x0, 0x9, 0xfc,
    0x0, 0x0, 0x0, 0x0, 0x5f, 0xe1, 0x0, 0x0,
    0x0, 0x2, 0xff, 0x30, 0x0, 0x0, 0x0, 0xd,
    0xf7, 0x0, 0x0, 0x0, 0x0, 0x9f, 0xa0, 0x0,
    0x0, 0x0, 0x6, 0xfd, 0x0, 0x0, 0x0, 0x0,
    0x2f, 0xf2, 0x0, 0x0, 0x0, 0x0, 0xaf, 0xec,
    0xcc, 0xcc, 0xcc, 0xc8, 0xaf, 0xff, 0xff, 0xff,
    0xff, 0xfb,

    /* U+1E91 "ẑ" */
    0x0, 0x3, 0xff, 0x70, 0x0, 0x0, 0x1e, 0xd8,
    0xf5, 0x0, 0x0, 0x6a, 0x20, 0x99, 0x0, 0x0,
    0x0, 0x0, 0x0, 0x0, 0x3f, 0xff, 0xff, 0xff,
    0xf4, 0x17, 0x77, 0x77, 0x9f, 0xe1, 0x0, 0x0,
    0x0, 0xcf, 0x30, 0x0, 0x0, 0xa, 0xf6, 0x0,
    0x0, 0x0, 0x7f, 0xa0, 0x0, 0x0, 0x4, 0xfc,
    0x0, 0x0, 0x0, 0x2f, 0xe1, 0x0, 0x0, 0x1,
    0xdf, 0x40, 0x0, 0x0, 0xb, 0xf7, 0x0, 0x0,
    0x0, 0x7f, 0xe8, 0x88, 0x88, 0x85, 0x9f, 0xff,
    0xff, 0xff, 0xf9,

    /* U+1E92 "Ẓ" */
    0xd, 0xff, 0xff, 0xff, 0xff, 0xf7, 0x9, 0xcc,
    0xcc, 0xcc, 0xcf, 0xf6, 0x0, 0x0, 0x0, 0x0,
    0x7f, 0xd0, 0x0, 0x0, 0x0, 0x4, 0xff, 0x20,
    0x0, 0x0, 0x0, 0x1e, 0xf5, 0x0, 0x0, 0x0,
    0x0, 0xcf, 0x80, 0x0, 0x0, 0x0, 0x9, 0xfc,
    0x0, 0x0, 0x0, 0x0, 0x5f, 0xe1, 0x0, 0x0,
    0x0, 0x2, 0xff, 0x30, 0x0, 0x0, 0x0, 0xd,
    0xf7, 0x0, 0x0, 0x0, 0x0, 0x9f, 0xa0, 0x0,
    0x0, 0x0, 0x6, 0xfd, 0x0, 0x0, 0x0, 0x0,
    0x2f, 0xf2, 0x0, 0x0, 0x0, 0x0, 0xaf, 0xec,
    0xcc, 0xcc, 0xcc, 0xc8, 0xaf, 0xff, 0xff, 0xff,
    0xff, 0xfb, 0x0, 0x0, 0x0, 0x0, 0x0, 0x0,
    0x0, 0x0, 0x1, 0x0, 0x0, 0x0, 0x0, 0x0,
    0xf, 0xc0, 0x0, 0x0, 0x0, 0x0, 0xf, 0xc0,
    0x0, 0x0,

    /* U+1E93 "ẓ" */
    0x3f, 0xff, 0xff, 0xff, 0xf4, 0x17, 0x77, 0x77,
    0x9f, 0xe1, 0x0, 0x0, 0x0, 0xcf, 0x30, 0x0,
    0x0, 0xa, 0xf6, 0x0, 0x0, 0x0, 0x7f, 0xa0,
    0x0, 0x0, 0x4, 0xfc, 0x0, 0x0, 0x0, 0x2f,
    0xe1, 0x0, 0x0, 0x1, 0xdf, 0x40, 0x0, 0x0,
    0xb, 0xf7, 0x0, 0x0, 0x0, 0x7f, 0xe8, 0x88,
    0x88, 0x85, 0x9f, 0xff, 0xff, 0xff, 0xf9, 0x0,
    0x0, 0x0, 0x0, 0x0, 0x0, 0x0, 0x11, 0x0,
    0x0, 0x0, 0x0, 0xfd, 0x0, 0x0, 0x0, 0x0,
    0xfd, 0x0, 0x0,

    /* U+1E94 "Ẕ" */
    0xd, 0xff, 0xff, 0xff, 0xff, 0xf7, 0x9, 0xcc,
    0xcc, 0xcc, 0xcf, 0xf6, 0x0, 0x0, 0x0, 0x0,
    0x7f, 0xd0, 0x0, 0x0, 0x0, 0x4, 0xff, 0x20,
    0x0, 0x0, 0x0, 0x1e, 0xf5, 0x0, 0x0, 0x0,
    0x0, 0xcf, 0x80, 0x0, 0x0, 0x0, 0x9, 0xfc,
    0x0, 0x0, 0x0, 0x0, 0x5f, 0xe1, 0x0, 0x0,
    0x0, 0x2, 0xff, 0x30, 0x0, 0x0, 0x0, 0xd,
    0xf7, 0x0, 0x0, 0x0, 0x0, 0x9f, 0xa0, 0x0,
    0x0, 0x0, 0x6, 0xfd, 0x0, 0x0, 0x0, 0x0,
    0x2f, 0xf2, 0x0, 0x0, 0x0, 0x0, 0xaf, 0xec,
    0xcc, 0xcc, 0xcc, 0xc8, 0xaf, 0xff, 0xff, 0xff,
    0xff, 0xfb, 0x0, 0x0, 0x0, 0x0, 0x0, 0x0,
    0x0, 0x0, 0x0, 0x0, 0x0, 0x0, 0x0, 0x8,
    0x88, 0x88, 0x80, 0x0, 0x0, 0xf, 0xff, 0xff,
    0xf1, 0x0,

    /* U+1E95 "ẕ" */
    0x3f, 0xff, 0xff, 0xff, 0xf4, 0x17, 0x77, 0x77,
    0x9f, 0xe1, 0x0, 0x0, 0x0, 0xcf, 0x30, 0x0,
    0x0, 0xa, 0xf6, 0x0, 0x0, 0x0, 0x7f, 0xa0,
    0x0, 0x0, 0x4, 0xfc, 0x0, 0x0, 0x0, 0x2f,
    0xe1, 0x0, 0x0, 0x1, 0xdf, 0x40, 0x0, 0x0,
    0xb, 0xf7, 0x0, 0x0, 0x0, 0x7f, 0xe8, 0x88,
    0x88, 0x85, 0x9f, 0xff, 0xff, 0xff, 0xf9, 0x0,
    0x0, 0x0, 0x0, 0x0, 0x0, 0x0, 0x0, 0x0,
    0x0, 0x0, 0x88, 0x88, 0x88, 0x0, 0x0, 0xff,
    0xff, 0xff, 0x10,

    /* U+1E96 "ẖ" */
    0xaf, 0x10, 0x0, 0x0, 0xa, 0xf1, 0x0, 0x0,
    0x0, 0xaf, 0x10, 0x0, 0x0, 0xa, 0xf1, 0x0,
    0x0, 0x0, 0xaf, 0x29, 0xef, 0xc5, 0xa, 0xfe,
    0xea, 0xbf, 0xf4, 0xaf, 0xc1, 0x0, 0x6f, 0xaa,
    0xf4, 0x0, 0x0, 0xfc, 0xaf, 0x20, 0x0, 0xf,
    0xca, 0xf1, 0x0, 0x0, 0xfd, 0xaf, 0x10, 0x0,
    0xf, 0xda, 0xf1, 0x0, 0x0, 0xfd, 0xaf, 0x10,
    0x0, 0xf, 0xda, 0xf1, 0x0, 0x0, 0xfd, 0xaf,
    0x10, 0x0, 0xf, 0xd0, 0x0, 0x0, 0x0, 0x0,
    0x0, 0x0, 0x0, 0x0, 0x0, 0x38, 0x88, 0x88,
    0x50, 0x6, 0xff, 0xff, 0xfb, 0x0,

    /* U+1E97 "ẗ" */
    0x11, 0x0, 0x10, 0xfd, 0x5, 0xf7, 0xfd, 0x5,
    0xf7, 0x0, 0x0, 0x0, 0x0, 0x2, 0x0, 0x3,
    0xe6, 0x0, 0x6, 0xf6, 0x0, 0x6, 0xf6, 0x0,
    0xaf, 0xff, 0xf2, 0x4a, 0xfa, 0x60, 0x6, 0xf6,
    0x0, 0x6, 0xf6, 0x0, 0x6, 0xf6, 0x0, 0x6,
    0xf6, 0x0, 0x6, 0xf6, 0x0, 0x5, 0xf6, 0x0,
    0x5, 0xf7, 0x0, 0x3, 0xfe, 0xb2, 0x0, 0x9f,
    0xf4,

    /* U+1E98 "ẘ" */
    0x0, 0x0, 0x0, 0x8b, 0x50, 0x0, 0x0, 0x0,
    0x0, 0x0, 0x47, 0xb, 0x0, 0x0, 0x0, 0x0,
    0x0, 0x4, 0x70, 0xb0, 0x0, 0x0, 0x0, 0x0,
    0x0, 0x9, 0xb5, 0x0, 0x0, 0x0, 0x0, 0x0,
    0x0, 0x0, 0x0, 0x0, 0x0, 0xc, 0xf1, 0x0,
    0xc, 0xf4, 0x0, 0x8, 0xf3, 0x7f, 0x40, 0x0,
    0xff, 0x80, 0x0, 0xce, 0x2, 0xf9, 0x0, 0x4f,
    0xfc, 0x0, 0x1f, 0x90, 0xe, 0xd0, 0x8, 0xfa,
    0xf0, 0x5, 0xf4, 0x0, 0x9f, 0x10, 0xcb, 0x6f,
    0x40, 0xaf, 0x0, 0x5, 0xf5, 0xf, 0x72, 0xf8,
    0xe, 0xb0, 0x0, 0xf, 0x94, 0xf3, 0xe, 0xc3,
    0xf6, 0x0, 0x0, 0xbd, 0x8f, 0x0, 0xaf, 0x7f,
    0x10, 0x0, 0x7, 0xfe, 0xb0, 0x5, 0xfe, 0xd0,
    0x0, 0x0, 0x2f, 0xf7, 0x0, 0x1f, 0xf8, 0x0,
    0x0, 0x0, 0xdf, 0x30, 0x0, 0xdf, 0x30, 0x0,

    /* U+1E99 "ẙ" */
    0x0, 0x1, 0xab, 0x30, 0x0, 0x0, 0x8, 0x41,
    0xb0, 0x0, 0x0, 0x8, 0x40, 0xb0, 0x0, 0x0,
    0x1, 0xab, 0x30, 0x0, 0x0, 0x0, 0x0, 0x0,
    0x0, 0x7f, 0x60, 0x0, 0x1, 0xfa, 0x2f, 0xb0,
    0x0, 0x7, 0xf4, 0xc, 0xf1, 0x0, 0xd, 0xe0,
    0x6, 0xf7, 0x0, 0x2f, 0x90, 0x0, 0xfc, 0x0,
    0x8f, 0x30, 0x0, 0xaf, 0x20, 0xed, 0x0, 0x0,
    0x4f, 0x73, 0xf7, 0x0, 0x0, 0xe, 0xd8, 0xf1,
    0x0, 0x0, 0x8, 0xfd, 0xb0, 0x0, 0x0, 0x2,
    0xff, 0x50, 0x0, 0x0, 0x0, 0xdf, 0x0, 0x0,
    0x0, 0x1, 0xfa, 0x0, 0x0, 0x0, 0x8, 0xf4,
    0x0, 0x0, 0xc, 0xdf, 0xb0, 0x0, 0x0, 0xb,
    0xfb, 0x10, 0x0, 0x0,

    /* U+1E9A "ẚ" */
    0x0, 0x0, 0x0, 0x0, 0x8c, 0x30, 0x0, 0x0,
    0x0, 0x0, 0x3, 0xd0, 0x0, 0x0, 0x0, 0x0,
    0x0, 0xd1, 0x0, 0x0, 0x0, 0x0, 0x3, 0xd0,
    0x0, 0x0, 0x0, 0x0, 0x8c, 0x30, 0x0, 0x29,
    0xdf, 0xec, 0x50, 0x0, 0x2, 0xff, 0x98, 0x9f,
    0xf5, 0x0, 0xa, 0xf3, 0x0, 0x4, 0xfa, 0x0,
    0x4, 0x60, 0x0, 0x0, 0xfb, 0x0, 0x0, 0x1,
    0x46, 0x9c, 0xfb, 0x0, 0x1, 0xbf, 0xff, 0xe9,
    0xfc, 0x0, 0xc, 0xf9, 0x41, 0x0, 0xfc, 0x0,
    0x2f, 0xb0, 0x0, 0x3, 0xfc, 0x0, 0x2f, 0xc0,
    0x0, 0xb, 0xfc, 0x0, 0xc, 0xfb, 0x78, 0xed,
    0xed, 0x0, 0x1, 0x9e, 0xfd, 0x70, 0xaf, 0x10,

    /* U+1E9B "ẛ" */
    0x0, 0x1, 0x0, 0x0, 0x2, 0xfa, 0x0, 0x0,
    0x2f, 0xa0, 0x0, 0x0, 0x0, 0x0, 0x0, 0x5d,
    0xfe, 0x10, 0x1f, 0xfc, 0xb0, 0x3, 0xfa, 0x0,
    0x0, 0x4f, 0x70, 0x0, 0xdf, 0xf7, 0x0, 0x5,
    0x9f, 0x70, 0x0, 0x4, 0xf7, 0x0, 0x0, 0x4f,
    0x70, 0x0, 0x4, 0xf7, 0x0, 0x0, 0x4f, 0x70,
    0x0, 0x4, 0xf7, 0x0, 0x0, 0x4f, 0x70, 0x0,
    0x4, 0xf7, 0x0, 0x0, 0x4f, 0x70, 0x0, 0x4,
    0xf7, 0x0, 0x0,

    /* U+1EA0 "Ạ" */
    0x0, 0x0, 0x0, 0xbf, 0xb0, 0x0, 0x0, 0x0,
    0x0, 0x0, 0x1f, 0xef, 0x10, 0x0, 0x0, 0x0,
    0x0, 0x6, 0xf6, 0xf7, 0x0, 0x0, 0x0, 0x0,
    0x0, 0xce, 0xe, 0xd0, 0x0, 0x0, 0x0, 0x0,
    0x2f, 0x90, 0x8f, 0x40, 0x0, 0x0, 0x0, 0x8,
    0xf3, 0x2, 0xfa, 0x0, 0x0, 0x0, 0x0, 0xed,
    0x0, 0xc, 0xf1, 0x0, 0x0, 0x0, 0x4f, 0x70,
    0x0, 0x6f, 0x60, 0x0, 0x0, 0xa, 0xfa, 0x99,
    0x99, 0xfd, 0x0, 0x0, 0x0, 0xff, 0xff, 0xff,
    0xff, 0xf3, 0x0, 0x0, 0x5f, 0x60, 0x0, 0x0,
    0x4f, 0x90, 0x0, 0xb, 0xf1, 0x0, 0x0, 0x0,
    0xef, 0x0, 0x1, 0xfc, 0x0, 0x0, 0x0, 0x9,
    0xf6, 0x0, 0x7f, 0x70, 0x0, 0x0, 0x0, 0x4f,
    0xc0, 0xd, 0xf2, 0x0, 0x0, 0x0, 0x0, 0xef,
    0x20, 0x0, 0x0, 0x0, 0x0, 0x0, 0x0, 0x0,
    0x0, 0x0, 0x0, 0x1, 0x0, 0x0, 0x0, 0x0,
    0x0, 0x0, 0x4, 0xf8, 0x0, 0x0, 0x0, 0x0,
    0x0, 0x0, 0x4f, 0x80, 0x0, 0x0, 0x0,

    /* U+1EA1 "ạ" */
    0x0, 0x29, 0xdf, 0xec, 0x50, 0x0, 0x2f, 0xf9,
    0x89, 0xff, 0x50, 0xa, 0xf3, 0x0, 0x4, 0xfa,
    0x0, 0x46, 0x0, 0x0, 0xf, 0xb0, 0x0, 0x1,
    0x46, 0x9c, 0xfb, 0x0, 0x1b, 0xff, 0xfe, 0x9f,
    0xc0, 0xc, 0xf9, 0x41, 0x0, 0xfc, 0x2, 0xfb,
    0x0, 0x0, 0x3f, 0xc0, 0x2f, 0xc0, 0x0, 0xb,
    0xfc, 0x0, 0xcf, 0xb7, 0x8e, 0xde, 0xd0, 0x1,
    0x9e, 0xfd, 0x70, 0xaf, 0x10, 0x0, 0x0, 0x0,
    0x0, 0x0, 0x0, 0x0, 0x1, 0x0, 0x0, 0x0,
    0x0, 0x6, 0xf6, 0x0, 0x0, 0x0, 0x0, 0x6f,
    0x60, 0x0, 0x0,

    /* U+1EA2 "Ả" */
    0x0, 0x0, 0x3, 0xee, 0xc4, 0x0, 0x0, 0x0,
    0x0, 0x0, 0x2, 0x3d, 0xe0, 0x0, 0x0, 0x0,
    0x0, 0x0, 0xe, 0xb4, 0x0, 0x0, 0x0, 0x0,
    0x0, 0x0, 0x20, 0x0, 0x0, 0x0, 0x0, 0x0,
    0x0, 0xbf, 0xb0, 0x0, 0x0, 0x0, 0x0, 0x0,
    0x1f, 0xff, 0x10, 0x0, 0x0, 0x0, 0x0, 0x6,
    0xf7, 0xf7, 0x0, 0x0, 0x0, 0x0, 0x0, 0xce,
    0xf, 0xd0, 0x0, 0x0, 0x0, 0x0, 0x2f, 0xa0,
    0xaf, 0x40, 0x0, 0x0, 0x0, 0x8, 0xf5, 0x4,
    0xfa, 0x0, 0x0, 0x0, 0x0, 0xef, 0x0, 0xe,
    0xf1, 0x0, 0x0, 0x0, 0x4f, 0xa0, 0x0, 0x9f,
    0x60, 0x0, 0x0, 0xa, 0xf4, 0x0, 0x3, 0xfd,
    0x0, 0x0, 0x0, 0xff, 0xff, 0xff, 0xff, 0xf3,
    0x0, 0x0, 0x5f, 0xc9, 0x99, 0x99, 0xbf, 0x90,
    0x0, 0xb, 0xf3, 0x0, 0x0, 0x1, 0xff, 0x0,
    0x1, 0xfd, 0x0, 0x0, 0x0, 0xb, 0xf6, 0x0,
    0x7f, 0x80, 0x0, 0x0, 0x0, 0x5f, 0xc0, 0xd,
    0xf2, 0x0, 0x0, 0x0, 0x0, 0xef, 0x20,

    /* U+1EA3 "ả" */
    0x0, 0x0, 0xee, 0xc6, 0x0, 0x0, 0x0, 0x2,
    0x3c, 0xf1, 0x0, 0x0, 0x0, 0xb, 0xc5, 0x0,
    0x0, 0x0, 0x0, 0x21, 0x0, 0x0, 0x0, 0x0,
    0x0, 0x0, 0x0, 0x0, 0x2, 0x9d, 0xfe, 0xc5,
    0x0, 0x2, 0xff, 0x98, 0x9f, 0xf5, 0x0, 0xaf,
    0x30, 0x0, 0x4f, 0xa0, 0x4, 0x60, 0x0, 0x0,
    0xfb, 0x0, 0x0, 0x14, 0x69, 0xcf, 0xb0, 0x1,
    0xbf, 0xff, 0xe9, 0xfc, 0x0, 0xcf, 0x94, 0x10,
    0xf, 0xc0, 0x2f, 0xb0, 0x0, 0x3, 0xfc, 0x2,
    0xfc, 0x0, 0x0, 0xbf, 0xc0, 0xc, 0xfb, 0x78,
    0xed, 0xed, 0x0, 0x19, 0xef, 0xd7, 0xa, 0xf1,

    /* U+1EA4 "Ấ" */
    0x0, 0x0, 0x0, 0x0, 0x0, 0xb, 0xf6, 0x0,
    0x0, 0x0, 0x2, 0x53, 0x2, 0xfa, 0x0, 0x0,
    0x0, 0x1, 0xef, 0xf4, 0x8c, 0x0, 0x0, 0x0,
    0x0, 0xcf, 0x2c, 0xf2, 0x0, 0x0, 0x0, 0x0,
    0x13, 0x20, 0x13, 0x20, 0x0, 0x0, 0x0, 0x0,
    0xb, 0xfb, 0x0, 0x0, 0x0, 0x0, 0x0, 0x1,
    0xff, 0xf1, 0x0, 0x0, 0x0, 0x0, 0x0, 0x6f,
    0x7f, 0x70, 0x0, 0x0, 0x0, 0x0, 0xc, 0xe0,
    0xfd, 0x0, 0x0, 0x0, 0x0, 0x2, 0xfa, 0xa,
    0xf4, 0x0, 0x0, 0x0, 0x0, 0x8f, 0x50, 0x4f,
    0xa0, 0x0, 0x0, 0x0, 0xe, 0xf0, 0x0, 0xef,
    0x10, 0x0, 0x0, 0x4, 0xfa, 0x0, 0x9, 0xf6,
    0x0, 0x0, 0x0, 0xaf, 0x40, 0x0, 0x3f, 0xd0,
    0x0, 0x0, 0xf, 0xff, 0xff, 0xff, 0xff, 0x30,
    0x0, 0x5, 0xfc, 0x99, 0x99, 0x9b, 0xf9, 0x0,
    0x0, 0xbf, 0x30, 0x0, 0x0, 0x1f, 0xf0, 0x0,
    0x1f, 0xd0, 0x0, 0x0, 0x0, 0xbf, 0x60, 0x7,
    0xf8, 0x0, 0x0, 0x0, 0x5, 0xfc, 0x0, 0xdf,
    0x20, 0x0, 0x0, 0x0, 0xe, 0xf2,

    /* U+1EA5 "ấ" */
    0x0, 0x0, 0x0, 0x0, 0xc, 0xf5, 0x0, 0x0,
    0x0, 0x0, 0x4f, 0x90, 0x0, 0x0, 0xcf, 0xd0,
    0x9b, 0x0, 0x0, 0x9, 0xf4, 0xea, 0x0, 0x0,
    0x0, 0x2a, 0x60, 0x5a, 0x30, 0x0, 0x0, 0x0,
    0x0, 0x0, 0x0, 0x0, 0x0, 0x29, 0xdf, 0xec,
    0x50, 0x0, 0x2, 0xff, 0x98, 0x9f, 0xf5, 0x0,
    0xa, 0xf3, 0x0, 0x4, 0xfa, 0x0, 0x4, 0x60,
    0x0, 0x0, 0xfb, 0x0, 0x0, 0x1, 0x46, 0x9c,
    0xfb, 0x0, 0x1, 0xbf, 0xff, 0xe9, 0xfc, 0x0,
    0xc, 0xf9, 0x41, 0x0, 0xfc, 0x0, 0x2f, 0xb0,
    0x0, 0x3, 0xfc, 0x0, 0x2f, 0xc0, 0x0, 0xb,
    0xfc, 0x0, 0xc, 0xfb, 0x78, 0xed, 0xed, 0x0,
    0x1, 0x9e, 0xfd, 0x70, 0xaf, 0x10,

    /* U+1EA6 "Ầ" */
    0x2, 0xff, 0x10, 0x0, 0x0, 0x0, 0x0, 0x0,
    0x6, 0xf7, 0x2, 0x53, 0x0, 0x0, 0x0, 0x0,
    0x9, 0xb1, 0xef, 0xf4, 0x0, 0x0, 0x0, 0x0,
    0x0, 0xcf, 0x2c, 0xf2, 0x0, 0x0, 0x0, 0x0,
    0x13, 0x20, 0x13, 0x20, 0x0, 0x0, 0x0, 0x0,
    0xb, 0xfb, 0x0, 0x0, 0x0, 0x0, 0x0, 0x1,
    0xff, 0xf1, 0x0, 0x0, 0x0, 0x0, 0x0, 0x6f,
    0x7f, 0x70, 0x0, 0x0, 0x0, 0x0, 0xc, 0xe0,
    0xfd, 0x0, 0x0, 0x0, 0x0, 0x2, 0xfa, 0xa,
    0xf4, 0x0, 0x0, 0x0, 0x0, 0x8f, 0x50, 0x4f,
    0xa0, 0x0, 0x0, 0x0, 0xe, 0xf0, 0x0, 0xef,
    0x10, 0x0, 0x0, 0x4, 0xfa, 0x0, 0x9, 0xf6,
    0x0, 0x0, 0x0, 0xaf, 0x40, 0x0, 0x3f, 0xd0,
    0x0, 0x0, 0xf, 0xff, 0xff, 0xff, 0xff, 0x30,
    0x0, 0x5, 0xfc, 0x99, 0x99, 0x9b, 0xf9, 0x0,
    0x0, 0xbf, 0x30, 0x0, 0x0, 0x1f, 0xf0, 0x0,
    0x1f, 0xd0, 0x0, 0x0, 0x0, 0xbf, 0x60, 0x7,
    0xf8, 0x0, 0x0, 0x0, 0x5, 0xfc, 0x0, 0xdf,
    0x20, 0x0, 0x0, 0x0, 0xe, 0xf2,

    /* U+1EA7 "ầ" */
    0x3f, 0xe0, 0x0, 0x0, 0x0, 0x0, 0x7, 0xf6,
    0x0, 0x0, 0x0, 0x0, 0x0, 0xaa, 0xc, 0xfd,
    0x0, 0x0, 0x0, 0x0, 0x9f, 0x4e, 0xa0, 0x0,
    0x0, 0x2, 0xa6, 0x5, 0xa3, 0x0, 0x0, 0x0,
    0x0, 0x0, 0x0, 0x0, 0x0, 0x2, 0x9d, 0xfe,
    0xc5, 0x0, 0x0, 0x2f, 0xf9, 0x89, 0xff, 0x50,
    0x0, 0xaf, 0x30, 0x0, 0x4f, 0xa0, 0x0, 0x46,
    0x0, 0x0, 0xf, 0xb0, 0x0, 0x0, 0x14, 0x69,
    0xcf, 0xb0, 0x0, 0x1b, 0xff, 0xfe, 0x9f, 0xc0,
    0x0, 0xcf, 0x94, 0x10, 0xf, 0xc0, 0x2, 0xfb,
    0x0, 0x0, 0x3f, 0xc0, 0x2, 0xfc, 0x0, 0x0,
    0xbf, 0xc0, 0x0, 0xcf, 0xb7, 0x8e, 0xde, 0xd0,
    0x0, 0x19, 0xef, 0xd7, 0xa, 0xf1,

    /* U+1EA8 "Ẩ" */
    0x0, 0x0, 0x0, 0x0, 0x8, 0xed, 0x80, 0x0,
    0x0, 0x0, 0x0, 0x0, 0x12, 0x7f, 0x60, 0x0,
    0x0, 0x0, 0x37, 0x50, 0x5, 0xf7, 0x0, 0x0,
    0x0, 0x2e, 0xff, 0x55, 0xe7, 0x0, 0x0, 0x0,
    0xd, 0xf3, 0xcf, 0x32, 0x0, 0x0, 0x0, 0x1,
    0x42, 0x1, 0x42, 0x0, 0x0, 0x0, 0x0, 0x0,
    0xbf, 0xb0, 0x0, 0x0, 0x0, 0x0, 0x0, 0x1f,
    0xff, 0x10, 0x0, 0x0, 0x0, 0x0, 0x6, 0xf7,
    0xf7, 0x0, 0x0, 0x0, 0x0, 0x0, 0xce, 0xf,
    0xd0, 0x0, 0x0, 0x0, 0x0, 0x2f, 0xa0, 0xaf,
    0x40, 0x0, 0x0, 0x0, 0x8, 0xf5, 0x4, 0xfa,
    0x0, 0x0, 0x0, 0x0, 0xef, 0x0, 0xe, 0xf1,
    0x0, 0x0, 0x0, 0x4f, 0xa0, 0x0, 0x9f, 0x60,
    0x0, 0x0, 0xa, 0xf4, 0x0, 0x3, 0xfd, 0x0,
    0x0, 0x0, 0xff, 0xff, 0xff, 0xff, 0xf3, 0x0,
    0x0, 0x5f, 0xc9, 0x99, 0x99, 0xbf, 0x90, 0x0,
    0xb, 0xf3, 0x0, 0x0, 0x1, 0xff, 0x0, 0x1,
    0xfd, 0x0, 0x0, 0x0, 0xb, 0xf6, 0x0, 0x7f,
    0x80, 0x0, 0x0, 0x0, 0x5f, 0xc0, 0xd, 0xf2,
    0x0, 0x0, 0x0, 0x0, 0xef, 0x20,

    /* U+1EA9 "ẩ" */
    0x0, 0x0, 0x0, 0x9, 0xed, 0x90, 0x0, 0x0,
    0x0, 0x1, 0x28, 0xf6, 0x0, 0x0, 0xcf, 0xd0,
    0x6e, 0x80, 0x0, 0x9, 0xf4, 0xeb, 0x12, 0x0,
    0x0, 0x2a, 0x70, 0x5a, 0x40, 0x0, 0x0, 0x0,
    0x0, 0x0, 0x0, 0x0, 0x0, 0x29, 0xdf, 0xec,
    0x50, 0x0, 0x2, 0xff, 0x98, 0x9f, 0xf5, 0x0,
    0xa, 0xf3, 0x0, 0x4, 0xfa, 0x0, 0x4, 0x60,
    0x0, 0x0, 0xfb, 0x0, 0x0, 0x1, 0x46, 0x9c,
    0xfb, 0x0, 0x1, 0xbf, 0xff, 0xe9, 0xfc, 0x0,
    0xc, 0xf9, 0x41, 0x0, 0xfc, 0x0, 0x2f, 0xb0,
    0x0, 0x3, 0xfc, 0x0, 0x2f, 0xc0, 0x0, 0xb,
    0xfc, 0x0, 0xc, 0xfb, 0x78, 0xed, 0xed, 0x0,
    0x1, 0x9e, 0xfd, 0x70, 0xaf, 0x10,

    /* U+1EAA "Ẫ" */
    0x0, 0x0, 0x0, 0x0, 0x0, 0x10, 0x0, 0x0,
    0x0, 0x2, 0xdf, 0xa2, 0xac, 0x0, 0x0, 0x0,
    0x0, 0x9d, 0x5c, 0xff, 0x50, 0x0, 0x0, 0x0,
    0x2, 0x20, 0x3, 0x20, 0x0, 0x0, 0x0, 0x0,
    0x0, 0x6b, 0x90, 0x0, 0x0, 0x0, 0x0, 0x0,
    0x4f, 0xcf, 0x80, 0x0, 0x0, 0x0, 0x0, 0x1e,
    0xe0, 0x9f, 0x40, 0x0, 0x0, 0x0, 0x0, 0x10,
    0x0, 0x10, 0x0, 0x0, 0x0, 0x0, 0x0, 0xbf,
    0xb0, 0x0, 0x0, 0x0, 0x0, 0x0, 0x1f, 0xff,
    0x10, 0x0, 0x0, 0x0, 0x0, 0x6, 0xf7, 0xf7,
    0x0, 0x0, 0x0, 0x0, 0x0, 0xce, 0xf, 0xd0,
    0x0, 0x0, 0x0, 0x0, 0x2f, 0xa0, 0xaf, 0x40,
    0x0, 0x0, 0x0, 0x8, 0xf5, 0x4, 0xfa, 0x0,
    0x0, 0x0, 0x0, 0xef, 0x0, 0xe, 0xf1, 0x0,
    0x0, 0x0, 0x4f, 0xa0, 0x0, 0x9f, 0x60, 0x0,
    0x0, 0xa, 0xf4, 0x0, 0x3, 0xfd, 0x0, 0x0,
    0x0, 0xff, 0xff, 0xff, 0xff, 0xf3, 0x0, 0x0,
    0x5f, 0xc9, 0x99, 0x99, 0xbf, 0x90, 0x0, 0xb,
    0xf3, 0x0, 0x0, 0x1, 0xff, 0x0, 0x1, 0xfd,
    0x0, 0x0, 0x0, 0xb, 0xf6, 0x0, 0x7f, 0x80,
    0x0, 0x0, 0x0, 0x5f, 0xc0, 0xd, 0xf2, 0x0,
    0x0, 0x0, 0x0, 0xef, 0x20,

    /* U+1EAB "ẫ" */
    0x0, 0x0, 0x0, 0x0, 0x10, 0x0, 0x1, 0xdf,
    0xa3, 0x9c, 0x0, 0x0, 0x8d, 0x5c, 0xff, 0x50,
    0x0, 0x2, 0x20, 0x3, 0x20, 0x0, 0x0, 0x0,
    0x0, 0x0, 0x0, 0x0, 0x0, 0xc, 0xfc, 0x0,
    0x0, 0x0, 0x8, 0xf7, 0xfa, 0x0, 0x0, 0x2,
    0xc8, 0x7, 0xc4, 0x0, 0x0, 0x0, 0x0, 0x0,
    0x0, 0x0, 0x2, 0x9d, 0xfe, 0xc5, 0x0, 0x2,
    0xff, 0x98, 0x9f, 0xf5, 0x0, 0xaf, 0x30, 0x0,
    0x4f, 0xa0, 0x4, 0x60, 0x0, 0x0, 0xfb, 0x0,
    0x0, 0x14, 0x69, 0xcf, 0xb0, 0x1, 0xbf, 0xff,
    0xe9, 0xfc, 0x0, 0xcf, 0x94, 0x10, 0xf, 0xc0,
    0x2f, 0xb0, 0x0, 0x3, 0xfc, 0x2, 0xfc, 0x0,
    0x0, 0xbf, 0xc0, 0xc, 0xfb, 0x78, 0xed, 0xed,
    0x0, 0x19, 0xef, 0xd7, 0xa, 0xf1,

    /* U+1EAC "Ậ" */
    0x0, 0x0, 0x0, 0xaf, 0xe1, 0x0, 0x0, 0x0,
    0x0, 0x0, 0x5f, 0xaf, 0xa0, 0x0, 0x0, 0x0,
    0x0, 0x1e, 0xd0, 0x8f, 0x60, 0x0, 0x0, 0x0,
    0x0, 0x0, 0x0, 0x0, 0x0, 0x0, 0x0, 0x0,
    0x0, 0xbf, 0xb0, 0x0, 0x0, 0x0, 0x0, 0x0,
    0x1f, 0xef, 0x10, 0x0, 0x0, 0x0, 0x0, 0x6,
    0xf6, 0xf7, 0x0, 0x0, 0x0, 0x0, 0x0, 0xce,
    0xe, 0xd0, 0x0, 0x0, 0x0, 0x0, 0x2f, 0x90,
    0x8f, 0x40, 0x0, 0x0, 0x0, 0x8, 0xf3, 0x2,
    0xfa, 0x0, 0x0, 0x0, 0x0, 0xed, 0x0, 0xc,
    0xf1, 0x0, 0x0, 0x0, 0x4f, 0x70, 0x0, 0x6f,
    0x60, 0x0, 0x0, 0xa, 0xfa, 0x99, 0x99, 0xfd,
    0x0, 0x0, 0x0, 0xff, 0xff, 0xff, 0xff, 0xf3,
    0x0, 0x0, 0x5f, 0x60, 0x0, 0x0, 0x4f, 0x90,
    0x0, 0xb, 0xf1, 0x0, 0x0, 0x0, 0xef, 0x0,
    0x1, 0xfc, 0x0, 0x0, 0x0, 0x9, 0xf6, 0x0,
    0x7f, 0x70, 0x0, 0x0, 0x0, 0x4f, 0xc0, 0xd,
    0xf2, 0x0, 0x0, 0x0, 0x0, 0xef, 0x20, 0x0,
    0x0, 0x0, 0x0, 0x0, 0x0, 0x0, 0x0, 0x0,
    0x0, 0x1, 0x0, 0x0, 0x0, 0x0, 0x0, 0x0,
    0x4, 0xf8, 0x0, 0x0, 0x0, 0x0, 0x0, 0x0,
    0x4f, 0x80, 0x0, 0x0, 0x0,

    /* U+1EAD "ậ" */
    0x0, 0x0, 0xcf, 0xc0, 0x0, 0x0, 0x0, 0x8f,
    0x7f, 0xa0, 0x0, 0x0, 0x2c, 0x80, 0x7c, 0x40,
    0x0, 0x0, 0x0, 0x0, 0x0, 0x0, 0x0, 0x29,
    0xdf, 0xec, 0x50, 0x0, 0x2f, 0xf9, 0x89, 0xff,
    0x50, 0xa, 0xf3, 0x0, 0x4, 0xfa, 0x0, 0x46,
    0x0, 0x0, 0xf, 0xb0, 0x0, 0x1, 0x46, 0x9c,
    0xfb, 0x0, 0x1b, 0xff, 0xfe, 0x9f, 0xc0, 0xc,
    0xf9, 0x41, 0x0, 0xfc, 0x2, 0xfb, 0x0, 0x0,
    0x3f, 0xc0, 0x2f, 0xc0, 0x0, 0xb, 0xfc, 0x0,
    0xcf, 0xb7, 0x8e, 0xde, 0xd0, 0x1, 0x9e, 0xfd,
    0x70, 0xaf, 0x10, 0x0, 0x0, 0x0, 0x0, 0x0,
    0x0, 0x0, 0x1, 0x0, 0x0, 0x0, 0x0, 0x6,
    0xf6, 0x0, 0x0, 0x0, 0x0, 0x6f, 0x60, 0x0,
    0x0,

    /* U+1EAE "Ắ" */
    0x0, 0x0, 0x0, 0x0, 0xcd, 0x20, 0x0, 0x0,
    0x0, 0x0, 0x0, 0x6f, 0x80, 0x0, 0x0, 0x0,
    0x0, 0x0, 0xd, 0xb0, 0x0, 0x0, 0x0, 0x0,
    0x3, 0xf0, 0x0, 0xd5, 0x0, 0x0, 0x0, 0x0,
    0xe, 0x81, 0x6f, 0x10, 0x0, 0x0, 0x0, 0x0,
    0x4e, 0xff, 0x50, 0x0, 0x0, 0x0, 0x0, 0x0,
    0x2, 0x0, 0x0, 0x0, 0x0, 0x0, 0x0, 0xb,
    0xfb, 0x0, 0x0, 0x0, 0x0, 0x0, 0x1, 0xff,
    0xf1, 0x0, 0x0, 0x0, 0x0, 0x0, 0x6f, 0x7f,
    0x70, 0x0, 0x0, 0x0, 0x0, 0xc, 0xe0, 0xfd,
    0x0, 0x0, 0x0, 0x0, 0x2, 0xfa, 0xa, 0xf4,
    0x0, 0x0, 0x0, 0x0, 0x8f, 0x50, 0x4f, 0xa0,
    0x0, 0x0, 0x0, 0xe, 0xf0, 0x0, 0xef, 0x10,
    0x0, 0x0, 0x4, 0xfa, 0x0, 0x9, 0xf6, 0x0,
    0x0, 0x0, 0xaf, 0x40, 0x0, 0x3f, 0xd0, 0x0,
    0x0, 0xf, 0xff, 0xff, 0xff, 0xff, 0x30, 0x0,
    0x5, 0xfc, 0x99, 0x99, 0x9b, 0xf9, 0x0, 0x0,
    0xbf, 0x30, 0x0, 0x0, 0x1f, 0xf0, 0x0, 0x1f,
    0xd0, 0x0, 0x0, 0x0, 0xbf, 0x60, 0x7, 0xf8,
    0x0, 0x0, 0x0, 0x5, 0xfc, 0x0, 0xdf, 0x20,
    0x0, 0x0, 0x0, 0xe, 0xf2,

    /* U+1EAF "ắ" */
    0x0, 0x0, 0x0, 0xdf, 0x40, 0x0, 0x0, 0x0,
    0x5f, 0x80, 0x0, 0x0, 0x0, 0xa, 0xb0, 0x0,
    0x0, 0x0, 0xf6, 0x2, 0xd7, 0x0, 0x0, 0x5,
    0xff, 0xfb, 0x0, 0x0, 0x0, 0x0, 0x21, 0x0,
    0x0, 0x0, 0x0, 0x0, 0x0, 0x0, 0x0, 0x2,
    0x9d, 0xfe, 0xc5, 0x0, 0x2, 0xff, 0x98, 0x9f,
    0xf5, 0x0, 0xaf, 0x30, 0x0, 0x4f, 0xa0, 0x4,
    0x60, 0x0, 0x0, 0xfb, 0x0, 0x0, 0x14, 0x69,
    0xcf, 0xb0, 0x1, 0xbf, 0xff, 0xe9, 0xfc, 0x0,
    0xcf, 0x94, 0x10, 0xf, 0xc0, 0x2f, 0xb0, 0x0,
    0x3, 0xfc, 0x2, 0xfc, 0x0, 0x0, 0xbf, 0xc0,
    0xc, 0xfb, 0x78, 0xed, 0xed, 0x0, 0x19, 0xef,
    0xd7, 0xa, 0xf1,

    /* U+1EB0 "Ằ" */
    0x0, 0x0, 0x8, 0xd7, 0x0, 0x0, 0x0, 0x0,
    0x0, 0x0, 0xd, 0xf0, 0x0, 0x0, 0x0, 0x0,
    0x0, 0x0, 0x2f, 0x70, 0x0, 0x0, 0x0, 0x0,
    0x3, 0xf0, 0x0, 0xd6, 0x0, 0x0, 0x0, 0x0,
    0xe, 0x91, 0x6f, 0x20, 0x0, 0x0, 0x0, 0x0,
    0x3e, 0xff, 0x60, 0x0, 0x0, 0x0, 0x0, 0x0,
    0x2, 0x0, 0x0, 0x0, 0x0, 0x0, 0x0, 0xb,
    0xfb, 0x0, 0x0, 0x0, 0x0, 0x0, 0x1, 0xff,
    0xf1, 0x0, 0x0, 0x0, 0x0, 0x0, 0x6f, 0x7f,
    0x70, 0x0, 0x0, 0x0, 0x0, 0xc, 0xe0, 0xfd,
    0x0, 0x0, 0x0, 0x0, 0x2, 0xfa, 0xa, 0xf4,
    0x0, 0x0, 0x0, 0x0, 0x8f, 0x50, 0x4f, 0xa0,
    0x0, 0x0, 0x0, 0xe, 0xf0, 0x0, 0xef, 0x10,
    0x0, 0x0, 0x4, 0xfa, 0x0, 0x9, 0xf6, 0x0,
    0x0, 0x0, 0xaf, 0x40, 0x0, 0x3f, 0xd0, 0x0,
    0x0, 0xf, 0xff, 0xff, 0xff, 0xff, 0x30, 0x0,
    0x5, 0xfc, 0x99, 0x99, 0x9b, 0xf9, 0x0, 0x0,
    0xbf, 0x30, 0x0, 0x0, 0x1f, 0xf0, 0x0, 0x1f,
    0xd0, 0x0, 0x0, 0x0, 0xbf, 0x60, 0x7, 0xf8,
    0x0, 0x0, 0x0, 0x5, 0xfc, 0x0, 0xdf, 0x20,
    0x0, 0x0, 0x0, 0xe, 0xf2,

    /* U+1EB1 "ằ" */
    0x0, 0x6, 0xfc, 0x0, 0x0, 0x0, 0x0, 0xa,
    0xf3, 0x0, 0x0, 0x0, 0x0, 0xc, 0x80, 0x0,
    0x0, 0x0, 0xf6, 0x2, 0xd7, 0x0, 0x0, 0x5,
    0xff, 0xfb, 0x0, 0x0, 0x0, 0x0, 0x21, 0x0,
    0x0, 0x0, 0x0, 0x0, 0x0, 0x0, 0x0, 0x2,
    0x9d, 0xfe, 0xc5, 0x0, 0x2, 0xff, 0x98, 0x9f,
    0xf5, 0x0, 0xaf, 0x30, 0x0, 0x4f, 0xa0, 0x4,
    0x60, 0x0, 0x0, 0xfb, 0x0, 0x0, 0x14, 0x69,
    0xcf, 0xb0, 0x1, 0xbf, 0xff, 0xe9, 0xfc, 0x0,
    0xcf, 0x94, 0x10, 0xf, 0xc0, 0x2f, 0xb0, 0x0,
    0x3, 0xfc, 0x2, 0xfc, 0x0, 0x0, 0xbf, 0xc0,
    0xc, 0xfb, 0x78, 0xed, 0xed, 0x0, 0x19, 0xef,
    0xd7, 0xa, 0xf1,

    /* U+1EB2 "Ẳ" */
    0x0, 0x0, 0x3, 0xee, 0xc4, 0x0, 0x0, 0x0,
    0x0, 0x0, 0x2, 0x3d, 0xe0, 0x0, 0x0, 0x0,
    0x0, 0x0, 0xe, 0xb4, 0x0, 0x0, 0x0, 0x0,
    0x3, 0xc0, 0x20, 0xa5, 0x0, 0x0, 0x0, 0x0,
    0xe, 0x81, 0x6f, 0x20, 0x0, 0x0, 0x0, 0x0,
    0x4f, 0xff, 0x60, 0x0, 0x0, 0x0, 0x0, 0x0,
    0x2, 0x0, 0x0, 0x0, 0x0, 0x0, 0x0, 0xb,
    0xfb, 0x0, 0x0, 0x0, 0x0, 0x0, 0x1, 0xff,
    0xf1, 0x0, 0x0, 0x0, 0x0, 0x0, 0x6f, 0x7f,
    0x70, 0x0, 0x0, 0x0, 0x0, 0xc, 0xe0, 0xfd,
    0x0, 0x0, 0x0, 0x0, 0x2, 0xfa, 0xa, 0xf4,
    0x0, 0x0, 0x0, 0x0, 0x8f, 0x50, 0x4f, 0xa0,
    0x0, 0x0, 0x0, 0xe, 0xf0, 0x0, 0xef, 0x10,
    0x0, 0x0, 0x4, 0xfa, 0x0, 0x9, 0xf6, 0x0,
    0x0, 0x0, 0xaf, 0x40, 0x0, 0x3f, 0xd0, 0x0,
    0x0, 0xf, 0xff, 0xff, 0xff, 0xff, 0x30, 0x0,
    0x5, 0xfc, 0x99, 0x99, 0x9b, 0xf9, 0x0, 0x0,
    0xbf, 0x30, 0x0, 0x0, 0x1f, 0xf0, 0x0, 0x1f,
    0xd0, 0x0, 0x0, 0x0, 0xbf, 0x60, 0x7, 0xf8,
    0x0, 0x0, 0x0, 0x5, 0xfc, 0x0, 0xdf, 0x20,
    0x0, 0x0, 0x0, 0xe, 0xf2,

    /* U+1EB3 "ẳ" */
    0x0, 0x1, 0xee, 0xb3, 0x0, 0x0, 0x0, 0x2,
    0x3d, 0xe0, 0x0, 0x0, 0x0, 0x1, 0xce, 0x0,
    0x0, 0x0, 0x0, 0xda, 0x20, 0x0, 0x0, 0xf,
    0x63, 0x3d, 0x70, 0x0, 0x0, 0x5f, 0xff, 0xb0,
    0x0, 0x0, 0x0, 0x2, 0x10, 0x0, 0x0, 0x0,
    0x0, 0x0, 0x0, 0x0, 0x0, 0x29, 0xdf, 0xec,
    0x50, 0x0, 0x2f, 0xf9, 0x89, 0xff, 0x50, 0xa,
    0xf3, 0x0, 0x4, 0xfa, 0x0, 0x46, 0x0, 0x0,
    0xf, 0xb0, 0x0, 0x1, 0x46, 0x9c, 0xfb, 0x0,
    0x1b, 0xff, 0xfe, 0x9f, 0xc0, 0xc, 0xf9, 0x41,
    0x0, 0xfc, 0x2, 0xfb, 0x0, 0x0, 0x3f, 0xc0,
    0x2f, 0xc0, 0x0, 0xb, 0xfc, 0x0, 0xcf, 0xb7,
    0x8e, 0xde, 0xd0, 0x1, 0x9e, 0xfd, 0x70, 0xaf,
    0x10,

    /* U+1EB4 "Ẵ" */
    0x0, 0x0, 0x0, 0x0, 0x0, 0x10, 0x0, 0x0,
    0x0, 0x2, 0xdf, 0xa2, 0xac, 0x0, 0x0, 0x0,
    0x0, 0x9d, 0x5c, 0xff, 0x50, 0x0, 0x0, 0x0,
    0x2, 0x20, 0x3, 0x20, 0x0, 0x0, 0x0, 0x0,
    0x29, 0x0, 0x8, 0x40, 0x0, 0x0, 0x0, 0x1,
    0xf7, 0x15, 0xf2, 0x0, 0x0, 0x0, 0x0, 0x5,
    0xff, 0xf7, 0x0, 0x0, 0x0, 0x0, 0x0, 0x0,
    0x20, 0x0, 0x0, 0x0, 0x0, 0x0, 0x0, 0xbf,
    0xb0, 0x0, 0x0, 0x0, 0x0, 0x0, 0x1f, 0xff,
    0x10, 0x0, 0x0, 0x0, 0x0, 0x6, 0xf7, 0xf7,
    0x0, 0x0, 0x0, 0x0, 0x0, 0xce, 0xf, 0xd0,
    0x0, 0x0, 0x0, 0x0, 0x2f, 0xa0, 0xaf, 0x40,
    0x0, 0x0, 0x0, 0x8, 0xf5, 0x4, 0xfa, 0x0,
    0x0, 0x0, 0x0, 0xef, 0x0, 0xe, 0xf1, 0x0,
    0x0, 0x0, 0x4f, 0xa0, 0x0, 0x9f, 0x60, 0x0,
    0x0, 0xa, 0xf4, 0x0, 0x3, 0xfd, 0x0, 0x0,
    0x0, 0xff, 0xff, 0xff, 0xff, 0xf3, 0x0, 0x0,
    0x5f, 0xc9, 0x99, 0x99, 0xbf, 0x90, 0x0, 0xb,
    0xf3, 0x0, 0x0, 0x1, 0xff, 0x0, 0x1, 0xfd,
    0x0, 0x0, 0x0, 0xb, 0xf6, 0x0, 0x7f, 0x80,
    0x0, 0x0, 0x0, 0x5f, 0xc0, 0xd, 0xf2, 0x0,
    0x0, 0x0, 0x0, 0xef, 0x20,

    /* U+1EB5 "ẵ" */
    0x0, 0x0, 0x0, 0x0, 0x10, 0x0, 0x0, 0xcf,
    0xb3, 0x8e, 0x0, 0x0, 0x7e, 0x5a, 0xff, 0x70,
    0x0, 0x2, 0x20, 0x2, 0x20, 0x0, 0x0, 0xf,
    0x70, 0x2d, 0x70, 0x0, 0x0, 0x5f, 0xff, 0xb0,
    0x0, 0x0, 0x0, 0x2, 0x10, 0x0, 0x0, 0x0,
    0x0, 0x0, 0x0, 0x0, 0x0, 0x29, 0xdf, 0xec,
    0x50, 0x0, 0x2f, 0xf9, 0x89, 0xff, 0x50, 0xa,
    0xf3, 0x0, 0x4, 0xfa, 0x0, 0x46, 0x0, 0x0,
    0xf, 0xb0, 0x0, 0x1, 0x46, 0x9c, 0xfb, 0x0,
    0x1b, 0xff, 0xfe, 0x9f, 0xc0, 0xc, 0xf9, 0x41,
    0x0, 0xfc, 0x2, 0xfb, 0x0, 0x0, 0x3f, 0xc0,
    0x2f, 0xc0, 0x0, 0xb, 0xfc, 0x0, 0xcf, 0xb7,
    0x8e, 0xde, 0xd0, 0x1, 0x9e, 0xfd, 0x70, 0xaf,
    0x10,

    /* U+1EB6 "Ặ" */
    0x0, 0x0, 0x2f, 0x40, 0x3e, 0x50, 0x0, 0x0,
    0x0, 0x0, 0x7f, 0xff, 0x90, 0x0, 0x0, 0x0,
    0x0, 0x0, 0x2, 0x10, 0x0, 0x0, 0x0, 0x0,
    0x0, 0x0, 0x0, 0x0, 0x0, 0x0, 0x0, 0x0,
    0x0, 0xbf, 0xb0, 0x0, 0x0, 0x0, 0x0, 0x0,
    0x1f, 0xef, 0x10, 0x0, 0x0, 0x0, 0x0, 0x6,
    0xf6, 0xf7, 0x0, 0x0, 0x0, 0x0, 0x0, 0xce,
    0xe, 0xd0, 0x0, 0x0, 0x0, 0x0, 0x2f, 0x90,
    0x8f, 0x40, 0x0, 0x0, 0x0, 0x8, 0xf3, 0x2,
    0xfa, 0x0, 0x0, 0x0, 0x0, 0xed, 0x0, 0xc,
    0xf1, 0x0, 0x0, 0x0, 0x4f, 0x70, 0x0, 0x6f,
    0x60, 0x0, 0x0, 0xa, 0xfa, 0x99, 0x99, 0xfd,
    0x0, 0x0, 0x0, 0xff, 0xff, 0xff, 0xff, 0xf3,
    0x0, 0x0, 0x5f, 0x60, 0x0, 0x0, 0x4f, 0x90,
    0x0, 0xb, 0xf1, 0x0, 0x0, 0x0, 0xef, 0x0,
    0x1, 0xfc, 0x0, 0x0, 0x0, 0x9, 0xf6, 0x0,
    0x7f, 0x70, 0x0, 0x0, 0x0, 0x4f, 0xc0, 0xd,
    0xf2, 0x0, 0x0, 0x0, 0x0, 0xef, 0x20, 0x0,
    0x0, 0x0, 0x0, 0x0, 0x0, 0x0, 0x0, 0x0,
    0x0, 0x1, 0x0, 0x0, 0x0, 0x0, 0x0, 0x0,
    0x4, 0xf8, 0x0, 0x0, 0x0, 0x0, 0x0, 0x0,
    0x4f, 0x80, 0x0, 0x0, 0x0,

    /* U+1EB7 "ặ" */
    0x0, 0xf, 0x70, 0x2d, 0x70, 0x0, 0x0, 0x5f,
    0xff, 0xb0, 0x0, 0x0, 0x0, 0x2, 0x10, 0x0,
    0x0, 0x0, 0x0, 0x0, 0x0, 0x0, 0x0, 0x29,
    0xdf, 0xec, 0x50, 0x0, 0x2f, 0xf9, 0x89, 0xff,
    0x50, 0xa, 0xf3, 0x0, 0x4, 0xfa, 0x0, 0x46,
    0x0, 0x0, 0xf, 0xb0, 0x0, 0x1, 0x46, 0x9c,
    0xfb, 0x0, 0x1b, 0xff, 0xfe, 0x9f, 0xc0, 0xc,
    0xf9, 0x41, 0x0, 0xfc, 0x2, 0xfb, 0x0, 0x0,
    0x3f, 0xc0, 0x2f, 0xc0, 0x0, 0xb, 0xfc, 0x0,
    0xcf, 0xb7, 0x8e, 0xde, 0xd0, 0x1, 0x9e, 0xfd,
    0x70, 0xaf, 0x10, 0x0, 0x0, 0x0, 0x0, 0x0,
    0x0, 0x0, 0x1, 0x0, 0x0, 0x0, 0x0, 0x6,
    0xf6, 0x0, 0x0, 0x0, 0x0, 0x6f, 0x60, 0x0,
    0x0,

    /* U+1EB8 "Ẹ" */
    0x6f, 0xff, 0xff, 0xff, 0xff, 0xf0, 0x6f, 0xec,
    0xcc, 0xcc, 0xcc, 0xb0, 0x6f, 0x70, 0x0, 0x0,
    0x0, 0x0, 0x6f, 0x70, 0x0, 0x0, 0x0, 0x0,
    0x6f, 0x70, 0x0, 0x0, 0x0, 0x0, 0x6f, 0x70,
    0x0, 0x0, 0x0, 0x0, 0x6f, 0xff, 0xff, 0xff,
    0xff, 0x60, 0x6f, 0xec, 0xcc, 0xcc, 0xcc, 0x40,
    0x6f, 0x70, 0x0, 0x0, 0x0, 0x0, 0x6f, 0x70,
    0x0, 0x0, 0x0, 0x0, 0x6f, 0x70, 0x0, 0x0,
    0x0, 0x0, 0x6f, 0x70, 0x0, 0x0, 0x0, 0x0,
    0x6f, 0x70, 0x0, 0x0, 0x0, 0x0, 0x6f, 0xec,
    0xcc, 0xcc, 0xcc, 0xc3, 0x6f, 0xff, 0xff, 0xff,
    0xff, 0xf4, 0x0, 0x0, 0x0, 0x0, 0x0, 0x0,
    0x0, 0x0, 0x1, 0x0, 0x0, 0x0, 0x0, 0x0,
    0x3f, 0x90, 0x0, 0x0, 0x0, 0x0, 0x3f, 0x90,
    0x0, 0x0,

    /* U+1EB9 "ẹ" */
    0x0, 0x8, 0xdf, 0xea, 0x20, 0x0, 0xd, 0xfb,
    0x8a, 0xff, 0x20, 0x8, 0xf5, 0x0, 0x2, 0xed,
    0x0, 0xed, 0x0, 0x0, 0x9, 0xf2, 0x2f, 0xff,
    0xff, 0xff, 0xff, 0x43, 0xfc, 0x88, 0x88, 0x88,
    0x82, 0x2f, 0xc0, 0x0, 0x0, 0x0, 0x0, 0xff,
    0x10, 0x0, 0xa, 0xc1, 0x9, 0xfa, 0x0, 0x4,
    0xfd, 0x0, 0x1d, 0xfc, 0x8a, 0xff, 0x30, 0x0,
    0x18, 0xdf, 0xea, 0x20, 0x0, 0x0, 0x0, 0x0,
    0x0, 0x0, 0x0, 0x0, 0x1, 0x0, 0x0, 0x0,
    0x0, 0x3, 0xf9, 0x0, 0x0, 0x0, 0x0, 0x3f,
    0x90, 0x0, 0x0,

    /* U+1EBA "Ẻ" */
    0x0, 0x3, 0xee, 0xb4, 0x0, 0x0, 0x0, 0x0,
    0x13, 0xde, 0x0, 0x0, 0x0, 0x0, 0xe, 0xb4,
    0x0, 0x0, 0x0, 0x0, 0x2, 0x0, 0x0, 0x0,
    0x6f, 0xff, 0xff, 0xff, 0xff, 0xf0, 0x6f, 0xec,
    0xcc, 0xcc, 0xcc, 0xb0, 0x6f, 0x70, 0x0, 0x0,
    0x0, 0x0, 0x6f, 0x70, 0x0, 0x0, 0x0, 0x0,
    0x6f, 0x70, 0x0, 0x0, 0x0, 0x0, 0x6f, 0x70,
    0x0, 0x0, 0x0, 0x0, 0x6f, 0xec, 0xcc, 0xcc,
    0xcc, 0x40, 0x6f, 0xff, 0xff, 0xff, 0xff, 0x60,
    0x6f, 0x70, 0x0, 0x0, 0x0, 0x0, 0x6f, 0x70,
    0x0, 0x0, 0x0, 0x0, 0x6f, 0x70, 0x0, 0x0,
    0x0, 0x0, 0x6f, 0x70, 0x0, 0x0, 0x0, 0x0,
    0x6f, 0x70, 0x0, 0x0, 0x0, 0x0, 0x6f, 0xec,
    0xcc, 0xcc, 0xcc, 0xc3, 0x6f, 0xff, 0xff, 0xff,
    0xff, 0xf4,

    /* U+1EBB "ẻ" */
    0x0, 0x4, 0xee, 0xb3, 0x0, 0x0, 0x0, 0x2,
    0x4e, 0xc0, 0x0, 0x0, 0x0, 0xf, 0xa3, 0x0,
    0x0, 0x0, 0x0, 0x30, 0x0, 0x0, 0x0, 0x0,
    0x0, 0x0, 0x0, 0x0, 0x0, 0x8d, 0xfe, 0x91,
    0x0, 0x0, 0xdf, 0xc8, 0xaf, 0xe1, 0x0, 0x8f,
    0x80, 0x0, 0x4f, 0xb0, 0xe, 0xe0, 0x0, 0x0,
    0xbf, 0x12, 0xfd, 0x88, 0x88, 0x8c, 0xf4, 0x3f,
    0xff, 0xff, 0xff, 0xff, 0x52, 0xfa, 0x0, 0x0,
    0x0, 0x0, 0xf, 0xe0, 0x0, 0x0, 0x67, 0x10,
    0x9f, 0x80, 0x0, 0x3f, 0xe0, 0x1, 0xdf, 0xc8,
    0xaf, 0xf4, 0x0, 0x1, 0x8d, 0xfe, 0xa3, 0x0,

    /* U+1EBC "Ẽ" */
    0x0, 0x0, 0x0, 0x0, 0x10, 0x0, 0x0, 0xa,
    0xfd, 0x54, 0xf1, 0x0, 0x0, 0x3f, 0x69, 0xff,
    0xb0, 0x0, 0x0, 0x13, 0x0, 0x13, 0x0, 0x0,
    0x6f, 0xff, 0xff, 0xff, 0xff, 0xf0, 0x6f, 0xec,
    0xcc, 0xcc, 0xcc, 0xb0, 0x6f, 0x70, 0x0, 0x0,
    0x0, 0x0, 0x6f, 0x70, 0x0, 0x0, 0x0, 0x0,
    0x6f, 0x70, 0x0, 0x0, 0x0, 0x0, 0x6f, 0x70,
    0x0, 0x0, 0x0, 0x0, 0x6f, 0xec, 0xcc, 0xcc,
    0xcc, 0x40, 0x6f, 0xff, 0xff, 0xff, 0xff, 0x60,
    0x6f, 0x70, 0x0, 0x0, 0x0, 0x0, 0x6f, 0x70,
    0x0, 0x0, 0x0, 0x0, 0x6f, 0x70, 0x0, 0x0,
    0x0, 0x0, 0x6f, 0x70, 0x0, 0x0, 0x0, 0x0,
    0x6f, 0x70, 0x0, 0x0, 0x0, 0x0, 0x6f, 0xec,
    0xcc, 0xcc, 0xcc, 0xc3, 0x6f, 0xff, 0xff, 0xff,
    0xff, 0xf4,

    /* U+1EBD "ẽ" */
    0x0, 0x1c, 0xf9, 0x29, 0xc0, 0x0, 0x9, 0xd6,
    0xcf, 0xf5, 0x0, 0x0, 0x22, 0x0, 0x32, 0x0,
    0x0, 0x0, 0x0, 0x0, 0x0, 0x0, 0x0, 0x8,
    0xdf, 0xe9, 0x10, 0x0, 0xd, 0xfc, 0x8a, 0xfe,
    0x10, 0x8, 0xf8, 0x0, 0x4, 0xfb, 0x0, 0xee,
    0x0, 0x0, 0xb, 0xf1, 0x2f, 0xd8, 0x88, 0x88,
    0xcf, 0x43, 0xff, 0xff, 0xff, 0xff, 0xf5, 0x2f,
    0xa0, 0x0, 0x0, 0x0, 0x0, 0xfe, 0x0, 0x0,
    0x6, 0x71, 0x9, 0xf8, 0x0, 0x3, 0xfe, 0x0,
    0x1d, 0xfc, 0x8a, 0xff, 0x40, 0x0, 0x18, 0xdf,
    0xea, 0x30, 0x0,

    /* U+1EBE "Ế" */
    0x0, 0x0, 0x0, 0x0, 0x7, 0xfa, 0x0, 0x0,
    0x1, 0x65, 0x0, 0xed, 0x0, 0x0, 0x0, 0xcf,
    0xf8, 0x4d, 0x20, 0x0, 0x0, 0xaf, 0x58, 0xf6,
    0x0, 0x0, 0x0, 0x3, 0x20, 0x3, 0x20, 0x0,
    0x6, 0xff, 0xff, 0xff, 0xff, 0xff, 0x0, 0x6f,
    0xec, 0xcc, 0xcc, 0xcc, 0xb0, 0x6, 0xf7, 0x0,
    0x0, 0x0, 0x0, 0x0, 0x6f, 0x70, 0x0, 0x0,
    0x0, 0x0, 0x6, 0xf7, 0x0, 0x0, 0x0, 0x0,
    0x0, 0x6f, 0x70, 0x0, 0x0, 0x0, 0x0, 0x6,
    0xfe, 0xcc, 0xcc, 0xcc, 0xc4, 0x0, 0x6f, 0xff,
    0xff, 0xff, 0xff, 0x60, 0x6, 0xf7, 0x0, 0x0,
    0x0, 0x0, 0x0, 0x6f, 0x70, 0x0, 0x0, 0x0,
    0x0, 0x6, 0xf7, 0x0, 0x0, 0x0, 0x0, 0x0,
    0x6f, 0x70, 0x0, 0x0, 0x0, 0x0, 0x6, 0xf7,
    0x0, 0x0, 0x0, 0x0, 0x0, 0x6f, 0xec, 0xcc,
    0xcc, 0xcc, 0xc3, 0x6, 0xff, 0xff, 0xff, 0xff,
    0xff, 0x40,

    /* U+1EBF "ế" */
    0x0, 0x0, 0x0, 0x0, 0xc, 0xf5, 0x0, 0x0,
    0x0, 0x0, 0x4f, 0x90, 0x0, 0x0, 0xcf, 0xd0,
    0x9b, 0x0, 0x0, 0x9, 0xf4, 0xea, 0x0, 0x0,
    0x0, 0x2a, 0x60, 0x5a, 0x30, 0x0, 0x0, 0x0,
    0x0, 0x0, 0x0, 0x0, 0x0, 0x8, 0xdf, 0xe9,
    0x10, 0x0, 0x0, 0xdf, 0xc8, 0xaf, 0xe1, 0x0,
    0x8, 0xf8, 0x0, 0x4, 0xfb, 0x0, 0xe, 0xe0,
    0x0, 0x0, 0xbf, 0x10, 0x2f, 0xd8, 0x88, 0x88,
    0xcf, 0x40, 0x3f, 0xff, 0xff, 0xff, 0xff, 0x50,
    0x2f, 0xa0, 0x0, 0x0, 0x0, 0x0, 0xf, 0xe0,
    0x0, 0x0, 0x67, 0x10, 0x9, 0xf8, 0x0, 0x3,
    0xfe, 0x0, 0x1, 0xdf, 0xc8, 0xaf, 0xf4, 0x0,
    0x0, 0x18, 0xdf, 0xea, 0x30, 0x0,

    /* U+1EC0 "Ề" */
    0x1d, 0xf3, 0x0, 0x0, 0x0, 0x0, 0x0, 0x3f,
    0xa0, 0x16, 0x50, 0x0, 0x0, 0x0, 0x6d, 0x1c,
    0xff, 0x80, 0x0, 0x0, 0x0, 0xa, 0xf5, 0x8f,
    0x60, 0x0, 0x0, 0x0, 0x32, 0x0, 0x32, 0x0,
    0x0, 0x6f, 0xff, 0xff, 0xff, 0xff, 0xf0, 0x6,
    0xfe, 0xcc, 0xcc, 0xcc, 0xcb, 0x0, 0x6f, 0x70,
    0x0, 0x0, 0x0, 0x0, 0x6, 0xf7, 0x0, 0x0,
    0x0, 0x0, 0x0, 0x6f, 0x70, 0x0, 0x0, 0x0,
    0x0, 0x6, 0xf7, 0x0, 0x0, 0x0, 0x0, 0x0,
    0x6f, 0xec, 0xcc, 0xcc, 0xcc, 0x40, 0x6, 0xff,
    0xff, 0xff, 0xff, 0xf6, 0x0, 0x6f, 0x70, 0x0,
    0x0, 0x0, 0x0, 0x6, 0xf7, 0x0, 0x0, 0x0,
    0x0, 0x0, 0x6f, 0x70, 0x0, 0x0, 0x0, 0x0,
    0x6, 0xf7, 0x0, 0x0, 0x0, 0x0, 0x0, 0x6f,
    0x70, 0x0, 0x0, 0x0, 0x0, 0x6, 0xfe, 0xcc,
    0xcc, 0xcc, 0xcc, 0x30, 0x6f, 0xff, 0xff, 0xff,
    0xff, 0xf4,

    /* U+1EC1 "ề" */
    0x3f, 0xe0, 0x0, 0x0, 0x0, 0x0, 0x7, 0xf6,
    0x0, 0x0, 0x0, 0x0, 0x0, 0xaa, 0xc, 0xfd,
    0x0, 0x0, 0x0, 0x0, 0x9f, 0x4e, 0xa0, 0x0,
    0x0, 0x2, 0xa6, 0x5, 0xa3, 0x0, 0x0, 0x0,
    0x0, 0x0, 0x0, 0x0, 0x0, 0x0, 0x8d, 0xfe,
    0x91, 0x0, 0x0, 0xd, 0xfc, 0x8a, 0xfe, 0x10,
    0x0, 0x8f, 0x80, 0x0, 0x4f, 0xb0, 0x0, 0xee,
    0x0, 0x0, 0xb, 0xf1, 0x2, 0xfd, 0x88, 0x88,
    0x8c, 0xf4, 0x3, 0xff, 0xff, 0xff, 0xff, 0xf5,
    0x2, 0xfa, 0x0, 0x0, 0x0, 0x0, 0x0, 0xfe,
    0x0, 0x0, 0x6, 0x71, 0x0, 0x9f, 0x80, 0x0,
    0x3f, 0xe0, 0x0, 0x1d, 0xfc, 0x8a, 0xff, 0x40,
    0x0, 0x1, 0x8d, 0xfe, 0xa3, 0x0,

    /* U+1EC2 "Ể" */
    0x0, 0x0, 0x0, 0x6, 0xed, 0x91, 0x0, 0x0,
    0x0, 0x1, 0x24, 0xf9, 0x0, 0x0, 0x28, 0x70,
    0x3, 0xfa, 0x0, 0x0, 0xdf, 0xf9, 0x2f, 0x81,
    0x0, 0xb, 0xf4, 0x9f, 0x63, 0x0, 0x0, 0x3,
    0x20, 0x3, 0x20, 0x0, 0x6f, 0xff, 0xff, 0xff,
    0xff, 0xf0, 0x6f, 0xec, 0xcc, 0xcc, 0xcc, 0xb0,
    0x6f, 0x70, 0x0, 0x0, 0x0, 0x0, 0x6f, 0x70,
    0x0, 0x0, 0x0, 0x0, 0x6f, 0x70, 0x0, 0x0,
    0x0, 0x0, 0x6f, 0x70, 0x0, 0x0, 0x0, 0x0,
    0x6f, 0xec, 0xcc, 0xcc, 0xcc, 0x40, 0x6f, 0xff,
    0xff, 0xff, 0xff, 0x60, 0x6f, 0x70, 0x0, 0x0,
    0x0, 0x0, 0x6f, 0x70, 0x0, 0x0, 0x0, 0x0,
    0x6f, 0x70, 0x0, 0x0, 0x0, 0x0, 0x6f, 0x70,
    0x0, 0x0, 0x0, 0x0, 0x6f, 0x70, 0x0, 0x0,
    0x0, 0x0, 0x6f, 0xec, 0xcc, 0xcc, 0xcc, 0xc3,
    0x6f, 0xff, 0xff, 0xff, 0xff, 0xf4,

    /* U+1EC3 "ể" */
    0x0, 0x0, 0x0, 0x9, 0xed, 0x90, 0x0, 0x0,
    0x0, 0x1, 0x28, 0xf6, 0x0, 0x0, 0xcf, 0xd0,
    0x6e, 0x80, 0x0, 0x9, 0xf4, 0xea, 0x12, 0x0,
    0x0, 0x2a, 0x60, 0x5a, 0x30, 0x0, 0x0, 0x0,
    0x0, 0x0, 0x0, 0x0, 0x0, 0x8, 0xdf, 0xe9,
    0x10, 0x0, 0x0, 0xdf, 0xc8, 0xaf, 0xe1, 0x0,
    0x8, 0xf8, 0x0, 0x4, 0xfb, 0x0, 0xe, 0xe0,
    0x0, 0x0, 0xbf, 0x10, 0x2f, 0xd8, 0x88, 0x88,
    0xcf, 0x40, 0x3f, 0xff, 0xff, 0xff, 0xff, 0x50,
    0x2f, 0xa0, 0x0, 0x0, 0x0, 0x0, 0xf, 0xe0,
    0x0, 0x0, 0x67, 0x10, 0x9, 0xf8, 0x0, 0x3,
    0xfe, 0x0, 0x1, 0xdf, 0xc8, 0xaf, 0xf4, 0x0,
    0x0, 0x18, 0xdf, 0xea, 0x30, 0x0,

    /* U+1EC4 "Ễ" */
    0x0, 0x0, 0x0, 0x0, 0x10, 0x0, 0x0, 0xb,
    0xfc, 0x47, 0xf0, 0x0, 0x0, 0x6e, 0x5a, 0xff,
    0x80, 0x0, 0x0, 0x23, 0x0, 0x22, 0x0, 0x0,
    0x0, 0x0, 0x5c, 0xc1, 0x0, 0x0, 0x0, 0x2,
    0xfc, 0xeb, 0x0, 0x0, 0x0, 0xd, 0xf2, 0x6f,
    0x80, 0x0, 0x0, 0x0, 0x0, 0x0, 0x0, 0x0,
    0x6f, 0xff, 0xff, 0xff, 0xff, 0xf0, 0x6f, 0xec,
    0xcc, 0xcc, 0xcc, 0xb0, 0x6f, 0x70, 0x0, 0x0,
    0x0, 0x0, 0x6f, 0x70, 0x0, 0x0, 0x0, 0x0,
    0x6f, 0x70, 0x0, 0x0, 0x0, 0x0, 0x6f, 0x70,
    0x0, 0x0, 0x0, 0x0, 0x6f, 0xec, 0xcc, 0xcc,
    0xcc, 0x40, 0x6f, 0xff, 0xff, 0xff, 0xff, 0x60,
    0x6f, 0x70, 0x0, 0x0, 0x0, 0x0, 0x6f, 0x70,
    0x0, 0x0, 0x0, 0x0, 0x6f, 0x70, 0x0, 0x0,
    0x0, 0x0, 0x6f, 0x70, 0x0, 0x0, 0x0, 0x0,
    0x6f, 0x70, 0x0, 0x0, 0x0, 0x0, 0x6f, 0xec,
    0xcc, 0xcc, 0xcc, 0xc3, 0x6f, 0xff, 0xff, 0xff,
    0xff, 0xf4,

    /* U+1EC5 "ễ" */
    0x0, 0x0, 0x0, 0x0, 0x10, 0x0, 0x1, 0xdf,
    0xa3, 0x9c, 0x0, 0x0, 0x8d, 0x5c, 0xff, 0x50,
    0x0, 0x2, 0x20, 0x3, 0x20, 0x0, 0x0, 0x0,
    0x0, 0x0, 0x0, 0x0, 0x0, 0xb, 0xfd, 0x0,
    0x0, 0x0, 0x8, 0xf7, 0xfa, 0x0, 0x0, 0x2,
    0xc9, 0x6, 0xc4, 0x0, 0x0, 0x0, 0x0, 0x0,
    0x0, 0x0, 0x0, 0x8d, 0xfe, 0x91, 0x0, 0x0,
    0xdf, 0xc8, 0xaf, 0xe1, 0x0, 0x8f, 0x80, 0x0,
    0x4f, 0xb0, 0xe, 0xe0, 0x0, 0x0, 0xbf, 0x12,
    0xfd, 0x88, 0x88, 0x8c, 0xf4, 0x3f, 0xff, 0xff,
    0xff, 0xff, 0x52, 0xfa, 0x0, 0x0, 0x0, 0x0,
    0xf, 0xe0, 0x0, 0x0, 0x67, 0x10, 0x9f, 0x80,
    0x0, 0x3f, 0xe0, 0x1, 0xdf, 0xc8, 0xaf, 0xf4,
    0x0, 0x1, 0x8d, 0xfe, 0xa3, 0x0,

    /* U+1EC6 "Ệ" */
    0x0, 0x0, 0x7f, 0xf2, 0x0, 0x0, 0x0, 0x3,
    0xfb, 0xec, 0x0, 0x0, 0x0, 0xd, 0xf1, 0x5f,
    0x90, 0x0, 0x0, 0x0, 0x0, 0x0, 0x0, 0x0,
    0x6f, 0xff, 0xff, 0xff, 0xff, 0xf0, 0x6f, 0xec,
    0xcc, 0xcc, 0xcc, 0xb0, 0x6f, 0x70, 0x0, 0x0,
    0x0, 0x0, 0x6f, 0x70, 0x0, 0x0, 0x0, 0x0,
    0x6f, 0x70, 0x0, 0x0, 0x0, 0x0, 0x6f, 0x70,
    0x0, 0x0, 0x0, 0x0, 0x6f, 0xff, 0xff, 0xff,
    0xff, 0x60, 0x6f, 0xec, 0xcc, 0xcc, 0xcc, 0x40,
    0x6f, 0x70, 0x0, 0x0, 0x0, 0x0, 0x6f, 0x70,
    0x0, 0x0, 0x0, 0x0, 0x6f, 0x70, 0x0, 0x0,
    0x0, 0x0, 0x6f, 0x70, 0x0, 0x0, 0x0, 0x0,
    0x6f, 0x70, 0x0, 0x0, 0x0, 0x0, 0x6f, 0xec,
    0xcc, 0xcc, 0xcc, 0xc3, 0x6f, 0xff, 0xff, 0xff,
    0xff, 0xf4, 0x0, 0x0, 0x0, 0x0, 0x0, 0x0,
    0x0, 0x0, 0x1, 0x0, 0x0, 0x0, 0x0, 0x0,
    0x3f, 0x90, 0x0, 0x0, 0x0, 0x0, 0x3f, 0x90,
    0x0, 0x0,

    /* U+1EC7 "ệ" */
    0x0, 0x0, 0xcf, 0xc0, 0x0, 0x0, 0x0, 0x9f,
    0x7f, 0x90, 0x0, 0x0, 0x3c, 0x80, 0x7c, 0x30,
    0x0, 0x0, 0x0, 0x0, 0x0, 0x0, 0x0, 0x8,
    0xdf, 0xea, 0x20, 0x0, 0xd, 0xfb, 0x8a, 0xff,
    0x20, 0x8, 0xf5, 0x0, 0x2, 0xed, 0x0, 0xed,
    0x0, 0x0, 0x9, 0xf2, 0x2f, 0xff, 0xff, 0xff,
    0xff, 0x43, 0xfc, 0x88, 0x88, 0x88, 0x82, 0x2f,
    0xc0, 0x0, 0x0, 0x0, 0x0, 0xff, 0x10, 0x0,
    0xa, 0xc1, 0x9, 0xfa, 0x0, 0x4, 0xfd, 0x0,
    0x1d, 0xfc, 0x8a, 0xff, 0x30, 0x0, 0x18, 0xdf,
    0xea, 0x20, 0x0, 0x0, 0x0, 0x0, 0x0, 0x0,
    0x0, 0x0, 0x1, 0x0, 0x0, 0x0, 0x0, 0x3,
    0xf9, 0x0, 0x0, 0x0, 0x0, 0x3f, 0x90, 0x0,
    0x0,

    /* U+1EC8 "Ỉ" */
    0x3e, 0xeb, 0x40, 0x13, 0xed, 0x0, 0xfa, 0x30,
    0x3, 0x0, 0x2, 0xfb, 0x0, 0x2f, 0xb0, 0x2,
    0xfb, 0x0, 0x2f, 0xb0, 0x2, 0xfb, 0x0, 0x2f,
    0xb0, 0x2, 0xfb, 0x0, 0x2f, 0xb0, 0x2, 0xfb,
    0x0, 0x2f, 0xb0, 0x2, 0xfb, 0x0, 0x2f, 0xb0,
    0x2, 0xfb, 0x0, 0x2f, 0xb0, 0x2, 0xfb, 0x0,

    /* U+1EC9 "ỉ" */
    0x3e, 0xea, 0x20, 0x23, 0xec, 0x0, 0x2e, 0xc0,
    0xf, 0xa2, 0x0, 0x30, 0x0, 0x1f, 0xa0, 0x1,
    0xfa, 0x0, 0x1f, 0xa0, 0x1, 0xfa, 0x0, 0x1f,
    0xa0, 0x1, 0xfa, 0x0, 0x1f, 0xa0, 0x1, 0xfa,
    0x0, 0x1f, 0xa0, 0x1, 0xfa, 0x0, 0x1f, 0xa0,

    /* U+1ECA "Ị" */
    0x2f, 0xb2, 0xfb, 0x2f, 0xb2, 0xfb, 0x2f, 0xb2,
    0xfb, 0x2f, 0xb2, 0xfb, 0x2f, 0xb2, 0xfb, 0x2f,
    0xb2, 0xfb, 0x2f, 0xb2, 0xfb, 0x2f, 0xb0, 0x0,
    0x1, 0x2, 0xfa, 0x2f, 0xa0,

    /* U+1ECB "ị" */
    0xaf, 0x1a, 0xf1, 0x1, 0x0, 0x0, 0xaf, 0x1a,
    0xf1, 0xaf, 0x1a, 0xf1, 0xaf, 0x1a, 0xf1, 0xaf,
    0x1a, 0xf1, 0xaf, 0x1a, 0xf1, 0xaf, 0x10, 0x0,
    0x1, 0xa, 0xf2, 0xaf, 0x20,

    /* U+1ECC "Ọ" */
    0x0, 0x0, 0x39, 0xdf, 0xec, 0x70, 0x0, 0x0,
    0x0, 0x8f, 0xfd, 0xbc, 0xff, 0xe2, 0x0, 0x0,
    0x7f, 0xe4, 0x0, 0x0, 0x8f, 0xe1, 0x0, 0x2f,
    0xe1, 0x0, 0x0, 0x0, 0x8f, 0xb0, 0x9, 0xf7,
    0x0, 0x0, 0x0, 0x0, 0xef, 0x20, 0xdf, 0x20,
    0x0, 0x0, 0x0, 0x9, 0xf6, 0xf, 0xf0, 0x0,
    0x0, 0x0, 0x0, 0x6f, 0x80, 0xfe, 0x0, 0x0,
    0x0, 0x0, 0x5, 0xf9, 0xf, 0xf0, 0x0, 0x0,
    0x0, 0x0, 0x6f, 0x90, 0xdf, 0x10, 0x0, 0x0,
    0x0, 0x9, 0xf6, 0x9, 0xf7, 0x0, 0x0, 0x0,
    0x0, 0xef, 0x20, 0x2f, 0xf2, 0x0, 0x0, 0x0,
    0x7f, 0xb0, 0x0, 0x7f, 0xe4, 0x0, 0x0, 0x8f,
    0xe2, 0x0, 0x0, 0x7f, 0xfd, 0xbc, 0xff, 0xe3,
    0x0, 0x0, 0x0, 0x39, 0xdf, 0xfc, 0x70, 0x0,
    0x0, 0x0, 0x0, 0x0, 0x0, 0x0, 0x0, 0x0,
    0x0, 0x0, 0x0, 0x1, 0x0, 0x0, 0x0, 0x0,
    0x0, 0x0, 0x0, 0xfc, 0x0, 0x0, 0x0, 0x0,
    0x0, 0x0, 0xf, 0xc0, 0x0, 0x0, 0x0,

    /* U+1ECD "ọ" */
    0x0, 0x18, 0xef, 0xe9, 0x10, 0x0, 0x1e, 0xfb,
    0x8b, 0xfe, 0x20, 0xa, 0xf6, 0x0, 0x5, 0xfc,
    0x0, 0xfd, 0x0, 0x0, 0xb, 0xf2, 0x3f, 0x90,
    0x0, 0x0, 0x7f, 0x54, 0xf8, 0x0, 0x0, 0x6,
    0xf6, 0x3f, 0xa0, 0x0, 0x0, 0x8f, 0x50, 0xfd,
    0x0, 0x0, 0xc, 0xf2, 0xb, 0xf7, 0x0, 0x4,
    0xfc, 0x0, 0x1e, 0xfc, 0x8a, 0xfe, 0x20, 0x0,
    0x18, 0xdf, 0xe9, 0x10, 0x0, 0x0, 0x0, 0x0,
    0x0, 0x0, 0x0, 0x0, 0x1, 0x0, 0x0, 0x0,
    0x0, 0x5, 0xf7, 0x0, 0x0, 0x0, 0x0, 0x5f,
    0x70, 0x0, 0x0,

    /* U+1ECE "Ỏ" */
    0x0, 0x0, 0x0, 0xee, 0xb3, 0x0, 0x0, 0x0,
    0x0, 0x0, 0x2, 0x2c, 0xf0, 0x0, 0x0, 0x0,
    0x0, 0x0, 0x1, 0xbf, 0x0, 0x0, 0x0, 0x0,
    0x0, 0x0, 0xcc, 0x40, 0x0, 0x0, 0x0, 0x0,
    0x0, 0x2, 0x10, 0x0, 0x0, 0x0, 0x0, 0x3,
    0x9d, 0xfe, 0xc7, 0x0, 0x0, 0x0, 0x8, 0xff,
    0xdb, 0xcf, 0xfe, 0x20, 0x0, 0x7, 0xfe, 0x40,
    0x0, 0x8, 0xfe, 0x10, 0x2, 0xfe, 0x10, 0x0,
    0x0, 0x8, 0xfb, 0x0, 0x9f, 0x70, 0x0, 0x0,
    0x0, 0xe, 0xf2, 0xd, 0xf2, 0x0, 0x0, 0x0,
    0x0, 0x9f, 0x60, 0xff, 0x0, 0x0, 0x0, 0x0,
    0x6, 0xf8, 0xf, 0xe0, 0x0, 0x0, 0x0, 0x0,
    0x5f, 0x90, 0xff, 0x0, 0x0, 0x0, 0x0, 0x6,
    0xf9, 0xd, 0xf1, 0x0, 0x0, 0x0, 0x0, 0x9f,
    0x60, 0x9f, 0x70, 0x0, 0x0, 0x0, 0xe, 0xf2,
    0x2, 0xff, 0x20, 0x0, 0x0, 0x7, 0xfb, 0x0,
    0x7, 0xfe, 0x40, 0x0, 0x8, 0xfe, 0x20, 0x0,
    0x7, 0xff, 0xdb, 0xcf, 0xfe, 0x30, 0x0, 0x0,
    0x3, 0x9d, 0xff, 0xc7, 0x0, 0x0,

    /* U+1ECF "ỏ" */
    0x0, 0x5, 0xee, 0xb2, 0x0, 0x0, 0x0, 0x2,
    0x5f, 0xa0, 0x0, 0x0, 0x0, 0x2f, 0x92, 0x0,
    0x0, 0x0, 0x0, 0x30, 0x0, 0x0, 0x0, 0x0,
    0x0, 0x0, 0x0, 0x0, 0x1, 0x8e, 0xfe, 0x91,
    0x0, 0x1, 0xef, 0xb8, 0xbf, 0xe2, 0x0, 0xaf,
    0x60, 0x0, 0x5f, 0xc0, 0xf, 0xd0, 0x0, 0x0,
    0xbf, 0x23, 0xf9, 0x0, 0x0, 0x7, 0xf5, 0x4f,
    0x80, 0x0, 0x0, 0x6f, 0x63, 0xfa, 0x0, 0x0,
    0x8, 0xf5, 0xf, 0xd0, 0x0, 0x0, 0xcf, 0x20,
    0xbf, 0x70, 0x0, 0x4f, 0xc0, 0x1, 0xef, 0xc8,
    0xaf, 0xe2, 0x0, 0x1, 0x8d, 0xfe, 0x91, 0x0,

    /* U+1ED0 "Ố" */
    0x0, 0x0, 0x0, 0x0, 0x0, 0x7, 0xd8, 0x0,
    0x0, 0x0, 0x0, 0x32, 0x0, 0xed, 0x10, 0x0,
    0x0, 0x0, 0xaf, 0xf2, 0x6f, 0x30, 0x0, 0x0,
    0x0, 0x4f, 0x8e, 0xc0, 0x0, 0x0, 0x0, 0x0,
    0xe, 0xe0, 0x6f, 0x70, 0x0, 0x0, 0x0, 0x0,
    0x10, 0x0, 0x11, 0x0, 0x0, 0x0, 0x0, 0x39,
    0xdf, 0xec, 0x70, 0x0, 0x0, 0x0, 0x8f, 0xfd,
    0xbc, 0xff, 0xe2, 0x0, 0x0, 0x7f, 0xe4, 0x0,
    0x0, 0x8f, 0xe1, 0x0, 0x2f, 0xe1, 0x0, 0x0,
    0x0, 0x8f, 0xb0, 0x9, 0xf7, 0x0, 0x0, 0x0,
    0x0, 0xef, 0x20, 0xdf, 0x20, 0x0, 0x0, 0x0,
    0x9, 0xf6, 0xf, 0xf0, 0x0, 0x0, 0x0, 0x0,
    0x6f, 0x80, 0xfe, 0x0, 0x0, 0x0, 0x0, 0x5,
    0xf9, 0xf, 0xf0, 0x0, 0x0, 0x0, 0x0, 0x6f,
    0x90, 0xdf, 0x10, 0x0, 0x0, 0x0, 0x9, 0xf6,
    0x9, 0xf7, 0x0, 0x0, 0x0, 0x0, 0xef, 0x20,
    0x2f, 0xf2, 0x0, 0x0, 0x0, 0x7f, 0xb0, 0x0,
    0x7f, 0xe4, 0x0, 0x0, 0x8f, 0xe2, 0x0, 0x0,
    0x7f, 0xfd, 0xbc, 0xff, 0xe3, 0x0, 0x0, 0x0,
    0x39, 0xdf, 0xfc, 0x70, 0x0, 0x0,

    /* U+1ED1 "ố" */
    0x0, 0x0, 0x0, 0x0, 0xc, 0xf5, 0x0, 0x0,
    0x0, 0x0, 0x4f, 0x90, 0x0, 0x0, 0xcf, 0xd0,
    0x9b, 0x0, 0x0, 0x9, 0xf4, 0xea, 0x0, 0x0,
    0x0, 0x2a, 0x60, 0x5a, 0x30, 0x0, 0x0, 0x0,
    0x0, 0x0, 0x0, 0x0, 0x0, 0x18, 0xef, 0xe9,
    0x10, 0x0, 0x1, 0xef, 0xb8, 0xbf, 0xe2, 0x0,
    0xa, 0xf6, 0x0, 0x5, 0xfc, 0x0, 0xf, 0xd0,
    0x0, 0x0, 0xbf, 0x20, 0x3f, 0x90, 0x0, 0x0,
    0x7f, 0x50, 0x4f, 0x80, 0x0, 0x0, 0x6f, 0x60,
    0x3f, 0xa0, 0x0, 0x0, 0x8f, 0x50, 0xf, 0xd0,
    0x0, 0x0, 0xcf, 0x20, 0xb, 0xf7, 0x0, 0x4,
    0xfc, 0x0, 0x1, 0xef, 0xc8, 0xaf, 0xe2, 0x0,
    0x0, 0x18, 0xdf, 0xe9, 0x10, 0x0,

    /* U+1ED2 "Ồ" */
    0x1, 0xcd, 0x10, 0x0, 0x0, 0x0, 0x0, 0x0,
    0x5, 0xf8, 0x0, 0x32, 0x0, 0x0, 0x0, 0x0,
    0x9, 0xf0, 0xaf, 0xf2, 0x0, 0x0, 0x0, 0x0,
    0x0, 0x4f, 0x8e, 0xc0, 0x0, 0x0, 0x0, 0x0,
    0xe, 0xe0, 0x6f, 0x70, 0x0, 0x0, 0x0, 0x0,
    0x10, 0x0, 0x11, 0x0, 0x0, 0x0, 0x0, 0x39,
    0xdf, 0xec, 0x70, 0x0, 0x0, 0x0, 0x8f, 0xfd,
    0xbc, 0xff, 0xe2, 0x0, 0x0, 0x7f, 0xe4, 0x0,
    0x0, 0x8f, 0xe1, 0x0, 0x2f, 0xe1, 0x0, 0x0,
    0x0, 0x8f, 0xb0, 0x9, 0xf7, 0x0, 0x0, 0x0,
    0x0, 0xef, 0x20, 0xdf, 0x20, 0x0, 0x0, 0x0,
    0x9, 0xf6, 0xf, 0xf0, 0x0, 0x0, 0x0, 0x0,
    0x6f, 0x80, 0xfe, 0x0, 0x0, 0x0, 0x0, 0x5,
    0xf9, 0xf, 0xf0, 0x0, 0x0, 0x0, 0x0, 0x6f,
    0x90, 0xdf, 0x10, 0x0, 0x0, 0x0, 0x9, 0xf6,
    0x9, 0xf7, 0x0, 0x0, 0x0, 0x0, 0xef, 0x20,
    0x2f, 0xf2, 0x0, 0x0, 0x0, 0x7f, 0xb0, 0x0,
    0x7f, 0xe4, 0x0, 0x0, 0x8f, 0xe2, 0x0, 0x0,
    0x7f, 0xfd, 0xbc, 0xff, 0xe3, 0x0, 0x0, 0x0,
    0x39, 0xdf, 0xfc, 0x70, 0x0, 0x0,

    /* U+1ED3 "ồ" */
    0x3f, 0xe0, 0x0, 0x0, 0x0, 0x0, 0x7, 0xf6,
    0x0, 0x0, 0x0, 0x0, 0x0, 0xaa, 0xc, 0xfd,
    0x0, 0x0, 0x0, 0x0, 0x9f, 0x4e, 0xa0, 0x0,
    0x0, 0x2, 0xa6, 0x5, 0xa3, 0x0, 0x0, 0x0,
    0x0, 0x0, 0x0, 0x0, 0x0, 0x1, 0x8e, 0xfe,
    0x91, 0x0, 0x0, 0x1e, 0xfb, 0x8b, 0xfe, 0x20,
    0x0, 0xaf, 0x60, 0x0, 0x5f, 0xc0, 0x0, 0xfd,
    0x0, 0x0, 0xb, 0xf2, 0x3, 0xf9, 0x0, 0x0,
    0x7, 0xf5, 0x4, 0xf8, 0x0, 0x0, 0x6, 0xf6,
    0x3, 0xfa, 0x0, 0x0, 0x8, 0xf5, 0x0, 0xfd,
    0x0, 0x0, 0xc, 0xf2, 0x0, 0xbf, 0x70, 0x0,
    0x4f, 0xc0, 0x0, 0x1e, 0xfc, 0x8a, 0xfe, 0x20,
    0x0, 0x1, 0x8d, 0xfe, 0x91, 0x0,

    /* U+1ED4 "Ổ" */
    0x0, 0x0, 0x0, 0x0, 0x7, 0xee, 0xa2, 0x0,
    0x0, 0x0, 0x1, 0x43, 0x12, 0x5f, 0x90, 0x0,
    0x0, 0x0, 0xaf, 0xf3, 0x3f, 0x91, 0x0, 0x0,
    0x0, 0x5f, 0x6d, 0xd1, 0x20, 0x0, 0x0, 0x0,
    0x1e, 0xe0, 0x5f, 0x80, 0x0, 0x0, 0x0, 0x0,
    0x0, 0x0, 0x0, 0x0, 0x0, 0x0, 0x0, 0x39,
    0xdf, 0xec, 0x70, 0x0, 0x0, 0x0, 0x8f, 0xfd,
    0xbc, 0xff, 0xe2, 0x0, 0x0, 0x7f, 0xe4, 0x0,
    0x0, 0x8f, 0xe1, 0x0, 0x2f, 0xe1, 0x0, 0x0,
    0x0, 0x8f, 0xb0, 0x9, 0xf7, 0x0, 0x0, 0x0,
    0x0, 0xef, 0x20, 0xdf, 0x20, 0x0, 0x0, 0x0,
    0x9, 0xf6, 0xf, 0xf0, 0x0, 0x0, 0x0, 0x0,
    0x6f, 0x80, 0xfe, 0x0, 0x0, 0x0, 0x0, 0x5,
    0xf9, 0xf, 0xf0, 0x0, 0x0, 0x0, 0x0, 0x6f,
    0x90, 0xdf, 0x10, 0x0, 0x0, 0x0, 0x9, 0xf6,
    0x9, 0xf7, 0x0, 0x0, 0x0, 0x0, 0xef, 0x20,
    0x2f, 0xf2, 0x0, 0x0, 0x0, 0x7f, 0xb0, 0x0,
    0x7f, 0xe4, 0x0, 0x0, 0x8f, 0xe2, 0x0, 0x0,
    0x7f, 0xfd, 0xbc, 0xff, 0xe3, 0x0, 0x0, 0x0,
    0x39, 0xdf, 0xfc, 0x70, 0x0, 0x0,

    /* U+1ED5 "ổ" */
    0x0, 0x0, 0x0, 0x9, 0xed, 0x90, 0x0, 0x0,
    0x0, 0x1, 0x28, 0xf6, 0x0, 0x0, 0xcf, 0xd0,
    0x6e, 0x80, 0x0, 0x9, 0xf4, 0xeb, 0x12, 0x0,
    0x0, 0x2a, 0x70, 0x5a, 0x40, 0x0, 0x0, 0x0,
    0x0, 0x0, 0x0, 0x0, 0x0, 0x18, 0xef, 0xe9,
    0x10, 0x0, 0x1, 0xef, 0xb8, 0xbf, 0xe2, 0x0,
    0xa, 0xf6, 0x0, 0x5, 0xfc, 0x0, 0xf, 0xd0,
    0x0, 0x0, 0xbf, 0x20, 0x3f, 0x90, 0x0, 0x0,
    0x7f, 0x50, 0x4f, 0x80, 0x0, 0x0, 0x6f, 0x60,
    0x3f, 0xa0, 0x0, 0x0, 0x8f, 0x50, 0xf, 0xd0,
    0x0, 0x0, 0xcf, 0x20, 0xb, 0xf7, 0x0, 0x4,
    0xfc, 0x0, 0x1, 0xef, 0xc8, 0xaf, 0xe2, 0x0,
    0x0, 0x18, 0xdf, 0xe9, 0x10, 0x0,

    /* U+1ED6 "Ỗ" */
    0x0, 0x0, 0x0, 0x0, 0x0, 0x10, 0x0, 0x0,
    0x0, 0x0, 0xcf, 0xb3, 0x8e, 0x0, 0x0, 0x0,
    0x0, 0x7e, 0x5b, 0xff, 0x70, 0x0, 0x0, 0x0,
    0x2, 0x20, 0x2, 0x20, 0x0, 0x0, 0x0, 0x0,
    0x0, 0x5c, 0xa0, 0x0, 0x0, 0x0, 0x0, 0x0,
    0x2f, 0xdf, 0x90, 0x0, 0x0, 0x0, 0x0, 0xc,
    0xf2, 0x9f, 0x50, 0x0, 0x0, 0x0, 0x0, 0x43,
    0x0, 0x43, 0x0, 0x0, 0x0, 0x0, 0x39, 0xdf,
    0xec, 0x70, 0x0, 0x0, 0x0, 0x8f, 0xfd, 0xbc,
    0xff, 0xe2, 0x0, 0x0, 0x7f, 0xe4, 0x0, 0x0,
    0x8f, 0xe1, 0x0, 0x2f, 0xe1, 0x0, 0x0, 0x0,
    0x8f, 0xb0, 0x9, 0xf7, 0x0, 0x0, 0x0, 0x0,
    0xef, 0x20, 0xdf, 0x20, 0x0, 0x0, 0x0, 0x9,
    0xf6, 0xf, 0xf0, 0x0, 0x0, 0x0, 0x0, 0x6f,
    0x80, 0xfe, 0x0, 0x0, 0x0, 0x0, 0x5, 0xf9,
    0xf, 0xf0, 0x0, 0x0, 0x0, 0x0, 0x6f, 0x90,
    0xdf, 0x10, 0x0, 0x0, 0x0, 0x9, 0xf6, 0x9,
    0xf7, 0x0, 0x0, 0x0, 0x0, 0xef, 0x20, 0x2f,
    0xf2, 0x0, 0x0, 0x0, 0x7f, 0xb0, 0x0, 0x7f,
    0xe4, 0x0, 0x0, 0x8f, 0xe2, 0x0, 0x0, 0x7f,
    0xfd, 0xbc, 0xff, 0xe3, 0x0, 0x0, 0x0, 0x39,
    0xdf, 0xfc, 0x70, 0x0, 0x0,

    /* U+1ED7 "ỗ" */
    0x0, 0x0, 0x0, 0x0, 0x10, 0x0, 0x1, 0xdf,
    0xa3, 0x9c, 0x0, 0x0, 0x8d, 0x5c, 0xff, 0x50,
    0x0, 0x2, 0x20, 0x3, 0x20, 0x0, 0x0, 0x0,
    0x0, 0x0, 0x0, 0x0, 0x0, 0xc, 0xfc, 0x0,
    0x0, 0x0, 0x8, 0xf7, 0xfa, 0x0, 0x0, 0x2,
    0xc8, 0x7, 0xc4, 0x0, 0x0, 0x0, 0x0, 0x0,
    0x0, 0x0, 0x1, 0x8e, 0xfe, 0x91, 0x0, 0x1,
    0xef, 0xb8, 0xbf, 0xe2, 0x0, 0xaf, 0x60, 0x0,
    0x5f, 0xc0, 0xf, 0xd0, 0x0, 0x0, 0xbf, 0x23,
    0xf9, 0x0, 0x0, 0x7, 0xf5, 0x4f, 0x80, 0x0,
    0x0, 0x6f, 0x63, 0xfa, 0x0, 0x0, 0x8, 0xf5,
    0xf, 0xd0, 0x0, 0x0, 0xcf, 0x20, 0xbf, 0x70,
    0x0, 0x4f, 0xc0, 0x1, 0xef, 0xc8, 0xaf, 0xe2,
    0x0, 0x1, 0x8d, 0xfe, 0x91, 0x0,

    /* U+1ED8 "Ộ" */
    0x0, 0x0, 0x0, 0x8f, 0xe1, 0x0, 0x0, 0x0,
    0x0, 0x0, 0x4f, 0xae, 0xc0, 0x0, 0x0, 0x0,
    0x0, 0x1e, 0xe1, 0x6f, 0x80, 0x0, 0x0, 0x0,
    0x0, 0x0, 0x0, 0x0, 0x0, 0x0, 0x0, 0x0,
    0x39, 0xdf, 0xec, 0x70, 0x0, 0x0, 0x0, 0x8f,
    0xfd, 0xbc, 0xff, 0xe2, 0x0, 0x0, 0x7f, 0xe4,
    0x0, 0x0, 0x8f, 0xe1, 0x0, 0x2f, 0xe1, 0x0,
    0x0, 0x0, 0x8f, 0xb0, 0x9, 0xf7, 0x0, 0x0,
    0x0, 0x0, 0xef, 0x20, 0xdf, 0x20, 0x0, 0x0,
    0x0, 0x9, 0xf6, 0xf, 0xf0, 0x0, 0x0, 0x0,
    0x0, 0x6f, 0x80, 0xfe, 0x0, 0x0, 0x0, 0x0,
    0x5, 0xf9, 0xf, 0xf0, 0x0, 0x0, 0x0, 0x0,
    0x6f, 0x90, 0xdf, 0x10, 0x0, 0x0, 0x0, 0x9,
    0xf6, 0x9, 0xf7, 0x0, 0x0, 0x0, 0x0, 0xef,
    0x20, 0x2f, 0xf2, 0x0, 0x0, 0x0, 0x7f, 0xb0,
    0x0, 0x7f, 0xe4, 0x0, 0x0, 0x8f, 0xe2, 0x0,
    0x0, 0x7f, 0xfd, 0xbc, 0xff, 0xe3, 0x0, 0x0,
    0x0, 0x39, 0xdf, 0xfc, 0x70, 0x0, 0x0, 0x0,
    0x0, 0x0, 0x0, 0x0, 0x0, 0x0, 0x0, 0x0,
    0x0, 0x1, 0x0, 0x0, 0x0, 0x0, 0x0, 0x0,
    0x1, 0xfb, 0x0, 0x0, 0x0, 0x0, 0x0, 0x0,
    0x1f, 0xb0, 0x0, 0x0, 0x0,

    /* U+1ED9 "ộ" */
    0x0, 0x0, 0xcf, 0xc0, 0x0, 0x0, 0x0, 0x8f,
    0x7f, 0xa0, 0x0, 0x0, 0x2c, 0x80, 0x7c, 0x40,
    0x0, 0x0, 0x0, 0x0, 0x0, 0x0, 0x0, 0x18,
    0xef, 0xe9, 0x10, 0x0, 0x1e, 0xfb, 0x8b, 0xfe,
    0x20, 0xa, 0xf6, 0x0, 0x5, 0xfc, 0x0, 0xfd,
    0x0, 0x0, 0xb, 0xf2, 0x3f, 0x90, 0x0, 0x0,
    0x7f, 0x54, 0xf8, 0x0, 0x0, 0x6, 0xf6, 0x3f,
    0xa0, 0x0, 0x0, 0x8f, 0x50, 0xfd, 0x0, 0x0,
    0xc, 0xf2, 0xb, 0xf7, 0x0, 0x4, 0xfc, 0x0,
    0x1e, 0xfc, 0x8a, 0xfe, 0x20, 0x0, 0x18, 0xdf,
    0xe9, 0x10, 0x0, 0x0, 0x0, 0x0, 0x0, 0x0,
    0x0, 0x0, 0x1, 0x0, 0x0, 0x0, 0x0, 0x5,
    0xf7, 0x0, 0x0, 0x0, 0x0, 0x5f, 0x70, 0x0,
    0x0,

    /* U+1EDA "Ớ" */
    0x0, 0x0, 0x0, 0x3, 0xfd, 0x10, 0x0, 0x0,
    0x0, 0x0, 0x0, 0xa, 0xf3, 0x0, 0x0, 0x0,
    0x0, 0x0, 0x0, 0x1d, 0x60, 0x0, 0x0, 0x21,
    0x0, 0x0, 0x0, 0x0, 0x0, 0x0, 0x5, 0xf8,
    0x0, 0x0, 0x39, 0xdf, 0xec, 0x60, 0x5, 0xf8,
    0x0, 0x8, 0xff, 0xdb, 0xcf, 0xfd, 0x20, 0x77,
    0x0, 0x7f, 0xe4, 0x0, 0x1, 0x8f, 0xe1, 0xa4,
    0x2, 0xfe, 0x10, 0x0, 0x0, 0x8, 0xfc, 0xc0,
    0x9, 0xf7, 0x0, 0x0, 0x0, 0x0, 0xef, 0x30,
    0xd, 0xf2, 0x0, 0x0, 0x0, 0x0, 0x9f, 0x60,
    0xf, 0xf0, 0x0, 0x0, 0x0, 0x0, 0x6f, 0x80,
    0xf, 0xe0, 0x0, 0x0, 0x0, 0x0, 0x5f, 0x90,
    0xf, 0xf0, 0x0, 0x0, 0x0, 0x0, 0x6f, 0x90,
    0xd, 0xf1, 0x0, 0x0, 0x0, 0x0, 0x9f, 0x60,
    0x9, 0xf7, 0x0, 0x0, 0x0, 0x0, 0xef, 0x20,
    0x2, 0xff, 0x20, 0x0, 0x0, 0x7, 0xfb, 0x0,
    0x0, 0x7f, 0xe4, 0x0, 0x0, 0x8f, 0xe2, 0x0,
    0x0, 0x7, 0xff, 0xdb, 0xcf, 0xfe, 0x30, 0x0,
    0x0, 0x0, 0x39, 0xdf, 0xfc, 0x70, 0x0, 0x0,

    /* U+1EDB "ớ" */
    0x0, 0x0, 0x7, 0xfb, 0x0, 0x0, 0x0, 0x0,
    0xe, 0xe1, 0x0, 0x0, 0x0, 0x0, 0x4d, 0x30,
    0xc, 0xf1, 0x0, 0x0, 0x0, 0x0, 0xc, 0xf1,
    0x0, 0x18, 0xef, 0xe9, 0x11, 0xe1, 0x1, 0xef,
    0xb8, 0xbf, 0xe4, 0xe0, 0xa, 0xf6, 0x0, 0x5,
    0xff, 0x60, 0xf, 0xd0, 0x0, 0x0, 0xbf, 0x20,
    0x3f, 0x90, 0x0, 0x0, 0x7f, 0x50, 0x4f, 0x80,
    0x0, 0x0, 0x6f, 0x60, 0x3f, 0xa0, 0x0, 0x0,
    0x8f, 0x50, 0xf, 0xd0, 0x0, 0x0, 0xcf, 0x20,
    0xb, 0xf7, 0x0, 0x4, 0xfc, 0x0, 0x1, 0xef,
    0xc8, 0xaf, 0xe2, 0x0, 0x0, 0x18, 0xdf, 0xe9,
    0x10, 0x0,

    /* U+1EDC "Ờ" */
    0x0, 0x0, 0x2, 0xff, 0x10, 0x0, 0x0, 0x0,
    0x0, 0x0, 0x0, 0x6f, 0x70, 0x0, 0x0, 0x0,
    0x0, 0x0, 0x0, 0x9, 0xb0, 0x0, 0x0, 0x21,
    0x0, 0x0, 0x0, 0x0, 0x0, 0x0, 0x5, 0xf8,
    0x0, 0x0, 0x39, 0xdf, 0xec, 0x60, 0x5, 0xf8,
    0x0, 0x8, 0xff, 0xdb, 0xcf, 0xfd, 0x20, 0x77,
    0x0, 0x7f, 0xe4, 0x0, 0x1, 0x8f, 0xe1, 0xa4,
    0x2, 0xfe, 0x10, 0x0, 0x0, 0x8, 0xfc, 0xc0,
    0x9, 0xf7, 0x0, 0x0, 0x0, 0x0, 0xef, 0x30,
    0xd, 0xf2, 0x0, 0x0, 0x0, 0x0, 0x9f, 0x60,
    0xf, 0xf0, 0x0, 0x0, 0x0, 0x0, 0x6f, 0x80,
    0xf, 0xe0, 0x0, 0x0, 0x0, 0x0, 0x5f, 0x90,
    0xf, 0xf0, 0x0, 0x0, 0x0, 0x0, 0x6f, 0x90,
    0xd, 0xf1, 0x0, 0x0, 0x0, 0x0, 0x9f, 0x60,
    0x9, 0xf7, 0x0, 0x0, 0x0, 0x0, 0xef, 0x20,
    0x2, 0xff, 0x20, 0x0, 0x0, 0x7, 0xfb, 0x0,
    0x0, 0x7f, 0xe4, 0x0, 0x0, 0x8f, 0xe2, 0x0,
    0x0, 0x7, 0xff, 0xdb, 0xcf, 0xfe, 0x30, 0x0,
    0x0, 0x0, 0x39, 0xdf, 0xfc, 0x70, 0x0, 0x0,

    /* U+1EDD "ờ" */
    0x0, 0x9, 0xf9, 0x0, 0x0, 0x0, 0x0, 0x0,
    0xcf, 0x10, 0x0, 0x0, 0x0, 0x0, 0x1d, 0x60,
    0xc, 0xf1, 0x0, 0x0, 0x0, 0x0, 0xc, 0xf1,
    0x0, 0x18, 0xef, 0xe9, 0x11, 0xe1, 0x1, 0xef,
    0xb8, 0xbf, 0xe4, 0xe0, 0xa, 0xf6, 0x0, 0x5,
    0xff, 0x60, 0xf, 0xd0, 0x0, 0x0, 0xbf, 0x20,
    0x3f, 0x90, 0x0, 0x0, 0x7f, 0x50, 0x4f, 0x80,
    0x0, 0x0, 0x6f, 0x60, 0x3f, 0xa0, 0x0, 0x0,
    0x8f, 0x50, 0xf, 0xd0, 0x0, 0x0, 0xcf, 0x20,
    0xb, 0xf7, 0x0, 0x4, 0xfc, 0x0, 0x1, 0xef,
    0xc8, 0xaf, 0xe2, 0x0, 0x0, 0x18, 0xdf, 0xe9,
    0x10, 0x0,

    /* U+1EDE "Ở" */
    0x0, 0x0, 0x0, 0xee, 0xb4, 0x0, 0x0, 0x0,
    0x0, 0x0, 0x0, 0x22, 0xcf, 0x0, 0x0, 0x0,
    0x0, 0x0, 0x0, 0x1, 0xbf, 0x0, 0x0, 0x0,
    0x0, 0x0, 0x0, 0xc, 0xa2, 0x0, 0x0, 0x21,
    0x0, 0x0, 0x0, 0x2, 0x10, 0x0, 0x5, 0xf8,
    0x0, 0x0, 0x39, 0xdf, 0xec, 0x60, 0x5, 0xf8,
    0x0, 0x8, 0xff, 0xdb, 0xcf, 0xfd, 0x20, 0x77,
    0x0, 0x7f, 0xe4, 0x0, 0x1, 0x8f, 0xe1, 0xa4,
    0x2, 0xfe, 0x10, 0x0, 0x0, 0x8, 0xfc, 0xc0,
    0x9, 0xf7, 0x0, 0x0, 0x0, 0x0, 0xef, 0x30,
    0xd, 0xf2, 0x0, 0x0, 0x0, 0x0, 0x9f, 0x60,
    0xf, 0xf0, 0x0, 0x0, 0x0, 0x0, 0x6f, 0x80,
    0xf, 0xe0, 0x0, 0x0, 0x0, 0x0, 0x5f, 0x90,
    0xf, 0xf0, 0x0, 0x0, 0x0, 0x0, 0x6f, 0x90,
    0xd, 0xf1, 0x0, 0x0, 0x0, 0x0, 0x9f, 0x60,
    0x9, 0xf7, 0x0, 0x0, 0x0, 0x0, 0xef, 0x20,
    0x2, 0xff, 0x20, 0x0, 0x0, 0x7, 0xfb, 0x0,
    0x0, 0x7f, 0xe4, 0x0, 0x0, 0x8f, 0xe2, 0x0,
    0x0, 0x7, 0xff, 0xdb, 0xcf, 0xfe, 0x30, 0x0,
    0x0, 0x0, 0x39, 0xdf, 0xfc, 0x70, 0x0, 0x0,

    /* U+1EDF "ở" */
    0x0, 0x5, 0xee, 0xa2, 0x0, 0x0, 0x0, 0x0,
    0x25, 0xfa, 0x0, 0x0, 0x0, 0x0, 0x2f, 0xd4,
    0x0, 0x0, 0x0, 0x0, 0x3, 0x0, 0xc, 0xf1,
    0x0, 0x0, 0x0, 0x0, 0xc, 0xf1, 0x0, 0x18,
    0xef, 0xe9, 0x11, 0xe1, 0x1, 0xef, 0xb8, 0xbf,
    0xe4, 0xe0, 0xa, 0xf6, 0x0, 0x5, 0xff, 0x60,
    0xf, 0xd0, 0x0, 0x0, 0xbf, 0x20, 0x3f, 0x90,
    0x0, 0x0, 0x7f, 0x50, 0x4f, 0x80, 0x0, 0x0,
    0x6f, 0x60, 0x3f, 0xa0, 0x0, 0x0, 0x8f, 0x50,
    0xf, 0xd0, 0x0, 0x0, 0xcf, 0x20, 0xb, 0xf7,
    0x0, 0x4, 0xfc, 0x0, 0x1, 0xef, 0xc8, 0xaf,
    0xe2, 0x0, 0x0, 0x18, 0xdf, 0xe9, 0x10, 0x0,

    /* U+1EE0 "Ỡ" */
    0x0, 0x0, 0x0, 0x0, 0x0, 0x10, 0x0, 0x0,
    0x0, 0x0, 0xb, 0xfc, 0x46, 0xf0, 0x0, 0x0,
    0x0, 0x0, 0x5f, 0x59, 0xff, 0x90, 0x0, 0x0,
    0x0, 0x0, 0x13, 0x0, 0x23, 0x0, 0x0, 0x21,
    0x0, 0x0, 0x0, 0x0, 0x0, 0x0, 0x5, 0xf8,
    0x0, 0x0, 0x39, 0xdf, 0xec, 0x60, 0x5, 0xf8,
    0x0, 0x8, 0xff, 0xdb, 0xcf, 0xfd, 0x20, 0x77,
    0x0, 0x7f, 0xe4, 0x0, 0x1, 0x8f, 0xe1, 0xa4,
    0x2, 0xfe, 0x10, 0x0, 0x0, 0x8, 0xfc, 0xc0,
    0x9, 0xf7, 0x0, 0x0, 0x0, 0x0, 0xef, 0x30,
    0xd, 0xf2, 0x0, 0x0, 0x0, 0x0, 0x9f, 0x60,
    0xf, 0xf0, 0x0, 0x0, 0x0, 0x0, 0x6f, 0x80,
    0xf, 0xe0, 0x0, 0x0, 0x0, 0x0, 0x5f, 0x90,
    0xf, 0xf0, 0x0, 0x0, 0x0, 0x0, 0x6f, 0x90,
    0xd, 0xf1, 0x0, 0x0, 0x0, 0x0, 0x9f, 0x60,
    0x9, 0xf7, 0x0, 0x0, 0x0, 0x0, 0xef, 0x20,
    0x2, 0xff, 0x20, 0x0, 0x0, 0x7, 0xfb, 0x0,
    0x0, 0x7f, 0xe4, 0x0, 0x0, 0x8f, 0xe2, 0x0,
    0x0, 0x7, 0xff, 0xdb, 0xcf, 0xfe, 0x30, 0x0,
    0x0, 0x0, 0x39, 0xdf, 0xfc, 0x70, 0x0, 0x0,

    /* U+1EE1 "ỡ" */
    0x0, 0x1c, 0xf9, 0x29, 0xc0, 0x0, 0x0, 0x9d,
    0x6c, 0xff, 0x50, 0x0, 0x0, 0x22, 0x0, 0x32,
    0xc, 0xf1, 0x0, 0x0, 0x0, 0x0, 0xc, 0xf1,
    0x0, 0x18, 0xef, 0xe9, 0x11, 0xe1, 0x1, 0xef,
    0xb8, 0xbf, 0xe4, 0xe0, 0xa, 0xf6, 0x0, 0x5,
    0xff, 0x60, 0xf, 0xd0, 0x0, 0x0, 0xbf, 0x20,
    0x3f, 0x90, 0x0, 0x0, 0x7f, 0x50, 0x4f, 0x80,
    0x0, 0x0, 0x6f, 0x60, 0x3f, 0xa0, 0x0, 0x0,
    0x8f, 0x50, 0xf, 0xd0, 0x0, 0x0, 0xcf, 0x20,
    0xb, 0xf7, 0x0, 0x4, 0xfc, 0x0, 0x1, 0xef,
    0xc8, 0xaf, 0xe2, 0x0, 0x0, 0x18, 0xdf, 0xe9,
    0x10, 0x0,

    /* U+1EE2 "Ợ" */
    0x0, 0x0, 0x0, 0x0, 0x0, 0x0, 0x0, 0x21,
    0x0, 0x0, 0x0, 0x0, 0x0, 0x0, 0x5, 0xf8,
    0x0, 0x0, 0x39, 0xdf, 0xec, 0x60, 0x5, 0xf8,
    0x0, 0x8, 0xff, 0xdb, 0xcf, 0xfd, 0x20, 0x77,
    0x0, 0x7f, 0xe4, 0x0, 0x1, 0x8f, 0xe1, 0xa4,
    0x2, 0xfe, 0x10, 0x0, 0x0, 0x8, 0xfc, 0xc0,
    0x9, 0xf7, 0x0, 0x0, 0x0, 0x0, 0xef, 0x30,
    0xd, 0xf2, 0x0, 0x0, 0x0, 0x0, 0x9f, 0x60,
    0xf, 0xf0, 0x0, 0x0, 0x0, 0x0, 0x6f, 0x80,
    0xf, 0xe0, 0x0, 0x0, 0x0, 0x0, 0x5f, 0x90,
    0xf, 0xf0, 0x0, 0x0, 0x0, 0x0, 0x6f, 0x90,
    0xd, 0xf1, 0x0, 0x0, 0x0, 0x0, 0x9f, 0x60,
    0x9, 0xf7, 0x0, 0x0, 0x0, 0x0, 0xef, 0x20,
    0x2, 0xff, 0x20, 0x0, 0x0, 0x7, 0xfb, 0x0,
    0x0, 0x7f, 0xe4, 0x0, 0x0, 0x8f, 0xe2, 0x0,
    0x0, 0x7, 0xff, 0xdb, 0xcf, 0xfe, 0x30, 0x0,
    0x0, 0x0, 0x39, 0xdf, 0xfc, 0x70, 0x0, 0x0,
    0x0, 0x0, 0x0, 0x0, 0x0, 0x0, 0x0, 0x0,
    0x0, 0x0, 0x0, 0x1, 0x0, 0x0, 0x0, 0x0,
    0x0, 0x0, 0x0, 0xf, 0xc0, 0x0, 0x0, 0x0,
    0x0, 0x0, 0x0, 0xf, 0xc0, 0x0, 0x0, 0x0,

    /* U+1EE3 "ợ" */
    0x0, 0x0, 0x0, 0x0, 0xc, 0xf1, 0x0, 0x0,
    0x0, 0x0, 0xc, 0xf1, 0x0, 0x18, 0xef, 0xe9,
    0x11, 0xe1, 0x1, 0xef, 0xb8, 0xbf, 0xe4, 0xe0,
    0xa, 0xf6, 0x0, 0x5, 0xff, 0x60, 0xf, 0xd0,
    0x0, 0x0, 0xbf, 0x20, 0x3f, 0x90, 0x0, 0x0,
    0x7f, 0x50, 0x4f, 0x80, 0x0, 0x0, 0x6f, 0x60,
    0x3f, 0xa0, 0x0, 0x0, 0x8f, 0x50, 0xf, 0xd0,
    0x0, 0x0, 0xcf, 0x20, 0xb, 0xf7, 0x0, 0x4,
    0xfc, 0x0, 0x1, 0xef, 0xc8, 0xaf, 0xe2, 0x0,
    0x0, 0x18, 0xdf, 0xe9, 0x10, 0x0, 0x0, 0x0,
    0x0, 0x0, 0x0, 0x0, 0x0, 0x0, 0x1, 0x0,
    0x0, 0x0, 0x0, 0x0, 0x5f, 0x70, 0x0, 0x0,
    0x0, 0x0, 0x5f, 0x70, 0x0, 0x0,

    /* U+1EE4 "Ụ" */
    0x6f, 0x70, 0x0, 0x0, 0x1, 0xfd, 0x6f, 0x70,
    0x0, 0x0, 0x1, 0xfd, 0x6f, 0x70, 0x0, 0x0,
    0x1, 0xfd, 0x6f, 0x70, 0x0, 0x0, 0x1, 0xfd,
    0x6f, 0x70, 0x0, 0x0, 0x1, 0xfd, 0x6f, 0x70,
    0x0, 0x0, 0x1, 0xfd, 0x6f, 0x70, 0x0, 0x0,
    0x1, 0xfd, 0x6f, 0x70, 0x0, 0x0, 0x1, 0xfd,
    0x6f, 0x70, 0x0, 0x0, 0x1, 0xfd, 0x5f, 0x80,
    0x0, 0x0, 0x1, 0xfc, 0x4f, 0x90, 0x0, 0x0,
    0x3, 0xfb, 0x1f, 0xe0, 0x0, 0x0, 0x8, 0xf8,
    0xb, 0xfa, 0x10, 0x0, 0x5f, 0xf2, 0x1, 0xef,
    0xfd, 0xce, 0xff, 0x60, 0x0, 0x18, 0xdf, 0xfe,
    0xa3, 0x0, 0x0, 0x0, 0x0, 0x0, 0x0, 0x0,
    0x0, 0x0, 0x0, 0x10, 0x0, 0x0, 0x0, 0x0,
    0xb, 0xf1, 0x0, 0x0, 0x0, 0x0, 0xb, 0xf1,
    0x0, 0x0,

    /* U+1EE5 "ụ" */
    0xbf, 0x10, 0x0, 0xf, 0xbb, 0xf1, 0x0, 0x0,
    0xfb, 0xbf, 0x10, 0x0, 0xf, 0xbb, 0xf1, 0x0,
    0x0, 0xfb, 0xbf, 0x10, 0x0, 0xf, 0xbb, 0xf1,
    0x0, 0x0, 0xfb, 0xaf, 0x10, 0x0, 0x1f, 0xba,
    0xf2, 0x0, 0x3, 0xfb, 0x7f, 0x70, 0x0, 0xbf,
    0xb2, 0xff, 0xba, 0xec, 0xdb, 0x3, 0xbf, 0xe9,
    0x1d, 0xb0, 0x0, 0x0, 0x0, 0x0, 0x0, 0x0,
    0x10, 0x0, 0x0, 0x0, 0x5f, 0x70, 0x0, 0x0,
    0x5, 0xf7, 0x0, 0x0,

    /* U+1EE6 "Ủ" */
    0x0, 0x0, 0xde, 0xb4, 0x0, 0x0, 0x0, 0x0,
    0x22, 0xbf, 0x0, 0x0, 0x0, 0x0, 0x1, 0xbf,
    0x10, 0x0, 0x0, 0x0, 0xb, 0xc4, 0x0, 0x0,
    0x0, 0x0, 0x2, 0x10, 0x0, 0x0, 0x6f, 0x70,
    0x0, 0x0, 0x1, 0xfd, 0x6f, 0x70, 0x0, 0x0,
    0x1, 0xfd, 0x6f, 0x70, 0x0, 0x0, 0x1, 0xfd,
    0x6f, 0x70, 0x0, 0x0, 0x1, 0xfd, 0x6f, 0x70,
    0x0, 0x0, 0x1, 0xfd, 0x6f, 0x70, 0x0, 0x0,
    0x1, 0xfd, 0x6f, 0x70, 0x0, 0x0, 0x1, 0xfd,
    0x6f, 0x70, 0x0, 0x0, 0x1, 0xfd, 0x6f, 0x70,
    0x0, 0x0, 0x1, 0xfd, 0x5f, 0x80, 0x0, 0x0,
    0x1, 0xfc, 0x4f, 0x90, 0x0, 0x0, 0x3, 0xfb,
    0x1f, 0xe0, 0x0, 0x0, 0x8, 0xf8, 0xb, 0xfa,
    0x10, 0x0, 0x5f, 0xf2, 0x1, 0xef, 0xfd, 0xce,
    0xff, 0x60, 0x0, 0x18, 0xdf, 0xfe, 0xa3, 0x0,

    /* U+1EE7 "ủ" */
    0x0, 0x9e, 0xd9, 0x10, 0x0, 0x1, 0x27, 0xf7,
    0x0, 0x0, 0x5, 0xe8, 0x10, 0x0, 0x0, 0x12,
    0x0, 0x0, 0x0, 0x0, 0x0, 0x0, 0xb, 0xf1,
    0x0, 0x0, 0xfb, 0xbf, 0x10, 0x0, 0xf, 0xbb,
    0xf1, 0x0, 0x0, 0xfb, 0xbf, 0x10, 0x0, 0xf,
    0xbb, 0xf1, 0x0, 0x0, 0xfb, 0xbf, 0x10, 0x0,
    0xf, 0xba, 0xf1, 0x0, 0x1, 0xfb, 0xaf, 0x20,
    0x0, 0x3f, 0xb7, 0xf7, 0x0, 0xb, 0xfb, 0x2f,
    0xfb, 0xae, 0xcd, 0xb0, 0x3b, 0xfe, 0x91, 0xdb,

    /* U+1EE8 "Ứ" */
    0x0, 0x0, 0x0, 0xcf, 0x50, 0x0, 0x0, 0x0,
    0x0, 0x0, 0x4f, 0x90, 0x0, 0x0, 0x0, 0x0,
    0x0, 0x9, 0xb0, 0x0, 0x0, 0x2, 0x10, 0x0,
    0x0, 0x0, 0x0, 0x0, 0x5, 0xf8, 0x6f, 0x70,
    0x0, 0x0, 0x1, 0xfd, 0x5f, 0x86, 0xf7, 0x0,
    0x0, 0x0, 0x1f, 0xd0, 0x77, 0x6f, 0x70, 0x0,
    0x0, 0x1, 0xfd, 0xb, 0x36, 0xf7, 0x0, 0x0,
    0x0, 0x1f, 0xea, 0x90, 0x6f, 0x70, 0x0, 0x0,
    0x1, 0xfe, 0x40, 0x6, 0xf7, 0x0, 0x0, 0x0,
    0x1f, 0xd0, 0x0, 0x6f, 0x70, 0x0, 0x0, 0x1,
    0xfd, 0x0, 0x6, 0xf7, 0x0, 0x0, 0x0, 0x1f,
    0xd0, 0x0, 0x6f, 0x70, 0x0, 0x0, 0x1, 0xfd,
    0x0, 0x5, 0xf8, 0x0, 0x0, 0x0, 0x1f, 0xc0,
    0x0, 0x4f, 0x90, 0x0, 0x0, 0x3, 0xfb, 0x0,
    0x1, 0xfe, 0x0, 0x0, 0x0, 0x8f, 0x80, 0x0,
    0xb, 0xfa, 0x10, 0x0, 0x5f, 0xf1, 0x0, 0x0,
    0x1e, 0xff, 0xdc, 0xef, 0xf6, 0x0, 0x0, 0x0,
    0x18, 0xdf, 0xfe, 0xa3, 0x0, 0x0, 0x0,

    /* U+1EE9 "ứ" */
    0x0, 0x0, 0x7f, 0xb0, 0x0, 0x0, 0x0, 0x0,
    0xee, 0x10, 0x0, 0x10, 0x0, 0x4, 0xd3, 0x0,
    0x6, 0xf8, 0x0, 0x0, 0x0, 0x0, 0x6, 0xf7,
    0xbf, 0x10, 0x0, 0xf, 0xb0, 0x76, 0xbf, 0x10,
    0x0, 0xf, 0xb0, 0xb3, 0xbf, 0x10, 0x0, 0xf,
    0xda, 0x90, 0xbf, 0x10, 0x0, 0xf, 0xd4, 0x0,
    0xbf, 0x10, 0x0, 0xf, 0xb0, 0x0, 0xbf, 0x10,
    0x0, 0xf, 0xb0, 0x0, 0xaf, 0x10, 0x0, 0x1f,
    0xb0, 0x0, 0xaf, 0x20, 0x0, 0x3f, 0xb0, 0x0,
    0x7f, 0x70, 0x0, 0xbf, 0xb0, 0x0, 0x2f, 0xfb,
    0xae, 0xcd, 0xb0, 0x0, 0x3, 0xbf, 0xe9, 0x1d,
    0xb0, 0x0,

    /* U+1EEA "Ừ" */
    0x0, 0x0, 0xdf, 0x40, 0x0, 0x0, 0x0, 0x0,
    0x0, 0x2, 0xfb, 0x0, 0x0, 0x0, 0x0, 0x0,
    0x0, 0x5, 0xd2, 0x0, 0x0, 0x2, 0x10, 0x0,
    0x0, 0x0, 0x0, 0x0, 0x5, 0xf8, 0x6f, 0x70,
    0x0, 0x0, 0x1, 0xfd, 0x5f, 0x86, 0xf7, 0x0,
    0x0, 0x0, 0x1f, 0xd0, 0x77, 0x6f, 0x70, 0x0,
    0x0, 0x1, 0xfd, 0xb, 0x36, 0xf7, 0x0, 0x0,
    0x0, 0x1f, 0xea, 0x90, 0x6f, 0x70, 0x0, 0x0,
    0x1, 0xfe, 0x40, 0x6, 0xf7, 0x0, 0x0, 0x0,
    0x1f, 0xd0, 0x0, 0x6f, 0x70, 0x0, 0x0, 0x1,
    0xfd, 0x0, 0x6, 0xf7, 0x0, 0x0, 0x0, 0x1f,
    0xd0, 0x0, 0x6f, 0x70, 0x0, 0x0, 0x1, 0xfd,
    0x0, 0x5, 0xf8, 0x0, 0x0, 0x0, 0x1f, 0xc0,
    0x0, 0x4f, 0x90, 0x0, 0x0, 0x3, 0xfb, 0x0,
    0x1, 0xfe, 0x0, 0x0, 0x0, 0x8f, 0x80, 0x0,
    0xb, 0xfa, 0x10, 0x0, 0x5f, 0xf1, 0x0, 0x0,
    0x1e, 0xff, 0xdc, 0xef, 0xf6, 0x0, 0x0, 0x0,
    0x18, 0xdf, 0xfe, 0xa3, 0x0, 0x0, 0x0,

    /* U+1EEB "ừ" */
    0x0, 0x9f, 0x90, 0x0, 0x0, 0x0, 0x0, 0xc,
    0xf1, 0x0, 0x0, 0x10, 0x0, 0x1, 0xd6, 0x0,
    0x6, 0xf8, 0x0, 0x0, 0x0, 0x0, 0x6, 0xf7,
    0xbf, 0x10, 0x0, 0xf, 0xb0, 0x76, 0xbf, 0x10,
    0x0, 0xf, 0xb0, 0xb3, 0xbf, 0x10, 0x0, 0xf,
    0xda, 0x90, 0xbf, 0x10, 0x0, 0xf, 0xd4, 0x0,
    0xbf, 0x10, 0x0, 0xf, 0xb0, 0x0, 0xbf, 0x10,
    0x0, 0xf, 0xb0, 0x0, 0xaf, 0x10, 0x0, 0x1f,
    0xb0, 0x0, 0xaf, 0x20, 0x0, 0x3f, 0xb0, 0x0,
    0x7f, 0x70, 0x0, 0xbf, 0xb0, 0x0, 0x2f, 0xfb,
    0xae, 0xcd, 0xb0, 0x0, 0x3, 0xbf, 0xe9, 0x1d,
    0xb0, 0x0,

    /* U+1EEC "Ử" */
    0x0, 0x0, 0xde, 0xc4, 0x0, 0x0, 0x0, 0x0,
    0x0, 0x2, 0x2b, 0xf0, 0x0, 0x0, 0x0, 0x0,
    0x0, 0x1, 0xbf, 0x0, 0x0, 0x0, 0x0, 0x0,
    0x0, 0xba, 0x20, 0x0, 0x0, 0x21, 0x0, 0x0,
    0x2, 0x10, 0x0, 0x0, 0x5f, 0x86, 0xf7, 0x0,
    0x0, 0x0, 0x1f, 0xd5, 0xf8, 0x6f, 0x70, 0x0,
    0x0, 0x1, 0xfd, 0x7, 0x76, 0xf7, 0x0, 0x0,
    0x0, 0x1f, 0xd0, 0xb3, 0x6f, 0x70, 0x0, 0x0,
    0x1, 0xfe, 0xa9, 0x6, 0xf7, 0x0, 0x0, 0x0,
    0x1f, 0xe4, 0x0, 0x6f, 0x70, 0x0, 0x0, 0x1,
    0xfd, 0x0, 0x6, 0xf7, 0x0, 0x0, 0x0, 0x1f,
    0xd0, 0x0, 0x6f, 0x70, 0x0, 0x0, 0x1, 0xfd,
    0x0, 0x6, 0xf7, 0x0, 0x0, 0x0, 0x1f, 0xd0,
    0x0, 0x5f, 0x80, 0x0, 0x0, 0x1, 0xfc, 0x0,
    0x4, 0xf9, 0x0, 0x0, 0x0, 0x3f, 0xb0, 0x0,
    0x1f, 0xe0, 0x0, 0x0, 0x8, 0xf8, 0x0, 0x0,
    0xbf, 0xa1, 0x0, 0x5, 0xff, 0x10, 0x0, 0x1,
    0xef, 0xfd, 0xce, 0xff, 0x60, 0x0, 0x0, 0x1,
    0x8d, 0xff, 0xea, 0x30, 0x0, 0x0,

    /* U+1EED "ử" */
    0x0, 0x9e, 0xd9, 0x0, 0x0, 0x0, 0x0, 0x12,
    0x7f, 0x70, 0x0, 0x0, 0x0, 0x5, 0xfc, 0x20,
    0x0, 0x10, 0x0, 0x1, 0x20, 0x0, 0x6, 0xf8,
    0x0, 0x0, 0x0, 0x0, 0x6, 0xf7, 0xbf, 0x10,
    0x0, 0xf, 0xb0, 0x76, 0xbf, 0x10, 0x0, 0xf,
    0xb0, 0xb3, 0xbf, 0x10, 0x0, 0xf, 0xda, 0x90,
    0xbf, 0x10, 0x0, 0xf, 0xd4, 0x0, 0xbf, 0x10,
    0x0, 0xf, 0xb0, 0x0, 0xbf, 0x10, 0x0, 0xf,
    0xb0, 0x0, 0xaf, 0x10, 0x0, 0x1f, 0xb0, 0x0,
    0xaf, 0x20, 0x0, 0x3f, 0xb0, 0x0, 0x7f, 0x70,
    0x0, 0xbf, 0xb0, 0x0, 0x2f, 0xfb, 0xae, 0xcd,
    0xb0, 0x0, 0x3, 0xbf, 0xe9, 0x1d, 0xb0, 0x0,

    /* U+1EEE "Ữ" */
    0x0, 0x0, 0x0, 0x0, 0x0, 0x0, 0x0, 0x0,
    0x0, 0x4f, 0xf8, 0x2d, 0x80, 0x0, 0x0, 0x0,
    0xd, 0xa6, 0xef, 0xe2, 0x0, 0x0, 0x0, 0x0,
    0x31, 0x0, 0x31, 0x0, 0x0, 0x21, 0x0, 0x0,
    0x0, 0x0, 0x0, 0x0, 0x5f, 0x86, 0xf7, 0x0,
    0x0, 0x0, 0x1f, 0xd5, 0xf8, 0x6f, 0x70, 0x0,
    0x0, 0x1, 0xfd, 0x7, 0x76, 0xf7, 0x0, 0x0,
    0x0, 0x1f, 0xd0, 0xb3, 0x6f, 0x70, 0x0, 0x0,
    0x1, 0xfe, 0xa9, 0x6, 0xf7, 0x0, 0x0, 0x0,
    0x1f, 0xe4, 0x0, 0x6f, 0x70, 0x0, 0x0, 0x1,
    0xfd, 0x0, 0x6, 0xf7, 0x0, 0x0, 0x0, 0x1f,
    0xd0, 0x0, 0x6f, 0x70, 0x0, 0x0, 0x1, 0xfd,
    0x0, 0x6, 0xf7, 0x0, 0x0, 0x0, 0x1f, 0xd0,
    0x0, 0x5f, 0x80, 0x0, 0x0, 0x1, 0xfc, 0x0,
    0x4, 0xf9, 0x0, 0x0, 0x0, 0x3f, 0xb0, 0x0,
    0x1f, 0xe0, 0x0, 0x0, 0x8, 0xf8, 0x0, 0x0,
    0xbf, 0xa1, 0x0, 0x5, 0xff, 0x10, 0x0, 0x1,
    0xef, 0xfd, 0xce, 0xff, 0x60, 0x0, 0x0, 0x1,
    0x8d, 0xff, 0xea, 0x30, 0x0, 0x0,

    /* U+1EEF "ữ" */
    0x1, 0xcf, 0x92, 0x9c, 0x0, 0x0, 0x9, 0xd6,
    0xcf, 0xf5, 0x0, 0x10, 0x2, 0x20, 0x3, 0x20,
    0x6, 0xf8, 0x0, 0x0, 0x0, 0x0, 0x6, 0xf7,
    0xbf, 0x10, 0x0, 0xf, 0xb0, 0x76, 0xbf, 0x10,
    0x0, 0xf, 0xb0, 0xb3, 0xbf, 0x10, 0x0, 0xf,
    0xda, 0x90, 0xbf, 0x10, 0x0, 0xf, 0xd4, 0x0,
    0xbf, 0x10, 0x0, 0xf, 0xb0, 0x0, 0xbf, 0x10,
    0x0, 0xf, 0xb0, 0x0, 0xaf, 0x10, 0x0, 0x1f,
    0xb0, 0x0, 0xaf, 0x20, 0x0, 0x3f, 0xb0, 0x0,
    0x7f, 0x70, 0x0, 0xbf, 0xb0, 0x0, 0x2f, 0xfb,
    0xae, 0xcd, 0xb0, 0x0, 0x3, 0xbf, 0xe9, 0x1d,
    0xb0, 0x0,

    /* U+1EF0 "Ự" */
    0x0, 0x0, 0x0, 0x0, 0x0, 0x0, 0x2, 0x10,
    0x0, 0x0, 0x0, 0x0, 0x0, 0x5, 0xf8, 0x6f,
    0x70, 0x0, 0x0, 0x1, 0xfd, 0x5f, 0x86, 0xf7,
    0x0, 0x0, 0x0, 0x1f, 0xd0, 0x77, 0x6f, 0x70,
    0x0, 0x0, 0x1, 0xfd, 0xb, 0x36, 0xf7, 0x0,
    0x0, 0x0, 0x1f, 0xea, 0x90, 0x6f, 0x70, 0x0,
    0x0, 0x1, 0xfe, 0x40, 0x6, 0xf7, 0x0, 0x0,
    0x0, 0x1f, 0xd0, 0x0, 0x6f, 0x70, 0x0, 0x0,
    0x1, 0xfd, 0x0, 0x6, 0xf7, 0x0, 0x0, 0x0,
    0x1f, 0xd0, 0x0, 0x6f, 0x70, 0x0, 0x0, 0x1,
    0xfd, 0x0, 0x5, 0xf8, 0x0, 0x0, 0x0, 0x1f,
    0xc0, 0x0, 0x4f, 0x90, 0x0, 0x0, 0x3, 0xfb,
    0x0, 0x1, 0xfe, 0x0, 0x0, 0x0, 0x8f, 0x80,
    0x0, 0xb, 0xfa, 0x10, 0x0, 0x5f, 0xf1, 0x0,
    0x0, 0x1e, 0xff, 0xdc, 0xef, 0xf6, 0x0, 0x0,
    0x0, 0x18, 0xdf, 0xfe, 0xa3, 0x0, 0x0, 0x0,
    0x0, 0x0, 0x0, 0x0, 0x0, 0x0, 0x0, 0x0,
    0x0, 0x0, 0x10, 0x0, 0x0, 0x0, 0x0, 0x0,
    0x0, 0xbf, 0x10, 0x0, 0x0, 0x0, 0x0, 0x0,
    0xb, 0xf1, 0x0, 0x0, 0x0, 0x0,

    /* U+1EF1 "ự" */
    0x0, 0x0, 0x0, 0x0, 0x0, 0x10, 0x0, 0x0,
    0x0, 0x0, 0x6, 0xf8, 0x0, 0x0, 0x0, 0x0,
    0x6, 0xf7, 0xbf, 0x10, 0x0, 0xf, 0xb0, 0x76,
    0xbf, 0x10, 0x0, 0xf, 0xb0, 0xb3, 0xbf, 0x10,
    0x0, 0xf, 0xda, 0x90, 0xbf, 0x10, 0x0, 0xf,
    0xd4, 0x0, 0xbf, 0x10, 0x0, 0xf, 0xb0, 0x0,
    0xbf, 0x10, 0x0, 0xf, 0xb0, 0x0, 0xaf, 0x10,
    0x0, 0x1f, 0xb0, 0x0, 0xaf, 0x20, 0x0, 0x3f,
    0xb0, 0x0, 0x7f, 0x70, 0x0, 0xbf, 0xb0, 0x0,
    0x2f, 0xfb, 0xae, 0xcd, 0xb0, 0x0, 0x3, 0xbf,
    0xe9, 0x1d, 0xb0, 0x0, 0x0, 0x0, 0x0, 0x0,
    0x0, 0x0, 0x0, 0x0, 0x10, 0x0, 0x0, 0x0,
    0x0, 0x5, 0xf7, 0x0, 0x0, 0x0, 0x0, 0x5,
    0xf7, 0x0, 0x0, 0x0,

    /* U+1EF2 "Ỳ" */
    0x0, 0x0, 0x2d, 0xc0, 0x0, 0x0, 0x0, 0x0,
    0x0, 0x7, 0xf6, 0x0, 0x0, 0x0, 0x0, 0x0,
    0x0, 0xbd, 0x0, 0x0, 0x0, 0x0, 0x0, 0x0,
    0x0, 0x0, 0x0, 0x0, 0x9f, 0xb0, 0x0, 0x0,
    0x0, 0x4f, 0xd0, 0xe, 0xf5, 0x0, 0x0, 0x0,
    0xef, 0x30, 0x5, 0xfe, 0x0, 0x0, 0x8, 0xf9,
    0x0, 0x0, 0xaf, 0x90, 0x0, 0x3f, 0xd0, 0x0,
    0x0, 0x1e, 0xf3, 0x0, 0xcf, 0x40, 0x0, 0x0,
    0x6, 0xfc, 0x6, 0xf9, 0x0, 0x0, 0x0, 0x0,
    0xcf, 0x7e, 0xe0, 0x0, 0x0, 0x0, 0x0, 0x2f,
    0xff, 0x40, 0x0, 0x0, 0x0, 0x0, 0x8, 0xfa,
    0x0, 0x0, 0x0, 0x0, 0x0, 0x6, 0xf8, 0x0,
    0x0, 0x0, 0x0, 0x0, 0x6, 0xf8, 0x0, 0x0,
    0x0, 0x0, 0x0, 0x6, 0xf8, 0x0, 0x0, 0x0,
    0x0, 0x0, 0x6, 0xf8, 0x0, 0x0, 0x0, 0x0,
    0x0, 0x6, 0xf8, 0x0, 0x0, 0x0, 0x0, 0x0,
    0x6, 0xf8, 0x0, 0x0, 0x0,

    /* U+1EF3 "ỳ" */
    0x0, 0x9, 0xf9, 0x0, 0x0, 0x0, 0x0, 0xcf,
    0x10, 0x0, 0x0, 0x0, 0x1d, 0x60, 0x0, 0x0,
    0x0, 0x0, 0x0, 0x0, 0x7f, 0x60, 0x0, 0x1,
    0xfa, 0x2f, 0xb0, 0x0, 0x7, 0xf4, 0xc, 0xf1,
    0x0, 0xd, 0xe0, 0x6, 0xf7, 0x0, 0x2f, 0x90,
    0x0, 0xfc, 0x0, 0x8f, 0x30, 0x0, 0xaf, 0x20,
    0xed, 0x0, 0x0, 0x4f, 0x73, 0xf7, 0x0, 0x0,
    0xe, 0xd8, 0xf1, 0x0, 0x0, 0x8, 0xfd, 0xb0,
    0x0, 0x0, 0x2, 0xff, 0x50, 0x0, 0x0, 0x0,
    0xdf, 0x0, 0x0, 0x0, 0x1, 0xfa, 0x0, 0x0,
    0x0, 0x8, 0xf4, 0x0, 0x0, 0xc, 0xdf, 0xb0,
    0x0, 0x0, 0xb, 0xfb, 0x10, 0x0, 0x0,

    /* U+1EF4 "Ỵ" */
    0x9f, 0xb0, 0x0, 0x0, 0x0, 0x4f, 0xd0, 0xe,
    0xf5, 0x0, 0x0, 0x0, 0xef, 0x30, 0x5, 0xfe,
    0x0, 0x0, 0x8, 0xf9, 0x0, 0x0, 0xaf, 0x90,
    0x0, 0x3f, 0xd0, 0x0, 0x0, 0x1e, 0xf3, 0x0,
    0xcf, 0x40, 0x0, 0x0, 0x6, 0xfc, 0x6, 0xf9,
    0x0, 0x0, 0x0, 0x0, 0xcf, 0x7e, 0xe0, 0x0,
    0x0, 0x0, 0x0, 0x2f, 0xff, 0x40, 0x0, 0x0,
    0x0, 0x0, 0x8, 0xfa, 0x0, 0x0, 0x0, 0x0,
    0x0, 0x6, 0xf8, 0x0, 0x0, 0x0, 0x0, 0x0,
    0x6, 0xf8, 0x0, 0x0, 0x0, 0x0, 0x0, 0x6,
    0xf8, 0x0, 0x0, 0x0, 0x0, 0x0, 0x6, 0xf8,
    0x0, 0x0, 0x0, 0x0, 0x0, 0x6, 0xf8, 0x0,
    0x0, 0x0, 0x0, 0x0, 0x6, 0xf8, 0x0, 0x0,
    0x0, 0x0, 0x0, 0x0, 0x0, 0x0, 0x0, 0x0,
    0x0, 0x0, 0x0, 0x10, 0x0, 0x0, 0x0, 0x0,
    0x0, 0x6, 0xf6, 0x0, 0x0, 0x0, 0x0, 0x0,
    0x6, 0xf6, 0x0, 0x0, 0x0,

    /* U+1EF5 "ỵ" */
    0x7f, 0x60, 0x0, 0x1, 0xfa, 0x2f, 0xb0, 0x0,
    0x7, 0xf4, 0xc, 0xf1, 0x0, 0xd, 0xe0, 0x6,
    0xf7, 0x0, 0x2f, 0x90, 0x0, 0xfc, 0x0, 0x8f,
    0x30, 0x0, 0xaf, 0x20, 0xed, 0x0, 0x0, 0x4f,
    0x73, 0xf7, 0x0, 0x0, 0xe, 0xd8, 0xf1, 0x0,
    0x0, 0x8, 0xfd, 0xb0, 0x0, 0x0, 0x2, 0xff,
    0x50, 0x0, 0x0, 0x0, 0xdf, 0x0, 0x0, 0x0,
    0x1, 0xfa, 0x0, 0x0, 0x0, 0x8, 0xf4, 0x1,
    0x0, 0xc, 0xdf, 0xb0, 0xf, 0xc0, 0xb, 0xfb,
    0x10, 0xf, 0xc0,

    /* U+1EF6 "Ỷ" */
    0x0, 0x0, 0x3e, 0xeb, 0x40, 0x0, 0x0, 0x0,
    0x0, 0x1, 0x3d, 0xe0, 0x0, 0x0, 0x0, 0x0,
    0x0, 0xeb, 0x40, 0x0, 0x0, 0x0, 0x0, 0x0,
    0x20, 0x0, 0x0, 0x0, 0x9f, 0xb0, 0x0, 0x0,
    0x0, 0x4f, 0xd0, 0xe, 0xf5, 0x0, 0x0, 0x0,
    0xef, 0x30, 0x5, 0xfe, 0x0, 0x0, 0x8, 0xf9,
    0x0, 0x0, 0xaf, 0x90, 0x0, 0x3f, 0xd0, 0x0,
    0x0, 0x1e, 0xf3, 0x0, 0xcf, 0x40, 0x0, 0x0,
    0x6, 0xfc, 0x6, 0xf9, 0x0, 0x0, 0x0, 0x0,
    0xcf, 0x7e, 0xe0, 0x0, 0x0, 0x0, 0x0, 0x2f,
    0xff, 0x40, 0x0, 0x0, 0x0, 0x0, 0x8, 0xfa,
    0x0, 0x0, 0x0, 0x0, 0x0, 0x6, 0xf8, 0x0,
    0x0, 0x0, 0x0, 0x0, 0x6, 0xf8, 0x0, 0x0,
    0x0, 0x0, 0x0, 0x6, 0xf8, 0x0, 0x0, 0x0,
    0x0, 0x0, 0x6, 0xf8, 0x0, 0x0, 0x0, 0x0,
    0x0, 0x6, 0xf8, 0x0, 0x0, 0x0, 0x0, 0x0,
    0x6, 0xf8, 0x0, 0x0, 0x0,

    /* U+1EF7 "ỷ" */
    0x0, 0x1e, 0xec, 0x50, 0x0, 0x0, 0x2, 0x3d,
    0xf0, 0x0, 0x0, 0x0, 0xdb, 0x40, 0x0, 0x0,
    0x0, 0x20, 0x0, 0x0, 0x0, 0x0, 0x0, 0x0,
    0x0, 0x7f, 0x60, 0x0, 0x1, 0xfa, 0x2f, 0xb0,
    0x0, 0x7, 0xf4, 0xc, 0xf1, 0x0, 0xd, 0xe0,
    0x6, 0xf7, 0x0, 0x2f, 0x90, 0x0, 0xfc, 0x0,
    0x8f, 0x30, 0x0, 0xaf, 0x20, 0xed, 0x0, 0x0,
    0x4f, 0x73, 0xf7, 0x0, 0x0, 0xe, 0xd8, 0xf1,
    0x0, 0x0, 0x8, 0xfd, 0xb0, 0x0, 0x0, 0x2,
    0xff, 0x50, 0x0, 0x0, 0x0, 0xdf, 0x0, 0x0,
    0x0, 0x1, 0xfa, 0x0, 0x0, 0x0, 0x8, 0xf4,
    0x0, 0x0, 0xc, 0xdf, 0xb0, 0x0, 0x0, 0xb,
    0xfb, 0x10, 0x0, 0x0,

    /* U+1EF8 "Ỹ" */
    0x0, 0x0, 0x0, 0x0, 0x1, 0x0, 0x0, 0x0,
    0x0, 0xbf, 0xc4, 0x7f, 0x0, 0x0, 0x0, 0x6,
    0xe5, 0xaf, 0xf8, 0x0, 0x0, 0x0, 0x2, 0x30,
    0x2, 0x20, 0x0, 0x0, 0x9f, 0xb0, 0x0, 0x0,
    0x0, 0x4f, 0xd0, 0xe, 0xf5, 0x0, 0x0, 0x0,
    0xef, 0x30, 0x5, 0xfe, 0x0, 0x0, 0x8, 0xf9,
    0x0, 0x0, 0xaf, 0x90, 0x0, 0x3f, 0xd0, 0x0,
    0x0, 0x1e, 0xf3, 0x0, 0xcf, 0x40, 0x0, 0x0,
    0x6, 0xfc, 0x6, 0xf9, 0x0, 0x0, 0x0, 0x0,
    0xcf, 0x7e, 0xe0, 0x0, 0x0, 0x0, 0x0, 0x2f,
    0xff, 0x40, 0x0, 0x0, 0x0, 0x0, 0x8, 0xfa,
    0x0, 0x0, 0x0, 0x0, 0x0, 0x6, 0xf8, 0x0,
    0x0, 0x0, 0x0, 0x0, 0x6, 0xf8, 0x0, 0x0,
    0x0, 0x0, 0x0, 0x6, 0xf8, 0x0, 0x0, 0x0,
    0x0, 0x0, 0x6, 0xf8, 0x0, 0x0, 0x0, 0x0,
    0x0, 0x6, 0xf8, 0x0, 0x0, 0x0, 0x0, 0x0,
    0x6, 0xf8, 0x0, 0x0, 0x0,

    /* U+1EF9 "ỹ" */
    0x0, 0x6e, 0xd5, 0x3f, 0x40, 0x1, 0xf8, 0x8f,
    0xfd, 0x0, 0x0, 0x40, 0x1, 0x30, 0x0, 0x0,
    0x0, 0x0, 0x0, 0x0, 0x7f, 0x60, 0x0, 0x1,
    0xfa, 0x2f, 0xb0, 0x0, 0x7, 0xf4, 0xc, 0xf1,
    0x0, 0xd, 0xe0, 0x6, 0xf7, 0x0, 0x2f, 0x90,
    0x0, 0xfc, 0x0, 0x8f, 0x30, 0x0, 0xaf, 0x20,
    0xed, 0x0, 0x0, 0x4f, 0x73, 0xf7, 0x0, 0x0,
    0xe, 0xd8, 0xf1, 0x0, 0x0, 0x8, 0xfd, 0xb0,
    0x0, 0x0, 0x2, 0xff, 0x50, 0x0, 0x0, 0x0,
    0xdf, 0x0, 0x0, 0x0, 0x1, 0xfa, 0x0, 0x0,
    0x0, 0x8, 0xf4, 0x0, 0x0, 0xc, 0xdf, 0xb0,
    0x0, 0x0, 0xb, 0xfb, 0x10, 0x0, 0x0
};


/*---------------------
 *  GLYPH DESCRIPTION
 *--------------------*/

static const lv_font_fmt_txt_glyph_dsc_t glyph_dsc[] = {
    {.bitmap_index = 0, .adv_w = 0, .box_w = 0, .box_h = 0, .ofs_x = 0, .ofs_y = 0} /* id = 0 reserved */,
    {.bitmap_index = 0, .adv_w = 89, .box_w = 0, .box_h = 0, .ofs_x = 0, .ofs_y = 0},
    {.bitmap_index = 0, .adv_w = 89, .box_w = 3, .box_h = 15, .ofs_x = 1, .ofs_y = 0},
    {.bitmap_index = 23, .adv_w = 114, .box_w = 7, .box_h = 6, .ofs_x = 0, .ofs_y = 9},
    {.bitmap_index = 44, .adv_w = 178, .box_w = 11, .box_h = 15, .ofs_x = 0, .ofs_y = 0},
    {.bitmap_index = 127, .adv_w = 178, .box_w = 11, .box_h = 19, .ofs_x = 0, .ofs_y = -2},
    {.bitmap_index = 232, .adv_w = 285, .box_w = 16, .box_h = 15, .ofs_x = 1, .ofs_y = 0},
    {.bitmap_index = 352, .adv_w = 213, .box_w = 13, .box_h = 16, .ofs_x = 0, .ofs_y = -1},
    {.bitmap_index = 456, .adv_w = 61, .box_w = 3, .box_h = 6, .ofs_x = 0, .ofs_y = 9},
    {.bitmap_index = 465, .adv_w = 107, .box_w = 5, .box_h = 19, .ofs_x = 1, .ofs_y = -4},
    {.bitmap_index = 513, .adv_w = 107, .box_w = 6, .box_h = 19, .ofs_x = 0, .ofs_y = -4},
    {.bitmap_index = 570, .adv_w = 125, .box_w = 8, .box_h = 7, .ofs_x = 0, .ofs_y = 8},
    {.bitmap_index = 598, .adv_w = 187, .box_w = 10, .box_h = 10, .ofs_x = 1, .ofs_y = 2},
    {.bitmap_index = 648, .adv_w = 89, .box_w = 3, .box_h = 6, .ofs_x = 1, .ofs_y = -3},
    {.bitmap_index = 657, .adv_w = 107, .box_w = 7, .box_h = 2, .ofs_x = 0, .ofs_y = 4},
    {.bitmap_index = 664, .adv_w = 89, .box_w = 3, .box_h = 3, .ofs_x = 1, .ofs_y = 0},
    {.bitmap_index = 669, .adv_w = 89, .box_w = 6, .box_h = 16, .ofs_x = 0, .ofs_y = -1},
    {.bitmap_index = 717, .adv_w = 178, .box_w = 11, .box_h = 15, .ofs_x = 0, .ofs_y = 0},
    {.bitmap_index = 800, .adv_w = 178, .box_w = 6, .box_h = 15, .ofs_x = 2, .ofs_y = 0},
    {.bitmap_index = 845, .adv_w = 178, .box_w = 11, .box_h = 15, .ofs_x = 0, .ofs_y = 0},
    {.bitmap_index = 928, .adv_w = 178, .box_w = 11, .box_h = 15, .ofs_x = 0, .ofs_y = 0},
    {.bitmap_index = 1011, .adv_w = 178, .box_w = 11, .box_h = 15, .ofs_x = 0, .ofs_y = 0},
    {.bitmap_index = 1094, .adv_w = 178, .box_w = 11, .box_h = 15, .ofs_x = 0, .ofs_y = 0},
    {.bitmap_index = 1177, .adv_w = 178, .box_w = 11, .box_h = 15, .ofs_x = 0, .ofs_y = 0},
    {.bitmap_index = 1260, .adv_w = 178, .box_w = 11, .box_h = 15, .ofs_x = 0, .ofs_y = 0},
    {.bitmap_index = 1343, .adv_w = 178, .box_w = 11, .box_h = 15, .ofs_x = 0, .ofs_y = 0},
    {.bitmap_index = 1426, .adv_w = 178, .box_w = 11, .box_h = 15, .ofs_x = 0, .ofs_y = 0},
    {.bitmap_index = 1509, .adv_w = 89, .box_w = 3, .box_h = 11, .ofs_x = 1, .ofs_y = 0},
    {.bitmap_index = 1526, .adv_w = 89, .box_w = 3, .box_h = 14, .ofs_x = 1, .ofs_y = -3},
    {.bitmap_index = 1547, .adv_w = 187, .box_w = 10, .box_h = 11, .ofs_x = 1, .ofs_y = 2},
    {.bitmap_index = 1602, .adv_w = 187, .box_w = 10, .box_h = 6, .ofs_x = 1, .ofs_y = 5},
    {.bitmap_index = 1632, .adv_w = 187, .box_w = 10, .box_h = 11, .ofs_x = 1, .ofs_y = 2},
    {.bitmap_index = 1687, .adv_w = 178, .box_w = 11, .box_h = 15, .ofs_x = 0, .ofs_y = 0},
    {.bitmap_index = 1770, .adv_w = 325, .box_w = 19, .box_h = 19, .ofs_x = 1, .ofs_y = -4},
    {.bitmap_index = 1951, .adv_w = 213, .box_w = 15, .box_h = 15, .ofs_x = -1, .ofs_y = 0},
    {.bitmap_index = 2064, .adv_w = 213, .box_w = 12, .box_h = 15, .ofs_x = 1, .ofs_y = 0},
    {.bitmap_index = 2154, .adv_w = 231, .box_w = 13, .box_h = 15, .ofs_x = 1, .ofs_y = 0},
    {.bitmap_index = 2252, .adv_w = 231, .box_w = 13, .box_h = 15, .ofs_x = 1, .ofs_y = 0},
    {.bitmap_index = 2350, .adv_w = 213, .box_w = 12, .box_h = 15, .ofs_x = 1, .ofs_y = 0},
    {.bitmap_index = 2440, .adv_w = 195, .box_w = 11, .box_h = 15, .ofs_x = 1, .ofs_y = 0},
    {.bitmap_index = 2523, .adv_w = 249, .box_w = 14, .box_h = 15, .ofs_x = 1, .ofs_y = 0},
    {.bitmap_index = 2628, .adv_w = 231, .box_w = 12, .box_h = 15, .ofs_x = 1, .ofs_y = 0},
    {.bitmap_index = 2718, .adv_w = 89, .box_w = 3, .box_h = 15, .ofs_x = 1, .ofs_y = 0},
    {.bitmap_index = 2741, .adv_w = 160, .box_w = 9, .box_h = 15, .ofs_x = 0, .ofs_y = 0},
    {.bitmap_index = 2809, .adv_w = 213, .box_w = 13, .box_h = 15, .ofs_x = 1, .ofs_y = 0},
    {.bitmap_index = 2907, .adv_w = 178, .box_w = 10, .box_h = 15, .ofs_x = 1, .ofs_y = 0},
    {.bitmap_index = 2982, .adv_w = 267, .box_w = 15, .box_h = 15, .ofs_x = 1, .ofs_y = 0},
    {.bitmap_index = 3095, .adv_w = 231, .box_w = 12, .box_h = 15, .ofs_x = 1, .ofs_y = 0},
    {.bitmap_index = 3185, .adv_w = 249, .box_w = 15, .box_h = 15, .ofs_x = 0, .ofs_y = 0},
    {.bitmap_index = 3298, .adv_w = 213, .box_w = 12, .box_h = 15, .ofs_x = 1, .ofs_y = 0},
    {.bitmap_index = 3388, .adv_w = 249, .box_w = 15, .box_h = 16, .ofs_x = 0, .ofs_y = -1},
    {.bitmap_index = 3508, .adv_w = 231, .box_w = 14, .box_h = 15, .ofs_x = 1, .ofs_y = 0},
    {.bitmap_index = 3613, .adv_w = 213, .box_w = 13, .box_h = 15, .ofs_x = 0, .ofs_y = 0},
    {.bitmap_index = 3711, .adv_w = 195, .box_w = 12, .box_h = 15, .ofs_x = 0, .ofs_y = 0},
    {.bitmap_index = 3801, .adv_w = 231, .box_w = 12, .box_h = 15, .ofs_x = 1, .ofs_y = 0},
    {.bitmap_index = 3891, .adv_w = 213, .box_w = 14, .box_h = 15, .ofs_x = 0, .ofs_y = 0},
    {.bitmap_index = 3996, .adv_w = 302, .box_w = 19, .box_h = 15, .ofs_x = 0, .ofs_y = 0},
    {.bitmap_index = 4139, .adv_w = 213, .box_w = 14, .box_h = 15, .ofs_x = 0, .ofs_y = 0},
    {.bitmap_index = 4244, .adv_w = 213, .box_w = 14, .box_h = 15, .ofs_x = 0, .ofs_y = 0},
    {.bitmap_index = 4349, .adv_w = 195, .box_w = 12, .box_h = 15, .ofs_x = 0, .ofs_y = 0},
    {.bitmap_index = 4439, .adv_w = 89, .box_w = 5, .box_h = 19, .ofs_x = 1, .ofs_y = -4},
    {.bitmap_index = 4487, .adv_w = 89, .box_w = 6, .box_h = 16, .ofs_x = 0, .ofs_y = -1},
    {.bitmap_index = 4535, .adv_w = 89, .box_w = 5, .box_h = 19, .ofs_x = 0, .ofs_y = -4},
    {.bitmap_index = 4583, .adv_w = 150, .box_w = 9, .box_h = 8, .ofs_x = 0, .ofs_y = 7},
    {.bitmap_index = 4619, .adv_w = 160, .box_w = 12, .box_h = 2, .ofs_x = -1, .ofs_y = -3},
    {.bitmap_index = 4631, .adv_w = 107, .box_w = 5, .box_h = 3, .ofs_x = 0, .ofs_y = 12},
    {.bitmap_index = 4639, .adv_w = 178, .box_w = 11, .box_h = 11, .ofs_x = 0, .ofs_y = 0},
    {.bitmap_index = 4700, .adv_w = 178, .box_w = 10, .box_h = 15, .ofs_x = 1, .ofs_y = 0},
    {.bitmap_index = 4775, .adv_w = 160, .box_w = 10, .box_h = 11, .ofs_x = 0, .ofs_y = 0},
    {.bitmap_index = 4830, .adv_w = 178, .box_w = 10, .box_h = 15, .ofs_x = 0, .ofs_y = 0},
    {.bitmap_index = 4905, .adv_w = 178, .box_w = 11, .box_h = 11, .ofs_x = 0, .ofs_y = 0},
    {.bitmap_index = 4966, .adv_w = 89, .box_w = 7, .box_h = 15, .ofs_x = 0, .ofs_y = 0},
    {.bitmap_index = 5019, .adv_w = 178, .box_w = 10, .box_h = 15, .ofs_x = 0, .ofs_y = -4},
    {.bitmap_index = 5094, .adv_w = 178, .box_w = 9, .box_h = 15, .ofs_x = 1, .ofs_y = 0},
    {.bitmap_index = 5162, .adv_w = 71, .box_w = 3, .box_h = 15, .ofs_x = 1, .ofs_y = 0},
    {.bitmap_index = 5185, .adv_w = 71, .box_w = 5, .box_h = 19, .ofs_x = -1, .ofs_y = -4},
    {.bitmap_index = 5233, .adv_w = 160, .box_w = 9, .box_h = 15, .ofs_x = 1, .ofs_y = 0},
    {.bitmap_index = 5301, .adv_w = 71, .box_w = 3, .box_h = 15, .ofs_x = 1, .ofs_y = 0},
    {.bitmap_index = 5324, .adv_w = 267, .box_w = 15, .box_h = 11, .ofs_x = 1, .ofs_y = 0},
    {.bitmap_index = 5407, .adv_w = 178, .box_w = 9, .box_h = 11, .ofs_x = 1, .ofs_y = 0},
    {.bitmap_index = 5457, .adv_w = 178, .box_w = 11, .box_h = 11, .ofs_x = 0, .ofs_y = 0},
    {.bitmap_index = 5518, .adv_w = 178, .box_w = 10, .box_h = 15, .ofs_x = 1, .ofs_y = -4},
    {.bitmap_index = 5593, .adv_w = 178, .box_w = 10, .box_h = 15, .ofs_x = 0, .ofs_y = -4},
    {.bitmap_index = 5668, .adv_w = 107, .box_w = 6, .box_h = 11, .ofs_x = 1, .ofs_y = 0},
    {.bitmap_index = 5701, .adv_w = 160, .box_w = 10, .box_h = 11, .ofs_x = 0, .ofs_y = 0},
    {.bitmap_index = 5756, .adv_w = 89, .box_w = 6, .box_h = 15, .ofs_x = 0, .ofs_y = 0},
    {.bitmap_index = 5801, .adv_w = 178, .box_w = 9, .box_h = 11, .ofs_x = 1, .ofs_y = 0},
    {.bitmap_index = 5851, .adv_w = 160, .box_w = 10, .box_h = 11, .ofs_x = 0, .ofs_y = 0},
    {.bitmap_index = 5906, .adv_w = 231, .box_w = 15, .box_h = 11, .ofs_x = 0, .ofs_y = 0},
    {.bitmap_index = 5989, .adv_w = 160, .box_w = 10, .box_h = 11, .ofs_x = 0, .ofs_y = 0},
    {.bitmap_index = 6044, .adv_w = 160, .box_w = 10, .box_h = 15, .ofs_x = 0, .ofs_y = -4},
    {.bitmap_index = 6119, .adv_w = 160, .box_w = 10, .box_h = 11, .ofs_x = 0, .ofs_y = 0},
    {.bitmap_index = 6174, .adv_w = 107, .box_w = 7, .box_h = 19, .ofs_x = 0, .ofs_y = -4},
    {.bitmap_index = 6241, .adv_w = 83, .box_w = 3, .box_h = 19, .ofs_x = 1, .ofs_y = -4},
    {.bitmap_index = 6270, .adv_w = 107, .box_w = 7, .box_h = 19, .ofs_x = 0, .ofs_y = -4},
    {.bitmap_index = 6337, .adv_w = 187, .box_w = 11, .box_h = 5, .ofs_x = 0, .ofs_y = 5},
    {.bitmap_index = 6365, .adv_w = 89, .box_w = 0, .box_h = 0, .ofs_x = 0, .ofs_y = 0},
    {.bitmap_index = 6365, .adv_w = 107, .box_w = 3, .box_h = 15, .ofs_x = 2, .ofs_y = -4},
    {.bitmap_index = 6388, .adv_w = 178, .box_w = 10, .box_h = 19, .ofs_x = 1, .ofs_y = -4},
    {.bitmap_index = 6483, .adv_w = 178, .box_w = 11, .box_h = 16, .ofs_x = 0, .ofs_y = -1},
    {.bitmap_index = 6571, .adv_w = 178, .box_w = 11, .box_h = 11, .ofs_x = 0, .ofs_y = 2},
    {.bitmap_index = 6632, .adv_w = 178, .box_w = 12, .box_h = 15, .ofs_x = 0, .ofs_y = 0},
    {.bitmap_index = 6722, .adv_w = 83, .box_w = 3, .box_h = 19, .ofs_x = 1, .ofs_y = -4},
    {.bitmap_index = 6751, .adv_w = 178, .box_w = 11, .box_h = 19, .ofs_x = 0, .ofs_y = -4},
    {.bitmap_index = 6856, .adv_w = 107, .box_w = 7, .box_h = 3, .ofs_x = 0, .ofs_y = 13},
    {.bitmap_index = 6867, .adv_w = 236, .box_w = 15, .box_h = 17, .ofs_x = 0, .ofs_y = -1},
    {.bitmap_index = 6995, .adv_w = 118, .box_w = 7, .box_h = 7, .ofs_x = 0, .ofs_y = 8},
    {.bitmap_index = 7020, .adv_w = 178, .box_w = 9, .box_h = 10, .ofs_x = 1, .ofs_y = 1},
    {.bitmap_index = 7065, .adv_w = 187, .box_w = 10, .box_h = 7, .ofs_x = 1, .ofs_y = 4},
    {.bitmap_index = 7100, .adv_w = 107, .box_w = 7, .box_h = 2, .ofs_x = 0, .ofs_y = 4},
    {.bitmap_index = 7107, .adv_w = 236, .box_w = 15, .box_h = 17, .ofs_x = 0, .ofs_y = -1},
    {.bitmap_index = 7235, .adv_w = 160, .box_w = 12, .box_h = 2, .ofs_x = -1, .ofs_y = 16},
    {.bitmap_index = 7247, .adv_w = 128, .box_w = 6, .box_h = 7, .ofs_x = 1, .ofs_y = 9},
    {.bitmap_index = 7268, .adv_w = 187, .box_w = 10, .box_h = 13, .ofs_x = 1, .ofs_y = 0},
    {.bitmap_index = 7333, .adv_w = 107, .box_w = 7, .box_h = 7, .ofs_x = 0, .ofs_y = 8},
    {.bitmap_index = 7358, .adv_w = 107, .box_w = 7, .box_h = 7, .ofs_x = 0, .ofs_y = 8},
    {.bitmap_index = 7383, .adv_w = 107, .box_w = 4, .box_h = 3, .ofs_x = 2, .ofs_y = 12},
    {.bitmap_index = 7389, .adv_w = 178, .box_w = 9, .box_h = 15, .ofs_x = 1, .ofs_y = -4},
    {.bitmap_index = 7457, .adv_w = 172, .box_w = 12, .box_h = 19, .ofs_x = -1, .ofs_y = -4},
    {.bitmap_index = 7571, .adv_w = 89, .box_w = 3, .box_h = 3, .ofs_x = 1, .ofs_y = 6},
    {.bitmap_index = 7576, .adv_w = 107, .box_w = 5, .box_h = 5, .ofs_x = 1, .ofs_y = -5},
    {.bitmap_index = 7589, .adv_w = 107, .box_w = 4, .box_h = 7, .ofs_x = 1, .ofs_y = 8},
    {.bitmap_index = 7603, .adv_w = 117, .box_w = 7, .box_h = 7, .ofs_x = 0, .ofs_y = 8},
    {.bitmap_index = 7628, .adv_w = 178, .box_w = 9, .box_h = 10, .ofs_x = 1, .ofs_y = 1},
    {.bitmap_index = 7673, .adv_w = 267, .box_w = 15, .box_h = 16, .ofs_x = 1, .ofs_y = -1},
    {.bitmap_index = 7793, .adv_w = 267, .box_w = 16, .box_h = 17, .ofs_x = 1, .ofs_y = -1},
    {.bitmap_index = 7929, .adv_w = 267, .box_w = 16, .box_h = 17, .ofs_x = 0, .ofs_y = -1},
    {.bitmap_index = 8065, .adv_w = 195, .box_w = 10, .box_h = 15, .ofs_x = 1, .ofs_y = -4},
    {.bitmap_index = 8140, .adv_w = 213, .box_w = 15, .box_h = 19, .ofs_x = -1, .ofs_y = 0},
    {.bitmap_index = 8283, .adv_w = 213, .box_w = 15, .box_h = 19, .ofs_x = -1, .ofs_y = 0},
    {.bitmap_index = 8426, .adv_w = 213, .box_w = 15, .box_h = 19, .ofs_x = -1, .ofs_y = 0},
    {.bitmap_index = 8569, .adv_w = 213, .box_w = 15, .box_h = 19, .ofs_x = -1, .ofs_y = 0},
    {.bitmap_index = 8712, .adv_w = 213, .box_w = 15, .box_h = 19, .ofs_x = -1, .ofs_y = 0},
    {.bitmap_index = 8855, .adv_w = 213, .box_w = 15, .box_h = 19, .ofs_x = -1, .ofs_y = 0},
    {.bitmap_index = 8998, .adv_w = 320, .box_w = 19, .box_h = 15, .ofs_x = 0, .ofs_y = 0},
    {.bitmap_index = 9141, .adv_w = 231, .box_w = 13, .box_h = 19, .ofs_x = 1, .ofs_y = -4},
    {.bitmap_index = 9265, .adv_w = 213, .box_w = 12, .box_h = 19, .ofs_x = 1, .ofs_y = 0},
    {.bitmap_index = 9379, .adv_w = 213, .box_w = 12, .box_h = 19, .ofs_x = 1, .ofs_y = 0},
    {.bitmap_index = 9493, .adv_w = 213, .box_w = 12, .box_h = 19, .ofs_x = 1, .ofs_y = 0},
    {.bitmap_index = 9607, .adv_w = 213, .box_w = 12, .box_h = 19, .ofs_x = 1, .ofs_y = 0},
    {.bitmap_index = 9721, .adv_w = 89, .box_w = 4, .box_h = 19, .ofs_x = 0, .ofs_y = 0},
    {.bitmap_index = 9759, .adv_w = 89, .box_w = 5, .box_h = 19, .ofs_x = 1, .ofs_y = 0},
    {.bitmap_index = 9807, .adv_w = 89, .box_w = 7, .box_h = 19, .ofs_x = -1, .ofs_y = 0},
    {.bitmap_index = 9874, .adv_w = 89, .box_w = 6, .box_h = 19, .ofs_x = 0, .ofs_y = 0},
    {.bitmap_index = 9931, .adv_w = 231, .box_w = 14, .box_h = 15, .ofs_x = 0, .ofs_y = 0},
    {.bitmap_index = 10036, .adv_w = 231, .box_w = 12, .box_h = 19, .ofs_x = 1, .ofs_y = 0},
    {.bitmap_index = 10150, .adv_w = 249, .box_w = 15, .box_h = 19, .ofs_x = 0, .ofs_y = 0},
    {.bitmap_index = 10293, .adv_w = 249, .box_w = 15, .box_h = 19, .ofs_x = 0, .ofs_y = 0},
    {.bitmap_index = 10436, .adv_w = 249, .box_w = 15, .box_h = 19, .ofs_x = 0, .ofs_y = 0},
    {.bitmap_index = 10579, .adv_w = 249, .box_w = 15, .box_h = 20, .ofs_x = 0, .ofs_y = 0},
    {.bitmap_index = 10729, .adv_w = 249, .box_w = 15, .box_h = 19, .ofs_x = 0, .ofs_y = 0},
    {.bitmap_index = 10872, .adv_w = 187, .box_w = 10, .box_h = 10, .ofs_x = 1, .ofs_y = 2},
    {.bitmap_index = 10922, .adv_w = 249, .box_w = 15, .box_h = 17, .ofs_x = 0, .ofs_y = -1},
    {.bitmap_index = 11050, .adv_w = 231, .box_w = 12, .box_h = 19, .ofs_x = 1, .ofs_y = 0},
    {.bitmap_index = 11164, .adv_w = 231, .box_w = 12, .box_h = 19, .ofs_x = 1, .ofs_y = 0},
    {.bitmap_index = 11278, .adv_w = 231, .box_w = 12, .box_h = 19, .ofs_x = 1, .ofs_y = 0},
    {.bitmap_index = 11392, .adv_w = 231, .box_w = 12, .box_h = 19, .ofs_x = 1, .ofs_y = 0},
    {.bitmap_index = 11506, .adv_w = 213, .box_w = 14, .box_h = 19, .ofs_x = 0, .ofs_y = 0},
    {.bitmap_index = 11639, .adv_w = 213, .box_w = 12, .box_h = 15, .ofs_x = 1, .ofs_y = 0},
    {.bitmap_index = 11729, .adv_w = 195, .box_w = 11, .box_h = 15, .ofs_x = 1, .ofs_y = 0},
    {.bitmap_index = 11812, .adv_w = 178, .box_w = 11, .box_h = 15, .ofs_x = 0, .ofs_y = 0},
    {.bitmap_index = 11895, .adv_w = 178, .box_w = 11, .box_h = 15, .ofs_x = 0, .ofs_y = 0},
    {.bitmap_index = 11978, .adv_w = 178, .box_w = 11, .box_h = 15, .ofs_x = 0, .ofs_y = 0},
    {.bitmap_index = 12061, .adv_w = 178, .box_w = 11, .box_h = 15, .ofs_x = 0, .ofs_y = 0},
    {.bitmap_index = 12144, .adv_w = 178, .box_w = 11, .box_h = 15, .ofs_x = 0, .ofs_y = 0},
    {.bitmap_index = 12227, .adv_w = 178, .box_w = 11, .box_h = 16, .ofs_x = 0, .ofs_y = 0},
    {.bitmap_index = 12315, .adv_w = 285, .box_w = 17, .box_h = 11, .ofs_x = 0, .ofs_y = 0},
    {.bitmap_index = 12409, .adv_w = 160, .box_w = 10, .box_h = 15, .ofs_x = 0, .ofs_y = -4},
    {.bitmap_index = 12484, .adv_w = 178, .box_w = 11, .box_h = 15, .ofs_x = 0, .ofs_y = 0},
    {.bitmap_index = 12567, .adv_w = 178, .box_w = 11, .box_h = 15, .ofs_x = 0, .ofs_y = 0},
    {.bitmap_index = 12650, .adv_w = 178, .box_w = 11, .box_h = 15, .ofs_x = 0, .ofs_y = 0},
    {.bitmap_index = 12733, .adv_w = 178, .box_w = 11, .box_h = 15, .ofs_x = 0, .ofs_y = 0},
    {.bitmap_index = 12816, .adv_w = 89, .box_w = 4, .box_h = 15, .ofs_x = 0, .ofs_y = 0},
    {.bitmap_index = 12846, .adv_w = 89, .box_w = 5, .box_h = 15, .ofs_x = 1, .ofs_y = 0},
    {.bitmap_index = 12884, .adv_w = 89, .box_w = 7, .box_h = 15, .ofs_x = -1, .ofs_y = 0},
    {.bitmap_index = 12937, .adv_w = 89, .box_w = 6, .box_h = 15, .ofs_x = 0, .ofs_y = 0},
    {.bitmap_index = 12982, .adv_w = 178, .box_w = 11, .box_h = 15, .ofs_x = 0, .ofs_y = 0},
    {.bitmap_index = 13065, .adv_w = 178, .box_w = 9, .box_h = 15, .ofs_x = 1, .ofs_y = 0},
    {.bitmap_index = 13133, .adv_w = 178, .box_w = 11, .box_h = 15, .ofs_x = 0, .ofs_y = 0},
    {.bitmap_index = 13216, .adv_w = 178, .box_w = 11, .box_h = 15, .ofs_x = 0, .ofs_y = 0},
    {.bitmap_index = 13299, .adv_w = 178, .box_w = 11, .box_h = 15, .ofs_x = 0, .ofs_y = 0},
    {.bitmap_index = 13382, .adv_w = 178, .box_w = 11, .box_h = 15, .ofs_x = 0, .ofs_y = 0},
    {.bitmap_index = 13465, .adv_w = 178, .box_w = 11, .box_h = 15, .ofs_x = 0, .ofs_y = 0},
    {.bitmap_index = 13548, .adv_w = 187, .box_w = 10, .box_h = 9, .ofs_x = 1, .ofs_y = 3},
    {.bitmap_index = 13593, .adv_w = 195, .box_w = 10, .box_h = 13, .ofs_x = 1, .ofs_y = -1},
    {.bitmap_index = 13658, .adv_w = 178, .box_w = 9, .box_h = 15, .ofs_x = 1, .ofs_y = 0},
    {.bitmap_index = 13726, .adv_w = 178, .box_w = 9, .box_h = 15, .ofs_x = 1, .ofs_y = 0},
    {.bitmap_index = 13794, .adv_w = 178, .box_w = 9, .box_h = 15, .ofs_x = 1, .ofs_y = 0},
    {.bitmap_index = 13862, .adv_w = 178, .box_w = 9, .box_h = 15, .ofs_x = 1, .ofs_y = 0},
    {.bitmap_index = 13930, .adv_w = 160, .box_w = 10, .box_h = 19, .ofs_x = 0, .ofs_y = -4},
    {.bitmap_index = 14025, .adv_w = 178, .box_w = 10, .box_h = 19, .ofs_x = 1, .ofs_y = -4},
    {.bitmap_index = 14120, .adv_w = 160, .box_w = 10, .box_h = 19, .ofs_x = 0, .ofs_y = -4},
    {.bitmap_index = 14215, .adv_w = 213, .box_w = 15, .box_h = 18, .ofs_x = -1, .ofs_y = 0},
    {.bitmap_index = 14350, .adv_w = 178, .box_w = 11, .box_h = 15, .ofs_x = 0, .ofs_y = 0},
    {.bitmap_index = 14433, .adv_w = 213, .box_w = 15, .box_h = 19, .ofs_x = -1, .ofs_y = 0},
    {.bitmap_index = 14576, .adv_w = 178, .box_w = 11, .box_h = 15, .ofs_x = 0, .ofs_y = 0},
    {.bitmap_index = 14659, .adv_w = 213, .box_w = 17, .box_h = 19, .ofs_x = -1, .ofs_y = -4},
    {.bitmap_index = 14821, .adv_w = 178, .box_w = 12, .box_h = 15, .ofs_x = 0, .ofs_y = -4},
    {.bitmap_index = 14911, .adv_w = 231, .box_w = 13, .box_h = 19, .ofs_x = 1, .ofs_y = 0},
    {.bitmap_index = 15035, .adv_w = 160, .box_w = 10, .box_h = 15, .ofs_x = 0, .ofs_y = 0},
    {.bitmap_index = 15110, .adv_w = 231, .box_w = 13, .box_h = 19, .ofs_x = 1, .ofs_y = 0},
    {.bitmap_index = 15234, .adv_w = 160, .box_w = 10, .box_h = 15, .ofs_x = 0, .ofs_y = 0},
    {.bitmap_index = 15309, .adv_w = 231, .box_w = 13, .box_h = 19, .ofs_x = 1, .ofs_y = 0},
    {.bitmap_index = 15433, .adv_w = 160, .box_w = 10, .box_h = 15, .ofs_x = 0, .ofs_y = 0},
    {.bitmap_index = 15508, .adv_w = 231, .box_w = 13, .box_h = 20, .ofs_x = 1, .ofs_y = 0},
    {.bitmap_index = 15638, .adv_w = 160, .box_w = 10, .box_h = 15, .ofs_x = 0, .ofs_y = 0},
    {.bitmap_index = 15713, .adv_w = 231, .box_w = 13, .box_h = 19, .ofs_x = 1, .ofs_y = 0},
    {.bitmap_index = 15837, .adv_w = 201, .box_w = 13, .box_h = 15, .ofs_x = 0, .ofs_y = 0},
    {.bitmap_index = 15935, .adv_w = 231, .box_w = 15, .box_h = 15, .ofs_x = -1, .ofs_y = 0},
    {.bitmap_index = 16048, .adv_w = 178, .box_w = 12, .box_h = 15, .ofs_x = 0, .ofs_y = 0},
    {.bitmap_index = 16138, .adv_w = 213, .box_w = 12, .box_h = 18, .ofs_x = 1, .ofs_y = 0},
    {.bitmap_index = 16246, .adv_w = 178, .box_w = 11, .box_h = 15, .ofs_x = 0, .ofs_y = 0},
    {.bitmap_index = 16329, .adv_w = 213, .box_w = 12, .box_h = 19, .ofs_x = 1, .ofs_y = 0},
    {.bitmap_index = 16443, .adv_w = 178, .box_w = 11, .box_h = 15, .ofs_x = 0, .ofs_y = 0},
    {.bitmap_index = 16526, .adv_w = 213, .box_w = 12, .box_h = 19, .ofs_x = 1, .ofs_y = 0},
    {.bitmap_index = 16640, .adv_w = 178, .box_w = 11, .box_h = 15, .ofs_x = 0, .ofs_y = 0},
    {.bitmap_index = 16723, .adv_w = 213, .box_w = 12, .box_h = 19, .ofs_x = 1, .ofs_y = -4},
    {.bitmap_index = 16837, .adv_w = 178, .box_w = 11, .box_h = 15, .ofs_x = 0, .ofs_y = -4},
    {.bitmap_index = 16920, .adv_w = 213, .box_w = 12, .box_h = 19, .ofs_x = 1, .ofs_y = 0},
    {.bitmap_index = 17034, .adv_w = 178, .box_w = 11, .box_h = 15, .ofs_x = 0, .ofs_y = 0},
    {.bitmap_index = 17117, .adv_w = 249, .box_w = 14, .box_h = 19, .ofs_x = 1, .ofs_y = 0},
    {.bitmap_index = 17250, .adv_w = 178, .box_w = 10, .box_h = 19, .ofs_x = 0, .ofs_y = -4},
    {.bitmap_index = 17345, .adv_w = 249, .box_w = 14, .box_h = 19, .ofs_x = 1, .ofs_y = 0},
    {.bitmap_index = 17478, .adv_w = 178, .box_w = 10, .box_h = 19, .ofs_x = 0, .ofs_y = -4},
    {.bitmap_index = 17573, .adv_w = 249, .box_w = 14, .box_h = 19, .ofs_x = 1, .ofs_y = 0},
    {.bitmap_index = 17706, .adv_w = 178, .box_w = 10, .box_h = 19, .ofs_x = 0, .ofs_y = -4},
    {.bitmap_index = 17801, .adv_w = 249, .box_w = 14, .box_h = 20, .ofs_x = 1, .ofs_y = -5},
    {.bitmap_index = 17941, .adv_w = 178, .box_w = 10, .box_h = 21, .ofs_x = 0, .ofs_y = -4},
    {.bitmap_index = 18046, .adv_w = 231, .box_w = 12, .box_h = 19, .ofs_x = 1, .ofs_y = 0},
    {.bitmap_index = 18160, .adv_w = 178, .box_w = 9, .box_h = 19, .ofs_x = 1, .ofs_y = 0},
    {.bitmap_index = 18246, .adv_w = 231, .box_w = 16, .box_h = 15, .ofs_x = -1, .ofs_y = 0},
    {.bitmap_index = 18366, .adv_w = 178, .box_w = 10, .box_h = 15, .ofs_x = 0, .ofs_y = 0},
    {.bitmap_index = 18441, .adv_w = 89, .box_w = 8, .box_h = 19, .ofs_x = -1, .ofs_y = 0},
    {.bitmap_index = 18517, .adv_w = 71, .box_w = 8, .box_h = 15, .ofs_x = -2, .ofs_y = 0},
    {.bitmap_index = 18577, .adv_w = 89, .box_w = 7, .box_h = 18, .ofs_x = -1, .ofs_y = 0},
    {.bitmap_index = 18640, .adv_w = 71, .box_w = 7, .box_h = 15, .ofs_x = -1, .ofs_y = 0},
    {.bitmap_index = 18693, .adv_w = 89, .box_w = 7, .box_h = 19, .ofs_x = -1, .ofs_y = 0},
    {.bitmap_index = 18760, .adv_w = 71, .box_w = 7, .box_h = 15, .ofs_x = -1, .ofs_y = 0},
    {.bitmap_index = 18813, .adv_w = 89, .box_w = 6, .box_h = 19, .ofs_x = 1, .ofs_y = -4},
    {.bitmap_index = 18870, .adv_w = 71, .box_w = 5, .box_h = 19, .ofs_x = 0, .ofs_y = -4},
    {.bitmap_index = 18918, .adv_w = 89, .box_w = 3, .box_h = 19, .ofs_x = 1, .ofs_y = 0},
    {.bitmap_index = 18947, .adv_w = 89, .box_w = 3, .box_h = 11, .ofs_x = 1, .ofs_y = 0},
    {.bitmap_index = 18964, .adv_w = 240, .box_w = 13, .box_h = 15, .ofs_x = 1, .ofs_y = 0},
    {.bitmap_index = 19062, .adv_w = 142, .box_w = 7, .box_h = 19, .ofs_x = 1, .ofs_y = -4},
    {.bitmap_index = 19129, .adv_w = 160, .box_w = 11, .box_h = 19, .ofs_x = 0, .ofs_y = 0},
    {.bitmap_index = 19234, .adv_w = 71, .box_w = 7, .box_h = 19, .ofs_x = -1, .ofs_y = -4},
    {.bitmap_index = 19301, .adv_w = 213, .box_w = 13, .box_h = 20, .ofs_x = 1, .ofs_y = -5},
    {.bitmap_index = 19431, .adv_w = 160, .box_w = 9, .box_h = 20, .ofs_x = 1, .ofs_y = -5},
    {.bitmap_index = 19521, .adv_w = 140, .box_w = 8, .box_h = 11, .ofs_x = 1, .ofs_y = 0},
    {.bitmap_index = 19565, .adv_w = 178, .box_w = 10, .box_h = 19, .ofs_x = 1, .ofs_y = 0},
    {.bitmap_index = 19660, .adv_w = 71, .box_w = 4, .box_h = 19, .ofs_x = 1, .ofs_y = 0},
    {.bitmap_index = 19698, .adv_w = 178, .box_w = 10, .box_h = 20, .ofs_x = 1, .ofs_y = -5},
    {.bitmap_index = 19798, .adv_w = 71, .box_w = 3, .box_h = 20, .ofs_x = 1, .ofs_y = -5},
    {.bitmap_index = 19828, .adv_w = 178, .box_w = 12, .box_h = 19, .ofs_x = -1, .ofs_y = 0},
    {.bitmap_index = 19942, .adv_w = 71, .box_w = 7, .box_h = 19, .ofs_x = -1, .ofs_y = 0},
    {.bitmap_index = 20009, .adv_w = 178, .box_w = 10, .box_h = 15, .ofs_x = 1, .ofs_y = 0},
    {.bitmap_index = 20084, .adv_w = 102, .box_w = 6, .box_h = 15, .ofs_x = 1, .ofs_y = 0},
    {.bitmap_index = 20129, .adv_w = 178, .box_w = 11, .box_h = 15, .ofs_x = 0, .ofs_y = 0},
    {.bitmap_index = 20212, .adv_w = 71, .box_w = 5, .box_h = 15, .ofs_x = 0, .ofs_y = 0},
    {.bitmap_index = 20250, .adv_w = 231, .box_w = 12, .box_h = 19, .ofs_x = 1, .ofs_y = 0},
    {.bitmap_index = 20364, .adv_w = 178, .box_w = 9, .box_h = 15, .ofs_x = 1, .ofs_y = 0},
    {.bitmap_index = 20432, .adv_w = 231, .box_w = 12, .box_h = 20, .ofs_x = 1, .ofs_y = -5},
    {.bitmap_index = 20552, .adv_w = 178, .box_w = 9, .box_h = 16, .ofs_x = 1, .ofs_y = -5},
    {.bitmap_index = 20624, .adv_w = 231, .box_w = 12, .box_h = 19, .ofs_x = 1, .ofs_y = 0},
    {.bitmap_index = 20738, .adv_w = 178, .box_w = 9, .box_h = 15, .ofs_x = 1, .ofs_y = 0},
    {.bitmap_index = 20806, .adv_w = 200, .box_w = 13, .box_h = 15, .ofs_x = -1, .ofs_y = 0},
    {.bitmap_index = 20904, .adv_w = 231, .box_w = 13, .box_h = 19, .ofs_x = 1, .ofs_y = -4},
    {.bitmap_index = 21028, .adv_w = 178, .box_w = 9, .box_h = 15, .ofs_x = 1, .ofs_y = -4},
    {.bitmap_index = 21096, .adv_w = 249, .box_w = 15, .box_h = 18, .ofs_x = 0, .ofs_y = 0},
    {.bitmap_index = 21231, .adv_w = 178, .box_w = 11, .box_h = 15, .ofs_x = 0, .ofs_y = 0},
    {.bitmap_index = 21314, .adv_w = 249, .box_w = 15, .box_h = 19, .ofs_x = 0, .ofs_y = 0},
    {.bitmap_index = 21457, .adv_w = 178, .box_w = 11, .box_h = 15, .ofs_x = 0, .ofs_y = 0},
    {.bitmap_index = 21540, .adv_w = 249, .box_w = 15, .box_h = 19, .ofs_x = 0, .ofs_y = 0},
    {.bitmap_index = 21683, .adv_w = 178, .box_w = 11, .box_h = 15, .ofs_x = 0, .ofs_y = 0},
    {.bitmap_index = 21766, .adv_w = 320, .box_w = 19, .box_h = 15, .ofs_x = 1, .ofs_y = 0},
    {.bitmap_index = 21909, .adv_w = 302, .box_w = 19, .box_h = 11, .ofs_x = 0, .ofs_y = 0},
    {.bitmap_index = 22014, .adv_w = 231, .box_w = 14, .box_h = 19, .ofs_x = 1, .ofs_y = 0},
    {.bitmap_index = 22147, .adv_w = 107, .box_w = 6, .box_h = 15, .ofs_x = 1, .ofs_y = 0},
    {.bitmap_index = 22192, .adv_w = 231, .box_w = 14, .box_h = 20, .ofs_x = 1, .ofs_y = -5},
    {.bitmap_index = 22332, .adv_w = 107, .box_w = 6, .box_h = 16, .ofs_x = 1, .ofs_y = -5},
    {.bitmap_index = 22380, .adv_w = 231, .box_w = 14, .box_h = 19, .ofs_x = 1, .ofs_y = 0},
    {.bitmap_index = 22513, .adv_w = 107, .box_w = 7, .box_h = 15, .ofs_x = 0, .ofs_y = 0},
    {.bitmap_index = 22566, .adv_w = 213, .box_w = 13, .box_h = 19, .ofs_x = 0, .ofs_y = 0},
    {.bitmap_index = 22690, .adv_w = 160, .box_w = 10, .box_h = 15, .ofs_x = 0, .ofs_y = 0},
    {.bitmap_index = 22765, .adv_w = 213, .box_w = 13, .box_h = 20, .ofs_x = 0, .ofs_y = 0},
    {.bitmap_index = 22895, .adv_w = 160, .box_w = 10, .box_h = 15, .ofs_x = 0, .ofs_y = 0},
    {.bitmap_index = 22970, .adv_w = 213, .box_w = 13, .box_h = 20, .ofs_x = 0, .ofs_y = -5},
    {.bitmap_index = 23100, .adv_w = 160, .box_w = 10, .box_h = 16, .ofs_x = 0, .ofs_y = -5},
    {.bitmap_index = 23180, .adv_w = 213, .box_w = 13, .box_h = 20, .ofs_x = 0, .ofs_y = 0},
    {.bitmap_index = 23310, .adv_w = 160, .box_w = 10, .box_h = 15, .ofs_x = 0, .ofs_y = 0},
    {.bitmap_index = 23385, .adv_w = 195, .box_w = 12, .box_h = 20, .ofs_x = 0, .ofs_y = -5},
    {.bitmap_index = 23505, .adv_w = 89, .box_w = 6, .box_h = 20, .ofs_x = 0, .ofs_y = -5},
    {.bitmap_index = 23565, .adv_w = 195, .box_w = 12, .box_h = 19, .ofs_x = 0, .ofs_y = 0},
    {.bitmap_index = 23679, .adv_w = 130, .box_w = 9, .box_h = 15, .ofs_x = 0, .ofs_y = 0},
    {.bitmap_index = 23747, .adv_w = 195, .box_w = 12, .box_h = 15, .ofs_x = 0, .ofs_y = 0},
    {.bitmap_index = 23837, .adv_w = 89, .box_w = 6, .box_h = 15, .ofs_x = 0, .ofs_y = 0},
    {.bitmap_index = 23882, .adv_w = 231, .box_w = 12, .box_h = 20, .ofs_x = 1, .ofs_y = 0},
    {.bitmap_index = 24002, .adv_w = 178, .box_w = 9, .box_h = 15, .ofs_x = 1, .ofs_y = 0},
    {.bitmap_index = 24070, .adv_w = 231, .box_w = 12, .box_h = 18, .ofs_x = 1, .ofs_y = 0},
    {.bitmap_index = 24178, .adv_w = 178, .box_w = 9, .box_h = 15, .ofs_x = 1, .ofs_y = 0},
    {.bitmap_index = 24246, .adv_w = 231, .box_w = 12, .box_h = 19, .ofs_x = 1, .ofs_y = 0},
    {.bitmap_index = 24360, .adv_w = 178, .box_w = 9, .box_h = 15, .ofs_x = 1, .ofs_y = 0},
    {.bitmap_index = 24428, .adv_w = 231, .box_w = 12, .box_h = 20, .ofs_x = 1, .ofs_y = 0},
    {.bitmap_index = 24548, .adv_w = 178, .box_w = 9, .box_h = 16, .ofs_x = 1, .ofs_y = 0},
    {.bitmap_index = 24620, .adv_w = 231, .box_w = 12, .box_h = 19, .ofs_x = 1, .ofs_y = 0},
    {.bitmap_index = 24734, .adv_w = 178, .box_w = 9, .box_h = 15, .ofs_x = 1, .ofs_y = 0},
    {.bitmap_index = 24802, .adv_w = 231, .box_w = 12, .box_h = 19, .ofs_x = 1, .ofs_y = -4},
    {.bitmap_index = 24916, .adv_w = 178, .box_w = 11, .box_h = 15, .ofs_x = 1, .ofs_y = -4},
    {.bitmap_index = 24999, .adv_w = 302, .box_w = 19, .box_h = 19, .ofs_x = 0, .ofs_y = 0},
    {.bitmap_index = 25180, .adv_w = 231, .box_w = 15, .box_h = 15, .ofs_x = 0, .ofs_y = 0},
    {.bitmap_index = 25293, .adv_w = 213, .box_w = 14, .box_h = 19, .ofs_x = 0, .ofs_y = 0},
    {.bitmap_index = 25426, .adv_w = 160, .box_w = 10, .box_h = 19, .ofs_x = 0, .ofs_y = -4},
    {.bitmap_index = 25521, .adv_w = 213, .box_w = 14, .box_h = 19, .ofs_x = 0, .ofs_y = 0},
    {.bitmap_index = 25654, .adv_w = 195, .box_w = 12, .box_h = 19, .ofs_x = 0, .ofs_y = 0},
    {.bitmap_index = 25768, .adv_w = 160, .box_w = 10, .box_h = 15, .ofs_x = 0, .ofs_y = 0},
    {.bitmap_index = 25843, .adv_w = 195, .box_w = 12, .box_h = 19, .ofs_x = 0, .ofs_y = 0},
    {.bitmap_index = 25957, .adv_w = 160, .box_w = 10, .box_h = 15, .ofs_x = 0, .ofs_y = 0},
    {.bitmap_index = 26032, .adv_w = 195, .box_w = 12, .box_h = 19, .ofs_x = 0, .ofs_y = 0},
    {.bitmap_index = 26146, .adv_w = 160, .box_w = 10, .box_h = 15, .ofs_x = 0, .ofs_y = 0},
    {.bitmap_index = 26221, .adv_w = 71, .box_w = 5, .box_h = 15, .ofs_x = 1, .ofs_y = 0},
    {.bitmap_index = 26259, .adv_w = 178, .box_w = 12, .box_h = 15, .ofs_x = -1, .ofs_y = 0},
    {.bitmap_index = 26349, .adv_w = 237, .box_w = 14, .box_h = 15, .ofs_x = 0, .ofs_y = 0},
    {.bitmap_index = 26454, .adv_w = 210, .box_w = 12, .box_h = 15, .ofs_x = 1, .ofs_y = 0},
    {.bitmap_index = 26544, .adv_w = 178, .box_w = 10, .box_h = 15, .ofs_x = 1, .ofs_y = 0},
    {.bitmap_index = 26619, .adv_w = 178, .box_w = 10, .box_h = 15, .ofs_x = 1, .ofs_y = 0},
    {.bitmap_index = 26694, .adv_w = 178, .box_w = 10, .box_h = 15, .ofs_x = 1, .ofs_y = 0},
    {.bitmap_index = 26769, .adv_w = 231, .box_w = 14, .box_h = 15, .ofs_x = 0, .ofs_y = 0},
    {.bitmap_index = 26874, .adv_w = 245, .box_w = 15, .box_h = 15, .ofs_x = 1, .ofs_y = 0},
    {.bitmap_index = 26987, .adv_w = 185, .box_w = 12, .box_h = 13, .ofs_x = 0, .ofs_y = 0},
    {.bitmap_index = 27065, .adv_w = 231, .box_w = 14, .box_h = 15, .ofs_x = 0, .ofs_y = 0},
    {.bitmap_index = 27170, .adv_w = 253, .box_w = 15, .box_h = 15, .ofs_x = 0, .ofs_y = 0},
    {.bitmap_index = 27283, .adv_w = 210, .box_w = 12, .box_h = 15, .ofs_x = 0, .ofs_y = 0},
    {.bitmap_index = 27373, .adv_w = 178, .box_w = 10, .box_h = 15, .ofs_x = 0, .ofs_y = 0},
    {.bitmap_index = 27448, .adv_w = 178, .box_w = 11, .box_h = 15, .ofs_x = 0, .ofs_y = -4},
    {.bitmap_index = 27531, .adv_w = 213, .box_w = 11, .box_h = 15, .ofs_x = 1, .ofs_y = 0},
    {.bitmap_index = 27614, .adv_w = 233, .box_w = 14, .box_h = 15, .ofs_x = 0, .ofs_y = 0},
    {.bitmap_index = 27719, .adv_w = 193, .box_w = 12, .box_h = 15, .ofs_x = 0, .ofs_y = 0},
    {.bitmap_index = 27809, .adv_w = 195, .box_w = 13, .box_h = 18, .ofs_x = -1, .ofs_y = -3},
    {.bitmap_index = 27926, .adv_w = 89, .box_w = 8, .box_h = 18, .ofs_x = -1, .ofs_y = -3},
    {.bitmap_index = 27998, .adv_w = 253, .box_w = 15, .box_h = 15, .ofs_x = 1, .ofs_y = 0},
    {.bitmap_index = 28111, .adv_w = 208, .box_w = 13, .box_h = 19, .ofs_x = 0, .ofs_y = -4},
    {.bitmap_index = 28235, .adv_w = 258, .box_w = 15, .box_h = 15, .ofs_x = 1, .ofs_y = 0},
    {.bitmap_index = 28348, .adv_w = 78, .box_w = 4, .box_h = 15, .ofs_x = 1, .ofs_y = 0},
    {.bitmap_index = 28378, .adv_w = 103, .box_w = 7, .box_h = 15, .ofs_x = 0, .ofs_y = 0},
    {.bitmap_index = 28431, .adv_w = 213, .box_w = 13, .box_h = 15, .ofs_x = 1, .ofs_y = 0},
    {.bitmap_index = 28529, .adv_w = 160, .box_w = 9, .box_h = 15, .ofs_x = 1, .ofs_y = 0},
    {.bitmap_index = 28597, .adv_w = 103, .box_w = 7, .box_h = 15, .ofs_x = 0, .ofs_y = 0},
    {.bitmap_index = 28650, .adv_w = 160, .box_w = 10, .box_h = 15, .ofs_x = 0, .ofs_y = 0},
    {.bitmap_index = 28725, .adv_w = 267, .box_w = 15, .box_h = 15, .ofs_x = 1, .ofs_y = 0},
    {.bitmap_index = 28838, .adv_w = 231, .box_w = 14, .box_h = 18, .ofs_x = -1, .ofs_y = -3},
    {.bitmap_index = 28964, .adv_w = 178, .box_w = 9, .box_h = 15, .ofs_x = 1, .ofs_y = -4},
    {.bitmap_index = 29032, .adv_w = 249, .box_w = 15, .box_h = 15, .ofs_x = 0, .ofs_y = 0},
    {.bitmap_index = 29145, .adv_w = 248, .box_w = 16, .box_h = 17, .ofs_x = 0, .ofs_y = 0},
    {.bitmap_index = 29281, .adv_w = 178, .box_w = 12, .box_h = 13, .ofs_x = 0, .ofs_y = 0},
    {.bitmap_index = 29359, .adv_w = 326, .box_w = 19, .box_h = 15, .ofs_x = 0, .ofs_y = 0},
    {.bitmap_index = 29502, .adv_w = 250, .box_w = 15, .box_h = 15, .ofs_x = 0, .ofs_y = -4},
    {.bitmap_index = 29615, .adv_w = 235, .box_w = 14, .box_h = 15, .ofs_x = 0, .ofs_y = 0},
    {.bitmap_index = 29720, .adv_w = 178, .box_w = 10, .box_h = 18, .ofs_x = 1, .ofs_y = -4},
    {.bitmap_index = 29810, .adv_w = 231, .box_w = 14, .box_h = 18, .ofs_x = 1, .ofs_y = -3},
    {.bitmap_index = 29936, .adv_w = 213, .box_w = 12, .box_h = 15, .ofs_x = 1, .ofs_y = 0},
    {.bitmap_index = 30026, .adv_w = 160, .box_w = 10, .box_h = 11, .ofs_x = 0, .ofs_y = 0},
    {.bitmap_index = 30081, .adv_w = 193, .box_w = 12, .box_h = 15, .ofs_x = 0, .ofs_y = 0},
    {.bitmap_index = 30171, .adv_w = 117, .box_w = 9, .box_h = 19, .ofs_x = 0, .ofs_y = -4},
    {.bitmap_index = 30257, .adv_w = 89, .box_w = 6, .box_h = 18, .ofs_x = 0, .ofs_y = -3},
    {.bitmap_index = 30311, .adv_w = 183, .box_w = 11, .box_h = 15, .ofs_x = 0, .ofs_y = 0},
    {.bitmap_index = 30394, .adv_w = 89, .box_w = 6, .box_h = 15, .ofs_x = 0, .ofs_y = 0},
    {.bitmap_index = 30439, .adv_w = 195, .box_w = 12, .box_h = 19, .ofs_x = 0, .ofs_y = -4},
    {.bitmap_index = 30553, .adv_w = 248, .box_w = 15, .box_h = 17, .ofs_x = 1, .ofs_y = 0},
    {.bitmap_index = 30681, .adv_w = 198, .box_w = 12, .box_h = 14, .ofs_x = 1, .ofs_y = 0},
    {.bitmap_index = 30765, .adv_w = 239, .box_w = 13, .box_h = 15, .ofs_x = 1, .ofs_y = 0},
    {.bitmap_index = 30863, .adv_w = 213, .box_w = 13, .box_h = 15, .ofs_x = 0, .ofs_y = 0},
    {.bitmap_index = 30961, .adv_w = 241, .box_w = 15, .box_h = 15, .ofs_x = 0, .ofs_y = 0},
    {.bitmap_index = 31074, .adv_w = 197, .box_w = 13, .box_h = 15, .ofs_x = 0, .ofs_y = -4},
    {.bitmap_index = 31172, .adv_w = 195, .box_w = 12, .box_h = 15, .ofs_x = 0, .ofs_y = 0},
    {.bitmap_index = 31262, .adv_w = 160, .box_w = 10, .box_h = 11, .ofs_x = 0, .ofs_y = 0},
    {.bitmap_index = 31317, .adv_w = 201, .box_w = 12, .box_h = 15, .ofs_x = 0, .ofs_y = 0},
    {.bitmap_index = 31407, .adv_w = 201, .box_w = 12, .box_h = 15, .ofs_x = 0, .ofs_y = 0},
    {.bitmap_index = 31497, .adv_w = 168, .box_w = 10, .box_h = 15, .ofs_x = 0, .ofs_y = -4},
    {.bitmap_index = 31572, .adv_w = 154, .box_w = 9, .box_h = 15, .ofs_x = 0, .ofs_y = -4},
    {.bitmap_index = 31640, .adv_w = 178, .box_w = 11, .box_h = 15, .ofs_x = 0, .ofs_y = 0},
    {.bitmap_index = 31723, .adv_w = 178, .box_w = 11, .box_h = 15, .ofs_x = 0, .ofs_y = 0},
    {.bitmap_index = 31806, .adv_w = 168, .box_w = 10, .box_h = 11, .ofs_x = 0, .ofs_y = 0},
    {.bitmap_index = 31861, .adv_w = 178, .box_w = 11, .box_h = 15, .ofs_x = 0, .ofs_y = 0},
    {.bitmap_index = 31944, .adv_w = 178, .box_w = 9, .box_h = 15, .ofs_x = 1, .ofs_y = -4},
    {.bitmap_index = 32012, .adv_w = 89, .box_w = 3, .box_h = 15, .ofs_x = 1, .ofs_y = 0},
    {.bitmap_index = 32035, .adv_w = 148, .box_w = 7, .box_h = 15, .ofs_x = 1, .ofs_y = 0},
    {.bitmap_index = 32088, .adv_w = 152, .box_w = 9, .box_h = 15, .ofs_x = 0, .ofs_y = 0},
    {.bitmap_index = 32156, .adv_w = 89, .box_w = 3, .box_h = 15, .ofs_x = 1, .ofs_y = 0},
    {.bitmap_index = 32179, .adv_w = 427, .box_w = 26, .box_h = 19, .ofs_x = 1, .ofs_y = 0},
    {.bitmap_index = 32426, .adv_w = 391, .box_w = 24, .box_h = 15, .ofs_x = 1, .ofs_y = 0},
    {.bitmap_index = 32606, .adv_w = 338, .box_w = 21, .box_h = 15, .ofs_x = 0, .ofs_y = 0},
    {.bitmap_index = 32764, .adv_w = 330, .box_w = 18, .box_h = 15, .ofs_x = 1, .ofs_y = 0},
    {.bitmap_index = 32899, .adv_w = 249, .box_w = 14, .box_h = 19, .ofs_x = 1, .ofs_y = -4},
    {.bitmap_index = 33032, .adv_w = 142, .box_w = 7, .box_h = 19, .ofs_x = 1, .ofs_y = -4},
    {.bitmap_index = 33099, .adv_w = 391, .box_w = 22, .box_h = 15, .ofs_x = 1, .ofs_y = 0},
    {.bitmap_index = 33264, .adv_w = 302, .box_w = 17, .box_h = 19, .ofs_x = 1, .ofs_y = -4},
    {.bitmap_index = 33426, .adv_w = 249, .box_w = 14, .box_h = 19, .ofs_x = 1, .ofs_y = -4},
    {.bitmap_index = 33559, .adv_w = 213, .box_w = 15, .box_h = 19, .ofs_x = -1, .ofs_y = 0},
    {.bitmap_index = 33702, .adv_w = 178, .box_w = 11, .box_h = 15, .ofs_x = 0, .ofs_y = 0},
    {.bitmap_index = 33785, .adv_w = 89, .box_w = 7, .box_h = 19, .ofs_x = -1, .ofs_y = 0},
    {.bitmap_index = 33852, .adv_w = 89, .box_w = 7, .box_h = 15, .ofs_x = -1, .ofs_y = 0},
    {.bitmap_index = 33905, .adv_w = 249, .box_w = 15, .box_h = 19, .ofs_x = 0, .ofs_y = 0},
    {.bitmap_index = 34048, .adv_w = 178, .box_w = 11, .box_h = 15, .ofs_x = 0, .ofs_y = 0},
    {.bitmap_index = 34131, .adv_w = 231, .box_w = 12, .box_h = 19, .ofs_x = 1, .ofs_y = 0},
    {.bitmap_index = 34245, .adv_w = 178, .box_w = 9, .box_h = 15, .ofs_x = 1, .ofs_y = 0},
    {.bitmap_index = 34313, .adv_w = 231, .box_w = 12, .box_h = 21, .ofs_x = 1, .ofs_y = 0},
    {.bitmap_index = 34439, .adv_w = 178, .box_w = 9, .box_h = 18, .ofs_x = 1, .ofs_y = 0},
    {.bitmap_index = 34520, .adv_w = 231, .box_w = 12, .box_h = 22, .ofs_x = 1, .ofs_y = 0},
    {.bitmap_index = 34652, .adv_w = 178, .box_w = 9, .box_h = 19, .ofs_x = 1, .ofs_y = 0},
    {.bitmap_index = 34738, .adv_w = 231, .box_w = 12, .box_h = 23, .ofs_x = 1, .ofs_y = 0},
    {.bitmap_index = 34876, .adv_w = 178, .box_w = 9, .box_h = 19, .ofs_x = 1, .ofs_y = 0},
    {.bitmap_index = 34962, .adv_w = 231, .box_w = 12, .box_h = 22, .ofs_x = 1, .ofs_y = 0},
    {.bitmap_index = 35094, .adv_w = 178, .box_w = 9, .box_h = 19, .ofs_x = 1, .ofs_y = 0},
    {.bitmap_index = 35180, .adv_w = 178, .box_w = 11, .box_h = 11, .ofs_x = 0, .ofs_y = 0},
    {.bitmap_index = 35241, .adv_w = 213, .box_w = 15, .box_h = 21, .ofs_x = -1, .ofs_y = 0},
    {.bitmap_index = 35399, .adv_w = 178, .box_w = 11, .box_h = 18, .ofs_x = 0, .ofs_y = 0},
    {.bitmap_index = 35498, .adv_w = 213, .box_w = 15, .box_h = 21, .ofs_x = -1, .ofs_y = 0},
    {.bitmap_index = 35656, .adv_w = 178, .box_w = 11, .box_h = 18, .ofs_x = 0, .ofs_y = 0},
    {.bitmap_index = 35755, .adv_w = 320, .box_w = 19, .box_h = 18, .ofs_x = 0, .ofs_y = 0},
    {.bitmap_index = 35926, .adv_w = 285, .box_w = 17, .box_h = 15, .ofs_x = 0, .ofs_y = 0},
    {.bitmap_index = 36054, .adv_w = 249, .box_w = 15, .box_h = 15, .ofs_x = 1, .ofs_y = 0},
    {.bitmap_index = 36167, .adv_w = 178, .box_w = 12, .box_h = 15, .ofs_x = 0, .ofs_y = -4},
    {.bitmap_index = 36257, .adv_w = 249, .box_w = 14, .box_h = 19, .ofs_x = 1, .ofs_y = 0},
    {.bitmap_index = 36390, .adv_w = 178, .box_w = 10, .box_h = 19, .ofs_x = 0, .ofs_y = -4},
    {.bitmap_index = 36485, .adv_w = 213, .box_w = 13, .box_h = 19, .ofs_x = 1, .ofs_y = 0},
    {.bitmap_index = 36609, .adv_w = 160, .box_w = 9, .box_h = 19, .ofs_x = 1, .ofs_y = 0},
    {.bitmap_index = 36695, .adv_w = 249, .box_w = 15, .box_h = 19, .ofs_x = 0, .ofs_y = -4},
    {.bitmap_index = 36838, .adv_w = 178, .box_w = 11, .box_h = 15, .ofs_x = 0, .ofs_y = -4},
    {.bitmap_index = 36921, .adv_w = 249, .box_w = 15, .box_h = 23, .ofs_x = 0, .ofs_y = -4},
    {.bitmap_index = 37094, .adv_w = 178, .box_w = 11, .box_h = 19, .ofs_x = 0, .ofs_y = -4},
    {.bitmap_index = 37199, .adv_w = 171, .box_w = 10, .box_h = 19, .ofs_x = 0, .ofs_y = 0},
    {.bitmap_index = 37294, .adv_w = 171, .box_w = 10, .box_h = 19, .ofs_x = 0, .ofs_y = -4},
    {.bitmap_index = 37389, .adv_w = 71, .box_w = 7, .box_h = 19, .ofs_x = -1, .ofs_y = -4},
    {.bitmap_index = 37456, .adv_w = 427, .box_w = 26, .box_h = 15, .ofs_x = 1, .ofs_y = 0},
    {.bitmap_index = 37651, .adv_w = 391, .box_w = 23, .box_h = 15, .ofs_x = 1, .ofs_y = 0},
    {.bitmap_index = 37824, .adv_w = 338, .box_w = 21, .box_h = 15, .ofs_x = 0, .ofs_y = 0},
    {.bitmap_index = 37982, .adv_w = 249, .box_w = 14, .box_h = 19, .ofs_x = 1, .ofs_y = 0},
    {.bitmap_index = 38115, .adv_w = 178, .box_w = 10, .box_h = 19, .ofs_x = 0, .ofs_y = -4},
    {.bitmap_index = 38210, .adv_w = 213, .box_w = 15, .box_h = 22, .ofs_x = -1, .ofs_y = 0},
    {.bitmap_index = 38375, .adv_w = 178, .box_w = 11, .box_h = 20, .ofs_x = 0, .ofs_y = 0},
    {.bitmap_index = 38485, .adv_w = 320, .box_w = 19, .box_h = 19, .ofs_x = 0, .ofs_y = 0},
    {.bitmap_index = 38666, .adv_w = 285, .box_w = 17, .box_h = 15, .ofs_x = 0, .ofs_y = 0},
    {.bitmap_index = 38794, .adv_w = 249, .box_w = 15, .box_h = 20, .ofs_x = 0, .ofs_y = -1},
    {.bitmap_index = 38944, .adv_w = 195, .box_w = 10, .box_h = 16, .ofs_x = 1, .ofs_y = -1},
    {.bitmap_index = 39024, .adv_w = 213, .box_w = 15, .box_h = 19, .ofs_x = -1, .ofs_y = -4},
    {.bitmap_index = 39167, .adv_w = 178, .box_w = 11, .box_h = 15, .ofs_x = 0, .ofs_y = -4},
    {.bitmap_index = 39250, .adv_w = 213, .box_w = 12, .box_h = 19, .ofs_x = 1, .ofs_y = 0},
    {.bitmap_index = 39364, .adv_w = 178, .box_w = 10, .box_h = 19, .ofs_x = 1, .ofs_y = 0},
    {.bitmap_index = 39459, .adv_w = 213, .box_w = 12, .box_h = 19, .ofs_x = 1, .ofs_y = -4},
    {.bitmap_index = 39573, .adv_w = 178, .box_w = 10, .box_h = 19, .ofs_x = 1, .ofs_y = -4},
    {.bitmap_index = 39668, .adv_w = 213, .box_w = 12, .box_h = 19, .ofs_x = 1, .ofs_y = -4},
    {.bitmap_index = 39782, .adv_w = 178, .box_w = 10, .box_h = 19, .ofs_x = 1, .ofs_y = -4},
    {.bitmap_index = 39877, .adv_w = 231, .box_w = 13, .box_h = 23, .ofs_x = 1, .ofs_y = -4},
    {.bitmap_index = 40027, .adv_w = 160, .box_w = 10, .box_h = 19, .ofs_x = 0, .ofs_y = -4},
    {.bitmap_index = 40122, .adv_w = 231, .box_w = 13, .box_h = 19, .ofs_x = 1, .ofs_y = 0},
    {.bitmap_index = 40246, .adv_w = 178, .box_w = 10, .box_h = 19, .ofs_x = 0, .ofs_y = 0},
    {.bitmap_index = 40341, .adv_w = 231, .box_w = 13, .box_h = 19, .ofs_x = 1, .ofs_y = -4},
    {.bitmap_index = 40465, .adv_w = 178, .box_w = 10, .box_h = 19, .ofs_x = 0, .ofs_y = -4},
    {.bitmap_index = 40560, .adv_w = 231, .box_w = 13, .box_h = 19, .ofs_x = 1, .ofs_y = -4},
    {.bitmap_index = 40684, .adv_w = 178, .box_w = 10, .box_h = 19, .ofs_x = 0, .ofs_y = -4},
    {.bitmap_index = 40779, .adv_w = 231, .box_w = 13, .box_h = 19, .ofs_x = 1, .ofs_y = -4},
    {.bitmap_index = 40903, .adv_w = 178, .box_w = 10, .box_h = 19, .ofs_x = 0, .ofs_y = -4},
    {.bitmap_index = 40998, .adv_w = 231, .box_w = 13, .box_h = 19, .ofs_x = 1, .ofs_y = -4},
    {.bitmap_index = 41122, .adv_w = 178, .box_w = 10, .box_h = 19, .ofs_x = 0, .ofs_y = -4},
    {.bitmap_index = 41217, .adv_w = 213, .box_w = 12, .box_h = 22, .ofs_x = 1, .ofs_y = 0},
    {.bitmap_index = 41349, .adv_w = 178, .box_w = 11, .box_h = 19, .ofs_x = 0, .ofs_y = 0},
    {.bitmap_index = 41454, .adv_w = 213, .box_w = 12, .box_h = 22, .ofs_x = 1, .ofs_y = 0},
    {.bitmap_index = 41586, .adv_w = 178, .box_w = 11, .box_h = 19, .ofs_x = 0, .ofs_y = 0},
    {.bitmap_index = 41691, .adv_w = 213, .box_w = 12, .box_h = 19, .ofs_x = 1, .ofs_y = -4},
    {.bitmap_index = 41805, .adv_w = 178, .box_w = 11, .box_h = 15, .ofs_x = 0, .ofs_y = -4},
    {.bitmap_index = 41888, .adv_w = 213, .box_w = 12, .box_h = 19, .ofs_x = 1, .ofs_y = -4},
    {.bitmap_index = 42002, .adv_w = 178, .box_w = 11, .box_h = 15, .ofs_x = 0, .ofs_y = -4},
    {.bitmap_index = 42085, .adv_w = 213, .box_w = 12, .box_h = 23, .ofs_x = 1, .ofs_y = -4},
    {.bitmap_index = 42223, .adv_w = 178, .box_w = 11, .box_h = 19, .ofs_x = 0, .ofs_y = -4},
    {.bitmap_index = 42328, .adv_w = 195, .box_w = 11, .box_h = 19, .ofs_x = 1, .ofs_y = 0},
    {.bitmap_index = 42433, .adv_w = 89, .box_w = 7, .box_h = 19, .ofs_x = 0, .ofs_y = 0},
    {.bitmap_index = 42500, .adv_w = 249, .box_w = 14, .box_h = 18, .ofs_x = 1, .ofs_y = 0},
    {.bitmap_index = 42626, .adv_w = 178, .box_w = 10, .box_h = 19, .ofs_x = 0, .ofs_y = -4},
    {.bitmap_index = 42721, .adv_w = 231, .box_w = 12, .box_h = 19, .ofs_x = 1, .ofs_y = 0},
    {.bitmap_index = 42835, .adv_w = 178, .box_w = 9, .box_h = 19, .ofs_x = 1, .ofs_y = 0},
    {.bitmap_index = 42921, .adv_w = 231, .box_w = 12, .box_h = 19, .ofs_x = 1, .ofs_y = -4},
    {.bitmap_index = 43035, .adv_w = 178, .box_w = 9, .box_h = 19, .ofs_x = 1, .ofs_y = -4},
    {.bitmap_index = 43121, .adv_w = 231, .box_w = 12, .box_h = 19, .ofs_x = 1, .ofs_y = 0},
    {.bitmap_index = 43235, .adv_w = 178, .box_w = 9, .box_h = 19, .ofs_x = 1, .ofs_y = 0},
    {.bitmap_index = 43321, .adv_w = 231, .box_w = 13, .box_h = 19, .ofs_x = 0, .ofs_y = -4},
    {.bitmap_index = 43445, .adv_w = 178, .box_w = 10, .box_h = 19, .ofs_x = 0, .ofs_y = -4},
    {.bitmap_index = 43540, .adv_w = 231, .box_w = 12, .box_h = 19, .ofs_x = 1, .ofs_y = -4},
    {.bitmap_index = 43654, .adv_w = 178, .box_w = 9, .box_h = 19, .ofs_x = 1, .ofs_y = -4},
    {.bitmap_index = 43740, .adv_w = 89, .box_w = 7, .box_h = 19, .ofs_x = -1, .ofs_y = -4},
    {.bitmap_index = 43807, .adv_w = 71, .box_w = 8, .box_h = 19, .ofs_x = -2, .ofs_y = -4},
    {.bitmap_index = 43883, .adv_w = 89, .box_w = 6, .box_h = 22, .ofs_x = 0, .ofs_y = 0},
    {.bitmap_index = 43949, .adv_w = 89, .box_w = 6, .box_h = 19, .ofs_x = 0, .ofs_y = 0},
    {.bitmap_index = 44006, .adv_w = 213, .box_w = 13, .box_h = 19, .ofs_x = 1, .ofs_y = 0},
    {.bitmap_index = 44130, .adv_w = 160, .box_w = 9, .box_h = 19, .ofs_x = 1, .ofs_y = 0},
    {.bitmap_index = 44216, .adv_w = 213, .box_w = 13, .box_h = 19, .ofs_x = 1, .ofs_y = -4},
    {.bitmap_index = 44340, .adv_w = 160, .box_w = 9, .box_h = 19, .ofs_x = 1, .ofs_y = -4},
    {.bitmap_index = 44426, .adv_w = 213, .box_w = 13, .box_h = 19, .ofs_x = 1, .ofs_y = -4},
    {.bitmap_index = 44550, .adv_w = 160, .box_w = 9, .box_h = 19, .ofs_x = 1, .ofs_y = -4},
    {.bitmap_index = 44636, .adv_w = 178, .box_w = 10, .box_h = 19, .ofs_x = 1, .ofs_y = -4},
    {.bitmap_index = 44731, .adv_w = 71, .box_w = 3, .box_h = 19, .ofs_x = 1, .ofs_y = -4},
    {.bitmap_index = 44760, .adv_w = 178, .box_w = 10, .box_h = 23, .ofs_x = 1, .ofs_y = -4},
    {.bitmap_index = 44875, .adv_w = 71, .box_w = 7, .box_h = 23, .ofs_x = -1, .ofs_y = -4},
    {.bitmap_index = 44956, .adv_w = 178, .box_w = 10, .box_h = 19, .ofs_x = 1, .ofs_y = -4},
    {.bitmap_index = 45051, .adv_w = 71, .box_w = 7, .box_h = 19, .ofs_x = -1, .ofs_y = -4},
    {.bitmap_index = 45118, .adv_w = 178, .box_w = 10, .box_h = 19, .ofs_x = 1, .ofs_y = -4},
    {.bitmap_index = 45213, .adv_w = 71, .box_w = 7, .box_h = 19, .ofs_x = -1, .ofs_y = -4},
    {.bitmap_index = 45280, .adv_w = 267, .box_w = 15, .box_h = 19, .ofs_x = 1, .ofs_y = 0},
    {.bitmap_index = 45423, .adv_w = 267, .box_w = 15, .box_h = 15, .ofs_x = 1, .ofs_y = 0},
    {.bitmap_index = 45536, .adv_w = 267, .box_w = 15, .box_h = 19, .ofs_x = 1, .ofs_y = 0},
    {.bitmap_index = 45679, .adv_w = 267, .box_w = 15, .box_h = 15, .ofs_x = 1, .ofs_y = 0},
    {.bitmap_index = 45792, .adv_w = 267, .box_w = 15, .box_h = 19, .ofs_x = 1, .ofs_y = -4},
    {.bitmap_index = 45935, .adv_w = 267, .box_w = 15, .box_h = 15, .ofs_x = 1, .ofs_y = -4},
    {.bitmap_index = 46048, .adv_w = 231, .box_w = 12, .box_h = 19, .ofs_x = 1, .ofs_y = 0},
    {.bitmap_index = 46162, .adv_w = 178, .box_w = 9, .box_h = 15, .ofs_x = 1, .ofs_y = 0},
    {.bitmap_index = 46230, .adv_w = 231, .box_w = 12, .box_h = 19, .ofs_x = 1, .ofs_y = -4},
    {.bitmap_index = 46344, .adv_w = 178, .box_w = 9, .box_h = 15, .ofs_x = 1, .ofs_y = -4},
    {.bitmap_index = 46412, .adv_w = 231, .box_w = 12, .box_h = 19, .ofs_x = 1, .ofs_y = -4},
    {.bitmap_index = 46526, .adv_w = 178, .box_w = 9, .box_h = 15, .ofs_x = 1, .ofs_y = -4},
    {.bitmap_index = 46594, .adv_w = 231, .box_w = 12, .box_h = 19, .ofs_x = 1, .ofs_y = -4},
    {.bitmap_index = 46708, .adv_w = 178, .box_w = 9, .box_h = 15, .ofs_x = 1, .ofs_y = -4},
    {.bitmap_index = 46776, .adv_w = 249, .box_w = 15, .box_h = 22, .ofs_x = 0, .ofs_y = 0},
    {.bitmap_index = 46941, .adv_w = 178, .box_w = 11, .box_h = 19, .ofs_x = 0, .ofs_y = 0},
    {.bitmap_index = 47046, .adv_w = 249, .box_w = 15, .box_h = 22, .ofs_x = 0, .ofs_y = 0},
    {.bitmap_index = 47211, .adv_w = 178, .box_w = 11, .box_h = 19, .ofs_x = 0, .ofs_y = 0},
    {.bitmap_index = 47316, .adv_w = 249, .box_w = 15, .box_h = 22, .ofs_x = 0, .ofs_y = 0},
    {.bitmap_index = 47481, .adv_w = 178, .box_w = 11, .box_h = 19, .ofs_x = 0, .ofs_y = 0},
    {.bitmap_index = 47586, .adv_w = 249, .box_w = 15, .box_h = 22, .ofs_x = 0, .ofs_y = 0},
    {.bitmap_index = 47751, .adv_w = 178, .box_w = 11, .box_h = 19, .ofs_x = 0, .ofs_y = 0},
    {.bitmap_index = 47856, .adv_w = 213, .box_w = 12, .box_h = 19, .ofs_x = 1, .ofs_y = 0},
    {.bitmap_index = 47970, .adv_w = 178, .box_w = 10, .box_h = 19, .ofs_x = 1, .ofs_y = -4},
    {.bitmap_index = 48065, .adv_w = 213, .box_w = 12, .box_h = 19, .ofs_x = 1, .ofs_y = 0},
    {.bitmap_index = 48179, .adv_w = 178, .box_w = 10, .box_h = 19, .ofs_x = 1, .ofs_y = -4},
    {.bitmap_index = 48274, .adv_w = 231, .box_w = 14, .box_h = 19, .ofs_x = 1, .ofs_y = 0},
    {.bitmap_index = 48407, .adv_w = 107, .box_w = 6, .box_h = 15, .ofs_x = 1, .ofs_y = 0},
    {.bitmap_index = 48452, .adv_w = 231, .box_w = 14, .box_h = 19, .ofs_x = 1, .ofs_y = -4},
    {.bitmap_index = 48585, .adv_w = 107, .box_w = 6, .box_h = 15, .ofs_x = 1, .ofs_y = -4},
    {.bitmap_index = 48630, .adv_w = 231, .box_w = 14, .box_h = 23, .ofs_x = 1, .ofs_y = -4},
    {.bitmap_index = 48791, .adv_w = 107, .box_w = 7, .box_h = 19, .ofs_x = 0, .ofs_y = -4},
    {.bitmap_index = 48858, .adv_w = 231, .box_w = 14, .box_h = 19, .ofs_x = 1, .ofs_y = -4},
    {.bitmap_index = 48991, .adv_w = 107, .box_w = 7, .box_h = 15, .ofs_x = 0, .ofs_y = -4},
    {.bitmap_index = 49044, .adv_w = 213, .box_w = 13, .box_h = 19, .ofs_x = 0, .ofs_y = 0},
    {.bitmap_index = 49168, .adv_w = 160, .box_w = 10, .box_h = 15, .ofs_x = 0, .ofs_y = 0},
    {.bitmap_index = 49243, .adv_w = 213, .box_w = 13, .box_h = 19, .ofs_x = 0, .ofs_y = -4},
    {.bitmap_index = 49367, .adv_w = 160, .box_w = 10, .box_h = 15, .ofs_x = 0, .ofs_y = -4},
    {.bitmap_index = 49442, .adv_w = 213, .box_w = 13, .box_h = 20, .ofs_x = 0, .ofs_y = 0},
    {.bitmap_index = 49572, .adv_w = 160, .box_w = 10, .box_h = 17, .ofs_x = 0, .ofs_y = 0},
    {.bitmap_index = 49657, .adv_w = 213, .box_w = 13, .box_h = 22, .ofs_x = 0, .ofs_y = 0},
    {.bitmap_index = 49800, .adv_w = 160, .box_w = 10, .box_h = 19, .ofs_x = 0, .ofs_y = 0},
    {.bitmap_index = 49895, .adv_w = 213, .box_w = 13, .box_h = 23, .ofs_x = 0, .ofs_y = -4},
    {.bitmap_index = 50045, .adv_w = 160, .box_w = 10, .box_h = 19, .ofs_x = 0, .ofs_y = -4},
    {.bitmap_index = 50140, .adv_w = 195, .box_w = 12, .box_h = 19, .ofs_x = 0, .ofs_y = 0},
    {.bitmap_index = 50254, .adv_w = 89, .box_w = 6, .box_h = 19, .ofs_x = 0, .ofs_y = 0},
    {.bitmap_index = 50311, .adv_w = 195, .box_w = 12, .box_h = 19, .ofs_x = 0, .ofs_y = -4},
    {.bitmap_index = 50425, .adv_w = 89, .box_w = 6, .box_h = 19, .ofs_x = 0, .ofs_y = -4},
    {.bitmap_index = 50482, .adv_w = 195, .box_w = 12, .box_h = 19, .ofs_x = 0, .ofs_y = -4},
    {.bitmap_index = 50596, .adv_w = 89, .box_w = 7, .box_h = 19, .ofs_x = -1, .ofs_y = -4},
    {.bitmap_index = 50663, .adv_w = 195, .box_w = 12, .box_h = 19, .ofs_x = 0, .ofs_y = -4},
    {.bitmap_index = 50777, .adv_w = 89, .box_w = 7, .box_h = 19, .ofs_x = 0, .ofs_y = -4},
    {.bitmap_index = 50844, .adv_w = 231, .box_w = 12, .box_h = 19, .ofs_x = 1, .ofs_y = -4},
    {.bitmap_index = 50958, .adv_w = 178, .box_w = 9, .box_h = 15, .ofs_x = 1, .ofs_y = -4},
    {.bitmap_index = 51026, .adv_w = 231, .box_w = 12, .box_h = 19, .ofs_x = 1, .ofs_y = -4},
    {.bitmap_index = 51140, .adv_w = 178, .box_w = 9, .box_h = 15, .ofs_x = 1, .ofs_y = -4},
    {.bitmap_index = 51208, .adv_w = 231, .box_w = 12, .box_h = 19, .ofs_x = 1, .ofs_y = -4},
    {.bitmap_index = 51322, .adv_w = 178, .box_w = 9, .box_h = 15, .ofs_x = 1, .ofs_y = -4},
    {.bitmap_index = 51390, .adv_w = 231, .box_w = 12, .box_h = 23, .ofs_x = 1, .ofs_y = 0},
    {.bitmap_index = 51528, .adv_w = 178, .box_w = 9, .box_h = 19, .ofs_x = 1, .ofs_y = 0},
    {.bitmap_index = 51614, .adv_w = 231, .box_w = 12, .box_h = 22, .ofs_x = 1, .ofs_y = 0},
    {.bitmap_index = 51746, .adv_w = 178, .box_w = 9, .box_h = 18, .ofs_x = 1, .ofs_y = 0},
    {.bitmap_index = 51827, .adv_w = 213, .box_w = 14, .box_h = 19, .ofs_x = 0, .ofs_y = 0},
    {.bitmap_index = 51960, .adv_w = 160, .box_w = 10, .box_h = 15, .ofs_x = 0, .ofs_y = 0},
    {.bitmap_index = 52035, .adv_w = 213, .box_w = 14, .box_h = 19, .ofs_x = 0, .ofs_y = -4},
    {.bitmap_index = 52168, .adv_w = 160, .box_w = 10, .box_h = 15, .ofs_x = 0, .ofs_y = -4},
    {.bitmap_index = 52243, .adv_w = 302, .box_w = 19, .box_h = 19, .ofs_x = 0, .ofs_y = 0},
    {.bitmap_index = 52424, .adv_w = 231, .box_w = 15, .box_h = 15, .ofs_x = 0, .ofs_y = 0},
    {.bitmap_index = 52537, .adv_w = 302, .box_w = 19, .box_h = 19, .ofs_x = 0, .ofs_y = 0},
    {.bitmap_index = 52718, .adv_w = 231, .box_w = 15, .box_h = 15, .ofs_x = 0, .ofs_y = 0},
    {.bitmap_index = 52831, .adv_w = 302, .box_w = 19, .box_h = 19, .ofs_x = 0, .ofs_y = 0},
    {.bitmap_index = 53012, .adv_w = 231, .box_w = 15, .box_h = 15, .ofs_x = 0, .ofs_y = 0},
    {.bitmap_index = 53125, .adv_w = 302, .box_w = 19, .box_h = 19, .ofs_x = 0, .ofs_y = 0},
    {.bitmap_index = 53306, .adv_w = 231, .box_w = 15, .box_h = 15, .ofs_x = 0, .ofs_y = 0},
    {.bitmap_index = 53419, .adv_w = 302, .box_w = 19, .box_h = 19, .ofs_x = 0, .ofs_y = -4},
    {.bitmap_index = 53600, .adv_w = 231, .box_w = 15, .box_h = 15, .ofs_x = 0, .ofs_y = -4},
    {.bitmap_index = 53713, .adv_w = 213, .box_w = 14, .box_h = 19, .ofs_x = 0, .ofs_y = 0},
    {.bitmap_index = 53846, .adv_w = 160, .box_w = 10, .box_h = 15, .ofs_x = 0, .ofs_y = 0},
    {.bitmap_index = 53921, .adv_w = 213, .box_w = 14, .box_h = 19, .ofs_x = 0, .ofs_y = 0},
    {.bitmap_index = 54054, .adv_w = 160, .box_w = 10, .box_h = 15, .ofs_x = 0, .ofs_y = 0},
    {.bitmap_index = 54129, .adv_w = 213, .box_w = 14, .box_h = 19, .ofs_x = 0, .ofs_y = 0},
    {.bitmap_index = 54262, .adv_w = 160, .box_w = 10, .box_h = 19, .ofs_x = 0, .ofs_y = -4},
    {.bitmap_index = 54357, .adv_w = 195, .box_w = 12, .box_h = 19, .ofs_x = 0, .ofs_y = 0},
    {.bitmap_index = 54471, .adv_w = 160, .box_w = 10, .box_h = 15, .ofs_x = 0, .ofs_y = 0},
    {.bitmap_index = 54546, .adv_w = 195, .box_w = 12, .box_h = 19, .ofs_x = 0, .ofs_y = -4},
    {.bitmap_index = 54660, .adv_w = 160, .box_w = 10, .box_h = 15, .ofs_x = 0, .ofs_y = -4},
    {.bitmap_index = 54735, .adv_w = 195, .box_w = 12, .box_h = 19, .ofs_x = 0, .ofs_y = -4},
    {.bitmap_index = 54849, .adv_w = 160, .box_w = 10, .box_h = 15, .ofs_x = 0, .ofs_y = -4},
    {.bitmap_index = 54924, .adv_w = 178, .box_w = 9, .box_h = 19, .ofs_x = 1, .ofs_y = -4},
    {.bitmap_index = 55010, .adv_w = 89, .box_w = 6, .box_h = 19, .ofs_x = 0, .ofs_y = 0},
    {.bitmap_index = 55067, .adv_w = 231, .box_w = 15, .box_h = 16, .ofs_x = 0, .ofs_y = 0},
    {.bitmap_index = 55187, .adv_w = 160, .box_w = 10, .box_h = 20, .ofs_x = 0, .ofs_y = -4},
    {.bitmap_index = 55287, .adv_w = 178, .box_w = 12, .box_h = 16, .ofs_x = 0, .ofs_y = 0},
    {.bitmap_index = 55383, .adv_w = 89, .box_w = 7, .box_h = 19, .ofs_x = 0, .ofs_y = 0},
    {.bitmap_index = 55450, .adv_w = 213, .box_w = 15, .box_h = 19, .ofs_x = -1, .ofs_y = -4},
    {.bitmap_index = 55593, .adv_w = 178, .box_w = 11, .box_h = 15, .ofs_x = 0, .ofs_y = -4},
    {.bitmap_index = 55676, .adv_w = 213, .box_w = 15, .box_h = 19, .ofs_x = -1, .ofs_y = 0},
    {.bitmap_index = 55819, .adv_w = 178, .box_w = 11, .box_h = 16, .ofs_x = 0, .ofs_y = 0},
    {.bitmap_index = 55907, .adv_w = 213, .box_w = 15, .box_h = 20, .ofs_x = -1, .ofs_y = 0},
    {.bitmap_index = 56057, .adv_w = 178, .box_w = 12, .box_h = 17, .ofs_x = 0, .ofs_y = 0},
    {.bitmap_index = 56159, .adv_w = 213, .box_w = 15, .box_h = 20, .ofs_x = -1, .ofs_y = 0},
    {.bitmap_index = 56309, .adv_w = 178, .box_w = 12, .box_h = 17, .ofs_x = -1, .ofs_y = 0},
    {.bitmap_index = 56411, .adv_w = 213, .box_w = 15, .box_h = 21, .ofs_x = -1, .ofs_y = 0},
    {.bitmap_index = 56569, .adv_w = 178, .box_w = 12, .box_h = 17, .ofs_x = 0, .ofs_y = 0},
    {.bitmap_index = 56671, .adv_w = 213, .box_w = 15, .box_h = 23, .ofs_x = -1, .ofs_y = 0},
    {.bitmap_index = 56844, .adv_w = 178, .box_w = 11, .box_h = 20, .ofs_x = 0, .ofs_y = 0},
    {.bitmap_index = 56954, .adv_w = 213, .box_w = 15, .box_h = 23, .ofs_x = -1, .ofs_y = -4},
    {.bitmap_index = 57127, .adv_w = 178, .box_w = 11, .box_h = 19, .ofs_x = 0, .ofs_y = -4},
    {.bitmap_index = 57232, .adv_w = 213, .box_w = 15, .box_h = 22, .ofs_x = -1, .ofs_y = 0},
    {.bitmap_index = 57397, .adv_w = 178, .box_w = 11, .box_h = 18, .ofs_x = 0, .ofs_y = 0},
    {.bitmap_index = 57496, .adv_w = 213, .box_w = 15, .box_h = 22, .ofs_x = -1, .ofs_y = 0},
    {.bitmap_index = 57661, .adv_w = 178, .box_w = 11, .box_h = 18, .ofs_x = 0, .ofs_y = 0},
    {.bitmap_index = 57760, .adv_w = 213, .box_w = 15, .box_h = 22, .ofs_x = -1, .ofs_y = 0},
    {.bitmap_index = 57925, .adv_w = 178, .box_w = 11, .box_h = 19, .ofs_x = 0, .ofs_y = 0},
    {.bitmap_index = 58030, .adv_w = 213, .box_w = 15, .box_h = 23, .ofs_x = -1, .ofs_y = 0},
    {.bitmap_index = 58203, .adv_w = 178, .box_w = 11, .box_h = 19, .ofs_x = 0, .ofs_y = 0},
    {.bitmap_index = 58308, .adv_w = 213, .box_w = 15, .box_h = 23, .ofs_x = -1, .ofs_y = -4},
    {.bitmap_index = 58481, .adv_w = 178, .box_w = 11, .box_h = 19, .ofs_x = 0, .ofs_y = -4},
    {.bitmap_index = 58586, .adv_w = 213, .box_w = 12, .box_h = 19, .ofs_x = 1, .ofs_y = -4},
    {.bitmap_index = 58700, .adv_w = 178, .box_w = 11, .box_h = 15, .ofs_x = 0, .ofs_y = -4},
    {.bitmap_index = 58783, .adv_w = 213, .box_w = 12, .box_h = 19, .ofs_x = 1, .ofs_y = 0},
    {.bitmap_index = 58897, .adv_w = 178, .box_w = 11, .box_h = 16, .ofs_x = 0, .ofs_y = 0},
    {.bitmap_index = 58985, .adv_w = 213, .box_w = 12, .box_h = 19, .ofs_x = 1, .ofs_y = 0},
    {.bitmap_index = 59099, .adv_w = 178, .box_w = 11, .box_h = 15, .ofs_x = 0, .ofs_y = 0},
    {.bitmap_index = 59182, .adv_w = 213, .box_w = 13, .box_h = 20, .ofs_x = 1, .ofs_y = 0},
    {.bitmap_index = 59312, .adv_w = 178, .box_w = 12, .box_h = 17, .ofs_x = 0, .ofs_y = 0},
    {.bitmap_index = 59414, .adv_w = 213, .box_w = 13, .box_h = 20, .ofs_x = 0, .ofs_y = 0},
    {.bitmap_index = 59544, .adv_w = 178, .box_w = 12, .box_h = 17, .ofs_x = -1, .ofs_y = 0},
    {.bitmap_index = 59646, .adv_w = 213, .box_w = 12, .box_h = 21, .ofs_x = 1, .ofs_y = 0},
    {.bitmap_index = 59772, .adv_w = 178, .box_w = 12, .box_h = 17, .ofs_x = 0, .ofs_y = 0},
    {.bitmap_index = 59874, .adv_w = 213, .box_w = 12, .box_h = 23, .ofs_x = 1, .ofs_y = 0},
    {.bitmap_index = 60012, .adv_w = 178, .box_w = 11, .box_h = 20, .ofs_x = 0, .ofs_y = 0},
    {.bitmap_index = 60122, .adv_w = 213, .box_w = 12, .box_h = 23, .ofs_x = 1, .ofs_y = -4},
    {.bitmap_index = 60260, .adv_w = 178, .box_w = 11, .box_h = 19, .ofs_x = 0, .ofs_y = -4},
    {.bitmap_index = 60365, .adv_w = 89, .box_w = 5, .box_h = 19, .ofs_x = 0, .ofs_y = 0},
    {.bitmap_index = 60413, .adv_w = 89, .box_w = 5, .box_h = 16, .ofs_x = 0, .ofs_y = 0},
    {.bitmap_index = 60453, .adv_w = 89, .box_w = 3, .box_h = 19, .ofs_x = 1, .ofs_y = -4},
    {.bitmap_index = 60482, .adv_w = 71, .box_w = 3, .box_h = 19, .ofs_x = 1, .ofs_y = -4},
    {.bitmap_index = 60511, .adv_w = 249, .box_w = 15, .box_h = 19, .ofs_x = 0, .ofs_y = -4},
    {.bitmap_index = 60654, .adv_w = 178, .box_w = 11, .box_h = 15, .ofs_x = 0, .ofs_y = -4},
    {.bitmap_index = 60737, .adv_w = 249, .box_w = 15, .box_h = 20, .ofs_x = 0, .ofs_y = 0},
    {.bitmap_index = 60887, .adv_w = 178, .box_w = 11, .box_h = 16, .ofs_x = 0, .ofs_y = 0},
    {.bitmap_index = 60975, .adv_w = 249, .box_w = 15, .box_h = 21, .ofs_x = 0, .ofs_y = 0},
    {.bitmap_index = 61133, .adv_w = 178, .box_w = 12, .box_h = 17, .ofs_x = 0, .ofs_y = 0},
    {.bitmap_index = 61235, .adv_w = 249, .box_w = 15, .box_h = 21, .ofs_x = 0, .ofs_y = 0},
    {.bitmap_index = 61393, .adv_w = 178, .box_w = 12, .box_h = 17, .ofs_x = -1, .ofs_y = 0},
    {.bitmap_index = 61495, .adv_w = 249, .box_w = 15, .box_h = 21, .ofs_x = 0, .ofs_y = 0},
    {.bitmap_index = 61653, .adv_w = 178, .box_w = 12, .box_h = 17, .ofs_x = 0, .ofs_y = 0},
    {.bitmap_index = 61755, .adv_w = 249, .box_w = 15, .box_h = 23, .ofs_x = 0, .ofs_y = 0},
    {.bitmap_index = 61928, .adv_w = 178, .box_w = 11, .box_h = 20, .ofs_x = 0, .ofs_y = 0},
    {.bitmap_index = 62038, .adv_w = 249, .box_w = 15, .box_h = 23, .ofs_x = 0, .ofs_y = -4},
    {.bitmap_index = 62211, .adv_w = 178, .box_w = 11, .box_h = 19, .ofs_x = 0, .ofs_y = -4},
    {.bitmap_index = 62316, .adv_w = 248, .box_w = 16, .box_h = 19, .ofs_x = 0, .ofs_y = 0},
    {.bitmap_index = 62468, .adv_w = 178, .box_w = 12, .box_h = 15, .ofs_x = 0, .ofs_y = 0},
    {.bitmap_index = 62558, .adv_w = 248, .box_w = 16, .box_h = 19, .ofs_x = 0, .ofs_y = 0},
    {.bitmap_index = 62710, .adv_w = 178, .box_w = 12, .box_h = 15, .ofs_x = 0, .ofs_y = 0},
    {.bitmap_index = 62800, .adv_w = 248, .box_w = 16, .box_h = 20, .ofs_x = 0, .ofs_y = 0},
    {.bitmap_index = 62960, .adv_w = 178, .box_w = 12, .box_h = 16, .ofs_x = 0, .ofs_y = 0},
    {.bitmap_index = 63056, .adv_w = 248, .box_w = 16, .box_h = 20, .ofs_x = 0, .ofs_y = 0},
    {.bitmap_index = 63216, .adv_w = 178, .box_w = 12, .box_h = 15, .ofs_x = 0, .ofs_y = 0},
    {.bitmap_index = 63306, .adv_w = 248, .box_w = 16, .box_h = 21, .ofs_x = 0, .ofs_y = -4},
    {.bitmap_index = 63474, .adv_w = 178, .box_w = 12, .box_h = 17, .ofs_x = 0, .ofs_y = -4},
    {.bitmap_index = 63576, .adv_w = 231, .box_w = 12, .box_h = 19, .ofs_x = 1, .ofs_y = -4},
    {.bitmap_index = 63690, .adv_w = 178, .box_w = 9, .box_h = 15, .ofs_x = 1, .ofs_y = -4},
    {.bitmap_index = 63758, .adv_w = 231, .box_w = 12, .box_h = 20, .ofs_x = 1, .ofs_y = 0},
    {.bitmap_index = 63878, .adv_w = 178, .box_w = 9, .box_h = 16, .ofs_x = 1, .ofs_y = 0},
    {.bitmap_index = 63950, .adv_w = 248, .box_w = 15, .box_h = 19, .ofs_x = 1, .ofs_y = 0},
    {.bitmap_index = 64093, .adv_w = 198, .box_w = 12, .box_h = 15, .ofs_x = 1, .ofs_y = 0},
    {.bitmap_index = 64183, .adv_w = 248, .box_w = 15, .box_h = 19, .ofs_x = 1, .ofs_y = 0},
    {.bitmap_index = 64326, .adv_w = 198, .box_w = 12, .box_h = 15, .ofs_x = 1, .ofs_y = 0},
    {.bitmap_index = 64416, .adv_w = 248, .box_w = 15, .box_h = 20, .ofs_x = 1, .ofs_y = 0},
    {.bitmap_index = 64566, .adv_w = 198, .box_w = 12, .box_h = 16, .ofs_x = 1, .ofs_y = 0},
    {.bitmap_index = 64662, .adv_w = 248, .box_w = 15, .box_h = 20, .ofs_x = 1, .ofs_y = 0},
    {.bitmap_index = 64812, .adv_w = 198, .box_w = 12, .box_h = 15, .ofs_x = 1, .ofs_y = 0},
    {.bitmap_index = 64902, .adv_w = 248, .box_w = 15, .box_h = 21, .ofs_x = 1, .ofs_y = -4},
    {.bitmap_index = 65060, .adv_w = 198, .box_w = 12, .box_h = 18, .ofs_x = 1, .ofs_y = -4},
    {.bitmap_index = 65168, .adv_w = 213, .box_w = 14, .box_h = 19, .ofs_x = 0, .ofs_y = 0},
    {.bitmap_index = 65301, .adv_w = 160, .box_w = 10, .box_h = 19, .ofs_x = 0, .ofs_y = -4},
    {.bitmap_index = 65396, .adv_w = 213, .box_w = 14, .box_h = 19, .ofs_x = 0, .ofs_y = -4},
    {.bitmap_index = 65529, .adv_w = 160, .box_w = 10, .box_h = 15, .ofs_x = 0, .ofs_y = -4},
    {.bitmap_index = 65604, .adv_w = 213, .box_w = 14, .box_h = 19, .ofs_x = 0, .ofs_y = 0},
    {.bitmap_index = 65737, .adv_w = 160, .box_w = 10, .box_h = 20, .ofs_x = 0, .ofs_y = -4},
    {.bitmap_index = 65837, .adv_w = 213, .box_w = 14, .box_h = 19, .ofs_x = 0, .ofs_y = 0},
    {.bitmap_index = 65970, .adv_w = 160, .box_w = 10, .box_h = 19, .ofs_x = 0, .ofs_y = -4}
};

/*---------------------
 *  CHARACTER MAPPING
 *--------------------*/



/*Collect the unicode lists and glyph_id offsets*/
static const lv_font_fmt_txt_cmap_t cmaps[] =
{
    {
        .range_start = 32, .range_length = 95, .glyph_id_start = 1,
        .unicode_list = NULL, .glyph_id_ofs_list = NULL, .list_length = 0, .type = LV_FONT_FMT_TXT_CMAP_FORMAT0_TINY
    },
    {
        .range_start = 160, .range_length = 86, .glyph_id_start = 96,
        .unicode_list = NULL, .glyph_id_ofs_list = NULL, .list_length = 0, .type = LV_FONT_FMT_TXT_CMAP_FORMAT0_TINY
    },
    {
        .range_start = 246, .range_length = 256, .glyph_id_start = 182,
        .unicode_list = NULL, .glyph_id_ofs_list = NULL, .list_length = 0, .type = LV_FONT_FMT_TXT_CMAP_FORMAT0_TINY
    },
    {
        .range_start = 506, .range_length = 6, .glyph_id_start = 438,
        .unicode_list = NULL, .glyph_id_ofs_list = NULL, .list_length = 0, .type = LV_FONT_FMT_TXT_CMAP_FORMAT0_TINY
    },
    {
        .range_start = 7680, .range_length = 156, .glyph_id_start = 444,
        .unicode_list = NULL, .glyph_id_ofs_list = NULL, .list_length = 0, .type = LV_FONT_FMT_TXT_CMAP_FORMAT0_TINY
    },
    {
        .range_start = 7840, .range_length = 90, .glyph_id_start = 600,
        .unicode_list = NULL, .glyph_id_ofs_list = NULL, .list_length = 0, .type = LV_FONT_FMT_TXT_CMAP_FORMAT0_TINY
    }
};



/*--------------------
 *  ALL CUSTOM DATA
 *--------------------*/

#if LVGL_VERSION_MAJOR == 8
/*Store all the custom data of the font*/
static  lv_font_fmt_txt_glyph_cache_t cache;
#endif

#if LVGL_VERSION_MAJOR >= 8
static const lv_font_fmt_txt_dsc_t font_dsc = {
#else
static lv_font_fmt_txt_dsc_t font_dsc = {
#endif
    .glyph_bitmap = glyph_bitmap,
    .glyph_dsc = glyph_dsc,
    .cmaps = cmaps,
    .kern_dsc = NULL,
    .kern_scale = 0,
    .cmap_num = 6,
    .bpp = 4,
    .kern_classes = 0,
    .bitmap_format = 0,
#if LVGL_VERSION_MAJOR == 8
    .cache = &cache
#endif
};



/*-----------------
 *  PUBLIC FONT
 *----------------*/

/*Initialize a public general font descriptor*/
#if LVGL_VERSION_MAJOR >= 8
const lv_font_t lv_font_vi_20 = {
#else
lv_font_t lv_font_vi_20 = {
#endif
    .get_glyph_dsc = lv_font_get_glyph_dsc_fmt_txt,    /*Function pointer to get glyph's data*/
    .get_glyph_bitmap = lv_font_get_bitmap_fmt_txt,    /*Function pointer to get glyph's bitmap*/
    .line_height = 28,          /*The maximum line height required by the font*/
    .base_line = 5,             /*Baseline measured from the bottom of the line*/
#if !(LVGL_VERSION_MAJOR == 6 && LVGL_VERSION_MINOR == 0)
    .subpx = LV_FONT_SUBPX_NONE,
#endif
#if LV_VERSION_CHECK(7, 4, 0) || LVGL_VERSION_MAJOR >= 8
    .underline_position = -2,
    .underline_thickness = 1,
#endif
    .dsc = &font_dsc,          /*The custom font data. Will be accessed by `get_glyph_bitmap/dsc` */
#if LV_VERSION_CHECK(8, 2, 0) || LVGL_VERSION_MAJOR >= 9
    .fallback = NULL,
#endif
    .user_data = NULL,
};



#endif /*#if LV_FONT_VI_20*/

