/* hud_signs.c - road-sign and weather resources. LVGL 9.x.
 *   sign_* : 34x34 RGB565A8 - real sign colours (white/red disc, yellow/red
 *            triangle, black glyph). Do NOT recolour.
 *   wx_*   : 17x17 A8       - weather glyphs, tint per condition.
 * Generated from lvgl_hud/assets/svg/.
 */
#include "hud_signs.h"

static const uint8_t sign_speedcam_map[] = {
    0x00, 0x00, 0x00, 0x00, 0x00, 0x00, 0x00, 0x00, 0x00, 0x00, 0x00, 0x00, 0x00, 0x00, 0x00, 0x00, 0x00, 0x00, 0x00, 0x00, 0x00, 0x00, 0x00, 0x00, 0x00, 0x00, 0x00, 0x00, 0x00, 0x00, 0x72, 0xec, 0x92, 0xec, 0x92, 0xec, 0x72, 0xec, 0x00, 0x00, 0x00, 0x00, 0x00, 0x00, 0x00, 0x00, 0x00, 0x00, 0x00, 0x00, 0x00, 0x00, 0x00, 0x00, 0x00, 0x00, 0x00, 0x00, 0x00, 0x00, 0x00, 0x00, 0x00, 0x00, 0x00, 0x00, 0x00, 0x00,
    0x00, 0x00, 0x00, 0x00, 0x00, 0x00, 0x00, 0x00, 0x00, 0x00, 0x00, 0x00, 0x00, 0x00, 0x00, 0x00, 0x00, 0x00, 0x00, 0x00, 0x00, 0x00, 0x52, 0xec, 0xaf, 0xeb, 0xac, 0xe2, 0xc8, 0xe1, 0x67, 0xe1, 0x67, 0xe1, 0x67, 0xe1, 0x67, 0xe1, 0xc8, 0xe1, 0xac, 0xe2, 0xaf, 0xeb, 0x52, 0xec, 0x00, 0x00, 0x00, 0x00, 0x00, 0x00, 0x00, 0x00, 0x00, 0x00, 0x00, 0x00, 0x00, 0x00, 0x00, 0x00, 0x00, 0x00, 0x00, 0x00, 0x00, 0x00,
    0x00, 0x00, 0x00, 0x00, 0x00, 0x00, 0x00, 0x00, 0x00, 0x00, 0x00, 0x00, 0x00, 0x00, 0x00, 0x00, 0x00, 0x00, 0x11, 0xec, 0xac, 0xe2, 0x67, 0xe1, 0x67, 0xe1, 0x67, 0xe1, 0x67, 0xe1, 0x67, 0xe1, 0x67, 0xe1, 0x67, 0xe1, 0x67, 0xe1, 0x67, 0xe1, 0x67, 0xe1, 0x67, 0xe1, 0x67, 0xe1, 0xac, 0xe2, 0x11, 0xec, 0x00, 0x00, 0x00, 0x00, 0x00, 0x00, 0x00, 0x00, 0x00, 0x00, 0x00, 0x00, 0x00, 0x00, 0x00, 0x00, 0x00, 0x00,
    0x00, 0x00, 0x00, 0x00, 0x00, 0x00, 0x00, 0x00, 0x00, 0x00, 0x00, 0x00, 0x00, 0x00, 0x72, 0xec, 0x0d, 0xe3, 0x67, 0xe1, 0x67, 0xe1, 0x67, 0xe1, 0x67, 0xe1, 0x67, 0xe1, 0x67, 0xe1, 0x67, 0xe1, 0x67, 0xe1, 0x67, 0xe1, 0x67, 0xe1, 0x67, 0xe1, 0x67, 0xe1, 0x67, 0xe1, 0x67, 0xe1, 0x67, 0xe1, 0x67, 0xe1, 0x0d, 0xe3, 0x72, 0xec, 0x00, 0x00, 0x00, 0x00, 0x00, 0x00, 0x00, 0x00, 0x00, 0x00, 0x00, 0x00, 0x00, 0x00,
    0x00, 0x00, 0x00, 0x00, 0x00, 0x00, 0x00, 0x00, 0x00, 0x00, 0x00, 0x00, 0x11, 0xec, 0xc8, 0xe1, 0x67, 0xe1, 0x67, 0xe1, 0x67, 0xe1, 0x67, 0xe1, 0x67, 0xe1, 0x67, 0xe1, 0x67, 0xe1, 0x67, 0xe1, 0x67, 0xe1, 0x67, 0xe1, 0x67, 0xe1, 0x67, 0xe1, 0x67, 0xe1, 0x67, 0xe1, 0x67, 0xe1, 0x67, 0xe1, 0x67, 0xe1, 0x67, 0xe1, 0xc8, 0xe1, 0x11, 0xec, 0x00, 0x00, 0x00, 0x00, 0x00, 0x00, 0x00, 0x00, 0x00, 0x00, 0x00, 0x00,
    0x00, 0x00, 0x00, 0x00, 0x00, 0x00, 0x00, 0x00, 0x00, 0x00, 0xf0, 0xeb, 0x67, 0xe1, 0x67, 0xe1, 0x67, 0xe1, 0x67, 0xe1, 0x67, 0xe1, 0x67, 0xe1, 0xc8, 0xe1, 0xf0, 0xeb, 0x96, 0xf5, 0xbb, 0xfe, 0x5d, 0xff, 0x5d, 0xff, 0xbb, 0xfe, 0x96, 0xf5, 0xf0, 0xeb, 0xc8, 0xe1, 0x67, 0xe1, 0x67, 0xe1, 0x67, 0xe1, 0x67, 0xe1, 0x67, 0xe1, 0x67, 0xe1, 0xf0, 0xeb, 0x00, 0x00, 0x00, 0x00, 0x00, 0x00, 0x00, 0x00, 0x00, 0x00,
    0x00, 0x00, 0x00, 0x00, 0x00, 0x00, 0x00, 0x00, 0x11, 0xec, 0x67, 0xe1, 0x67, 0xe1, 0x67, 0xe1, 0x67, 0xe1, 0x67, 0xe1, 0xc8, 0xe1, 0x14, 0xf5, 0xff, 0xff, 0xff, 0xff, 0xff, 0xff, 0xff, 0xff, 0xff, 0xff, 0xff, 0xff, 0xff, 0xff, 0xff, 0xff, 0xff, 0xff, 0xff, 0xff, 0x14, 0xf5, 0xc9, 0xe1, 0x67, 0xe1, 0x67, 0xe1, 0x67, 0xe1, 0x67, 0xe1, 0x67, 0xe1, 0x11, 0xec, 0x00, 0x00, 0x00, 0x00, 0x00, 0x00, 0x00, 0x00,
    0x00, 0x00, 0x00, 0x00, 0x00, 0x00, 0x72, 0xec, 0xc8, 0xe1, 0x67, 0xe1, 0x67, 0xe1, 0x67, 0xe1, 0x67, 0xe1, 0x6e, 0xeb, 0x5d, 0xff, 0xff, 0xff, 0xff, 0xff, 0xff, 0xff, 0xff, 0xff, 0xff, 0xff, 0xff, 0xff, 0xff, 0xff, 0xff, 0xff, 0xff, 0xff, 0xff, 0xff, 0xff, 0xff, 0xff, 0xff, 0x5d, 0xff, 0x6e, 0xeb, 0x67, 0xe1, 0x67, 0xe1, 0x67, 0xe1, 0x67, 0xe1, 0xc8, 0xe1, 0x72, 0xec, 0x00, 0x00, 0x00, 0x00, 0x00, 0x00,
    0x00, 0x00, 0x00, 0x00, 0x00, 0x00, 0x0d, 0xe3, 0x67, 0xe1, 0x67, 0xe1, 0x67, 0xe1, 0x67, 0xe1, 0xf0, 0xeb, 0xff, 0xff, 0xff, 0xff, 0xff, 0xff, 0xff, 0xff, 0xff, 0xff, 0xff, 0xff, 0xff, 0xff, 0xff, 0xff, 0xff, 0xff, 0xff, 0xff, 0xff, 0xff, 0xff, 0xff, 0xff, 0xff, 0xff, 0xff, 0xff, 0xff, 0xff, 0xff, 0xf0, 0xeb, 0x67, 0xe1, 0x67, 0xe1, 0x67, 0xe1, 0x67, 0xe1, 0x0d, 0xe3, 0x00, 0x00, 0x00, 0x00, 0x00, 0x00,
    0x00, 0x00, 0x00, 0x00, 0x11, 0xec, 0x67, 0xe1, 0x67, 0xe1, 0x67, 0xe1, 0x67, 0xe1, 0x6e, 0xeb, 0xff, 0xff, 0xff, 0xff, 0xff, 0xff, 0xff, 0xff, 0xff, 0xff, 0xff, 0xff, 0xff, 0xff, 0xff, 0xff, 0xff, 0xff, 0xff, 0xff, 0xff, 0xff, 0xff, 0xff, 0xff, 0xff, 0xff, 0xff, 0xff, 0xff, 0xff, 0xff, 0xff, 0xff, 0xff, 0xff, 0x6e, 0xeb, 0x67, 0xe1, 0x67, 0xe1, 0x67, 0xe1, 0x67, 0xe1, 0x11, 0xec, 0x00, 0x00, 0x00, 0x00,
    0x00, 0x00, 0x00, 0x00, 0xac, 0xe2, 0x67, 0xe1, 0x67, 0xe1, 0x67, 0xe1, 0xc9, 0xe1, 0x5d, 0xff, 0xff, 0xff, 0xff, 0xff, 0xff, 0xff, 0xff, 0xff, 0xff, 0xff, 0xff, 0xff, 0xff, 0xff, 0xff, 0xff, 0xff, 0xff, 0xff, 0xff, 0xff, 0xff, 0xff, 0xff, 0xff, 0xff, 0xff, 0xff, 0xff, 0xff, 0xff, 0xff, 0xff, 0xff, 0xff, 0xff, 0x5d, 0xff, 0xc8, 0xe1, 0x67, 0xe1, 0x67, 0xe1, 0x67, 0xe1, 0xac, 0xe2, 0x00, 0x00, 0x00, 0x00,
    0x00, 0x00, 0x52, 0xec, 0x67, 0xe1, 0x67, 0xe1, 0x67, 0xe1, 0x67, 0xe1, 0x14, 0xf5, 0xff, 0xff, 0xff, 0xff, 0x3c, 0xe7, 0x3c, 0xe7, 0x3c, 0xe7, 0x3c, 0xe7, 0x3c, 0xe7, 0x3c, 0xe7, 0x3c, 0xe7, 0x3c, 0xe7, 0x3c, 0xe7, 0xdf, 0xff, 0xff, 0xff, 0xff, 0xff, 0xff, 0xff, 0xff, 0xff, 0xff, 0xff, 0xff, 0xff, 0xff, 0xff, 0xff, 0xff, 0x14, 0xf5, 0x67, 0xe1, 0x67, 0xe1, 0x67, 0xe1, 0x67, 0xe1, 0x52, 0xec, 0x00, 0x00,
    0x00, 0x00, 0xaf, 0xeb, 0x67, 0xe1, 0x67, 0xe1, 0x67, 0xe1, 0xc8, 0xe1, 0xff, 0xff, 0x34, 0xa5, 0x82, 0x10, 0x41, 0x08, 0x41, 0x08, 0x41, 0x08, 0x41, 0x08, 0x41, 0x08, 0x41, 0x08, 0x41, 0x08, 0x41, 0x08, 0x41, 0x08, 0x41, 0x08, 0x30, 0x84, 0xff, 0xff, 0xff, 0xff, 0xff, 0xff, 0xff, 0xff, 0x18, 0xc6, 0xff, 0xff, 0xff, 0xff, 0xff, 0xff, 0xc8, 0xe1, 0x67, 0xe1, 0x67, 0xe1, 0x67, 0xe1, 0xaf, 0xeb, 0x00, 0x00,
    0x00, 0x00, 0xac, 0xe2, 0x67, 0xe1, 0x67, 0xe1, 0x67, 0xe1, 0xf0, 0xeb, 0xbe, 0xf7, 0x41, 0x08, 0x66, 0x29, 0x6d, 0x6b, 0x6d, 0x6b, 0x6d, 0x6b, 0xcb, 0x5a, 0x28, 0x42, 0x8a, 0x52, 0x6d, 0x6b, 0x6d, 0x6b, 0x6d, 0x6b, 0x28, 0x42, 0x41, 0x08, 0x38, 0xc6, 0xff, 0xff, 0xff, 0xff, 0x30, 0x84, 0x49, 0x42, 0xff, 0xff, 0xff, 0xff, 0xff, 0xff, 0xf0, 0xeb, 0x67, 0xe1, 0x67, 0xe1, 0x67, 0xe1, 0xac, 0xe2, 0x00, 0x00,
    0x00, 0x00, 0xc8, 0xe1, 0x67, 0xe1, 0x67, 0xe1, 0x67, 0xe1, 0x96, 0xf5, 0x79, 0xce, 0x41, 0x08, 0x30, 0x84, 0xff, 0xff, 0xff, 0xff, 0xae, 0x73, 0x41, 0x08, 0x41, 0x08, 0x41, 0x08, 0xaa, 0x52, 0x7d, 0xef, 0xff, 0xff, 0xb6, 0xb5, 0x41, 0x08, 0xf3, 0x9c, 0x30, 0x84, 0x41, 0x08, 0x41, 0x08, 0x49, 0x42, 0xff, 0xff, 0xff, 0xff, 0xff, 0xff, 0x96, 0xf5, 0x67, 0xe1, 0x67, 0xe1, 0x67, 0xe1, 0xc8, 0xe1, 0x00, 0x00,
    0x72, 0xec, 0x67, 0xe1, 0x67, 0xe1, 0x67, 0xe1, 0x67, 0xe1, 0xbb, 0xfe, 0x79, 0xce, 0x41, 0x08, 0x30, 0x84, 0xff, 0xff, 0x35, 0xa5, 0x41, 0x08, 0x0c, 0x5b, 0xb6, 0xb5, 0xcf, 0x7b, 0x41, 0x08, 0xae, 0x73, 0xff, 0xff, 0xb6, 0xb5, 0x41, 0x08, 0x86, 0x29, 0x41, 0x08, 0x41, 0x08, 0x41, 0x08, 0x49, 0x42, 0xff, 0xff, 0xff, 0xff, 0xff, 0xff, 0xbb, 0xfe, 0x67, 0xe1, 0x67, 0xe1, 0x67, 0xe1, 0x67, 0xe1, 0x72, 0xec,
    0x92, 0xec, 0x67, 0xe1, 0x67, 0xe1, 0x67, 0xe1, 0x67, 0xe1, 0x5d, 0xff, 0x79, 0xce, 0x41, 0x08, 0x30, 0x84, 0xff, 0xff, 0xaa, 0x52, 0x04, 0x21, 0xff, 0xff, 0xff, 0xff, 0xff, 0xff, 0x49, 0x4a, 0x61, 0x08, 0xff, 0xff, 0xb6, 0xb5, 0x41, 0x08, 0x41, 0x08, 0x41, 0x08, 0x41, 0x08, 0x41, 0x08, 0x49, 0x42, 0xff, 0xff, 0xff, 0xff, 0xff, 0xff, 0x5d, 0xff, 0x67, 0xe1, 0x67, 0xe1, 0x67, 0xe1, 0x67, 0xe1, 0x92, 0xec,
    0x92, 0xec, 0x67, 0xe1, 0x67, 0xe1, 0x67, 0xe1, 0x67, 0xe1, 0x5d, 0xff, 0x79, 0xce, 0x41, 0x08, 0x30, 0x84, 0xff, 0xff, 0xaa, 0x52, 0x04, 0x21, 0xff, 0xff, 0xff, 0xff, 0xff, 0xff, 0x49, 0x4a, 0x61, 0x08, 0xff, 0xff, 0xb6, 0xb5, 0x41, 0x08, 0x41, 0x08, 0x41, 0x08, 0x41, 0x08, 0x41, 0x08, 0x49, 0x42, 0xff, 0xff, 0xff, 0xff, 0xff, 0xff, 0x5d, 0xff, 0x67, 0xe1, 0x67, 0xe1, 0x67, 0xe1, 0x67, 0xe1, 0x92, 0xec,
    0x72, 0xec, 0x67, 0xe1, 0x67, 0xe1, 0x67, 0xe1, 0x67, 0xe1, 0xbb, 0xfe, 0x79, 0xce, 0x41, 0x08, 0x30, 0x84, 0xff, 0xff, 0x14, 0x9d, 0x41, 0x08, 0x0c, 0x5b, 0xb6, 0xb5, 0xcf, 0x7b, 0x41, 0x08, 0xae, 0x73, 0xff, 0xff, 0xb6, 0xb5, 0x41, 0x08, 0x86, 0x29, 0x41, 0x08, 0x41, 0x08, 0x41, 0x08, 0x49, 0x42, 0xff, 0xff, 0xff, 0xff, 0xff, 0xff, 0xbb, 0xfe, 0x67, 0xe1, 0x67, 0xe1, 0x67, 0xe1, 0x67, 0xe1, 0x72, 0xec,
    0x00, 0x00, 0xc8, 0xe1, 0x67, 0xe1, 0x67, 0xe1, 0x67, 0xe1, 0x96, 0xf5, 0x79, 0xce, 0x41, 0x08, 0x30, 0x84, 0xff, 0xff, 0xff, 0xff, 0xae, 0x73, 0x41, 0x08, 0x41, 0x08, 0x41, 0x08, 0xaa, 0x52, 0x7d, 0xef, 0xff, 0xff, 0xb6, 0xb5, 0x41, 0x08, 0xf3, 0x9c, 0x30, 0x84, 0x41, 0x08, 0x41, 0x08, 0x49, 0x42, 0xff, 0xff, 0xff, 0xff, 0xff, 0xff, 0x96, 0xf5, 0x67, 0xe1, 0x67, 0xe1, 0x67, 0xe1, 0xc8, 0xe1, 0x00, 0x00,
    0x00, 0x00, 0xac, 0xe2, 0x67, 0xe1, 0x67, 0xe1, 0x67, 0xe1, 0xf0, 0xeb, 0x9e, 0xf7, 0x41, 0x08, 0x66, 0x29, 0x6d, 0x6b, 0x6d, 0x6b, 0x6d, 0x6b, 0xaa, 0x52, 0x28, 0x42, 0x8a, 0x52, 0x6d, 0x6b, 0x6d, 0x6b, 0x6d, 0x6b, 0x28, 0x42, 0x41, 0x08, 0x38, 0xc6, 0xff, 0xff, 0xff, 0xff, 0x30, 0x84, 0x49, 0x42, 0xff, 0xff, 0xff, 0xff, 0xff, 0xff, 0xf0, 0xeb, 0x67, 0xe1, 0x67, 0xe1, 0x67, 0xe1, 0xac, 0xe2, 0x00, 0x00,
    0x00, 0x00, 0xaf, 0xeb, 0x67, 0xe1, 0x67, 0xe1, 0x67, 0xe1, 0xc8, 0xe1, 0xff, 0xff, 0x34, 0xa5, 0x82, 0x10, 0x41, 0x08, 0x41, 0x08, 0x41, 0x08, 0x41, 0x08, 0x41, 0x08, 0x41, 0x08, 0x41, 0x08, 0x41, 0x08, 0x41, 0x08, 0x41, 0x08, 0x30, 0x84, 0xff, 0xff, 0xff, 0xff, 0xff, 0xff, 0xff, 0xff, 0xff, 0xff, 0xff, 0xff, 0xff, 0xff, 0xff, 0xff, 0xc8, 0xe1, 0x67, 0xe1, 0x67, 0xe1, 0x67, 0xe1, 0xaf, 0xeb, 0x00, 0x00,
    0x00, 0x00, 0x52, 0xec, 0x67, 0xe1, 0x67, 0xe1, 0x67, 0xe1, 0x67, 0xe1, 0x14, 0xf5, 0xff, 0xff, 0xff, 0xff, 0x3c, 0xe7, 0x3c, 0xe7, 0x3c, 0xe7, 0x3c, 0xe7, 0x3c, 0xe7, 0x3c, 0xe7, 0x3c, 0xe7, 0x3c, 0xe7, 0x3c, 0xe7, 0xdf, 0xff, 0xff, 0xff, 0xff, 0xff, 0xff, 0xff, 0xff, 0xff, 0xff, 0xff, 0xff, 0xff, 0xff, 0xff, 0xff, 0xff, 0x14, 0xf5, 0x67, 0xe1, 0x67, 0xe1, 0x67, 0xe1, 0x67, 0xe1, 0x52, 0xec, 0x00, 0x00,
    0x00, 0x00, 0x00, 0x00, 0xac, 0xe2, 0x67, 0xe1, 0x67, 0xe1, 0x67, 0xe1, 0xc8, 0xe1, 0x5d, 0xff, 0xff, 0xff, 0xff, 0xff, 0xff, 0xff, 0xff, 0xff, 0xff, 0xff, 0xff, 0xff, 0xff, 0xff, 0xff, 0xff, 0xff, 0xff, 0xff, 0xff, 0xff, 0xff, 0xff, 0xff, 0xff, 0xff, 0xff, 0xff, 0xff, 0xff, 0xff, 0xff, 0xff, 0xff, 0xff, 0xff, 0x5d, 0xff, 0xc9, 0xe1, 0x67, 0xe1, 0x67, 0xe1, 0x67, 0xe1, 0xac, 0xe2, 0x00, 0x00, 0x00, 0x00,
    0x00, 0x00, 0x00, 0x00, 0x11, 0xec, 0x67, 0xe1, 0x67, 0xe1, 0x67, 0xe1, 0x67, 0xe1, 0x6e, 0xeb, 0xff, 0xff, 0xff, 0xff, 0xff, 0xff, 0xff, 0xff, 0xff, 0xff, 0xff, 0xff, 0xff, 0xff, 0xff, 0xff, 0xff, 0xff, 0xff, 0xff, 0xff, 0xff, 0xff, 0xff, 0xff, 0xff, 0xff, 0xff, 0xff, 0xff, 0xff, 0xff, 0xff, 0xff, 0xff, 0xff, 0x6e, 0xeb, 0x67, 0xe1, 0x67, 0xe1, 0x67, 0xe1, 0x67, 0xe1, 0x11, 0xec, 0x00, 0x00, 0x00, 0x00,
    0x00, 0x00, 0x00, 0x00, 0x00, 0x00, 0x0d, 0xe3, 0x67, 0xe1, 0x67, 0xe1, 0x67, 0xe1, 0x67, 0xe1, 0xf0, 0xeb, 0xff, 0xff, 0xff, 0xff, 0xff, 0xff, 0xff, 0xff, 0xff, 0xff, 0xff, 0xff, 0xff, 0xff, 0xff, 0xff, 0xff, 0xff, 0xff, 0xff, 0xff, 0xff, 0xff, 0xff, 0xff, 0xff, 0xff, 0xff, 0xff, 0xff, 0xff, 0xff, 0xf0, 0xeb, 0x67, 0xe1, 0x67, 0xe1, 0x67, 0xe1, 0x67, 0xe1, 0x0d, 0xe3, 0x00, 0x00, 0x00, 0x00, 0x00, 0x00,
    0x00, 0x00, 0x00, 0x00, 0x00, 0x00, 0x72, 0xec, 0xc8, 0xe1, 0x67, 0xe1, 0x67, 0xe1, 0x67, 0xe1, 0x67, 0xe1, 0x6e, 0xeb, 0x5d, 0xff, 0xff, 0xff, 0xff, 0xff, 0xff, 0xff, 0xff, 0xff, 0xff, 0xff, 0xff, 0xff, 0xff, 0xff, 0xff, 0xff, 0xff, 0xff, 0xff, 0xff, 0xff, 0xff, 0xff, 0xff, 0x5d, 0xff, 0x6e, 0xeb, 0x67, 0xe1, 0x67, 0xe1, 0x67, 0xe1, 0x67, 0xe1, 0xc8, 0xe1, 0x72, 0xec, 0x00, 0x00, 0x00, 0x00, 0x00, 0x00,
    0x00, 0x00, 0x00, 0x00, 0x00, 0x00, 0x00, 0x00, 0x11, 0xec, 0x67, 0xe1, 0x67, 0xe1, 0x67, 0xe1, 0x67, 0xe1, 0x67, 0xe1, 0xc9, 0xe1, 0x14, 0xf5, 0xff, 0xff, 0xff, 0xff, 0xff, 0xff, 0xff, 0xff, 0xff, 0xff, 0xff, 0xff, 0xff, 0xff, 0xff, 0xff, 0xff, 0xff, 0xff, 0xff, 0x14, 0xf5, 0xc8, 0xe1, 0x67, 0xe1, 0x67, 0xe1, 0x67, 0xe1, 0x67, 0xe1, 0x67, 0xe1, 0x11, 0xec, 0x00, 0x00, 0x00, 0x00, 0x00, 0x00, 0x00, 0x00,
    0x00, 0x00, 0x00, 0x00, 0x00, 0x00, 0x00, 0x00, 0x00, 0x00, 0xf0, 0xeb, 0x67, 0xe1, 0x67, 0xe1, 0x67, 0xe1, 0x67, 0xe1, 0x67, 0xe1, 0x67, 0xe1, 0xc8, 0xe1, 0xf0, 0xeb, 0x96, 0xf5, 0xbb, 0xfe, 0x5d, 0xff, 0x5d, 0xff, 0xbb, 0xfe, 0x96, 0xf5, 0xf0, 0xeb, 0xc8, 0xe1, 0x67, 0xe1, 0x67, 0xe1, 0x67, 0xe1, 0x67, 0xe1, 0x67, 0xe1, 0x67, 0xe1, 0xf0, 0xeb, 0x00, 0x00, 0x00, 0x00, 0x00, 0x00, 0x00, 0x00, 0x00, 0x00,
    0x00, 0x00, 0x00, 0x00, 0x00, 0x00, 0x00, 0x00, 0x00, 0x00, 0x00, 0x00, 0x11, 0xec, 0xc8, 0xe1, 0x67, 0xe1, 0x67, 0xe1, 0x67, 0xe1, 0x67, 0xe1, 0x67, 0xe1, 0x67, 0xe1, 0x67, 0xe1, 0x67, 0xe1, 0x67, 0xe1, 0x67, 0xe1, 0x67, 0xe1, 0x67, 0xe1, 0x67, 0xe1, 0x67, 0xe1, 0x67, 0xe1, 0x67, 0xe1, 0x67, 0xe1, 0x67, 0xe1, 0xc8, 0xe1, 0x11, 0xec, 0x00, 0x00, 0x00, 0x00, 0x00, 0x00, 0x00, 0x00, 0x00, 0x00, 0x00, 0x00,
    0x00, 0x00, 0x00, 0x00, 0x00, 0x00, 0x00, 0x00, 0x00, 0x00, 0x00, 0x00, 0x00, 0x00, 0x72, 0xec, 0x0d, 0xe3, 0x67, 0xe1, 0x67, 0xe1, 0x67, 0xe1, 0x67, 0xe1, 0x67, 0xe1, 0x67, 0xe1, 0x67, 0xe1, 0x67, 0xe1, 0x67, 0xe1, 0x67, 0xe1, 0x67, 0xe1, 0x67, 0xe1, 0x67, 0xe1, 0x67, 0xe1, 0x67, 0xe1, 0x67, 0xe1, 0x0d, 0xe3, 0x72, 0xec, 0x00, 0x00, 0x00, 0x00, 0x00, 0x00, 0x00, 0x00, 0x00, 0x00, 0x00, 0x00, 0x00, 0x00,
    0x00, 0x00, 0x00, 0x00, 0x00, 0x00, 0x00, 0x00, 0x00, 0x00, 0x00, 0x00, 0x00, 0x00, 0x00, 0x00, 0x00, 0x00, 0x11, 0xec, 0xac, 0xe2, 0x67, 0xe1, 0x67, 0xe1, 0x67, 0xe1, 0x67, 0xe1, 0x67, 0xe1, 0x67, 0xe1, 0x67, 0xe1, 0x67, 0xe1, 0x67, 0xe1, 0x67, 0xe1, 0x67, 0xe1, 0x67, 0xe1, 0xac, 0xe2, 0x11, 0xec, 0x00, 0x00, 0x00, 0x00, 0x00, 0x00, 0x00, 0x00, 0x00, 0x00, 0x00, 0x00, 0x00, 0x00, 0x00, 0x00, 0x00, 0x00,
    0x00, 0x00, 0x00, 0x00, 0x00, 0x00, 0x00, 0x00, 0x00, 0x00, 0x00, 0x00, 0x00, 0x00, 0x00, 0x00, 0x00, 0x00, 0x00, 0x00, 0x00, 0x00, 0x52, 0xec, 0xaf, 0xeb, 0xac, 0xe2, 0xc8, 0xe1, 0x67, 0xe1, 0x67, 0xe1, 0x67, 0xe1, 0x67, 0xe1, 0xc8, 0xe1, 0xac, 0xe2, 0xaf, 0xeb, 0x52, 0xec, 0x00, 0x00, 0x00, 0x00, 0x00, 0x00, 0x00, 0x00, 0x00, 0x00, 0x00, 0x00, 0x00, 0x00, 0x00, 0x00, 0x00, 0x00, 0x00, 0x00, 0x00, 0x00,
    0x00, 0x00, 0x00, 0x00, 0x00, 0x00, 0x00, 0x00, 0x00, 0x00, 0x00, 0x00, 0x00, 0x00, 0x00, 0x00, 0x00, 0x00, 0x00, 0x00, 0x00, 0x00, 0x00, 0x00, 0x00, 0x00, 0x00, 0x00, 0x00, 0x00, 0x72, 0xec, 0x92, 0xec, 0x92, 0xec, 0x72, 0xec, 0x00, 0x00, 0x00, 0x00, 0x00, 0x00, 0x00, 0x00, 0x00, 0x00, 0x00, 0x00, 0x00, 0x00, 0x00, 0x00, 0x00, 0x00, 0x00, 0x00, 0x00, 0x00, 0x00, 0x00, 0x00, 0x00, 0x00, 0x00, 0x00, 0x00,
    0x00, 0x00, 0x00, 0x00, 0x00, 0x00, 0x00, 0x00, 0x00, 0x00, 0x00, 0x00, 0x00, 0x00, 0x00, 0x28, 0x43, 0x43, 0x28, 0x00, 0x00, 0x00, 0x00, 0x00, 0x00, 0x00, 0x00, 0x00, 0x00, 0x00, 0x00, 0x00, 0x00, 0x00,
    0x00, 0x00, 0x00, 0x00, 0x00, 0x00, 0x00, 0x00, 0x00, 0x00, 0x00, 0x5e, 0xc2, 0xf0, 0xfe, 0xff, 0xff, 0xff, 0xff, 0xfe, 0xf0, 0xc2, 0x5e, 0x00, 0x00, 0x00, 0x00, 0x00, 0x00, 0x00, 0x00, 0x00, 0x00, 0x00,
    0x00, 0x00, 0x00, 0x00, 0x00, 0x00, 0x00, 0x00, 0x00, 0x8b, 0xf0, 0xff, 0xff, 0xff, 0xff, 0xff, 0xff, 0xff, 0xff, 0xff, 0xff, 0xff, 0xff, 0xf0, 0x8b, 0x00, 0x00, 0x00, 0x00, 0x00, 0x00, 0x00, 0x00, 0x00,
    0x00, 0x00, 0x00, 0x00, 0x00, 0x00, 0x00, 0x44, 0xe8, 0xff, 0xff, 0xff, 0xff, 0xff, 0xff, 0xff, 0xff, 0xff, 0xff, 0xff, 0xff, 0xff, 0xff, 0xff, 0xff, 0xe8, 0x44, 0x00, 0x00, 0x00, 0x00, 0x00, 0x00, 0x00,
    0x00, 0x00, 0x00, 0x00, 0x00, 0x00, 0x8b, 0xff, 0xff, 0xff, 0xff, 0xff, 0xff, 0xff, 0xff, 0xff, 0xff, 0xff, 0xff, 0xff, 0xff, 0xff, 0xff, 0xff, 0xff, 0xff, 0xff, 0x8b, 0x00, 0x00, 0x00, 0x00, 0x00, 0x00,
    0x00, 0x00, 0x00, 0x00, 0x00, 0x9f, 0xff, 0xff, 0xff, 0xff, 0xff, 0xff, 0xff, 0xff, 0xff, 0xff, 0xff, 0xff, 0xff, 0xff, 0xff, 0xff, 0xff, 0xff, 0xff, 0xff, 0xff, 0xff, 0x9f, 0x00, 0x00, 0x00, 0x00, 0x00,
    0x00, 0x00, 0x00, 0x00, 0x8b, 0xff, 0xff, 0xff, 0xff, 0xff, 0xff, 0xff, 0xff, 0xff, 0xff, 0xff, 0xff, 0xff, 0xff, 0xff, 0xff, 0xff, 0xff, 0xff, 0xff, 0xff, 0xff, 0xff, 0xff, 0x8b, 0x00, 0x00, 0x00, 0x00,
    0x00, 0x00, 0x00, 0x44, 0xff, 0xff, 0xff, 0xff, 0xff, 0xff, 0xff, 0xff, 0xff, 0xff, 0xff, 0xff, 0xff, 0xff, 0xff, 0xff, 0xff, 0xff, 0xff, 0xff, 0xff, 0xff, 0xff, 0xff, 0xff, 0xff, 0x44, 0x00, 0x00, 0x00,
    0x00, 0x00, 0x00, 0xe8, 0xff, 0xff, 0xff, 0xff, 0xff, 0xff, 0xff, 0xff, 0xff, 0xff, 0xff, 0xff, 0xff, 0xff, 0xff, 0xff, 0xff, 0xff, 0xff, 0xff, 0xff, 0xff, 0xff, 0xff, 0xff, 0xff, 0xe8, 0x00, 0x00, 0x00,
    0x00, 0x00, 0x8b, 0xff, 0xff, 0xff, 0xff, 0xff, 0xff, 0xff, 0xff, 0xff, 0xff, 0xff, 0xff, 0xff, 0xff, 0xff, 0xff, 0xff, 0xff, 0xff, 0xff, 0xff, 0xff, 0xff, 0xff, 0xff, 0xff, 0xff, 0xff, 0x8b, 0x00, 0x00,
    0x00, 0x00, 0xf0, 0xff, 0xff, 0xff, 0xff, 0xff, 0xff, 0xff, 0xff, 0xff, 0xff, 0xff, 0xff, 0xff, 0xff, 0xff, 0xff, 0xff, 0xff, 0xff, 0xff, 0xff, 0xff, 0xff, 0xff, 0xff, 0xff, 0xff, 0xff, 0xf0, 0x00, 0x00,
    0x00, 0x5e, 0xff, 0xff, 0xff, 0xff, 0xff, 0xff, 0xff, 0xff, 0xff, 0xff, 0xff, 0xff, 0xff, 0xff, 0xff, 0xff, 0xff, 0xff, 0xff, 0xff, 0xff, 0xff, 0xff, 0xff, 0xff, 0xff, 0xff, 0xff, 0xff, 0xff, 0x5e, 0x00,
    0x00, 0xc2, 0xff, 0xff, 0xff, 0xff, 0xff, 0xff, 0xff, 0xff, 0xff, 0xff, 0xff, 0xff, 0xff, 0xff, 0xff, 0xff, 0xff, 0xff, 0xff, 0xff, 0xff, 0xff, 0xff, 0xff, 0xff, 0xff, 0xff, 0xff, 0xff, 0xff, 0xc2, 0x00,
    0x00, 0xf0, 0xff, 0xff, 0xff, 0xff, 0xff, 0xff, 0xff, 0xff, 0xff, 0xff, 0xff, 0xff, 0xff, 0xff, 0xff, 0xff, 0xff, 0xff, 0xff, 0xff, 0xff, 0xff, 0xff, 0xff, 0xff, 0xff, 0xff, 0xff, 0xff, 0xff, 0xf0, 0x00,
    0x00, 0xfe, 0xff, 0xff, 0xff, 0xff, 0xff, 0xff, 0xff, 0xff, 0xff, 0xff, 0xff, 0xff, 0xff, 0xff, 0xff, 0xff, 0xff, 0xff, 0xff, 0xff, 0xff, 0xff, 0xff, 0xff, 0xff, 0xff, 0xff, 0xff, 0xff, 0xff, 0xfe, 0x00,
    0x28, 0xff, 0xff, 0xff, 0xff, 0xff, 0xff, 0xff, 0xff, 0xff, 0xff, 0xff, 0xff, 0xff, 0xff, 0xff, 0xff, 0xff, 0xff, 0xff, 0xff, 0xff, 0xff, 0xff, 0xff, 0xff, 0xff, 0xff, 0xff, 0xff, 0xff, 0xff, 0xff, 0x28,
    0x43, 0xff, 0xff, 0xff, 0xff, 0xff, 0xff, 0xff, 0xff, 0xff, 0xff, 0xff, 0xff, 0xff, 0xff, 0xff, 0xff, 0xff, 0xff, 0xff, 0xff, 0xff, 0xff, 0xff, 0xff, 0xff, 0xff, 0xff, 0xff, 0xff, 0xff, 0xff, 0xff, 0x43,
    0x43, 0xff, 0xff, 0xff, 0xff, 0xff, 0xff, 0xff, 0xff, 0xff, 0xff, 0xff, 0xff, 0xff, 0xff, 0xff, 0xff, 0xff, 0xff, 0xff, 0xff, 0xff, 0xff, 0xff, 0xff, 0xff, 0xff, 0xff, 0xff, 0xff, 0xff, 0xff, 0xff, 0x43,
    0x28, 0xff, 0xff, 0xff, 0xff, 0xff, 0xff, 0xff, 0xff, 0xff, 0xff, 0xff, 0xff, 0xff, 0xff, 0xff, 0xff, 0xff, 0xff, 0xff, 0xff, 0xff, 0xff, 0xff, 0xff, 0xff, 0xff, 0xff, 0xff, 0xff, 0xff, 0xff, 0xff, 0x28,
    0x00, 0xfe, 0xff, 0xff, 0xff, 0xff, 0xff, 0xff, 0xff, 0xff, 0xff, 0xff, 0xff, 0xff, 0xff, 0xff, 0xff, 0xff, 0xff, 0xff, 0xff, 0xff, 0xff, 0xff, 0xff, 0xff, 0xff, 0xff, 0xff, 0xff, 0xff, 0xff, 0xfe, 0x00,
    0x00, 0xf0, 0xff, 0xff, 0xff, 0xff, 0xff, 0xff, 0xff, 0xff, 0xff, 0xff, 0xff, 0xff, 0xff, 0xff, 0xff, 0xff, 0xff, 0xff, 0xff, 0xff, 0xff, 0xff, 0xff, 0xff, 0xff, 0xff, 0xff, 0xff, 0xff, 0xff, 0xf0, 0x00,
    0x00, 0xc2, 0xff, 0xff, 0xff, 0xff, 0xff, 0xff, 0xff, 0xff, 0xff, 0xff, 0xff, 0xff, 0xff, 0xff, 0xff, 0xff, 0xff, 0xff, 0xff, 0xff, 0xff, 0xff, 0xff, 0xff, 0xff, 0xff, 0xff, 0xff, 0xff, 0xff, 0xc2, 0x00,
    0x00, 0x5e, 0xff, 0xff, 0xff, 0xff, 0xff, 0xff, 0xff, 0xff, 0xff, 0xff, 0xff, 0xff, 0xff, 0xff, 0xff, 0xff, 0xff, 0xff, 0xff, 0xff, 0xff, 0xff, 0xff, 0xff, 0xff, 0xff, 0xff, 0xff, 0xff, 0xff, 0x5e, 0x00,
    0x00, 0x00, 0xf0, 0xff, 0xff, 0xff, 0xff, 0xff, 0xff, 0xff, 0xff, 0xff, 0xff, 0xff, 0xff, 0xff, 0xff, 0xff, 0xff, 0xff, 0xff, 0xff, 0xff, 0xff, 0xff, 0xff, 0xff, 0xff, 0xff, 0xff, 0xff, 0xf0, 0x00, 0x00,
    0x00, 0x00, 0x8b, 0xff, 0xff, 0xff, 0xff, 0xff, 0xff, 0xff, 0xff, 0xff, 0xff, 0xff, 0xff, 0xff, 0xff, 0xff, 0xff, 0xff, 0xff, 0xff, 0xff, 0xff, 0xff, 0xff, 0xff, 0xff, 0xff, 0xff, 0xff, 0x8b, 0x00, 0x00,
    0x00, 0x00, 0x00, 0xe8, 0xff, 0xff, 0xff, 0xff, 0xff, 0xff, 0xff, 0xff, 0xff, 0xff, 0xff, 0xff, 0xff, 0xff, 0xff, 0xff, 0xff, 0xff, 0xff, 0xff, 0xff, 0xff, 0xff, 0xff, 0xff, 0xff, 0xe8, 0x00, 0x00, 0x00,
    0x00, 0x00, 0x00, 0x44, 0xff, 0xff, 0xff, 0xff, 0xff, 0xff, 0xff, 0xff, 0xff, 0xff, 0xff, 0xff, 0xff, 0xff, 0xff, 0xff, 0xff, 0xff, 0xff, 0xff, 0xff, 0xff, 0xff, 0xff, 0xff, 0xff, 0x44, 0x00, 0x00, 0x00,
    0x00, 0x00, 0x00, 0x00, 0x8b, 0xff, 0xff, 0xff, 0xff, 0xff, 0xff, 0xff, 0xff, 0xff, 0xff, 0xff, 0xff, 0xff, 0xff, 0xff, 0xff, 0xff, 0xff, 0xff, 0xff, 0xff, 0xff, 0xff, 0xff, 0x8b, 0x00, 0x00, 0x00, 0x00,
    0x00, 0x00, 0x00, 0x00, 0x00, 0x9f, 0xff, 0xff, 0xff, 0xff, 0xff, 0xff, 0xff, 0xff, 0xff, 0xff, 0xff, 0xff, 0xff, 0xff, 0xff, 0xff, 0xff, 0xff, 0xff, 0xff, 0xff, 0xff, 0x9f, 0x00, 0x00, 0x00, 0x00, 0x00,
    0x00, 0x00, 0x00, 0x00, 0x00, 0x00, 0x8b, 0xff, 0xff, 0xff, 0xff, 0xff, 0xff, 0xff, 0xff, 0xff, 0xff, 0xff, 0xff, 0xff, 0xff, 0xff, 0xff, 0xff, 0xff, 0xff, 0xff, 0x8b, 0x00, 0x00, 0x00, 0x00, 0x00, 0x00,
    0x00, 0x00, 0x00, 0x00, 0x00, 0x00, 0x00, 0x44, 0xe8, 0xff, 0xff, 0xff, 0xff, 0xff, 0xff, 0xff, 0xff, 0xff, 0xff, 0xff, 0xff, 0xff, 0xff, 0xff, 0xff, 0xe8, 0x44, 0x00, 0x00, 0x00, 0x00, 0x00, 0x00, 0x00,
    0x00, 0x00, 0x00, 0x00, 0x00, 0x00, 0x00, 0x00, 0x00, 0x8b, 0xf0, 0xff, 0xff, 0xff, 0xff, 0xff, 0xff, 0xff, 0xff, 0xff, 0xff, 0xff, 0xff, 0xf0, 0x8b, 0x00, 0x00, 0x00, 0x00, 0x00, 0x00, 0x00, 0x00, 0x00,
    0x00, 0x00, 0x00, 0x00, 0x00, 0x00, 0x00, 0x00, 0x00, 0x00, 0x00, 0x5e, 0xc2, 0xf0, 0xfe, 0xff, 0xff, 0xff, 0xff, 0xfe, 0xf0, 0xc2, 0x5e, 0x00, 0x00, 0x00, 0x00, 0x00, 0x00, 0x00, 0x00, 0x00, 0x00, 0x00,
    0x00, 0x00, 0x00, 0x00, 0x00, 0x00, 0x00, 0x00, 0x00, 0x00, 0x00, 0x00, 0x00, 0x00, 0x00, 0x28, 0x43, 0x43, 0x28, 0x00, 0x00, 0x00, 0x00, 0x00, 0x00, 0x00, 0x00, 0x00, 0x00, 0x00, 0x00, 0x00, 0x00, 0x00,
};

const lv_image_dsc_t sign_speedcam = {
    .header = { .magic = LV_IMAGE_HEADER_MAGIC, .cf = LV_COLOR_FORMAT_RGB565A8,
                .w = 34, .h = 34, .stride = 68 },
    .data_size = sizeof(sign_speedcam_map),
    .data = sign_speedcam_map,
};

static const uint8_t sign_no_overtake_map[] = {
    0x00, 0x00, 0x00, 0x00, 0x00, 0x00, 0x00, 0x00, 0x00, 0x00, 0x00, 0x00, 0x00, 0x00, 0x00, 0x00, 0x00, 0x00, 0x00, 0x00, 0x00, 0x00, 0x00, 0x00, 0x00, 0x00, 0x00, 0x00, 0x00, 0x00, 0x92, 0xec, 0x92, 0xec, 0x92, 0xec, 0x92, 0xec, 0x00, 0x00, 0x00, 0x00, 0x00, 0x00, 0x00, 0x00, 0x00, 0x00, 0x00, 0x00, 0x00, 0x00, 0x00, 0x00, 0x00, 0x00, 0x00, 0x00, 0x00, 0x00, 0x00, 0x00, 0x00, 0x00, 0x00, 0x00, 0x00, 0x00,
    0x00, 0x00, 0x00, 0x00, 0x00, 0x00, 0x00, 0x00, 0x00, 0x00, 0x00, 0x00, 0x00, 0x00, 0x00, 0x00, 0x00, 0x00, 0x00, 0x00, 0x00, 0x00, 0x52, 0xec, 0xaf, 0xeb, 0xac, 0xe2, 0xc8, 0xe1, 0x67, 0xe1, 0x67, 0xe1, 0x67, 0xe1, 0x67, 0xe1, 0xc8, 0xe1, 0xac, 0xe2, 0xaf, 0xeb, 0x52, 0xec, 0x00, 0x00, 0x00, 0x00, 0x00, 0x00, 0x00, 0x00, 0x00, 0x00, 0x00, 0x00, 0x00, 0x00, 0x00, 0x00, 0x00, 0x00, 0x00, 0x00, 0x00, 0x00,
    0x00, 0x00, 0x00, 0x00, 0x00, 0x00, 0x00, 0x00, 0x00, 0x00, 0x00, 0x00, 0x00, 0x00, 0x00, 0x00, 0x00, 0x00, 0x11, 0xec, 0xac, 0xe2, 0x67, 0xe1, 0x67, 0xe1, 0x67, 0xe1, 0x67, 0xe1, 0x67, 0xe1, 0x67, 0xe1, 0x67, 0xe1, 0x67, 0xe1, 0x67, 0xe1, 0x67, 0xe1, 0x67, 0xe1, 0x67, 0xe1, 0xac, 0xe2, 0x11, 0xec, 0x00, 0x00, 0x00, 0x00, 0x00, 0x00, 0x00, 0x00, 0x00, 0x00, 0x00, 0x00, 0x00, 0x00, 0x00, 0x00, 0x00, 0x00,
    0x00, 0x00, 0x00, 0x00, 0x00, 0x00, 0x00, 0x00, 0x00, 0x00, 0x00, 0x00, 0x00, 0x00, 0x92, 0xf4, 0x0d, 0xe3, 0x67, 0xe1, 0x67, 0xe1, 0x67, 0xe1, 0x67, 0xe1, 0x67, 0xe1, 0x67, 0xe1, 0x67, 0xe1, 0x67, 0xe1, 0x67, 0xe1, 0x67, 0xe1, 0x67, 0xe1, 0x67, 0xe1, 0x67, 0xe1, 0x67, 0xe1, 0x67, 0xe1, 0x67, 0xe1, 0x0d, 0xe3, 0x92, 0xf4, 0x00, 0x00, 0x00, 0x00, 0x00, 0x00, 0x00, 0x00, 0x00, 0x00, 0x00, 0x00, 0x00, 0x00,
    0x00, 0x00, 0x00, 0x00, 0x00, 0x00, 0x00, 0x00, 0x00, 0x00, 0x00, 0x00, 0x11, 0xec, 0xc8, 0xe1, 0x67, 0xe1, 0x67, 0xe1, 0x67, 0xe1, 0x67, 0xe1, 0x67, 0xe1, 0x67, 0xe1, 0x67, 0xe1, 0x67, 0xe1, 0x67, 0xe1, 0x67, 0xe1, 0x67, 0xe1, 0x67, 0xe1, 0x67, 0xe1, 0x67, 0xe1, 0x67, 0xe1, 0x67, 0xe1, 0x67, 0xe1, 0x67, 0xe1, 0xc8, 0xe1, 0x11, 0xec, 0x00, 0x00, 0x00, 0x00, 0x00, 0x00, 0x00, 0x00, 0x00, 0x00, 0x00, 0x00,
    0x00, 0x00, 0x00, 0x00, 0x00, 0x00, 0x00, 0x00, 0x00, 0x00, 0xf0, 0xeb, 0x67, 0xe1, 0x67, 0xe1, 0x67, 0xe1, 0x67, 0xe1, 0x67, 0xe1, 0x67, 0xe1, 0xc8, 0xe1, 0xf0, 0xeb, 0x96, 0xf5, 0xbb, 0xfe, 0x5d, 0xff, 0x5d, 0xff, 0xbb, 0xfe, 0x96, 0xf5, 0xf0, 0xeb, 0xc8, 0xe1, 0x67, 0xe1, 0x67, 0xe1, 0x67, 0xe1, 0x67, 0xe1, 0x67, 0xe1, 0x67, 0xe1, 0xf0, 0xeb, 0x00, 0x00, 0x00, 0x00, 0x00, 0x00, 0x00, 0x00, 0x00, 0x00,
    0x00, 0x00, 0x00, 0x00, 0x00, 0x00, 0x00, 0x00, 0x11, 0xec, 0x67, 0xe1, 0x67, 0xe1, 0x67, 0xe1, 0x67, 0xe1, 0x67, 0xe1, 0xc8, 0xe1, 0x14, 0xf5, 0xff, 0xff, 0xff, 0xff, 0xff, 0xff, 0xff, 0xff, 0xff, 0xff, 0xff, 0xff, 0xff, 0xff, 0xff, 0xff, 0xff, 0xff, 0xff, 0xff, 0x14, 0xf5, 0xc9, 0xe1, 0x67, 0xe1, 0x67, 0xe1, 0x67, 0xe1, 0x67, 0xe1, 0x67, 0xe1, 0x11, 0xec, 0x00, 0x00, 0x00, 0x00, 0x00, 0x00, 0x00, 0x00,
    0x00, 0x00, 0x00, 0x00, 0x00, 0x00, 0x92, 0xf4, 0xc8, 0xe1, 0x67, 0xe1, 0x67, 0xe1, 0x67, 0xe1, 0x67, 0xe1, 0x6e, 0xeb, 0x5d, 0xff, 0xff, 0xff, 0xff, 0xff, 0xff, 0xff, 0xff, 0xff, 0xff, 0xff, 0xff, 0xff, 0xff, 0xff, 0xff, 0xff, 0xff, 0xff, 0xff, 0xff, 0xff, 0xff, 0xff, 0xff, 0x5d, 0xff, 0x6e, 0xeb, 0x67, 0xe1, 0x67, 0xe1, 0x67, 0xe1, 0x67, 0xe1, 0xc8, 0xe1, 0x92, 0xf4, 0x00, 0x00, 0x00, 0x00, 0x00, 0x00,
    0x00, 0x00, 0x00, 0x00, 0x00, 0x00, 0x0d, 0xe3, 0x67, 0xe1, 0x67, 0xe1, 0x67, 0xe1, 0x67, 0xe1, 0xf0, 0xeb, 0xff, 0xff, 0xff, 0xff, 0xff, 0xff, 0xff, 0xff, 0xff, 0xff, 0xff, 0xff, 0xff, 0xff, 0xff, 0xff, 0xff, 0xff, 0xff, 0xff, 0xff, 0xff, 0xff, 0xff, 0xff, 0xff, 0xff, 0xff, 0xff, 0xff, 0xff, 0xff, 0xf0, 0xeb, 0x67, 0xe1, 0x67, 0xe1, 0x67, 0xe1, 0x67, 0xe1, 0x0d, 0xe3, 0x00, 0x00, 0x00, 0x00, 0x00, 0x00,
    0x00, 0x00, 0x00, 0x00, 0x11, 0xec, 0x67, 0xe1, 0x67, 0xe1, 0x67, 0xe1, 0x67, 0xe1, 0x6e, 0xeb, 0xff, 0xff, 0xff, 0xff, 0xff, 0xff, 0xff, 0xff, 0xff, 0xff, 0xff, 0xff, 0xff, 0xff, 0xff, 0xff, 0xff, 0xff, 0xff, 0xff, 0xff, 0xff, 0xff, 0xff, 0xff, 0xff, 0xff, 0xff, 0xff, 0xff, 0xff, 0xff, 0xff, 0xff, 0xff, 0xff, 0x6e, 0xeb, 0x67, 0xe1, 0x67, 0xe1, 0x67, 0xe1, 0x67, 0xe1, 0x11, 0xec, 0x00, 0x00, 0x00, 0x00,
    0x00, 0x00, 0x00, 0x00, 0xac, 0xe2, 0x67, 0xe1, 0x67, 0xe1, 0x67, 0xe1, 0xc9, 0xe1, 0x5d, 0xff, 0xff, 0xff, 0xff, 0xff, 0xff, 0xff, 0xff, 0xff, 0xff, 0xff, 0xff, 0xff, 0xff, 0xff, 0xff, 0xff, 0xff, 0xff, 0xff, 0xff, 0xff, 0xff, 0xff, 0xff, 0xff, 0xff, 0xff, 0xff, 0xff, 0xff, 0xff, 0xff, 0xff, 0xff, 0xff, 0xff, 0x5d, 0xff, 0xc8, 0xe1, 0x67, 0xe1, 0x67, 0xe1, 0x67, 0xe1, 0xac, 0xe2, 0x00, 0x00, 0x00, 0x00,
    0x00, 0x00, 0x52, 0xec, 0x67, 0xe1, 0x67, 0xe1, 0x67, 0xe1, 0x67, 0xe1, 0x14, 0xf5, 0xff, 0xff, 0xff, 0xff, 0xff, 0xff, 0xff, 0xff, 0xff, 0xff, 0xff, 0xff, 0xff, 0xff, 0xff, 0xff, 0xff, 0xff, 0xff, 0xff, 0xff, 0xff, 0xff, 0xff, 0xff, 0xff, 0xff, 0xff, 0xff, 0xff, 0xff, 0xff, 0xff, 0xff, 0xff, 0xff, 0xff, 0xff, 0xff, 0xff, 0x14, 0xf5, 0x67, 0xe1, 0x67, 0xe1, 0x67, 0xe1, 0x67, 0xe1, 0x52, 0xec, 0x00, 0x00,
    0x00, 0x00, 0xaf, 0xeb, 0x67, 0xe1, 0x67, 0xe1, 0x67, 0xe1, 0xc8, 0xe1, 0xff, 0xff, 0xff, 0xff, 0xff, 0xff, 0xff, 0xff, 0xff, 0xff, 0xff, 0xff, 0xff, 0xff, 0xff, 0xff, 0xff, 0xff, 0xff, 0xff, 0xff, 0xff, 0xff, 0xff, 0xff, 0xff, 0xff, 0xff, 0xff, 0xff, 0xff, 0xff, 0xff, 0xff, 0xff, 0xff, 0xff, 0xff, 0xff, 0xff, 0xff, 0xff, 0xff, 0xff, 0xc8, 0xe1, 0x67, 0xe1, 0x67, 0xe1, 0x67, 0xe1, 0xaf, 0xeb, 0x00, 0x00,
    0x00, 0x00, 0xac, 0xe2, 0x67, 0xe1, 0x67, 0xe1, 0x67, 0xe1, 0xf0, 0xeb, 0xff, 0xff, 0x18, 0xc6, 0xf3, 0x9c, 0xf3, 0x9c, 0xf3, 0x9c, 0xf3, 0x9c, 0xf3, 0x9c, 0xf3, 0x9c, 0xd7, 0xb5, 0xff, 0xff, 0xff, 0xff, 0xff, 0xff, 0x9a, 0xfe, 0x76, 0xf5, 0x76, 0xf5, 0x76, 0xf5, 0x76, 0xf5, 0x76, 0xf5, 0x76, 0xf5, 0xf8, 0xf5, 0xff, 0xff, 0xff, 0xff, 0xf0, 0xeb, 0x67, 0xe1, 0x67, 0xe1, 0x67, 0xe1, 0xac, 0xe2, 0x00, 0x00,
    0x00, 0x00, 0xc8, 0xe1, 0x67, 0xe1, 0x67, 0xe1, 0x67, 0xe1, 0x96, 0xf5, 0x1c, 0xe7, 0x41, 0x08, 0x41, 0x08, 0x41, 0x08, 0x41, 0x08, 0x41, 0x08, 0x41, 0x08, 0x41, 0x08, 0x41, 0x08, 0x59, 0xce, 0xff, 0xff, 0x9e, 0xff, 0x67, 0xe1, 0x67, 0xe1, 0x67, 0xe1, 0x67, 0xe1, 0x67, 0xe1, 0x67, 0xe1, 0x67, 0xe1, 0x67, 0xe1, 0x39, 0xf6, 0xff, 0xff, 0x96, 0xf5, 0x67, 0xe1, 0x67, 0xe1, 0x67, 0xe1, 0xc8, 0xe1, 0x00, 0x00,
    0x92, 0xec, 0x67, 0xe1, 0x67, 0xe1, 0x67, 0xe1, 0x67, 0xe1, 0xbb, 0xfe, 0x79, 0xce, 0x41, 0x08, 0x41, 0x08, 0x41, 0x08, 0x41, 0x08, 0x41, 0x08, 0x41, 0x08, 0x41, 0x08, 0x41, 0x08, 0xb6, 0xb5, 0xff, 0xff, 0x1c, 0xff, 0x67, 0xe1, 0x67, 0xe1, 0x67, 0xe1, 0x67, 0xe1, 0x67, 0xe1, 0x67, 0xe1, 0x67, 0xe1, 0x67, 0xe1, 0xb7, 0xf5, 0xff, 0xff, 0xbb, 0xfe, 0x67, 0xe1, 0x67, 0xe1, 0x67, 0xe1, 0x67, 0xe1, 0x92, 0xec,
    0x92, 0xec, 0x67, 0xe1, 0x67, 0xe1, 0x67, 0xe1, 0x67, 0xe1, 0x5d, 0xff, 0x79, 0xce, 0x41, 0x08, 0x41, 0x08, 0x41, 0x08, 0x41, 0x08, 0x41, 0x08, 0x41, 0x08, 0x41, 0x08, 0x41, 0x08, 0xb6, 0xb5, 0xff, 0xff, 0x1c, 0xff, 0x67, 0xe1, 0x67, 0xe1, 0x67, 0xe1, 0x67, 0xe1, 0x67, 0xe1, 0x67, 0xe1, 0x67, 0xe1, 0x67, 0xe1, 0xb7, 0xf5, 0xff, 0xff, 0x5d, 0xff, 0x67, 0xe1, 0x67, 0xe1, 0x67, 0xe1, 0x67, 0xe1, 0x92, 0xec,
    0x92, 0xec, 0x67, 0xe1, 0x67, 0xe1, 0x67, 0xe1, 0x67, 0xe1, 0x5d, 0xff, 0x79, 0xce, 0x41, 0x08, 0x41, 0x08, 0x41, 0x08, 0x41, 0x08, 0x41, 0x08, 0x41, 0x08, 0x41, 0x08, 0x41, 0x08, 0xb6, 0xb5, 0xff, 0xff, 0x1c, 0xff, 0x67, 0xe1, 0x67, 0xe1, 0x67, 0xe1, 0x67, 0xe1, 0x67, 0xe1, 0x67, 0xe1, 0x67, 0xe1, 0x67, 0xe1, 0xb7, 0xf5, 0xff, 0xff, 0x5d, 0xff, 0x67, 0xe1, 0x67, 0xe1, 0x67, 0xe1, 0x67, 0xe1, 0x92, 0xec,
    0x92, 0xec, 0x67, 0xe1, 0x67, 0xe1, 0x67, 0xe1, 0x67, 0xe1, 0xbb, 0xfe, 0xba, 0xd6, 0x41, 0x08, 0x41, 0x08, 0x41, 0x08, 0x41, 0x08, 0x41, 0x08, 0x41, 0x08, 0x41, 0x08, 0x41, 0x08, 0xf7, 0xbd, 0xff, 0xff, 0x3d, 0xff, 0x67, 0xe1, 0x67, 0xe1, 0x67, 0xe1, 0x67, 0xe1, 0x67, 0xe1, 0x67, 0xe1, 0x67, 0xe1, 0x67, 0xe1, 0xf8, 0xf5, 0xff, 0xff, 0xbb, 0xfe, 0x67, 0xe1, 0x67, 0xe1, 0x67, 0xe1, 0x67, 0xe1, 0x92, 0xec,
    0x00, 0x00, 0xc8, 0xe1, 0x67, 0xe1, 0x67, 0xe1, 0x67, 0xe1, 0x96, 0xf5, 0xff, 0xff, 0xf4, 0x9c, 0xcf, 0x7b, 0xcf, 0x7b, 0xcf, 0x7b, 0xcf, 0x7b, 0xcf, 0x7b, 0xcf, 0x7b, 0xb2, 0x94, 0xff, 0xff, 0xff, 0xff, 0xff, 0xff, 0x96, 0xf5, 0x72, 0xec, 0x72, 0xec, 0x72, 0xec, 0x72, 0xec, 0x72, 0xec, 0x72, 0xec, 0x14, 0xf5, 0xff, 0xff, 0xff, 0xff, 0x96, 0xf5, 0x67, 0xe1, 0x67, 0xe1, 0x67, 0xe1, 0xc8, 0xe1, 0x00, 0x00,
    0x00, 0x00, 0xac, 0xe2, 0x67, 0xe1, 0x67, 0xe1, 0x67, 0xe1, 0xf0, 0xeb, 0xff, 0xff, 0xff, 0xff, 0xff, 0xff, 0xff, 0xff, 0xff, 0xff, 0xff, 0xff, 0xff, 0xff, 0xff, 0xff, 0xff, 0xff, 0xff, 0xff, 0xff, 0xff, 0xff, 0xff, 0xff, 0xff, 0xff, 0xff, 0xff, 0xff, 0xff, 0xff, 0xff, 0xff, 0xff, 0xff, 0xff, 0xff, 0xff, 0xff, 0xff, 0xff, 0xff, 0xff, 0xf0, 0xeb, 0x67, 0xe1, 0x67, 0xe1, 0x67, 0xe1, 0xac, 0xe2, 0x00, 0x00,
    0x00, 0x00, 0xaf, 0xeb, 0x67, 0xe1, 0x67, 0xe1, 0x67, 0xe1, 0xc8, 0xe1, 0xff, 0xff, 0xff, 0xff, 0xff, 0xff, 0xff, 0xff, 0xff, 0xff, 0xff, 0xff, 0xff, 0xff, 0xff, 0xff, 0xff, 0xff, 0xff, 0xff, 0xff, 0xff, 0xff, 0xff, 0xff, 0xff, 0xff, 0xff, 0xff, 0xff, 0xff, 0xff, 0xff, 0xff, 0xff, 0xff, 0xff, 0xff, 0xff, 0xff, 0xff, 0xff, 0xff, 0xff, 0xc8, 0xe1, 0x67, 0xe1, 0x67, 0xe1, 0x67, 0xe1, 0xaf, 0xeb, 0x00, 0x00,
    0x00, 0x00, 0x52, 0xec, 0x67, 0xe1, 0x67, 0xe1, 0x67, 0xe1, 0x67, 0xe1, 0x14, 0xf5, 0xff, 0xff, 0xff, 0xff, 0xff, 0xff, 0xff, 0xff, 0xff, 0xff, 0xff, 0xff, 0xff, 0xff, 0xff, 0xff, 0xff, 0xff, 0xff, 0xff, 0xff, 0xff, 0xff, 0xff, 0xff, 0xff, 0xff, 0xff, 0xff, 0xff, 0xff, 0xff, 0xff, 0xff, 0xff, 0xff, 0xff, 0xff, 0xff, 0xff, 0x14, 0xf5, 0x67, 0xe1, 0x67, 0xe1, 0x67, 0xe1, 0x67, 0xe1, 0x52, 0xec, 0x00, 0x00,
    0x00, 0x00, 0x00, 0x00, 0xac, 0xe2, 0x67, 0xe1, 0x67, 0xe1, 0x67, 0xe1, 0xc8, 0xe1, 0x5d, 0xff, 0xff, 0xff, 0xff, 0xff, 0xff, 0xff, 0xff, 0xff, 0xff, 0xff, 0xff, 0xff, 0xff, 0xff, 0xff, 0xff, 0xff, 0xff, 0xff, 0xff, 0xff, 0xff, 0xff, 0xff, 0xff, 0xff, 0xff, 0xff, 0xff, 0xff, 0xff, 0xff, 0xff, 0xff, 0xff, 0xff, 0x5d, 0xff, 0xc9, 0xe1, 0x67, 0xe1, 0x67, 0xe1, 0x67, 0xe1, 0xac, 0xe2, 0x00, 0x00, 0x00, 0x00,
    0x00, 0x00, 0x00, 0x00, 0x11, 0xec, 0x67, 0xe1, 0x67, 0xe1, 0x67, 0xe1, 0x67, 0xe1, 0x6e, 0xeb, 0xff, 0xff, 0xff, 0xff, 0xff, 0xff, 0xff, 0xff, 0xff, 0xff, 0xff, 0xff, 0xff, 0xff, 0xff, 0xff, 0xff, 0xff, 0xff, 0xff, 0xff, 0xff, 0xff, 0xff, 0xff, 0xff, 0xff, 0xff, 0xff, 0xff, 0xff, 0xff, 0xff, 0xff, 0xff, 0xff, 0x6e, 0xeb, 0x67, 0xe1, 0x67, 0xe1, 0x67, 0xe1, 0x67, 0xe1, 0x11, 0xec, 0x00, 0x00, 0x00, 0x00,
    0x00, 0x00, 0x00, 0x00, 0x00, 0x00, 0x0d, 0xe3, 0x67, 0xe1, 0x67, 0xe1, 0x67, 0xe1, 0x67, 0xe1, 0xf0, 0xeb, 0xff, 0xff, 0xff, 0xff, 0xff, 0xff, 0xff, 0xff, 0xff, 0xff, 0xff, 0xff, 0xff, 0xff, 0xff, 0xff, 0xff, 0xff, 0xff, 0xff, 0xff, 0xff, 0xff, 0xff, 0xff, 0xff, 0xff, 0xff, 0xff, 0xff, 0xff, 0xff, 0xf0, 0xeb, 0x67, 0xe1, 0x67, 0xe1, 0x67, 0xe1, 0x67, 0xe1, 0x0d, 0xe3, 0x00, 0x00, 0x00, 0x00, 0x00, 0x00,
    0x00, 0x00, 0x00, 0x00, 0x00, 0x00, 0x92, 0xf4, 0xc8, 0xe1, 0x67, 0xe1, 0x67, 0xe1, 0x67, 0xe1, 0x67, 0xe1, 0x6e, 0xeb, 0x5d, 0xff, 0xff, 0xff, 0xff, 0xff, 0xff, 0xff, 0xff, 0xff, 0xff, 0xff, 0xff, 0xff, 0xff, 0xff, 0xff, 0xff, 0xff, 0xff, 0xff, 0xff, 0xff, 0xff, 0xff, 0xff, 0x5d, 0xff, 0x6e, 0xeb, 0x67, 0xe1, 0x67, 0xe1, 0x67, 0xe1, 0x67, 0xe1, 0xc8, 0xe1, 0x92, 0xf4, 0x00, 0x00, 0x00, 0x00, 0x00, 0x00,
    0x00, 0x00, 0x00, 0x00, 0x00, 0x00, 0x00, 0x00, 0x11, 0xec, 0x67, 0xe1, 0x67, 0xe1, 0x67, 0xe1, 0x67, 0xe1, 0x67, 0xe1, 0xc9, 0xe1, 0x14, 0xf5, 0xff, 0xff, 0xff, 0xff, 0xff, 0xff, 0xff, 0xff, 0xff, 0xff, 0xff, 0xff, 0xff, 0xff, 0xff, 0xff, 0xff, 0xff, 0xff, 0xff, 0x14, 0xf5, 0xc8, 0xe1, 0x67, 0xe1, 0x67, 0xe1, 0x67, 0xe1, 0x67, 0xe1, 0x67, 0xe1, 0x11, 0xec, 0x00, 0x00, 0x00, 0x00, 0x00, 0x00, 0x00, 0x00,
    0x00, 0x00, 0x00, 0x00, 0x00, 0x00, 0x00, 0x00, 0x00, 0x00, 0xf0, 0xeb, 0x67, 0xe1, 0x67, 0xe1, 0x67, 0xe1, 0x67, 0xe1, 0x67, 0xe1, 0x67, 0xe1, 0xc8, 0xe1, 0xf0, 0xeb, 0x96, 0xf5, 0xbb, 0xfe, 0x5d, 0xff, 0x5d, 0xff, 0xbb, 0xfe, 0x96, 0xf5, 0xf0, 0xeb, 0xc8, 0xe1, 0x67, 0xe1, 0x67, 0xe1, 0x67, 0xe1, 0x67, 0xe1, 0x67, 0xe1, 0x67, 0xe1, 0xf0, 0xeb, 0x00, 0x00, 0x00, 0x00, 0x00, 0x00, 0x00, 0x00, 0x00, 0x00,
    0x00, 0x00, 0x00, 0x00, 0x00, 0x00, 0x00, 0x00, 0x00, 0x00, 0x00, 0x00, 0x11, 0xec, 0xc8, 0xe1, 0x67, 0xe1, 0x67, 0xe1, 0x67, 0xe1, 0x67, 0xe1, 0x67, 0xe1, 0x67, 0xe1, 0x67, 0xe1, 0x67, 0xe1, 0x67, 0xe1, 0x67, 0xe1, 0x67, 0xe1, 0x67, 0xe1, 0x67, 0xe1, 0x67, 0xe1, 0x67, 0xe1, 0x67, 0xe1, 0x67, 0xe1, 0x67, 0xe1, 0xc8, 0xe1, 0x11, 0xec, 0x00, 0x00, 0x00, 0x00, 0x00, 0x00, 0x00, 0x00, 0x00, 0x00, 0x00, 0x00,
    0x00, 0x00, 0x00, 0x00, 0x00, 0x00, 0x00, 0x00, 0x00, 0x00, 0x00, 0x00, 0x00, 0x00, 0x92, 0xf4, 0x0d, 0xe3, 0x67, 0xe1, 0x67, 0xe1, 0x67, 0xe1, 0x67, 0xe1, 0x67, 0xe1, 0x67, 0xe1, 0x67, 0xe1, 0x67, 0xe1, 0x67, 0xe1, 0x67, 0xe1, 0x67, 0xe1, 0x67, 0xe1, 0x67, 0xe1, 0x67, 0xe1, 0x67, 0xe1, 0x67, 0xe1, 0x0d, 0xe3, 0x92, 0xf4, 0x00, 0x00, 0x00, 0x00, 0x00, 0x00, 0x00, 0x00, 0x00, 0x00, 0x00, 0x00, 0x00, 0x00,
    0x00, 0x00, 0x00, 0x00, 0x00, 0x00, 0x00, 0x00, 0x00, 0x00, 0x00, 0x00, 0x00, 0x00, 0x00, 0x00, 0x00, 0x00, 0x11, 0xec, 0xac, 0xe2, 0x67, 0xe1, 0x67, 0xe1, 0x67, 0xe1, 0x67, 0xe1, 0x67, 0xe1, 0x67, 0xe1, 0x67, 0xe1, 0x67, 0xe1, 0x67, 0xe1, 0x67, 0xe1, 0x67, 0xe1, 0x67, 0xe1, 0xac, 0xe2, 0x11, 0xec, 0x00, 0x00, 0x00, 0x00, 0x00, 0x00, 0x00, 0x00, 0x00, 0x00, 0x00, 0x00, 0x00, 0x00, 0x00, 0x00, 0x00, 0x00,
    0x00, 0x00, 0x00, 0x00, 0x00, 0x00, 0x00, 0x00, 0x00, 0x00, 0x00, 0x00, 0x00, 0x00, 0x00, 0x00, 0x00, 0x00, 0x00, 0x00, 0x00, 0x00, 0x52, 0xec, 0xaf, 0xeb, 0xac, 0xe2, 0xc8, 0xe1, 0x67, 0xe1, 0x67, 0xe1, 0x67, 0xe1, 0x67, 0xe1, 0xc8, 0xe1, 0xac, 0xe2, 0xaf, 0xeb, 0x52, 0xec, 0x00, 0x00, 0x00, 0x00, 0x00, 0x00, 0x00, 0x00, 0x00, 0x00, 0x00, 0x00, 0x00, 0x00, 0x00, 0x00, 0x00, 0x00, 0x00, 0x00, 0x00, 0x00,
    0x00, 0x00, 0x00, 0x00, 0x00, 0x00, 0x00, 0x00, 0x00, 0x00, 0x00, 0x00, 0x00, 0x00, 0x00, 0x00, 0x00, 0x00, 0x00, 0x00, 0x00, 0x00, 0x00, 0x00, 0x00, 0x00, 0x00, 0x00, 0x00, 0x00, 0x92, 0xec, 0x92, 0xec, 0x92, 0xec, 0x92, 0xec, 0x00, 0x00, 0x00, 0x00, 0x00, 0x00, 0x00, 0x00, 0x00, 0x00, 0x00, 0x00, 0x00, 0x00, 0x00, 0x00, 0x00, 0x00, 0x00, 0x00, 0x00, 0x00, 0x00, 0x00, 0x00, 0x00, 0x00, 0x00, 0x00, 0x00,
    0x00, 0x00, 0x00, 0x00, 0x00, 0x00, 0x00, 0x00, 0x00, 0x00, 0x00, 0x00, 0x00, 0x00, 0x00, 0x27, 0x43, 0x43, 0x27, 0x00, 0x00, 0x00, 0x00, 0x00, 0x00, 0x00, 0x00, 0x00, 0x00, 0x00, 0x00, 0x00, 0x00, 0x00,
    0x00, 0x00, 0x00, 0x00, 0x00, 0x00, 0x00, 0x00, 0x00, 0x00, 0x00, 0x5e, 0xc2, 0xf0, 0xfe, 0xff, 0xff, 0xff, 0xff, 0xfe, 0xf0, 0xc2, 0x5e, 0x00, 0x00, 0x00, 0x00, 0x00, 0x00, 0x00, 0x00, 0x00, 0x00, 0x00,
    0x00, 0x00, 0x00, 0x00, 0x00, 0x00, 0x00, 0x00, 0x00, 0x8b, 0xf0, 0xff, 0xff, 0xff, 0xff, 0xff, 0xff, 0xff, 0xff, 0xff, 0xff, 0xff, 0xff, 0xf0, 0x8b, 0x00, 0x00, 0x00, 0x00, 0x00, 0x00, 0x00, 0x00, 0x00,
    0x00, 0x00, 0x00, 0x00, 0x00, 0x00, 0x00, 0x43, 0xe8, 0xff, 0xff, 0xff, 0xff, 0xff, 0xff, 0xff, 0xff, 0xff, 0xff, 0xff, 0xff, 0xff, 0xff, 0xff, 0xff, 0xe8, 0x43, 0x00, 0x00, 0x00, 0x00, 0x00, 0x00, 0x00,
    0x00, 0x00, 0x00, 0x00, 0x00, 0x00, 0x8b, 0xff, 0xff, 0xff, 0xff, 0xff, 0xff, 0xff, 0xff, 0xff, 0xff, 0xff, 0xff, 0xff, 0xff, 0xff, 0xff, 0xff, 0xff, 0xff, 0xff, 0x8b, 0x00, 0x00, 0x00, 0x00, 0x00, 0x00,
    0x00, 0x00, 0x00, 0x00, 0x00, 0x9f, 0xff, 0xff, 0xff, 0xff, 0xff, 0xff, 0xff, 0xff, 0xff, 0xff, 0xff, 0xff, 0xff, 0xff, 0xff, 0xff, 0xff, 0xff, 0xff, 0xff, 0xff, 0xff, 0x9f, 0x00, 0x00, 0x00, 0x00, 0x00,
    0x00, 0x00, 0x00, 0x00, 0x8b, 0xff, 0xff, 0xff, 0xff, 0xff, 0xff, 0xff, 0xff, 0xff, 0xff, 0xff, 0xff, 0xff, 0xff, 0xff, 0xff, 0xff, 0xff, 0xff, 0xff, 0xff, 0xff, 0xff, 0xff, 0x8b, 0x00, 0x00, 0x00, 0x00,
    0x00, 0x00, 0x00, 0x43, 0xff, 0xff, 0xff, 0xff, 0xff, 0xff, 0xff, 0xff, 0xff, 0xff, 0xff, 0xff, 0xff, 0xff, 0xff, 0xff, 0xff, 0xff, 0xff, 0xff, 0xff, 0xff, 0xff, 0xff, 0xff, 0xff, 0x43, 0x00, 0x00, 0x00,
    0x00, 0x00, 0x00, 0xe8, 0xff, 0xff, 0xff, 0xff, 0xff, 0xff, 0xff, 0xff, 0xff, 0xff, 0xff, 0xff, 0xff, 0xff, 0xff, 0xff, 0xff, 0xff, 0xff, 0xff, 0xff, 0xff, 0xff, 0xff, 0xff, 0xff, 0xe8, 0x00, 0x00, 0x00,
    0x00, 0x00, 0x8b, 0xff, 0xff, 0xff, 0xff, 0xff, 0xff, 0xff, 0xff, 0xff, 0xff, 0xff, 0xff, 0xff, 0xff, 0xff, 0xff, 0xff, 0xff, 0xff, 0xff, 0xff, 0xff, 0xff, 0xff, 0xff, 0xff, 0xff, 0xff, 0x8b, 0x00, 0x00,
    0x00, 0x00, 0xf0, 0xff, 0xff, 0xff, 0xff, 0xff, 0xff, 0xff, 0xff, 0xff, 0xff, 0xff, 0xff, 0xff, 0xff, 0xff, 0xff, 0xff, 0xff, 0xff, 0xff, 0xff, 0xff, 0xff, 0xff, 0xff, 0xff, 0xff, 0xff, 0xf0, 0x00, 0x00,
    0x00, 0x5e, 0xff, 0xff, 0xff, 0xff, 0xff, 0xff, 0xff, 0xff, 0xff, 0xff, 0xff, 0xff, 0xff, 0xff, 0xff, 0xff, 0xff, 0xff, 0xff, 0xff, 0xff, 0xff, 0xff, 0xff, 0xff, 0xff, 0xff, 0xff, 0xff, 0xff, 0x5e, 0x00,
    0x00, 0xc2, 0xff, 0xff, 0xff, 0xff, 0xff, 0xff, 0xff, 0xff, 0xff, 0xff, 0xff, 0xff, 0xff, 0xff, 0xff, 0xff, 0xff, 0xff, 0xff, 0xff, 0xff, 0xff, 0xff, 0xff, 0xff, 0xff, 0xff, 0xff, 0xff, 0xff, 0xc2, 0x00,
    0x00, 0xf0, 0xff, 0xff, 0xff, 0xff, 0xff, 0xff, 0xff, 0xff, 0xff, 0xff, 0xff, 0xff, 0xff, 0xff, 0xff, 0xff, 0xff, 0xff, 0xff, 0xff, 0xff, 0xff, 0xff, 0xff, 0xff, 0xff, 0xff, 0xff, 0xff, 0xff, 0xf0, 0x00,
    0x00, 0xfe, 0xff, 0xff, 0xff, 0xff, 0xff, 0xff, 0xff, 0xff, 0xff, 0xff, 0xff, 0xff, 0xff, 0xff, 0xff, 0xff, 0xff, 0xff, 0xff, 0xff, 0xff, 0xff, 0xff, 0xff, 0xff, 0xff, 0xff, 0xff, 0xff, 0xff, 0xfe, 0x00,
    0x27, 0xff, 0xff, 0xff, 0xff, 0xff, 0xff, 0xff, 0xff, 0xff, 0xff, 0xff, 0xff, 0xff, 0xff, 0xff, 0xff, 0xff, 0xff, 0xff, 0xff, 0xff, 0xff, 0xff, 0xff, 0xff, 0xff, 0xff, 0xff, 0xff, 0xff, 0xff, 0xff, 0x27,
    0x43, 0xff, 0xff, 0xff, 0xff, 0xff, 0xff, 0xff, 0xff, 0xff, 0xff, 0xff, 0xff, 0xff, 0xff, 0xff, 0xff, 0xff, 0xff, 0xff, 0xff, 0xff, 0xff, 0xff, 0xff, 0xff, 0xff, 0xff, 0xff, 0xff, 0xff, 0xff, 0xff, 0x43,
    0x43, 0xff, 0xff, 0xff, 0xff, 0xff, 0xff, 0xff, 0xff, 0xff, 0xff, 0xff, 0xff, 0xff, 0xff, 0xff, 0xff, 0xff, 0xff, 0xff, 0xff, 0xff, 0xff, 0xff, 0xff, 0xff, 0xff, 0xff, 0xff, 0xff, 0xff, 0xff, 0xff, 0x43,
    0x27, 0xff, 0xff, 0xff, 0xff, 0xff, 0xff, 0xff, 0xff, 0xff, 0xff, 0xff, 0xff, 0xff, 0xff, 0xff, 0xff, 0xff, 0xff, 0xff, 0xff, 0xff, 0xff, 0xff, 0xff, 0xff, 0xff, 0xff, 0xff, 0xff, 0xff, 0xff, 0xff, 0x27,
    0x00, 0xfe, 0xff, 0xff, 0xff, 0xff, 0xff, 0xff, 0xff, 0xff, 0xff, 0xff, 0xff, 0xff, 0xff, 0xff, 0xff, 0xff, 0xff, 0xff, 0xff, 0xff, 0xff, 0xff, 0xff, 0xff, 0xff, 0xff, 0xff, 0xff, 0xff, 0xff, 0xfe, 0x00,
    0x00, 0xf0, 0xff, 0xff, 0xff, 0xff, 0xff, 0xff, 0xff, 0xff, 0xff, 0xff, 0xff, 0xff, 0xff, 0xff, 0xff, 0xff, 0xff, 0xff, 0xff, 0xff, 0xff, 0xff, 0xff, 0xff, 0xff, 0xff, 0xff, 0xff, 0xff, 0xff, 0xf0, 0x00,
    0x00, 0xc2, 0xff, 0xff, 0xff, 0xff, 0xff, 0xff, 0xff, 0xff, 0xff, 0xff, 0xff, 0xff, 0xff, 0xff, 0xff, 0xff, 0xff, 0xff, 0xff, 0xff, 0xff, 0xff, 0xff, 0xff, 0xff, 0xff, 0xff, 0xff, 0xff, 0xff, 0xc2, 0x00,
    0x00, 0x5e, 0xff, 0xff, 0xff, 0xff, 0xff, 0xff, 0xff, 0xff, 0xff, 0xff, 0xff, 0xff, 0xff, 0xff, 0xff, 0xff, 0xff, 0xff, 0xff, 0xff, 0xff, 0xff, 0xff, 0xff, 0xff, 0xff, 0xff, 0xff, 0xff, 0xff, 0x5e, 0x00,
    0x00, 0x00, 0xf0, 0xff, 0xff, 0xff, 0xff, 0xff, 0xff, 0xff, 0xff, 0xff, 0xff, 0xff, 0xff, 0xff, 0xff, 0xff, 0xff, 0xff, 0xff, 0xff, 0xff, 0xff, 0xff, 0xff, 0xff, 0xff, 0xff, 0xff, 0xff, 0xf0, 0x00, 0x00,
    0x00, 0x00, 0x8b, 0xff, 0xff, 0xff, 0xff, 0xff, 0xff, 0xff, 0xff, 0xff, 0xff, 0xff, 0xff, 0xff, 0xff, 0xff, 0xff, 0xff, 0xff, 0xff, 0xff, 0xff, 0xff, 0xff, 0xff, 0xff, 0xff, 0xff, 0xff, 0x8b, 0x00, 0x00,
    0x00, 0x00, 0x00, 0xe8, 0xff, 0xff, 0xff, 0xff, 0xff, 0xff, 0xff, 0xff, 0xff, 0xff, 0xff, 0xff, 0xff, 0xff, 0xff, 0xff, 0xff, 0xff, 0xff, 0xff, 0xff, 0xff, 0xff, 0xff, 0xff, 0xff, 0xe8, 0x00, 0x00, 0x00,
    0x00, 0x00, 0x00, 0x43, 0xff, 0xff, 0xff, 0xff, 0xff, 0xff, 0xff, 0xff, 0xff, 0xff, 0xff, 0xff, 0xff, 0xff, 0xff, 0xff, 0xff, 0xff, 0xff, 0xff, 0xff, 0xff, 0xff, 0xff, 0xff, 0xff, 0x43, 0x00, 0x00, 0x00,
    0x00, 0x00, 0x00, 0x00, 0x8b, 0xff, 0xff, 0xff, 0xff, 0xff, 0xff, 0xff, 0xff, 0xff, 0xff, 0xff, 0xff, 0xff, 0xff, 0xff, 0xff, 0xff, 0xff, 0xff, 0xff, 0xff, 0xff, 0xff, 0xff, 0x8b, 0x00, 0x00, 0x00, 0x00,
    0x00, 0x00, 0x00, 0x00, 0x00, 0x9f, 0xff, 0xff, 0xff, 0xff, 0xff, 0xff, 0xff, 0xff, 0xff, 0xff, 0xff, 0xff, 0xff, 0xff, 0xff, 0xff, 0xff, 0xff, 0xff, 0xff, 0xff, 0xff, 0x9f, 0x00, 0x00, 0x00, 0x00, 0x00,
    0x00, 0x00, 0x00, 0x00, 0x00, 0x00, 0x8b, 0xff, 0xff, 0xff, 0xff, 0xff, 0xff, 0xff, 0xff, 0xff, 0xff, 0xff, 0xff, 0xff, 0xff, 0xff, 0xff, 0xff, 0xff, 0xff, 0xff, 0x8b, 0x00, 0x00, 0x00, 0x00, 0x00, 0x00,
    0x00, 0x00, 0x00, 0x00, 0x00, 0x00, 0x00, 0x43, 0xe8, 0xff, 0xff, 0xff, 0xff, 0xff, 0xff, 0xff, 0xff, 0xff, 0xff, 0xff, 0xff, 0xff, 0xff, 0xff, 0xff, 0xe8, 0x43, 0x00, 0x00, 0x00, 0x00, 0x00, 0x00, 0x00,
    0x00, 0x00, 0x00, 0x00, 0x00, 0x00, 0x00, 0x00, 0x00, 0x8b, 0xf0, 0xff, 0xff, 0xff, 0xff, 0xff, 0xff, 0xff, 0xff, 0xff, 0xff, 0xff, 0xff, 0xf0, 0x8b, 0x00, 0x00, 0x00, 0x00, 0x00, 0x00, 0x00, 0x00, 0x00,
    0x00, 0x00, 0x00, 0x00, 0x00, 0x00, 0x00, 0x00, 0x00, 0x00, 0x00, 0x5e, 0xc2, 0xf0, 0xfe, 0xff, 0xff, 0xff, 0xff, 0xfe, 0xf0, 0xc2, 0x5e, 0x00, 0x00, 0x00, 0x00, 0x00, 0x00, 0x00, 0x00, 0x00, 0x00, 0x00,
    0x00, 0x00, 0x00, 0x00, 0x00, 0x00, 0x00, 0x00, 0x00, 0x00, 0x00, 0x00, 0x00, 0x00, 0x00, 0x27, 0x43, 0x43, 0x27, 0x00, 0x00, 0x00, 0x00, 0x00, 0x00, 0x00, 0x00, 0x00, 0x00, 0x00, 0x00, 0x00, 0x00, 0x00,
};

const lv_image_dsc_t sign_no_overtake = {
    .header = { .magic = LV_IMAGE_HEADER_MAGIC, .cf = LV_COLOR_FORMAT_RGB565A8,
                .w = 34, .h = 34, .stride = 68 },
    .data_size = sizeof(sign_no_overtake_map),
    .data = sign_no_overtake_map,
};

static const uint8_t sign_no_horn_map[] = {
    0x00, 0x00, 0x00, 0x00, 0x00, 0x00, 0x00, 0x00, 0x00, 0x00, 0x00, 0x00, 0x00, 0x00, 0x00, 0x00, 0x00, 0x00, 0x00, 0x00, 0x00, 0x00, 0x00, 0x00, 0x00, 0x00, 0x00, 0x00, 0x00, 0x00, 0x72, 0xec, 0x92, 0xec, 0x92, 0xec, 0x72, 0xec, 0x00, 0x00, 0x00, 0x00, 0x00, 0x00, 0x00, 0x00, 0x00, 0x00, 0x00, 0x00, 0x00, 0x00, 0x00, 0x00, 0x00, 0x00, 0x00, 0x00, 0x00, 0x00, 0x00, 0x00, 0x00, 0x00, 0x00, 0x00, 0x00, 0x00,
    0x00, 0x00, 0x00, 0x00, 0x00, 0x00, 0x00, 0x00, 0x00, 0x00, 0x00, 0x00, 0x00, 0x00, 0x00, 0x00, 0x00, 0x00, 0x00, 0x00, 0x00, 0x00, 0x52, 0xec, 0xaf, 0xeb, 0xac, 0xe2, 0xc8, 0xe1, 0x67, 0xe1, 0x67, 0xe1, 0x67, 0xe1, 0x67, 0xe1, 0xc8, 0xe1, 0xac, 0xe2, 0xaf, 0xeb, 0x52, 0xec, 0x00, 0x00, 0x00, 0x00, 0x00, 0x00, 0x00, 0x00, 0x00, 0x00, 0x00, 0x00, 0x00, 0x00, 0x00, 0x00, 0x00, 0x00, 0x00, 0x00, 0x00, 0x00,
    0x00, 0x00, 0x00, 0x00, 0x00, 0x00, 0x00, 0x00, 0x00, 0x00, 0x00, 0x00, 0x00, 0x00, 0x00, 0x00, 0x00, 0x00, 0x11, 0xec, 0xac, 0xe2, 0x67, 0xe1, 0x67, 0xe1, 0x67, 0xe1, 0x67, 0xe1, 0x67, 0xe1, 0x67, 0xe1, 0x67, 0xe1, 0x67, 0xe1, 0x67, 0xe1, 0x67, 0xe1, 0x67, 0xe1, 0x67, 0xe1, 0xac, 0xe2, 0x11, 0xec, 0x00, 0x00, 0x00, 0x00, 0x00, 0x00, 0x00, 0x00, 0x00, 0x00, 0x00, 0x00, 0x00, 0x00, 0x00, 0x00, 0x00, 0x00,
    0x00, 0x00, 0x00, 0x00, 0x00, 0x00, 0x00, 0x00, 0x00, 0x00, 0x00, 0x00, 0x00, 0x00, 0x72, 0xec, 0x0d, 0xe3, 0x67, 0xe1, 0x67, 0xe1, 0x67, 0xe1, 0x67, 0xe1, 0x67, 0xe1, 0x67, 0xe1, 0x67, 0xe1, 0x67, 0xe1, 0x67, 0xe1, 0x67, 0xe1, 0x67, 0xe1, 0x67, 0xe1, 0x67, 0xe1, 0x67, 0xe1, 0x67, 0xe1, 0x67, 0xe1, 0x0d, 0xe3, 0x72, 0xec, 0x00, 0x00, 0x00, 0x00, 0x00, 0x00, 0x00, 0x00, 0x00, 0x00, 0x00, 0x00, 0x00, 0x00,
    0x00, 0x00, 0x00, 0x00, 0x00, 0x00, 0x00, 0x00, 0x00, 0x00, 0x00, 0x00, 0x11, 0xec, 0xc8, 0xe1, 0x67, 0xe1, 0x67, 0xe1, 0x67, 0xe1, 0x67, 0xe1, 0x67, 0xe1, 0x67, 0xe1, 0x67, 0xe1, 0x67, 0xe1, 0x67, 0xe1, 0x67, 0xe1, 0x67, 0xe1, 0x67, 0xe1, 0x67, 0xe1, 0x67, 0xe1, 0x67, 0xe1, 0x67, 0xe1, 0x67, 0xe1, 0x67, 0xe1, 0xc8, 0xe1, 0x11, 0xec, 0x00, 0x00, 0x00, 0x00, 0x00, 0x00, 0x00, 0x00, 0x00, 0x00, 0x00, 0x00,
    0x00, 0x00, 0x00, 0x00, 0x00, 0x00, 0x00, 0x00, 0x00, 0x00, 0xf0, 0xeb, 0x67, 0xe1, 0x67, 0xe1, 0x67, 0xe1, 0x67, 0xe1, 0x67, 0xe1, 0x67, 0xe1, 0xc8, 0xe1, 0xf0, 0xeb, 0x96, 0xf5, 0xbb, 0xfe, 0x5d, 0xff, 0x5d, 0xff, 0xbb, 0xfe, 0x96, 0xf5, 0xf0, 0xeb, 0xc8, 0xe1, 0x67, 0xe1, 0x67, 0xe1, 0x67, 0xe1, 0x67, 0xe1, 0x67, 0xe1, 0x67, 0xe1, 0xf0, 0xeb, 0x00, 0x00, 0x00, 0x00, 0x00, 0x00, 0x00, 0x00, 0x00, 0x00,
    0x00, 0x00, 0x00, 0x00, 0x00, 0x00, 0x00, 0x00, 0x11, 0xec, 0x67, 0xe1, 0x67, 0xe1, 0x67, 0xe1, 0x67, 0xe1, 0x67, 0xe1, 0xc8, 0xe1, 0x14, 0xf5, 0xff, 0xff, 0xff, 0xff, 0xff, 0xff, 0xff, 0xff, 0xff, 0xff, 0xff, 0xff, 0xff, 0xff, 0xff, 0xff, 0xff, 0xff, 0xff, 0xff, 0x14, 0xf5, 0xc9, 0xe1, 0x67, 0xe1, 0x67, 0xe1, 0x67, 0xe1, 0x67, 0xe1, 0x67, 0xe1, 0x11, 0xec, 0x00, 0x00, 0x00, 0x00, 0x00, 0x00, 0x00, 0x00,
    0x00, 0x00, 0x00, 0x00, 0x00, 0x00, 0x72, 0xec, 0xc8, 0xe1, 0x67, 0xe1, 0x67, 0xe1, 0x67, 0xe1, 0x67, 0xe1, 0x6e, 0xeb, 0x5d, 0xff, 0xff, 0xff, 0xff, 0xff, 0xff, 0xff, 0xff, 0xff, 0xff, 0xff, 0xff, 0xff, 0xff, 0xff, 0xff, 0xff, 0xff, 0xff, 0xff, 0xff, 0xff, 0xff, 0xff, 0xff, 0x5d, 0xff, 0x6e, 0xeb, 0x67, 0xe1, 0x67, 0xe1, 0x67, 0xe1, 0x67, 0xe1, 0xc8, 0xe1, 0x72, 0xec, 0x00, 0x00, 0x00, 0x00, 0x00, 0x00,
    0x00, 0x00, 0x00, 0x00, 0x00, 0x00, 0x0d, 0xe3, 0x67, 0xe1, 0x67, 0xe1, 0x67, 0xe1, 0x67, 0xe1, 0xf0, 0xeb, 0xff, 0xff, 0xff, 0xff, 0xff, 0xff, 0xff, 0xff, 0xff, 0xff, 0xff, 0xff, 0xff, 0xff, 0xff, 0xff, 0xff, 0xff, 0xff, 0xff, 0xff, 0xff, 0xff, 0xff, 0xff, 0xff, 0xff, 0xff, 0xff, 0xff, 0xff, 0xff, 0xf0, 0xeb, 0x67, 0xe1, 0x67, 0xe1, 0x67, 0xe1, 0x67, 0xe1, 0x0d, 0xe3, 0x00, 0x00, 0x00, 0x00, 0x00, 0x00,
    0x00, 0x00, 0x00, 0x00, 0x11, 0xec, 0x67, 0xe1, 0x67, 0xe1, 0x67, 0xe1, 0x67, 0xe1, 0x6e, 0xeb, 0xff, 0xff, 0xff, 0xff, 0xff, 0xff, 0xff, 0xff, 0xff, 0xff, 0xff, 0xff, 0xff, 0xff, 0xff, 0xff, 0xff, 0xff, 0xff, 0xff, 0xff, 0xff, 0xff, 0xff, 0xff, 0xff, 0xff, 0xff, 0xff, 0xff, 0xff, 0xff, 0xff, 0xff, 0xff, 0xff, 0x6e, 0xeb, 0x67, 0xe1, 0x67, 0xe1, 0x67, 0xe1, 0x67, 0xe1, 0x11, 0xec, 0x00, 0x00, 0x00, 0x00,
    0x00, 0x00, 0x00, 0x00, 0xac, 0xe2, 0x67, 0xe1, 0x67, 0xe1, 0x67, 0xe1, 0xc9, 0xe1, 0x5d, 0xff, 0xff, 0xff, 0xff, 0xff, 0xff, 0xff, 0xff, 0xff, 0xff, 0xff, 0xff, 0xff, 0xff, 0xff, 0xff, 0xff, 0xff, 0xff, 0xff, 0xff, 0xff, 0xff, 0xff, 0xff, 0xff, 0xff, 0xff, 0xff, 0xff, 0xff, 0xff, 0xff, 0xff, 0xff, 0xff, 0xff, 0x5d, 0xff, 0xc8, 0xe1, 0x67, 0xe1, 0x67, 0xe1, 0x67, 0xe1, 0xac, 0xe2, 0x00, 0x00, 0x00, 0x00,
    0x00, 0x00, 0x52, 0xec, 0x67, 0xe1, 0x67, 0xe1, 0x67, 0xe1, 0x67, 0xe1, 0x14, 0xf5, 0xff, 0xff, 0xff, 0xff, 0xff, 0xff, 0xff, 0xff, 0xff, 0xff, 0xff, 0xff, 0xff, 0xff, 0xff, 0xff, 0xff, 0xff, 0xff, 0xff, 0xff, 0xff, 0x30, 0x84, 0xff, 0xff, 0xff, 0xff, 0x7d, 0xef, 0xff, 0xff, 0xff, 0xff, 0xff, 0xff, 0xff, 0xff, 0xff, 0xff, 0x14, 0xf5, 0x67, 0xe1, 0x67, 0xe1, 0x67, 0xe1, 0x67, 0xe1, 0x52, 0xec, 0x00, 0x00,
    0x00, 0x00, 0xaf, 0xeb, 0x67, 0xe1, 0x67, 0xe1, 0x67, 0xe1, 0xc8, 0xe1, 0xff, 0xff, 0xff, 0xff, 0xff, 0xff, 0xff, 0xff, 0xff, 0xff, 0xff, 0xff, 0xff, 0xff, 0xff, 0xff, 0xff, 0xff, 0xff, 0xff, 0x18, 0xc6, 0x41, 0x08, 0x49, 0x42, 0xff, 0xff, 0xef, 0x7b, 0x41, 0x08, 0x3c, 0xe7, 0xff, 0xff, 0xff, 0xff, 0xff, 0xff, 0xff, 0xff, 0xff, 0xff, 0xc8, 0xe1, 0x67, 0xe1, 0x67, 0xe1, 0x67, 0xe1, 0xaf, 0xeb, 0x00, 0x00,
    0x00, 0x00, 0xac, 0xe2, 0x67, 0xe1, 0x67, 0xe1, 0x67, 0xe1, 0xf0, 0xeb, 0xff, 0xff, 0xff, 0xff, 0xff, 0xff, 0xff, 0xff, 0xff, 0xff, 0xff, 0xff, 0xff, 0xff, 0xff, 0xff, 0xff, 0xff, 0x30, 0x84, 0x41, 0x08, 0x41, 0x08, 0x49, 0x42, 0xff, 0xff, 0x14, 0xa5, 0x41, 0x08, 0x71, 0x8c, 0xff, 0xff, 0xff, 0xff, 0xff, 0xff, 0xff, 0xff, 0xff, 0xff, 0xf0, 0xeb, 0x67, 0xe1, 0x67, 0xe1, 0x67, 0xe1, 0xac, 0xe2, 0x00, 0x00,
    0x00, 0x00, 0xc8, 0xe1, 0x67, 0xe1, 0x67, 0xe1, 0x67, 0xe1, 0x96, 0xf5, 0xff, 0xff, 0xff, 0xff, 0xff, 0xff, 0xff, 0xff, 0xff, 0xff, 0x30, 0x84, 0x30, 0x84, 0x30, 0x84, 0x49, 0x42, 0x41, 0x08, 0x41, 0x08, 0x41, 0x08, 0x49, 0x42, 0xff, 0xff, 0xff, 0xff, 0xc3, 0x18, 0x29, 0x42, 0xff, 0xff, 0xff, 0xff, 0xff, 0xff, 0xff, 0xff, 0xff, 0xff, 0x96, 0xf5, 0x67, 0xe1, 0x67, 0xe1, 0x67, 0xe1, 0xc8, 0xe1, 0x00, 0x00,
    0x72, 0xec, 0x67, 0xe1, 0x67, 0xe1, 0x67, 0xe1, 0x67, 0xe1, 0xbb, 0xfe, 0xff, 0xff, 0xff, 0xff, 0xff, 0xff, 0xff, 0xff, 0xff, 0xff, 0x41, 0x08, 0x41, 0x08, 0x41, 0x08, 0x41, 0x08, 0x41, 0x08, 0x41, 0x08, 0x41, 0x08, 0x49, 0x42, 0xff, 0xff, 0xff, 0xff, 0xcf, 0x7b, 0x41, 0x08, 0xd7, 0xbd, 0xff, 0xff, 0xff, 0xff, 0xff, 0xff, 0xff, 0xff, 0xbb, 0xfe, 0x67, 0xe1, 0x67, 0xe1, 0x67, 0xe1, 0x67, 0xe1, 0x72, 0xec,
    0x92, 0xec, 0x67, 0xe1, 0x67, 0xe1, 0x67, 0xe1, 0x67, 0xe1, 0x5d, 0xff, 0xff, 0xff, 0xff, 0xff, 0xff, 0xff, 0xff, 0xff, 0xff, 0xff, 0x41, 0x08, 0x41, 0x08, 0x41, 0x08, 0x41, 0x08, 0x41, 0x08, 0x41, 0x08, 0x41, 0x08, 0x49, 0x42, 0xff, 0xff, 0xff, 0xff, 0x9a, 0xd6, 0x41, 0x08, 0x4d, 0x6b, 0xff, 0xff, 0xff, 0xff, 0xff, 0xff, 0xff, 0xff, 0x5d, 0xff, 0x67, 0xe1, 0x67, 0xe1, 0x67, 0xe1, 0x67, 0xe1, 0x92, 0xec,
    0x92, 0xec, 0x67, 0xe1, 0x67, 0xe1, 0x67, 0xe1, 0x67, 0xe1, 0x5d, 0xff, 0xff, 0xff, 0xff, 0xff, 0xff, 0xff, 0xff, 0xff, 0xff, 0xff, 0x41, 0x08, 0x41, 0x08, 0x41, 0x08, 0x41, 0x08, 0x41, 0x08, 0x41, 0x08, 0x41, 0x08, 0x49, 0x42, 0xff, 0xff, 0xff, 0xff, 0xff, 0xff, 0xcb, 0x52, 0x41, 0x08, 0x3c, 0xe7, 0xff, 0xff, 0xff, 0xff, 0xff, 0xff, 0x5d, 0xff, 0x67, 0xe1, 0x67, 0xe1, 0x67, 0xe1, 0x67, 0xe1, 0x92, 0xec,
    0x72, 0xec, 0x67, 0xe1, 0x67, 0xe1, 0x67, 0xe1, 0x67, 0xe1, 0xbb, 0xfe, 0xff, 0xff, 0xff, 0xff, 0xff, 0xff, 0xff, 0xff, 0xff, 0xff, 0x41, 0x08, 0x41, 0x08, 0x41, 0x08, 0x41, 0x08, 0x41, 0x08, 0x41, 0x08, 0x41, 0x08, 0x49, 0x42, 0xff, 0xff, 0xff, 0xff, 0xff, 0xff, 0x14, 0xa5, 0x41, 0x08, 0x71, 0x8c, 0xff, 0xff, 0xff, 0xff, 0xff, 0xff, 0xbb, 0xfe, 0x67, 0xe1, 0x67, 0xe1, 0x67, 0xe1, 0x67, 0xe1, 0x72, 0xec,
    0x00, 0x00, 0xc8, 0xe1, 0x67, 0xe1, 0x67, 0xe1, 0x67, 0xe1, 0x96, 0xf5, 0xff, 0xff, 0xff, 0xff, 0xff, 0xff, 0xff, 0xff, 0xff, 0xff, 0x30, 0x84, 0x30, 0x84, 0x30, 0x84, 0x30, 0x84, 0x41, 0x08, 0x41, 0x08, 0x41, 0x08, 0x49, 0x42, 0xff, 0xff, 0xff, 0xff, 0xff, 0xff, 0xff, 0xff, 0xe3, 0x18, 0x29, 0x42, 0xff, 0xff, 0xff, 0xff, 0xff, 0xff, 0x96, 0xf5, 0x67, 0xe1, 0x67, 0xe1, 0x67, 0xe1, 0xc8, 0xe1, 0x00, 0x00,
    0x00, 0x00, 0xac, 0xe2, 0x67, 0xe1, 0x67, 0xe1, 0x67, 0xe1, 0xf0, 0xeb, 0xff, 0xff, 0xff, 0xff, 0xff, 0xff, 0xff, 0xff, 0xff, 0xff, 0xff, 0xff, 0xff, 0xff, 0xff, 0xff, 0xff, 0xff, 0x30, 0x84, 0x41, 0x08, 0x41, 0x08, 0x49, 0x42, 0xff, 0xff, 0xff, 0xff, 0xff, 0xff, 0xff, 0xff, 0xcf, 0x7b, 0x41, 0x08, 0xd7, 0xbd, 0xff, 0xff, 0xff, 0xff, 0xf0, 0xeb, 0x67, 0xe1, 0x67, 0xe1, 0x67, 0xe1, 0xac, 0xe2, 0x00, 0x00,
    0x00, 0x00, 0xaf, 0xeb, 0x67, 0xe1, 0x67, 0xe1, 0x67, 0xe1, 0xc8, 0xe1, 0xff, 0xff, 0xff, 0xff, 0xff, 0xff, 0xff, 0xff, 0xff, 0xff, 0xff, 0xff, 0xff, 0xff, 0xff, 0xff, 0xff, 0xff, 0xff, 0xff, 0x18, 0xc6, 0x41, 0x08, 0x49, 0x42, 0xff, 0xff, 0xff, 0xff, 0xff, 0xff, 0xff, 0xff, 0x9a, 0xd6, 0x41, 0x08, 0x92, 0x8c, 0xff, 0xff, 0xff, 0xff, 0xc8, 0xe1, 0x67, 0xe1, 0x67, 0xe1, 0x67, 0xe1, 0xaf, 0xeb, 0x00, 0x00,
    0x00, 0x00, 0x52, 0xec, 0x67, 0xe1, 0x67, 0xe1, 0x67, 0xe1, 0x67, 0xe1, 0x14, 0xf5, 0xff, 0xff, 0xff, 0xff, 0xff, 0xff, 0xff, 0xff, 0xff, 0xff, 0xff, 0xff, 0xff, 0xff, 0xff, 0xff, 0xff, 0xff, 0xff, 0xff, 0xff, 0xff, 0x30, 0x84, 0xff, 0xff, 0xff, 0xff, 0xff, 0xff, 0xff, 0xff, 0xff, 0xff, 0x7d, 0xef, 0xff, 0xff, 0xff, 0xff, 0x14, 0xf5, 0x67, 0xe1, 0x67, 0xe1, 0x67, 0xe1, 0x67, 0xe1, 0x52, 0xec, 0x00, 0x00,
    0x00, 0x00, 0x00, 0x00, 0xac, 0xe2, 0x67, 0xe1, 0x67, 0xe1, 0x67, 0xe1, 0xc8, 0xe1, 0x5d, 0xff, 0xff, 0xff, 0xff, 0xff, 0xff, 0xff, 0xff, 0xff, 0xff, 0xff, 0xff, 0xff, 0xff, 0xff, 0xff, 0xff, 0xff, 0xff, 0xff, 0xff, 0xff, 0xff, 0xff, 0xff, 0xff, 0xff, 0xff, 0xff, 0xff, 0xff, 0xff, 0xff, 0xff, 0xff, 0xff, 0xff, 0x5d, 0xff, 0xc9, 0xe1, 0x67, 0xe1, 0x67, 0xe1, 0x67, 0xe1, 0xac, 0xe2, 0x00, 0x00, 0x00, 0x00,
    0x00, 0x00, 0x00, 0x00, 0x11, 0xec, 0x67, 0xe1, 0x67, 0xe1, 0x67, 0xe1, 0x67, 0xe1, 0x6e, 0xeb, 0xff, 0xff, 0xff, 0xff, 0xff, 0xff, 0xff, 0xff, 0xff, 0xff, 0xff, 0xff, 0xff, 0xff, 0xff, 0xff, 0xff, 0xff, 0xff, 0xff, 0xff, 0xff, 0xff, 0xff, 0xff, 0xff, 0xff, 0xff, 0xff, 0xff, 0xff, 0xff, 0xff, 0xff, 0xff, 0xff, 0x6e, 0xeb, 0x67, 0xe1, 0x67, 0xe1, 0x67, 0xe1, 0x67, 0xe1, 0x11, 0xec, 0x00, 0x00, 0x00, 0x00,
    0x00, 0x00, 0x00, 0x00, 0x00, 0x00, 0x0d, 0xe3, 0x67, 0xe1, 0x67, 0xe1, 0x67, 0xe1, 0x67, 0xe1, 0xf0, 0xeb, 0xff, 0xff, 0xff, 0xff, 0xff, 0xff, 0xff, 0xff, 0xff, 0xff, 0xff, 0xff, 0xff, 0xff, 0xff, 0xff, 0xff, 0xff, 0xff, 0xff, 0xff, 0xff, 0xff, 0xff, 0xff, 0xff, 0xff, 0xff, 0xff, 0xff, 0xff, 0xff, 0xf0, 0xeb, 0x67, 0xe1, 0x67, 0xe1, 0x67, 0xe1, 0x67, 0xe1, 0x0d, 0xe3, 0x00, 0x00, 0x00, 0x00, 0x00, 0x00,
    0x00, 0x00, 0x00, 0x00, 0x00, 0x00, 0x72, 0xec, 0xc8, 0xe1, 0x67, 0xe1, 0x67, 0xe1, 0x67, 0xe1, 0x67, 0xe1, 0x6e, 0xeb, 0x5d, 0xff, 0xff, 0xff, 0xff, 0xff, 0xff, 0xff, 0xff, 0xff, 0xff, 0xff, 0xff, 0xff, 0xff, 0xff, 0xff, 0xff, 0xff, 0xff, 0xff, 0xff, 0xff, 0xff, 0xff, 0xff, 0x5d, 0xff, 0x6e, 0xeb, 0x67, 0xe1, 0x67, 0xe1, 0x67, 0xe1, 0x67, 0xe1, 0xc8, 0xe1, 0x72, 0xec, 0x00, 0x00, 0x00, 0x00, 0x00, 0x00,
    0x00, 0x00, 0x00, 0x00, 0x00, 0x00, 0x00, 0x00, 0x11, 0xec, 0x67, 0xe1, 0x67, 0xe1, 0x67, 0xe1, 0x67, 0xe1, 0x67, 0xe1, 0xc9, 0xe1, 0x14, 0xf5, 0xff, 0xff, 0xff, 0xff, 0xff, 0xff, 0xff, 0xff, 0xff, 0xff, 0xff, 0xff, 0xff, 0xff, 0xff, 0xff, 0xff, 0xff, 0xff, 0xff, 0x14, 0xf5, 0xc8, 0xe1, 0x67, 0xe1, 0x67, 0xe1, 0x67, 0xe1, 0x67, 0xe1, 0x67, 0xe1, 0x11, 0xec, 0x00, 0x00, 0x00, 0x00, 0x00, 0x00, 0x00, 0x00,
    0x00, 0x00, 0x00, 0x00, 0x00, 0x00, 0x00, 0x00, 0x00, 0x00, 0xf0, 0xeb, 0x67, 0xe1, 0x67, 0xe1, 0x67, 0xe1, 0x67, 0xe1, 0x67, 0xe1, 0x67, 0xe1, 0xc8, 0xe1, 0xf0, 0xeb, 0x96, 0xf5, 0xbb, 0xfe, 0x5d, 0xff, 0x5d, 0xff, 0xbb, 0xfe, 0x96, 0xf5, 0xf0, 0xeb, 0xc8, 0xe1, 0x67, 0xe1, 0x67, 0xe1, 0x67, 0xe1, 0x67, 0xe1, 0x67, 0xe1, 0x67, 0xe1, 0xf0, 0xeb, 0x00, 0x00, 0x00, 0x00, 0x00, 0x00, 0x00, 0x00, 0x00, 0x00,
    0x00, 0x00, 0x00, 0x00, 0x00, 0x00, 0x00, 0x00, 0x00, 0x00, 0x00, 0x00, 0x11, 0xec, 0xc8, 0xe1, 0x67, 0xe1, 0x67, 0xe1, 0x67, 0xe1, 0x67, 0xe1, 0x67, 0xe1, 0x67, 0xe1, 0x67, 0xe1, 0x67, 0xe1, 0x67, 0xe1, 0x67, 0xe1, 0x67, 0xe1, 0x67, 0xe1, 0x67, 0xe1, 0x67, 0xe1, 0x67, 0xe1, 0x67, 0xe1, 0x67, 0xe1, 0x67, 0xe1, 0xc8, 0xe1, 0x11, 0xec, 0x00, 0x00, 0x00, 0x00, 0x00, 0x00, 0x00, 0x00, 0x00, 0x00, 0x00, 0x00,
    0x00, 0x00, 0x00, 0x00, 0x00, 0x00, 0x00, 0x00, 0x00, 0x00, 0x00, 0x00, 0x00, 0x00, 0x72, 0xec, 0x0d, 0xe3, 0x67, 0xe1, 0x67, 0xe1, 0x67, 0xe1, 0x67, 0xe1, 0x67, 0xe1, 0x67, 0xe1, 0x67, 0xe1, 0x67, 0xe1, 0x67, 0xe1, 0x67, 0xe1, 0x67, 0xe1, 0x67, 0xe1, 0x67, 0xe1, 0x67, 0xe1, 0x67, 0xe1, 0x67, 0xe1, 0x0d, 0xe3, 0x72, 0xec, 0x00, 0x00, 0x00, 0x00, 0x00, 0x00, 0x00, 0x00, 0x00, 0x00, 0x00, 0x00, 0x00, 0x00,
    0x00, 0x00, 0x00, 0x00, 0x00, 0x00, 0x00, 0x00, 0x00, 0x00, 0x00, 0x00, 0x00, 0x00, 0x00, 0x00, 0x00, 0x00, 0x11, 0xec, 0xac, 0xe2, 0x67, 0xe1, 0x67, 0xe1, 0x67, 0xe1, 0x67, 0xe1, 0x67, 0xe1, 0x67, 0xe1, 0x67, 0xe1, 0x67, 0xe1, 0x67, 0xe1, 0x67, 0xe1, 0x67, 0xe1, 0x67, 0xe1, 0xac, 0xe2, 0x11, 0xec, 0x00, 0x00, 0x00, 0x00, 0x00, 0x00, 0x00, 0x00, 0x00, 0x00, 0x00, 0x00, 0x00, 0x00, 0x00, 0x00, 0x00, 0x00,
    0x00, 0x00, 0x00, 0x00, 0x00, 0x00, 0x00, 0x00, 0x00, 0x00, 0x00, 0x00, 0x00, 0x00, 0x00, 0x00, 0x00, 0x00, 0x00, 0x00, 0x00, 0x00, 0x52, 0xec, 0xaf, 0xeb, 0xac, 0xe2, 0xc8, 0xe1, 0x67, 0xe1, 0x67, 0xe1, 0x67, 0xe1, 0x67, 0xe1, 0xc8, 0xe1, 0xac, 0xe2, 0xaf, 0xeb, 0x52, 0xec, 0x00, 0x00, 0x00, 0x00, 0x00, 0x00, 0x00, 0x00, 0x00, 0x00, 0x00, 0x00, 0x00, 0x00, 0x00, 0x00, 0x00, 0x00, 0x00, 0x00, 0x00, 0x00,
    0x00, 0x00, 0x00, 0x00, 0x00, 0x00, 0x00, 0x00, 0x00, 0x00, 0x00, 0x00, 0x00, 0x00, 0x00, 0x00, 0x00, 0x00, 0x00, 0x00, 0x00, 0x00, 0x00, 0x00, 0x00, 0x00, 0x00, 0x00, 0x00, 0x00, 0x72, 0xec, 0x92, 0xec, 0x92, 0xec, 0x72, 0xec, 0x00, 0x00, 0x00, 0x00, 0x00, 0x00, 0x00, 0x00, 0x00, 0x00, 0x00, 0x00, 0x00, 0x00, 0x00, 0x00, 0x00, 0x00, 0x00, 0x00, 0x00, 0x00, 0x00, 0x00, 0x00, 0x00, 0x00, 0x00, 0x00, 0x00,
    0x00, 0x00, 0x00, 0x00, 0x00, 0x00, 0x00, 0x00, 0x00, 0x00, 0x00, 0x00, 0x00, 0x00, 0x00, 0x28, 0x43, 0x43, 0x28, 0x00, 0x00, 0x00, 0x00, 0x00, 0x00, 0x00, 0x00, 0x00, 0x00, 0x00, 0x00, 0x00, 0x00, 0x00,
    0x00, 0x00, 0x00, 0x00, 0x00, 0x00, 0x00, 0x00, 0x00, 0x00, 0x00, 0x5e, 0xc2, 0xf0, 0xfe, 0xff, 0xff, 0xff, 0xff, 0xfe, 0xf0, 0xc2, 0x5e, 0x00, 0x00, 0x00, 0x00, 0x00, 0x00, 0x00, 0x00, 0x00, 0x00, 0x00,
    0x00, 0x00, 0x00, 0x00, 0x00, 0x00, 0x00, 0x00, 0x00, 0x8b, 0xf0, 0xff, 0xff, 0xff, 0xff, 0xff, 0xff, 0xff, 0xff, 0xff, 0xff, 0xff, 0xff, 0xf0, 0x8b, 0x00, 0x00, 0x00, 0x00, 0x00, 0x00, 0x00, 0x00, 0x00,
    0x00, 0x00, 0x00, 0x00, 0x00, 0x00, 0x00, 0x44, 0xe8, 0xff, 0xff, 0xff, 0xff, 0xff, 0xff, 0xff, 0xff, 0xff, 0xff, 0xff, 0xff, 0xff, 0xff, 0xff, 0xff, 0xe8, 0x44, 0x00, 0x00, 0x00, 0x00, 0x00, 0x00, 0x00,
    0x00, 0x00, 0x00, 0x00, 0x00, 0x00, 0x8b, 0xff, 0xff, 0xff, 0xff, 0xff, 0xff, 0xff, 0xff, 0xff, 0xff, 0xff, 0xff, 0xff, 0xff, 0xff, 0xff, 0xff, 0xff, 0xff, 0xff, 0x8b, 0x00, 0x00, 0x00, 0x00, 0x00, 0x00,
    0x00, 0x00, 0x00, 0x00, 0x00, 0x9f, 0xff, 0xff, 0xff, 0xff, 0xff, 0xff, 0xff, 0xff, 0xff, 0xff, 0xff, 0xff, 0xff, 0xff, 0xff, 0xff, 0xff, 0xff, 0xff, 0xff, 0xff, 0xff, 0x9f, 0x00, 0x00, 0x00, 0x00, 0x00,
    0x00, 0x00, 0x00, 0x00, 0x8b, 0xff, 0xff, 0xff, 0xff, 0xff, 0xff, 0xff, 0xff, 0xff, 0xff, 0xff, 0xff, 0xff, 0xff, 0xff, 0xff, 0xff, 0xff, 0xff, 0xff, 0xff, 0xff, 0xff, 0xff, 0x8b, 0x00, 0x00, 0x00, 0x00,
    0x00, 0x00, 0x00, 0x44, 0xff, 0xff, 0xff, 0xff, 0xff, 0xff, 0xff, 0xff, 0xff, 0xff, 0xff, 0xff, 0xff, 0xff, 0xff, 0xff, 0xff, 0xff, 0xff, 0xff, 0xff, 0xff, 0xff, 0xff, 0xff, 0xff, 0x44, 0x00, 0x00, 0x00,
    0x00, 0x00, 0x00, 0xe8, 0xff, 0xff, 0xff, 0xff, 0xff, 0xff, 0xff, 0xff, 0xff, 0xff, 0xff, 0xff, 0xff, 0xff, 0xff, 0xff, 0xff, 0xff, 0xff, 0xff, 0xff, 0xff, 0xff, 0xff, 0xff, 0xff, 0xe8, 0x00, 0x00, 0x00,
    0x00, 0x00, 0x8b, 0xff, 0xff, 0xff, 0xff, 0xff, 0xff, 0xff, 0xff, 0xff, 0xff, 0xff, 0xff, 0xff, 0xff, 0xff, 0xff, 0xff, 0xff, 0xff, 0xff, 0xff, 0xff, 0xff, 0xff, 0xff, 0xff, 0xff, 0xff, 0x8b, 0x00, 0x00,
    0x00, 0x00, 0xf0, 0xff, 0xff, 0xff, 0xff, 0xff, 0xff, 0xff, 0xff, 0xff, 0xff, 0xff, 0xff, 0xff, 0xff, 0xff, 0xff, 0xff, 0xff, 0xff, 0xff, 0xff, 0xff, 0xff, 0xff, 0xff, 0xff, 0xff, 0xff, 0xf0, 0x00, 0x00,
    0x00, 0x5e, 0xff, 0xff, 0xff, 0xff, 0xff, 0xff, 0xff, 0xff, 0xff, 0xff, 0xff, 0xff, 0xff, 0xff, 0xff, 0xff, 0xff, 0xff, 0xff, 0xff, 0xff, 0xff, 0xff, 0xff, 0xff, 0xff, 0xff, 0xff, 0xff, 0xff, 0x5e, 0x00,
    0x00, 0xc2, 0xff, 0xff, 0xff, 0xff, 0xff, 0xff, 0xff, 0xff, 0xff, 0xff, 0xff, 0xff, 0xff, 0xff, 0xff, 0xff, 0xff, 0xff, 0xff, 0xff, 0xff, 0xff, 0xff, 0xff, 0xff, 0xff, 0xff, 0xff, 0xff, 0xff, 0xc2, 0x00,
    0x00, 0xf0, 0xff, 0xff, 0xff, 0xff, 0xff, 0xff, 0xff, 0xff, 0xff, 0xff, 0xff, 0xff, 0xff, 0xff, 0xff, 0xff, 0xff, 0xff, 0xff, 0xff, 0xff, 0xff, 0xff, 0xff, 0xff, 0xff, 0xff, 0xff, 0xff, 0xff, 0xf0, 0x00,
    0x00, 0xfe, 0xff, 0xff, 0xff, 0xff, 0xff, 0xff, 0xff, 0xff, 0xff, 0xff, 0xff, 0xff, 0xff, 0xff, 0xff, 0xff, 0xff, 0xff, 0xff, 0xff, 0xff, 0xff, 0xff, 0xff, 0xff, 0xff, 0xff, 0xff, 0xff, 0xff, 0xfe, 0x00,
    0x28, 0xff, 0xff, 0xff, 0xff, 0xff, 0xff, 0xff, 0xff, 0xff, 0xff, 0xff, 0xff, 0xff, 0xff, 0xff, 0xff, 0xff, 0xff, 0xff, 0xff, 0xff, 0xff, 0xff, 0xff, 0xff, 0xff, 0xff, 0xff, 0xff, 0xff, 0xff, 0xff, 0x28,
    0x43, 0xff, 0xff, 0xff, 0xff, 0xff, 0xff, 0xff, 0xff, 0xff, 0xff, 0xff, 0xff, 0xff, 0xff, 0xff, 0xff, 0xff, 0xff, 0xff, 0xff, 0xff, 0xff, 0xff, 0xff, 0xff, 0xff, 0xff, 0xff, 0xff, 0xff, 0xff, 0xff, 0x43,
    0x43, 0xff, 0xff, 0xff, 0xff, 0xff, 0xff, 0xff, 0xff, 0xff, 0xff, 0xff, 0xff, 0xff, 0xff, 0xff, 0xff, 0xff, 0xff, 0xff, 0xff, 0xff, 0xff, 0xff, 0xff, 0xff, 0xff, 0xff, 0xff, 0xff, 0xff, 0xff, 0xff, 0x43,
    0x28, 0xff, 0xff, 0xff, 0xff, 0xff, 0xff, 0xff, 0xff, 0xff, 0xff, 0xff, 0xff, 0xff, 0xff, 0xff, 0xff, 0xff, 0xff, 0xff, 0xff, 0xff, 0xff, 0xff, 0xff, 0xff, 0xff, 0xff, 0xff, 0xff, 0xff, 0xff, 0xff, 0x28,
    0x00, 0xfe, 0xff, 0xff, 0xff, 0xff, 0xff, 0xff, 0xff, 0xff, 0xff, 0xff, 0xff, 0xff, 0xff, 0xff, 0xff, 0xff, 0xff, 0xff, 0xff, 0xff, 0xff, 0xff, 0xff, 0xff, 0xff, 0xff, 0xff, 0xff, 0xff, 0xff, 0xfe, 0x00,
    0x00, 0xf0, 0xff, 0xff, 0xff, 0xff, 0xff, 0xff, 0xff, 0xff, 0xff, 0xff, 0xff, 0xff, 0xff, 0xff, 0xff, 0xff, 0xff, 0xff, 0xff, 0xff, 0xff, 0xff, 0xff, 0xff, 0xff, 0xff, 0xff, 0xff, 0xff, 0xff, 0xf0, 0x00,
    0x00, 0xc2, 0xff, 0xff, 0xff, 0xff, 0xff, 0xff, 0xff, 0xff, 0xff, 0xff, 0xff, 0xff, 0xff, 0xff, 0xff, 0xff, 0xff, 0xff, 0xff, 0xff, 0xff, 0xff, 0xff, 0xff, 0xff, 0xff, 0xff, 0xff, 0xff, 0xff, 0xc2, 0x00,
    0x00, 0x5e, 0xff, 0xff, 0xff, 0xff, 0xff, 0xff, 0xff, 0xff, 0xff, 0xff, 0xff, 0xff, 0xff, 0xff, 0xff, 0xff, 0xff, 0xff, 0xff, 0xff, 0xff, 0xff, 0xff, 0xff, 0xff, 0xff, 0xff, 0xff, 0xff, 0xff, 0x5e, 0x00,
    0x00, 0x00, 0xf0, 0xff, 0xff, 0xff, 0xff, 0xff, 0xff, 0xff, 0xff, 0xff, 0xff, 0xff, 0xff, 0xff, 0xff, 0xff, 0xff, 0xff, 0xff, 0xff, 0xff, 0xff, 0xff, 0xff, 0xff, 0xff, 0xff, 0xff, 0xff, 0xf0, 0x00, 0x00,
    0x00, 0x00, 0x8b, 0xff, 0xff, 0xff, 0xff, 0xff, 0xff, 0xff, 0xff, 0xff, 0xff, 0xff, 0xff, 0xff, 0xff, 0xff, 0xff, 0xff, 0xff, 0xff, 0xff, 0xff, 0xff, 0xff, 0xff, 0xff, 0xff, 0xff, 0xff, 0x8b, 0x00, 0x00,
    0x00, 0x00, 0x00, 0xe8, 0xff, 0xff, 0xff, 0xff, 0xff, 0xff, 0xff, 0xff, 0xff, 0xff, 0xff, 0xff, 0xff, 0xff, 0xff, 0xff, 0xff, 0xff, 0xff, 0xff, 0xff, 0xff, 0xff, 0xff, 0xff, 0xff, 0xe8, 0x00, 0x00, 0x00,
    0x00, 0x00, 0x00, 0x44, 0xff, 0xff, 0xff, 0xff, 0xff, 0xff, 0xff, 0xff, 0xff, 0xff, 0xff, 0xff, 0xff, 0xff, 0xff, 0xff, 0xff, 0xff, 0xff, 0xff, 0xff, 0xff, 0xff, 0xff, 0xff, 0xff, 0x44, 0x00, 0x00, 0x00,
    0x00, 0x00, 0x00, 0x00, 0x8b, 0xff, 0xff, 0xff, 0xff, 0xff, 0xff, 0xff, 0xff, 0xff, 0xff, 0xff, 0xff, 0xff, 0xff, 0xff, 0xff, 0xff, 0xff, 0xff, 0xff, 0xff, 0xff, 0xff, 0xff, 0x8b, 0x00, 0x00, 0x00, 0x00,
    0x00, 0x00, 0x00, 0x00, 0x00, 0x9f, 0xff, 0xff, 0xff, 0xff, 0xff, 0xff, 0xff, 0xff, 0xff, 0xff, 0xff, 0xff, 0xff, 0xff, 0xff, 0xff, 0xff, 0xff, 0xff, 0xff, 0xff, 0xff, 0x9f, 0x00, 0x00, 0x00, 0x00, 0x00,
    0x00, 0x00, 0x00, 0x00, 0x00, 0x00, 0x8b, 0xff, 0xff, 0xff, 0xff, 0xff, 0xff, 0xff, 0xff, 0xff, 0xff, 0xff, 0xff, 0xff, 0xff, 0xff, 0xff, 0xff, 0xff, 0xff, 0xff, 0x8b, 0x00, 0x00, 0x00, 0x00, 0x00, 0x00,
    0x00, 0x00, 0x00, 0x00, 0x00, 0x00, 0x00, 0x44, 0xe8, 0xff, 0xff, 0xff, 0xff, 0xff, 0xff, 0xff, 0xff, 0xff, 0xff, 0xff, 0xff, 0xff, 0xff, 0xff, 0xff, 0xe8, 0x44, 0x00, 0x00, 0x00, 0x00, 0x00, 0x00, 0x00,
    0x00, 0x00, 0x00, 0x00, 0x00, 0x00, 0x00, 0x00, 0x00, 0x8b, 0xf0, 0xff, 0xff, 0xff, 0xff, 0xff, 0xff, 0xff, 0xff, 0xff, 0xff, 0xff, 0xff, 0xf0, 0x8b, 0x00, 0x00, 0x00, 0x00, 0x00, 0x00, 0x00, 0x00, 0x00,
    0x00, 0x00, 0x00, 0x00, 0x00, 0x00, 0x00, 0x00, 0x00, 0x00, 0x00, 0x5e, 0xc2, 0xf0, 0xfe, 0xff, 0xff, 0xff, 0xff, 0xfe, 0xf0, 0xc2, 0x5e, 0x00, 0x00, 0x00, 0x00, 0x00, 0x00, 0x00, 0x00, 0x00, 0x00, 0x00,
    0x00, 0x00, 0x00, 0x00, 0x00, 0x00, 0x00, 0x00, 0x00, 0x00, 0x00, 0x00, 0x00, 0x00, 0x00, 0x28, 0x43, 0x43, 0x28, 0x00, 0x00, 0x00, 0x00, 0x00, 0x00, 0x00, 0x00, 0x00, 0x00, 0x00, 0x00, 0x00, 0x00, 0x00,
};

const lv_image_dsc_t sign_no_horn = {
    .header = { .magic = LV_IMAGE_HEADER_MAGIC, .cf = LV_COLOR_FORMAT_RGB565A8,
                .w = 34, .h = 34, .stride = 68 },
    .data_size = sizeof(sign_no_horn_map),
    .data = sign_no_horn_map,
};

static const uint8_t sign_pedestrian_map[] = {
    0x00, 0x00, 0x00, 0x00, 0x00, 0x00, 0x00, 0x00, 0x00, 0x00, 0x00, 0x00, 0x00, 0x00, 0x00, 0x00, 0x00, 0x00, 0x00, 0x00, 0x00, 0x00, 0x00, 0x00, 0x00, 0x00, 0x00, 0x00, 0x00, 0x00, 0x00, 0x00, 0x00, 0x00, 0x00, 0x00, 0x00, 0x00, 0x00, 0x00, 0x00, 0x00, 0x00, 0x00, 0x00, 0x00, 0x00, 0x00, 0x00, 0x00, 0x00, 0x00, 0x00, 0x00, 0x00, 0x00, 0x00, 0x00, 0x00, 0x00, 0x00, 0x00, 0x00, 0x00, 0x00, 0x00, 0x00, 0x00,
    0x00, 0x00, 0x00, 0x00, 0x00, 0x00, 0x00, 0x00, 0x00, 0x00, 0x00, 0x00, 0x00, 0x00, 0x00, 0x00, 0x00, 0x00, 0x00, 0x00, 0x00, 0x00, 0x00, 0x00, 0x00, 0x00, 0x00, 0x00, 0x00, 0x00, 0x00, 0x00, 0x67, 0xd9, 0x67, 0xd9, 0x00, 0x00, 0x00, 0x00, 0x00, 0x00, 0x00, 0x00, 0x00, 0x00, 0x00, 0x00, 0x00, 0x00, 0x00, 0x00, 0x00, 0x00, 0x00, 0x00, 0x00, 0x00, 0x00, 0x00, 0x00, 0x00, 0x00, 0x00, 0x00, 0x00, 0x00, 0x00,
    0x00, 0x00, 0x00, 0x00, 0x00, 0x00, 0x00, 0x00, 0x00, 0x00, 0x00, 0x00, 0x00, 0x00, 0x00, 0x00, 0x00, 0x00, 0x00, 0x00, 0x00, 0x00, 0x00, 0x00, 0x00, 0x00, 0x00, 0x00, 0x00, 0x00, 0x67, 0xd9, 0x67, 0xe1, 0x67, 0xe1, 0x67, 0xe1, 0x00, 0x00, 0x00, 0x00, 0x00, 0x00, 0x00, 0x00, 0x00, 0x00, 0x00, 0x00, 0x00, 0x00, 0x00, 0x00, 0x00, 0x00, 0x00, 0x00, 0x00, 0x00, 0x00, 0x00, 0x00, 0x00, 0x00, 0x00, 0x00, 0x00,
    0x00, 0x00, 0x00, 0x00, 0x00, 0x00, 0x00, 0x00, 0x00, 0x00, 0x00, 0x00, 0x00, 0x00, 0x00, 0x00, 0x00, 0x00, 0x00, 0x00, 0x00, 0x00, 0x00, 0x00, 0x00, 0x00, 0x00, 0x00, 0x67, 0xd9, 0x67, 0xe1, 0x67, 0xe1, 0x67, 0xe1, 0x67, 0xe1, 0x87, 0xd9, 0x00, 0x00, 0x00, 0x00, 0x00, 0x00, 0x00, 0x00, 0x00, 0x00, 0x00, 0x00, 0x00, 0x00, 0x00, 0x00, 0x00, 0x00, 0x00, 0x00, 0x00, 0x00, 0x00, 0x00, 0x00, 0x00, 0x00, 0x00,
    0x00, 0x00, 0x00, 0x00, 0x00, 0x00, 0x00, 0x00, 0x00, 0x00, 0x00, 0x00, 0x00, 0x00, 0x00, 0x00, 0x00, 0x00, 0x00, 0x00, 0x00, 0x00, 0x00, 0x00, 0x00, 0x00, 0x00, 0x00, 0x67, 0xe1, 0x67, 0xe1, 0x67, 0xe1, 0x67, 0xe1, 0x67, 0xe1, 0x67, 0xe1, 0x00, 0x00, 0x00, 0x00, 0x00, 0x00, 0x00, 0x00, 0x00, 0x00, 0x00, 0x00, 0x00, 0x00, 0x00, 0x00, 0x00, 0x00, 0x00, 0x00, 0x00, 0x00, 0x00, 0x00, 0x00, 0x00, 0x00, 0x00,
    0x00, 0x00, 0x00, 0x00, 0x00, 0x00, 0x00, 0x00, 0x00, 0x00, 0x00, 0x00, 0x00, 0x00, 0x00, 0x00, 0x00, 0x00, 0x00, 0x00, 0x00, 0x00, 0x00, 0x00, 0x00, 0x00, 0x67, 0xd9, 0x67, 0xe1, 0x67, 0xe1, 0x67, 0xe1, 0x67, 0xe1, 0x67, 0xe1, 0x67, 0xe1, 0x87, 0xd9, 0x00, 0x00, 0x00, 0x00, 0x00, 0x00, 0x00, 0x00, 0x00, 0x00, 0x00, 0x00, 0x00, 0x00, 0x00, 0x00, 0x00, 0x00, 0x00, 0x00, 0x00, 0x00, 0x00, 0x00, 0x00, 0x00,
    0x00, 0x00, 0x00, 0x00, 0x00, 0x00, 0x00, 0x00, 0x00, 0x00, 0x00, 0x00, 0x00, 0x00, 0x00, 0x00, 0x00, 0x00, 0x00, 0x00, 0x00, 0x00, 0x00, 0x00, 0x00, 0x00, 0x67, 0xe1, 0x67, 0xe1, 0x67, 0xe1, 0x67, 0xe1, 0xa6, 0xe2, 0x67, 0xe1, 0x67, 0xe1, 0x67, 0xe1, 0x00, 0x00, 0x00, 0x00, 0x00, 0x00, 0x00, 0x00, 0x00, 0x00, 0x00, 0x00, 0x00, 0x00, 0x00, 0x00, 0x00, 0x00, 0x00, 0x00, 0x00, 0x00, 0x00, 0x00, 0x00, 0x00,
    0x00, 0x00, 0x00, 0x00, 0x00, 0x00, 0x00, 0x00, 0x00, 0x00, 0x00, 0x00, 0x00, 0x00, 0x00, 0x00, 0x00, 0x00, 0x00, 0x00, 0x00, 0x00, 0x00, 0x00, 0x67, 0xd9, 0x67, 0xe1, 0x67, 0xe1, 0x67, 0xe1, 0xc5, 0xeb, 0xe4, 0xf4, 0x67, 0xe1, 0x67, 0xe1, 0x67, 0xe1, 0x67, 0xd9, 0x00, 0x00, 0x00, 0x00, 0x00, 0x00, 0x00, 0x00, 0x00, 0x00, 0x00, 0x00, 0x00, 0x00, 0x00, 0x00, 0x00, 0x00, 0x00, 0x00, 0x00, 0x00, 0x00, 0x00,
    0x00, 0x00, 0x00, 0x00, 0x00, 0x00, 0x00, 0x00, 0x00, 0x00, 0x00, 0x00, 0x00, 0x00, 0x00, 0x00, 0x00, 0x00, 0x00, 0x00, 0x00, 0x00, 0x00, 0x00, 0x67, 0xe1, 0x67, 0xe1, 0x67, 0xe1, 0xc5, 0xeb, 0x23, 0xf6, 0x23, 0xf6, 0xa6, 0xe2, 0x67, 0xe1, 0x67, 0xe1, 0x67, 0xe1, 0x87, 0xd9, 0x00, 0x00, 0x00, 0x00, 0x00, 0x00, 0x00, 0x00, 0x00, 0x00, 0x00, 0x00, 0x00, 0x00, 0x00, 0x00, 0x00, 0x00, 0x00, 0x00, 0x00, 0x00,
    0x00, 0x00, 0x00, 0x00, 0x00, 0x00, 0x00, 0x00, 0x00, 0x00, 0x00, 0x00, 0x00, 0x00, 0x00, 0x00, 0x00, 0x00, 0x00, 0x00, 0x00, 0x00, 0x67, 0xd9, 0x67, 0xe1, 0x67, 0xe1, 0x67, 0xe1, 0xc5, 0xeb, 0x23, 0xf6, 0x23, 0xf6, 0xe4, 0xf4, 0x67, 0xe1, 0x67, 0xe1, 0x67, 0xe1, 0x67, 0xe1, 0x00, 0x00, 0x00, 0x00, 0x00, 0x00, 0x00, 0x00, 0x00, 0x00, 0x00, 0x00, 0x00, 0x00, 0x00, 0x00, 0x00, 0x00, 0x00, 0x00, 0x00, 0x00,
    0x00, 0x00, 0x00, 0x00, 0x00, 0x00, 0x00, 0x00, 0x00, 0x00, 0x00, 0x00, 0x00, 0x00, 0x00, 0x00, 0x00, 0x00, 0x00, 0x00, 0x67, 0xd9, 0x67, 0xe1, 0x67, 0xe1, 0x67, 0xe1, 0xc5, 0xeb, 0x23, 0xf6, 0x23, 0xf6, 0x23, 0xf6, 0x23, 0xf6, 0xa6, 0xe2, 0x67, 0xe1, 0x67, 0xe1, 0x67, 0xe1, 0x87, 0xd9, 0x00, 0x00, 0x00, 0x00, 0x00, 0x00, 0x00, 0x00, 0x00, 0x00, 0x00, 0x00, 0x00, 0x00, 0x00, 0x00, 0x00, 0x00, 0x00, 0x00,
    0x00, 0x00, 0x00, 0x00, 0x00, 0x00, 0x00, 0x00, 0x00, 0x00, 0x00, 0x00, 0x00, 0x00, 0x00, 0x00, 0x00, 0x00, 0x00, 0x00, 0x67, 0xe1, 0x67, 0xe1, 0x67, 0xe1, 0x67, 0xe1, 0xe3, 0xed, 0x22, 0xcd, 0x23, 0xf6, 0x23, 0xf6, 0x23, 0xf6, 0xe4, 0xf4, 0x67, 0xe1, 0x67, 0xe1, 0x67, 0xe1, 0x67, 0xe1, 0x00, 0x00, 0x00, 0x00, 0x00, 0x00, 0x00, 0x00, 0x00, 0x00, 0x00, 0x00, 0x00, 0x00, 0x00, 0x00, 0x00, 0x00, 0x00, 0x00,
    0x00, 0x00, 0x00, 0x00, 0x00, 0x00, 0x00, 0x00, 0x00, 0x00, 0x00, 0x00, 0x00, 0x00, 0x00, 0x00, 0x00, 0x00, 0x67, 0xd9, 0x67, 0xe1, 0x67, 0xe1, 0x67, 0xe1, 0x24, 0xc3, 0x61, 0x08, 0x41, 0x08, 0xc2, 0x6a, 0x23, 0xf6, 0x23, 0xf6, 0x23, 0xf6, 0x03, 0x7a, 0x41, 0x08, 0x67, 0xe1, 0x67, 0xe1, 0x87, 0xd9, 0x00, 0x00, 0x00, 0x00, 0x00, 0x00, 0x00, 0x00, 0x00, 0x00, 0x00, 0x00, 0x00, 0x00, 0x00, 0x00, 0x00, 0x00,
    0x00, 0x00, 0x00, 0x00, 0x00, 0x00, 0x00, 0x00, 0x00, 0x00, 0x00, 0x00, 0x00, 0x00, 0x00, 0x00, 0x00, 0x00, 0x67, 0xe1, 0x67, 0xe1, 0x67, 0xe1, 0x67, 0xe1, 0x42, 0x83, 0x41, 0x08, 0x41, 0x08, 0x41, 0x08, 0xa2, 0xe5, 0x23, 0xf6, 0x23, 0xf6, 0x42, 0x83, 0x41, 0x08, 0x67, 0xe1, 0x67, 0xe1, 0x67, 0xe1, 0x00, 0x00, 0x00, 0x00, 0x00, 0x00, 0x00, 0x00, 0x00, 0x00, 0x00, 0x00, 0x00, 0x00, 0x00, 0x00, 0x00, 0x00,
    0x00, 0x00, 0x00, 0x00, 0x00, 0x00, 0x00, 0x00, 0x00, 0x00, 0x00, 0x00, 0x00, 0x00, 0x00, 0x00, 0x67, 0xd9, 0x67, 0xe1, 0x67, 0xe1, 0x67, 0xe1, 0xc5, 0xeb, 0x82, 0xb4, 0x41, 0x08, 0x41, 0x08, 0xe2, 0x49, 0x23, 0xf6, 0x23, 0xf6, 0x23, 0xf6, 0xa2, 0xbc, 0x42, 0x83, 0x67, 0xe1, 0x67, 0xe1, 0x67, 0xe1, 0x67, 0xd9, 0x00, 0x00, 0x00, 0x00, 0x00, 0x00, 0x00, 0x00, 0x00, 0x00, 0x00, 0x00, 0x00, 0x00, 0x00, 0x00,
    0x00, 0x00, 0x00, 0x00, 0x00, 0x00, 0x00, 0x00, 0x00, 0x00, 0x00, 0x00, 0x00, 0x00, 0x00, 0x00, 0x67, 0xe1, 0x67, 0xe1, 0x67, 0xe1, 0xc5, 0xeb, 0x23, 0xf6, 0x23, 0xf6, 0xc2, 0xbc, 0x22, 0x52, 0xe3, 0xed, 0x23, 0xf6, 0x23, 0xf6, 0x23, 0xf6, 0x23, 0xf6, 0x23, 0xf6, 0xa6, 0xe2, 0x67, 0xe1, 0x67, 0xe1, 0x67, 0xe1, 0x87, 0xd9, 0x00, 0x00, 0x00, 0x00, 0x00, 0x00, 0x00, 0x00, 0x00, 0x00, 0x00, 0x00, 0x00, 0x00,
    0x00, 0x00, 0x00, 0x00, 0x00, 0x00, 0x00, 0x00, 0x00, 0x00, 0x00, 0x00, 0x00, 0x00, 0x67, 0xd9, 0x67, 0xe1, 0x67, 0xe1, 0x67, 0xe1, 0xc5, 0xeb, 0x23, 0xf6, 0x23, 0xf6, 0x42, 0x83, 0x41, 0x08, 0xa2, 0xbc, 0x23, 0xf6, 0x23, 0xf6, 0x23, 0xf6, 0x23, 0xf6, 0x23, 0xf6, 0xe4, 0xf4, 0x67, 0xe1, 0x67, 0xe1, 0x67, 0xe1, 0x67, 0xe1, 0x00, 0x00, 0x00, 0x00, 0x00, 0x00, 0x00, 0x00, 0x00, 0x00, 0x00, 0x00, 0x00, 0x00,
    0x00, 0x00, 0x00, 0x00, 0x00, 0x00, 0x00, 0x00, 0x00, 0x00, 0x00, 0x00, 0x67, 0xd9, 0x67, 0xe1, 0x67, 0xe1, 0x67, 0xe1, 0xc5, 0xeb, 0x23, 0xf6, 0xc2, 0x41, 0x41, 0x08, 0x41, 0x08, 0x41, 0x08, 0x41, 0x08, 0x41, 0x08, 0x42, 0x83, 0x23, 0xf6, 0x42, 0x83, 0x41, 0x08, 0x23, 0xf6, 0xa6, 0xe2, 0x67, 0xe1, 0x67, 0xe1, 0x67, 0xe1, 0x87, 0xd9, 0x00, 0x00, 0x00, 0x00, 0x00, 0x00, 0x00, 0x00, 0x00, 0x00, 0x00, 0x00,
    0x00, 0x00, 0x00, 0x00, 0x00, 0x00, 0x00, 0x00, 0x00, 0x00, 0x00, 0x00, 0x67, 0xe1, 0x67, 0xe1, 0x67, 0xe1, 0x67, 0xe1, 0x23, 0xf6, 0x23, 0xf6, 0x42, 0x83, 0xc2, 0x41, 0x41, 0x08, 0x41, 0x08, 0xc2, 0x41, 0xc2, 0x41, 0xa2, 0xbc, 0x23, 0xf6, 0x42, 0x83, 0x41, 0x08, 0x23, 0xf6, 0xe4, 0xf4, 0x67, 0xe1, 0x67, 0xe1, 0x67, 0xe1, 0x67, 0xe1, 0x00, 0x00, 0x00, 0x00, 0x00, 0x00, 0x00, 0x00, 0x00, 0x00, 0x00, 0x00,
    0x00, 0x00, 0x00, 0x00, 0x00, 0x00, 0x00, 0x00, 0x00, 0x00, 0x67, 0xd9, 0x67, 0xe1, 0x67, 0xe1, 0x67, 0xe1, 0xc5, 0xeb, 0x23, 0xf6, 0x23, 0xf6, 0x23, 0xf6, 0x23, 0xf6, 0x42, 0x83, 0x41, 0x08, 0xa2, 0xbc, 0x23, 0xf6, 0x23, 0xf6, 0x23, 0xf6, 0xa2, 0xbc, 0x42, 0x83, 0x23, 0xf6, 0x23, 0xf6, 0xc5, 0xeb, 0x67, 0xe1, 0x67, 0xe1, 0x67, 0xe1, 0x87, 0xd9, 0x00, 0x00, 0x00, 0x00, 0x00, 0x00, 0x00, 0x00, 0x00, 0x00,
    0x00, 0x00, 0x00, 0x00, 0x00, 0x00, 0x00, 0x00, 0x00, 0x00, 0x67, 0xe1, 0x67, 0xe1, 0x67, 0xe1, 0x67, 0xe1, 0x23, 0xf6, 0x23, 0xf6, 0x23, 0xf6, 0x23, 0xf6, 0x23, 0xf6, 0x42, 0x83, 0x41, 0x08, 0xa2, 0xbc, 0x23, 0xf6, 0x23, 0xf6, 0x23, 0xf6, 0x23, 0xf6, 0x23, 0xf6, 0x23, 0xf6, 0x23, 0xf6, 0x23, 0xf6, 0xa6, 0xe2, 0x67, 0xe1, 0x67, 0xe1, 0x67, 0xe1, 0x00, 0x00, 0x00, 0x00, 0x00, 0x00, 0x00, 0x00, 0x00, 0x00,
    0x00, 0x00, 0x00, 0x00, 0x00, 0x00, 0x00, 0x00, 0x67, 0xd9, 0x67, 0xe1, 0x67, 0xe1, 0x67, 0xe1, 0xc5, 0xeb, 0x23, 0xf6, 0x23, 0xf6, 0x23, 0xf6, 0x23, 0xf6, 0x23, 0xf6, 0x42, 0x83, 0x41, 0x08, 0x42, 0x83, 0x23, 0xf6, 0x23, 0xf6, 0x23, 0xf6, 0x23, 0xf6, 0x23, 0xf6, 0x23, 0xf6, 0x23, 0xf6, 0x23, 0xf6, 0xe4, 0xf4, 0x67, 0xe1, 0x67, 0xe1, 0x67, 0xe1, 0x67, 0xd9, 0x00, 0x00, 0x00, 0x00, 0x00, 0x00, 0x00, 0x00,
    0x00, 0x00, 0x00, 0x00, 0x00, 0x00, 0x00, 0x00, 0x67, 0xe1, 0x67, 0xe1, 0x67, 0xe1, 0xc5, 0xeb, 0x23, 0xf6, 0x23, 0xf6, 0x23, 0xf6, 0x23, 0xf6, 0x23, 0xf6, 0x42, 0x83, 0x41, 0x08, 0x41, 0x08, 0x41, 0x08, 0x23, 0xf6, 0x23, 0xf6, 0x23, 0xf6, 0x42, 0x83, 0x41, 0x08, 0x23, 0xf6, 0x23, 0xf6, 0x23, 0xf6, 0x23, 0xf6, 0xa6, 0xe2, 0x67, 0xe1, 0x67, 0xe1, 0x67, 0xe1, 0x87, 0xd9, 0x00, 0x00, 0x00, 0x00, 0x00, 0x00,
    0x00, 0x00, 0x00, 0x00, 0x00, 0x00, 0x67, 0xd9, 0x67, 0xe1, 0x67, 0xe1, 0x67, 0xe1, 0xc5, 0xeb, 0x23, 0xf6, 0x23, 0xf6, 0x23, 0xf6, 0x23, 0xf6, 0x23, 0xf6, 0x42, 0x83, 0x41, 0x08, 0xa2, 0xbc, 0x41, 0x08, 0xa2, 0xbc, 0x23, 0xf6, 0x23, 0xf6, 0x42, 0x83, 0x41, 0x08, 0x23, 0xf6, 0x23, 0xf6, 0x23, 0xf6, 0x23, 0xf6, 0xe4, 0xf4, 0x67, 0xe1, 0x67, 0xe1, 0x67, 0xe1, 0x67, 0xe1, 0x00, 0x00, 0x00, 0x00, 0x00, 0x00,
    0x00, 0x00, 0x00, 0x00, 0x67, 0xd9, 0x67, 0xe1, 0x67, 0xe1, 0x67, 0xe1, 0xc5, 0xeb, 0x23, 0xf6, 0x23, 0xf6, 0x23, 0xf6, 0x23, 0xf6, 0x23, 0xf6, 0x42, 0x83, 0x41, 0x08, 0x42, 0x83, 0x23, 0xf6, 0x41, 0x08, 0xc2, 0x41, 0x23, 0xf6, 0x23, 0xf6, 0xa2, 0xbc, 0xc2, 0x41, 0x23, 0xf6, 0x23, 0xf6, 0x23, 0xf6, 0x23, 0xf6, 0x23, 0xf6, 0xa6, 0xe2, 0x67, 0xe1, 0x67, 0xe1, 0x67, 0xe1, 0x87, 0xd9, 0x00, 0x00, 0x00, 0x00,
    0x00, 0x00, 0x00, 0x00, 0x67, 0xe1, 0x67, 0xe1, 0x67, 0xe1, 0x67, 0xe1, 0x23, 0xf6, 0x23, 0xf6, 0x23, 0xf6, 0x23, 0xf6, 0x23, 0xf6, 0x23, 0xf6, 0xa2, 0xbc, 0x41, 0x08, 0x23, 0xf6, 0x23, 0xf6, 0x42, 0x83, 0x41, 0x08, 0xa2, 0xbc, 0x23, 0xf6, 0x23, 0xf6, 0x23, 0xf6, 0x23, 0xf6, 0x23, 0xf6, 0x23, 0xf6, 0x23, 0xf6, 0x23, 0xf6, 0xe4, 0xf4, 0x67, 0xe1, 0x67, 0xe1, 0x67, 0xe1, 0x67, 0xe1, 0x00, 0x00, 0x00, 0x00,
    0x00, 0x00, 0x67, 0xd9, 0x67, 0xe1, 0x67, 0xe1, 0x67, 0xe1, 0xc5, 0xeb, 0x23, 0xf6, 0x23, 0xf6, 0x23, 0xf6, 0x23, 0xf6, 0x23, 0xf6, 0x23, 0xf6, 0x23, 0xf6, 0xa2, 0xbc, 0x23, 0xf6, 0x23, 0xf6, 0x23, 0xf6, 0xa2, 0xbc, 0x23, 0xf6, 0x23, 0xf6, 0x23, 0xf6, 0x23, 0xf6, 0x23, 0xf6, 0x23, 0xf6, 0x23, 0xf6, 0x23, 0xf6, 0x23, 0xf6, 0x23, 0xf6, 0xc5, 0xeb, 0x67, 0xe1, 0x67, 0xe1, 0x67, 0xe1, 0x87, 0xd9, 0x00, 0x00,
    0x00, 0x00, 0x67, 0xe1, 0x67, 0xe1, 0x67, 0xe1, 0x67, 0xe1, 0x23, 0xf6, 0x23, 0xf6, 0x23, 0xf6, 0x23, 0xf6, 0x23, 0xf6, 0x23, 0xf6, 0x23, 0xf6, 0x23, 0xf6, 0x23, 0xf6, 0x23, 0xf6, 0x23, 0xf6, 0x23, 0xf6, 0x23, 0xf6, 0x23, 0xf6, 0x23, 0xf6, 0x23, 0xf6, 0x23, 0xf6, 0x23, 0xf6, 0x23, 0xf6, 0x23, 0xf6, 0x23, 0xf6, 0x23, 0xf6, 0x23, 0xf6, 0x23, 0xf6, 0xa6, 0xe2, 0x67, 0xe1, 0x67, 0xe1, 0x67, 0xe1, 0x00, 0x00,
    0x67, 0xd9, 0x67, 0xe1, 0x67, 0xe1, 0x67, 0xe1, 0x67, 0xe1, 0x67, 0xe1, 0x67, 0xe1, 0x67, 0xe1, 0x67, 0xe1, 0x67, 0xe1, 0x67, 0xe1, 0x67, 0xe1, 0x67, 0xe1, 0x67, 0xe1, 0x67, 0xe1, 0x67, 0xe1, 0x67, 0xe1, 0x67, 0xe1, 0x67, 0xe1, 0x67, 0xe1, 0x67, 0xe1, 0x67, 0xe1, 0x67, 0xe1, 0x67, 0xe1, 0x67, 0xe1, 0x67, 0xe1, 0x67, 0xe1, 0x67, 0xe1, 0x67, 0xe1, 0x67, 0xe1, 0x67, 0xe1, 0x67, 0xe1, 0x67, 0xe1, 0x67, 0xd9,
    0x67, 0xe1, 0x67, 0xe1, 0x67, 0xe1, 0x67, 0xe1, 0x67, 0xe1, 0x67, 0xe1, 0x67, 0xe1, 0x67, 0xe1, 0x67, 0xe1, 0x67, 0xe1, 0x67, 0xe1, 0x67, 0xe1, 0x67, 0xe1, 0x67, 0xe1, 0x67, 0xe1, 0x67, 0xe1, 0x67, 0xe1, 0x67, 0xe1, 0x67, 0xe1, 0x67, 0xe1, 0x67, 0xe1, 0x67, 0xe1, 0x67, 0xe1, 0x67, 0xe1, 0x67, 0xe1, 0x67, 0xe1, 0x67, 0xe1, 0x67, 0xe1, 0x67, 0xe1, 0x67, 0xe1, 0x67, 0xe1, 0x67, 0xe1, 0x67, 0xe1, 0x67, 0xe1,
    0x67, 0xd9, 0x67, 0xe1, 0x67, 0xe1, 0x67, 0xe1, 0x67, 0xe1, 0x67, 0xe1, 0x67, 0xe1, 0x67, 0xe1, 0x67, 0xe1, 0x67, 0xe1, 0x67, 0xe1, 0x67, 0xe1, 0x67, 0xe1, 0x67, 0xe1, 0x67, 0xe1, 0x67, 0xe1, 0x67, 0xe1, 0x67, 0xe1, 0x67, 0xe1, 0x67, 0xe1, 0x67, 0xe1, 0x67, 0xe1, 0x67, 0xe1, 0x67, 0xe1, 0x67, 0xe1, 0x67, 0xe1, 0x67, 0xe1, 0x67, 0xe1, 0x67, 0xe1, 0x67, 0xe1, 0x67, 0xe1, 0x67, 0xe1, 0x67, 0xe1, 0x67, 0xd9,
    0x00, 0x00, 0x67, 0xd9, 0x67, 0xd9, 0x67, 0xd9, 0x67, 0xd9, 0x67, 0xd9, 0x67, 0xd9, 0x67, 0xd9, 0x67, 0xd9, 0x67, 0xd9, 0x67, 0xd9, 0x67, 0xd9, 0x67, 0xd9, 0x67, 0xd9, 0x67, 0xd9, 0x67, 0xd9, 0x67, 0xd9, 0x67, 0xd9, 0x67, 0xd9, 0x67, 0xd9, 0x67, 0xd9, 0x67, 0xd9, 0x67, 0xd9, 0x67, 0xd9, 0x67, 0xd9, 0x67, 0xd9, 0x67, 0xd9, 0x67, 0xd9, 0x67, 0xd9, 0x67, 0xd9, 0x67, 0xd9, 0x67, 0xd9, 0x87, 0xd9, 0x00, 0x00,
    0x00, 0x00, 0x00, 0x00, 0x00, 0x00, 0x00, 0x00, 0x00, 0x00, 0x00, 0x00, 0x00, 0x00, 0x00, 0x00, 0x00, 0x00, 0x00, 0x00, 0x00, 0x00, 0x00, 0x00, 0x00, 0x00, 0x00, 0x00, 0x00, 0x00, 0x00, 0x00, 0x00, 0x00, 0x00, 0x00, 0x00, 0x00, 0x00, 0x00, 0x00, 0x00, 0x00, 0x00, 0x00, 0x00, 0x00, 0x00, 0x00, 0x00, 0x00, 0x00, 0x00, 0x00, 0x00, 0x00, 0x00, 0x00, 0x00, 0x00, 0x00, 0x00, 0x00, 0x00, 0x00, 0x00, 0x00, 0x00,
    0x00, 0x00, 0x00, 0x00, 0x00, 0x00, 0x00, 0x00, 0x00, 0x00, 0x00, 0x00, 0x00, 0x00, 0x00, 0x00, 0x00, 0x00, 0x00, 0x00, 0x00, 0x00, 0x00, 0x00, 0x00, 0x00, 0x00, 0x00, 0x00, 0x00, 0x00, 0x00, 0x00, 0x00, 0x00, 0x00, 0x00, 0x00, 0x00, 0x00, 0x00, 0x00, 0x00, 0x00, 0x00, 0x00, 0x00, 0x00, 0x00, 0x00, 0x00, 0x00, 0x00, 0x00, 0x00, 0x00, 0x00, 0x00, 0x00, 0x00, 0x00, 0x00, 0x00, 0x00, 0x00, 0x00, 0x00, 0x00,
    0x00, 0x00, 0x00, 0x00, 0x00, 0x00, 0x00, 0x00, 0x00, 0x00, 0x00, 0x00, 0x00, 0x00, 0x00, 0x00, 0x00, 0x00, 0x00, 0x00, 0x00, 0x00, 0x00, 0x00, 0x00, 0x00, 0x00, 0x00, 0x00, 0x00, 0x00, 0x00, 0x00, 0x00,
    0x00, 0x00, 0x00, 0x00, 0x00, 0x00, 0x00, 0x00, 0x00, 0x00, 0x00, 0x00, 0x00, 0x00, 0x00, 0x00, 0x80, 0x80, 0x00, 0x00, 0x00, 0x00, 0x00, 0x00, 0x00, 0x00, 0x00, 0x00, 0x00, 0x00, 0x00, 0x00, 0x00, 0x00,
    0x00, 0x00, 0x00, 0x00, 0x00, 0x00, 0x00, 0x00, 0x00, 0x00, 0x00, 0x00, 0x00, 0x00, 0x00, 0x80, 0xff, 0xff, 0xbf, 0x00, 0x00, 0x00, 0x00, 0x00, 0x00, 0x00, 0x00, 0x00, 0x00, 0x00, 0x00, 0x00, 0x00, 0x00,
    0x00, 0x00, 0x00, 0x00, 0x00, 0x00, 0x00, 0x00, 0x00, 0x00, 0x00, 0x00, 0x00, 0x00, 0x80, 0xff, 0xff, 0xff, 0xff, 0x40, 0x00, 0x00, 0x00, 0x00, 0x00, 0x00, 0x00, 0x00, 0x00, 0x00, 0x00, 0x00, 0x00, 0x00,
    0x00, 0x00, 0x00, 0x00, 0x00, 0x00, 0x00, 0x00, 0x00, 0x00, 0x00, 0x00, 0x00, 0x00, 0xbf, 0xff, 0xff, 0xff, 0xff, 0xbf, 0x00, 0x00, 0x00, 0x00, 0x00, 0x00, 0x00, 0x00, 0x00, 0x00, 0x00, 0x00, 0x00, 0x00,
    0x00, 0x00, 0x00, 0x00, 0x00, 0x00, 0x00, 0x00, 0x00, 0x00, 0x00, 0x00, 0x00, 0x80, 0xff, 0xff, 0xff, 0xff, 0xff, 0xff, 0x40, 0x00, 0x00, 0x00, 0x00, 0x00, 0x00, 0x00, 0x00, 0x00, 0x00, 0x00, 0x00, 0x00,
    0x00, 0x00, 0x00, 0x00, 0x00, 0x00, 0x00, 0x00, 0x00, 0x00, 0x00, 0x00, 0x00, 0xff, 0xff, 0xff, 0xff, 0xff, 0xff, 0xff, 0xff, 0x00, 0x00, 0x00, 0x00, 0x00, 0x00, 0x00, 0x00, 0x00, 0x00, 0x00, 0x00, 0x00,
    0x00, 0x00, 0x00, 0x00, 0x00, 0x00, 0x00, 0x00, 0x00, 0x00, 0x00, 0x00, 0x80, 0xff, 0xff, 0xff, 0xff, 0xff, 0xff, 0xff, 0xff, 0x80, 0x00, 0x00, 0x00, 0x00, 0x00, 0x00, 0x00, 0x00, 0x00, 0x00, 0x00, 0x00,
    0x00, 0x00, 0x00, 0x00, 0x00, 0x00, 0x00, 0x00, 0x00, 0x00, 0x00, 0x00, 0xff, 0xff, 0xff, 0xff, 0xff, 0xff, 0xff, 0xff, 0xff, 0xff, 0x40, 0x00, 0x00, 0x00, 0x00, 0x00, 0x00, 0x00, 0x00, 0x00, 0x00, 0x00,
    0x00, 0x00, 0x00, 0x00, 0x00, 0x00, 0x00, 0x00, 0x00, 0x00, 0x00, 0x80, 0xff, 0xff, 0xff, 0xff, 0xff, 0xff, 0xff, 0xff, 0xff, 0xff, 0xbf, 0x00, 0x00, 0x00, 0x00, 0x00, 0x00, 0x00, 0x00, 0x00, 0x00, 0x00,
    0x00, 0x00, 0x00, 0x00, 0x00, 0x00, 0x00, 0x00, 0x00, 0x00, 0x80, 0xff, 0xff, 0xff, 0xff, 0xff, 0xff, 0xff, 0xff, 0xff, 0xff, 0xff, 0xff, 0x40, 0x00, 0x00, 0x00, 0x00, 0x00, 0x00, 0x00, 0x00, 0x00, 0x00,
    0x00, 0x00, 0x00, 0x00, 0x00, 0x00, 0x00, 0x00, 0x00, 0x00, 0xbf, 0xff, 0xff, 0xff, 0xff, 0xff, 0xff, 0xff, 0xff, 0xff, 0xff, 0xff, 0xff, 0xbf, 0x00, 0x00, 0x00, 0x00, 0x00, 0x00, 0x00, 0x00, 0x00, 0x00,
    0x00, 0x00, 0x00, 0x00, 0x00, 0x00, 0x00, 0x00, 0x00, 0x80, 0xff, 0xff, 0xff, 0xff, 0xff, 0xff, 0xff, 0xff, 0xff, 0xff, 0xff, 0xff, 0xff, 0xff, 0x40, 0x00, 0x00, 0x00, 0x00, 0x00, 0x00, 0x00, 0x00, 0x00,
    0x00, 0x00, 0x00, 0x00, 0x00, 0x00, 0x00, 0x00, 0x00, 0xff, 0xff, 0xff, 0xff, 0xff, 0xff, 0xff, 0xff, 0xff, 0xff, 0xff, 0xff, 0xff, 0xff, 0xff, 0xff, 0x00, 0x00, 0x00, 0x00, 0x00, 0x00, 0x00, 0x00, 0x00,
    0x00, 0x00, 0x00, 0x00, 0x00, 0x00, 0x00, 0x00, 0x80, 0xff, 0xff, 0xff, 0xff, 0xff, 0xff, 0xff, 0xff, 0xff, 0xff, 0xff, 0xff, 0xff, 0xff, 0xff, 0xff, 0x80, 0x00, 0x00, 0x00, 0x00, 0x00, 0x00, 0x00, 0x00,
    0x00, 0x00, 0x00, 0x00, 0x00, 0x00, 0x00, 0x00, 0xff, 0xff, 0xff, 0xff, 0xff, 0xff, 0xff, 0xff, 0xff, 0xff, 0xff, 0xff, 0xff, 0xff, 0xff, 0xff, 0xff, 0xff, 0x40, 0x00, 0x00, 0x00, 0x00, 0x00, 0x00, 0x00,
    0x00, 0x00, 0x00, 0x00, 0x00, 0x00, 0x00, 0x80, 0xff, 0xff, 0xff, 0xff, 0xff, 0xff, 0xff, 0xff, 0xff, 0xff, 0xff, 0xff, 0xff, 0xff, 0xff, 0xff, 0xff, 0xff, 0xbf, 0x00, 0x00, 0x00, 0x00, 0x00, 0x00, 0x00,
    0x00, 0x00, 0x00, 0x00, 0x00, 0x00, 0x80, 0xff, 0xff, 0xff, 0xff, 0xff, 0xff, 0xff, 0xff, 0xff, 0xff, 0xff, 0xff, 0xff, 0xff, 0xff, 0xff, 0xff, 0xff, 0xff, 0xff, 0x40, 0x00, 0x00, 0x00, 0x00, 0x00, 0x00,
    0x00, 0x00, 0x00, 0x00, 0x00, 0x00, 0xbf, 0xff, 0xff, 0xff, 0xff, 0xff, 0xff, 0xff, 0xff, 0xff, 0xff, 0xff, 0xff, 0xff, 0xff, 0xff, 0xff, 0xff, 0xff, 0xff, 0xff, 0xbf, 0x00, 0x00, 0x00, 0x00, 0x00, 0x00,
    0x00, 0x00, 0x00, 0x00, 0x00, 0x80, 0xff, 0xff, 0xff, 0xff, 0xff, 0xff, 0xff, 0xff, 0xff, 0xff, 0xff, 0xff, 0xff, 0xff, 0xff, 0xff, 0xff, 0xff, 0xff, 0xff, 0xff, 0xff, 0x40, 0x00, 0x00, 0x00, 0x00, 0x00,
    0x00, 0x00, 0x00, 0x00, 0x00, 0xff, 0xff, 0xff, 0xff, 0xff, 0xff, 0xff, 0xff, 0xff, 0xff, 0xff, 0xff, 0xff, 0xff, 0xff, 0xff, 0xff, 0xff, 0xff, 0xff, 0xff, 0xff, 0xff, 0xff, 0x00, 0x00, 0x00, 0x00, 0x00,
    0x00, 0x00, 0x00, 0x00, 0x80, 0xff, 0xff, 0xff, 0xff, 0xff, 0xff, 0xff, 0xff, 0xff, 0xff, 0xff, 0xff, 0xff, 0xff, 0xff, 0xff, 0xff, 0xff, 0xff, 0xff, 0xff, 0xff, 0xff, 0xff, 0x80, 0x00, 0x00, 0x00, 0x00,
    0x00, 0x00, 0x00, 0x00, 0xff, 0xff, 0xff, 0xff, 0xff, 0xff, 0xff, 0xff, 0xff, 0xff, 0xff, 0xff, 0xff, 0xff, 0xff, 0xff, 0xff, 0xff, 0xff, 0xff, 0xff, 0xff, 0xff, 0xff, 0xff, 0xff, 0x40, 0x00, 0x00, 0x00,
    0x00, 0x00, 0x00, 0x80, 0xff, 0xff, 0xff, 0xff, 0xff, 0xff, 0xff, 0xff, 0xff, 0xff, 0xff, 0xff, 0xff, 0xff, 0xff, 0xff, 0xff, 0xff, 0xff, 0xff, 0xff, 0xff, 0xff, 0xff, 0xff, 0xff, 0xbf, 0x00, 0x00, 0x00,
    0x00, 0x00, 0x80, 0xff, 0xff, 0xff, 0xff, 0xff, 0xff, 0xff, 0xff, 0xff, 0xff, 0xff, 0xff, 0xff, 0xff, 0xff, 0xff, 0xff, 0xff, 0xff, 0xff, 0xff, 0xff, 0xff, 0xff, 0xff, 0xff, 0xff, 0xff, 0x40, 0x00, 0x00,
    0x00, 0x00, 0xbf, 0xff, 0xff, 0xff, 0xff, 0xff, 0xff, 0xff, 0xff, 0xff, 0xff, 0xff, 0xff, 0xff, 0xff, 0xff, 0xff, 0xff, 0xff, 0xff, 0xff, 0xff, 0xff, 0xff, 0xff, 0xff, 0xff, 0xff, 0xff, 0xbf, 0x00, 0x00,
    0x00, 0x80, 0xff, 0xff, 0xff, 0xff, 0xff, 0xff, 0xff, 0xff, 0xff, 0xff, 0xff, 0xff, 0xff, 0xff, 0xff, 0xff, 0xff, 0xff, 0xff, 0xff, 0xff, 0xff, 0xff, 0xff, 0xff, 0xff, 0xff, 0xff, 0xff, 0xff, 0x40, 0x00,
    0x00, 0xff, 0xff, 0xff, 0xff, 0xff, 0xff, 0xff, 0xff, 0xff, 0xff, 0xff, 0xff, 0xff, 0xff, 0xff, 0xff, 0xff, 0xff, 0xff, 0xff, 0xff, 0xff, 0xff, 0xff, 0xff, 0xff, 0xff, 0xff, 0xff, 0xff, 0xff, 0xff, 0x00,
    0x80, 0xff, 0xff, 0xff, 0xff, 0xff, 0xff, 0xff, 0xff, 0xff, 0xff, 0xff, 0xff, 0xff, 0xff, 0xff, 0xff, 0xff, 0xff, 0xff, 0xff, 0xff, 0xff, 0xff, 0xff, 0xff, 0xff, 0xff, 0xff, 0xff, 0xff, 0xff, 0xff, 0x80,
    0xbf, 0xff, 0xff, 0xff, 0xff, 0xff, 0xff, 0xff, 0xff, 0xff, 0xff, 0xff, 0xff, 0xff, 0xff, 0xff, 0xff, 0xff, 0xff, 0xff, 0xff, 0xff, 0xff, 0xff, 0xff, 0xff, 0xff, 0xff, 0xff, 0xff, 0xff, 0xff, 0xff, 0xbf,
    0x80, 0xff, 0xff, 0xff, 0xff, 0xff, 0xff, 0xff, 0xff, 0xff, 0xff, 0xff, 0xff, 0xff, 0xff, 0xff, 0xff, 0xff, 0xff, 0xff, 0xff, 0xff, 0xff, 0xff, 0xff, 0xff, 0xff, 0xff, 0xff, 0xff, 0xff, 0xff, 0xff, 0x80,
    0x00, 0x80, 0x80, 0x80, 0x80, 0x80, 0x80, 0x80, 0x80, 0x80, 0x80, 0x80, 0x80, 0x80, 0x80, 0x80, 0x80, 0x80, 0x80, 0x80, 0x80, 0x80, 0x80, 0x80, 0x80, 0x80, 0x80, 0x80, 0x80, 0x80, 0x80, 0x80, 0x40, 0x00,
    0x00, 0x00, 0x00, 0x00, 0x00, 0x00, 0x00, 0x00, 0x00, 0x00, 0x00, 0x00, 0x00, 0x00, 0x00, 0x00, 0x00, 0x00, 0x00, 0x00, 0x00, 0x00, 0x00, 0x00, 0x00, 0x00, 0x00, 0x00, 0x00, 0x00, 0x00, 0x00, 0x00, 0x00,
    0x00, 0x00, 0x00, 0x00, 0x00, 0x00, 0x00, 0x00, 0x00, 0x00, 0x00, 0x00, 0x00, 0x00, 0x00, 0x00, 0x00, 0x00, 0x00, 0x00, 0x00, 0x00, 0x00, 0x00, 0x00, 0x00, 0x00, 0x00, 0x00, 0x00, 0x00, 0x00, 0x00, 0x00,
};

const lv_image_dsc_t sign_pedestrian = {
    .header = { .magic = LV_IMAGE_HEADER_MAGIC, .cf = LV_COLOR_FORMAT_RGB565A8,
                .w = 34, .h = 34, .stride = 68 },
    .data_size = sizeof(sign_pedestrian_map),
    .data = sign_pedestrian_map,
};

static const uint8_t sign_sharp_curve_map[] = {
    0x00, 0x00, 0x00, 0x00, 0x00, 0x00, 0x00, 0x00, 0x00, 0x00, 0x00, 0x00, 0x00, 0x00, 0x00, 0x00, 0x00, 0x00, 0x00, 0x00, 0x00, 0x00, 0x00, 0x00, 0x00, 0x00, 0x00, 0x00, 0x00, 0x00, 0x00, 0x00, 0x00, 0x00, 0x00, 0x00, 0x00, 0x00, 0x00, 0x00, 0x00, 0x00, 0x00, 0x00, 0x00, 0x00, 0x00, 0x00, 0x00, 0x00, 0x00, 0x00, 0x00, 0x00, 0x00, 0x00, 0x00, 0x00, 0x00, 0x00, 0x00, 0x00, 0x00, 0x00, 0x00, 0x00, 0x00, 0x00,
    0x00, 0x00, 0x00, 0x00, 0x00, 0x00, 0x00, 0x00, 0x00, 0x00, 0x00, 0x00, 0x00, 0x00, 0x00, 0x00, 0x00, 0x00, 0x00, 0x00, 0x00, 0x00, 0x00, 0x00, 0x00, 0x00, 0x00, 0x00, 0x00, 0x00, 0x00, 0x00, 0x67, 0xd9, 0x67, 0xd9, 0x00, 0x00, 0x00, 0x00, 0x00, 0x00, 0x00, 0x00, 0x00, 0x00, 0x00, 0x00, 0x00, 0x00, 0x00, 0x00, 0x00, 0x00, 0x00, 0x00, 0x00, 0x00, 0x00, 0x00, 0x00, 0x00, 0x00, 0x00, 0x00, 0x00, 0x00, 0x00,
    0x00, 0x00, 0x00, 0x00, 0x00, 0x00, 0x00, 0x00, 0x00, 0x00, 0x00, 0x00, 0x00, 0x00, 0x00, 0x00, 0x00, 0x00, 0x00, 0x00, 0x00, 0x00, 0x00, 0x00, 0x00, 0x00, 0x00, 0x00, 0x00, 0x00, 0x67, 0xd9, 0x67, 0xe1, 0x67, 0xe1, 0x67, 0xe1, 0x00, 0x00, 0x00, 0x00, 0x00, 0x00, 0x00, 0x00, 0x00, 0x00, 0x00, 0x00, 0x00, 0x00, 0x00, 0x00, 0x00, 0x00, 0x00, 0x00, 0x00, 0x00, 0x00, 0x00, 0x00, 0x00, 0x00, 0x00, 0x00, 0x00,
    0x00, 0x00, 0x00, 0x00, 0x00, 0x00, 0x00, 0x00, 0x00, 0x00, 0x00, 0x00, 0x00, 0x00, 0x00, 0x00, 0x00, 0x00, 0x00, 0x00, 0x00, 0x00, 0x00, 0x00, 0x00, 0x00, 0x00, 0x00, 0x67, 0xd9, 0x67, 0xe1, 0x67, 0xe1, 0x67, 0xe1, 0x67, 0xe1, 0x87, 0xd9, 0x00, 0x00, 0x00, 0x00, 0x00, 0x00, 0x00, 0x00, 0x00, 0x00, 0x00, 0x00, 0x00, 0x00, 0x00, 0x00, 0x00, 0x00, 0x00, 0x00, 0x00, 0x00, 0x00, 0x00, 0x00, 0x00, 0x00, 0x00,
    0x00, 0x00, 0x00, 0x00, 0x00, 0x00, 0x00, 0x00, 0x00, 0x00, 0x00, 0x00, 0x00, 0x00, 0x00, 0x00, 0x00, 0x00, 0x00, 0x00, 0x00, 0x00, 0x00, 0x00, 0x00, 0x00, 0x00, 0x00, 0x67, 0xe1, 0x67, 0xe1, 0x67, 0xe1, 0x67, 0xe1, 0x67, 0xe1, 0x67, 0xe1, 0x00, 0x00, 0x00, 0x00, 0x00, 0x00, 0x00, 0x00, 0x00, 0x00, 0x00, 0x00, 0x00, 0x00, 0x00, 0x00, 0x00, 0x00, 0x00, 0x00, 0x00, 0x00, 0x00, 0x00, 0x00, 0x00, 0x00, 0x00,
    0x00, 0x00, 0x00, 0x00, 0x00, 0x00, 0x00, 0x00, 0x00, 0x00, 0x00, 0x00, 0x00, 0x00, 0x00, 0x00, 0x00, 0x00, 0x00, 0x00, 0x00, 0x00, 0x00, 0x00, 0x00, 0x00, 0x67, 0xd9, 0x67, 0xe1, 0x67, 0xe1, 0x67, 0xe1, 0x67, 0xe1, 0x67, 0xe1, 0x67, 0xe1, 0x87, 0xd9, 0x00, 0x00, 0x00, 0x00, 0x00, 0x00, 0x00, 0x00, 0x00, 0x00, 0x00, 0x00, 0x00, 0x00, 0x00, 0x00, 0x00, 0x00, 0x00, 0x00, 0x00, 0x00, 0x00, 0x00, 0x00, 0x00,
    0x00, 0x00, 0x00, 0x00, 0x00, 0x00, 0x00, 0x00, 0x00, 0x00, 0x00, 0x00, 0x00, 0x00, 0x00, 0x00, 0x00, 0x00, 0x00, 0x00, 0x00, 0x00, 0x00, 0x00, 0x00, 0x00, 0x67, 0xe1, 0x67, 0xe1, 0x67, 0xe1, 0x67, 0xe1, 0xa6, 0xe2, 0x67, 0xe1, 0x67, 0xe1, 0x67, 0xe1, 0x00, 0x00, 0x00, 0x00, 0x00, 0x00, 0x00, 0x00, 0x00, 0x00, 0x00, 0x00, 0x00, 0x00, 0x00, 0x00, 0x00, 0x00, 0x00, 0x00, 0x00, 0x00, 0x00, 0x00, 0x00, 0x00,
    0x00, 0x00, 0x00, 0x00, 0x00, 0x00, 0x00, 0x00, 0x00, 0x00, 0x00, 0x00, 0x00, 0x00, 0x00, 0x00, 0x00, 0x00, 0x00, 0x00, 0x00, 0x00, 0x00, 0x00, 0x67, 0xd9, 0x67, 0xe1, 0x67, 0xe1, 0x67, 0xe1, 0xc5, 0xeb, 0xe4, 0xf4, 0x67, 0xe1, 0x67, 0xe1, 0x67, 0xe1, 0x67, 0xd9, 0x00, 0x00, 0x00, 0x00, 0x00, 0x00, 0x00, 0x00, 0x00, 0x00, 0x00, 0x00, 0x00, 0x00, 0x00, 0x00, 0x00, 0x00, 0x00, 0x00, 0x00, 0x00, 0x00, 0x00,
    0x00, 0x00, 0x00, 0x00, 0x00, 0x00, 0x00, 0x00, 0x00, 0x00, 0x00, 0x00, 0x00, 0x00, 0x00, 0x00, 0x00, 0x00, 0x00, 0x00, 0x00, 0x00, 0x00, 0x00, 0x67, 0xe1, 0x67, 0xe1, 0x67, 0xe1, 0xa3, 0x38, 0x42, 0x83, 0xa2, 0xbc, 0xa6, 0xe2, 0x67, 0xe1, 0x67, 0xe1, 0x67, 0xe1, 0x87, 0xd9, 0x00, 0x00, 0x00, 0x00, 0x00, 0x00, 0x00, 0x00, 0x00, 0x00, 0x00, 0x00, 0x00, 0x00, 0x00, 0x00, 0x00, 0x00, 0x00, 0x00, 0x00, 0x00,
    0x00, 0x00, 0x00, 0x00, 0x00, 0x00, 0x00, 0x00, 0x00, 0x00, 0x00, 0x00, 0x00, 0x00, 0x00, 0x00, 0x00, 0x00, 0x00, 0x00, 0x00, 0x00, 0x67, 0xd9, 0x67, 0xe1, 0x67, 0xe1, 0x67, 0xe1, 0xa3, 0x38, 0x41, 0x08, 0x41, 0x08, 0x41, 0x08, 0xe4, 0x70, 0x67, 0xe1, 0x67, 0xe1, 0x67, 0xe1, 0x00, 0x00, 0x00, 0x00, 0x00, 0x00, 0x00, 0x00, 0x00, 0x00, 0x00, 0x00, 0x00, 0x00, 0x00, 0x00, 0x00, 0x00, 0x00, 0x00, 0x00, 0x00,
    0x00, 0x00, 0x00, 0x00, 0x00, 0x00, 0x00, 0x00, 0x00, 0x00, 0x00, 0x00, 0x00, 0x00, 0x00, 0x00, 0x00, 0x00, 0x00, 0x00, 0x67, 0xd9, 0x67, 0xe1, 0x67, 0xe1, 0x67, 0xe1, 0xc5, 0xeb, 0xc2, 0x41, 0xc2, 0x41, 0xc2, 0x41, 0x41, 0x08, 0x41, 0x08, 0x26, 0xa9, 0x67, 0xe1, 0x67, 0xe1, 0x87, 0xd9, 0x00, 0x00, 0x00, 0x00, 0x00, 0x00, 0x00, 0x00, 0x00, 0x00, 0x00, 0x00, 0x00, 0x00, 0x00, 0x00, 0x00, 0x00, 0x00, 0x00,
    0x00, 0x00, 0x00, 0x00, 0x00, 0x00, 0x00, 0x00, 0x00, 0x00, 0x00, 0x00, 0x00, 0x00, 0x00, 0x00, 0x00, 0x00, 0x00, 0x00, 0x67, 0xe1, 0x67, 0xe1, 0x67, 0xe1, 0x67, 0xe1, 0x23, 0xf6, 0xa2, 0xbc, 0x23, 0xf6, 0x23, 0xf6, 0x42, 0x83, 0x41, 0x08, 0x41, 0x08, 0x67, 0xe1, 0x67, 0xe1, 0x67, 0xe1, 0x00, 0x00, 0x00, 0x00, 0x00, 0x00, 0x00, 0x00, 0x00, 0x00, 0x00, 0x00, 0x00, 0x00, 0x00, 0x00, 0x00, 0x00, 0x00, 0x00,
    0x00, 0x00, 0x00, 0x00, 0x00, 0x00, 0x00, 0x00, 0x00, 0x00, 0x00, 0x00, 0x00, 0x00, 0x00, 0x00, 0x00, 0x00, 0x67, 0xd9, 0x67, 0xe1, 0x67, 0xe1, 0x67, 0xe1, 0xc5, 0xeb, 0x23, 0xf6, 0x23, 0xf6, 0x23, 0xf6, 0x23, 0xf6, 0x23, 0xf6, 0xc2, 0x41, 0x41, 0x08, 0x26, 0xa9, 0x67, 0xe1, 0x67, 0xe1, 0x87, 0xd9, 0x00, 0x00, 0x00, 0x00, 0x00, 0x00, 0x00, 0x00, 0x00, 0x00, 0x00, 0x00, 0x00, 0x00, 0x00, 0x00, 0x00, 0x00,
    0x00, 0x00, 0x00, 0x00, 0x00, 0x00, 0x00, 0x00, 0x00, 0x00, 0x00, 0x00, 0x00, 0x00, 0x00, 0x00, 0x00, 0x00, 0x67, 0xe1, 0x67, 0xe1, 0x67, 0xe1, 0x67, 0xe1, 0x23, 0xf6, 0x23, 0xf6, 0x23, 0xf6, 0x23, 0xf6, 0x23, 0xf6, 0x23, 0xf6, 0xc2, 0x41, 0x41, 0x08, 0x26, 0xa9, 0x67, 0xe1, 0x67, 0xe1, 0x67, 0xe1, 0x00, 0x00, 0x00, 0x00, 0x00, 0x00, 0x00, 0x00, 0x00, 0x00, 0x00, 0x00, 0x00, 0x00, 0x00, 0x00, 0x00, 0x00,
    0x00, 0x00, 0x00, 0x00, 0x00, 0x00, 0x00, 0x00, 0x00, 0x00, 0x00, 0x00, 0x00, 0x00, 0x00, 0x00, 0x67, 0xd9, 0x67, 0xe1, 0x67, 0xe1, 0x67, 0xe1, 0xc5, 0xeb, 0x23, 0xf6, 0x23, 0xf6, 0x23, 0xf6, 0x23, 0xf6, 0x23, 0xf6, 0x23, 0xf6, 0xc2, 0x41, 0x41, 0x08, 0x83, 0xb3, 0x67, 0xe1, 0x67, 0xe1, 0x67, 0xe1, 0x67, 0xd9, 0x00, 0x00, 0x00, 0x00, 0x00, 0x00, 0x00, 0x00, 0x00, 0x00, 0x00, 0x00, 0x00, 0x00, 0x00, 0x00,
    0x00, 0x00, 0x00, 0x00, 0x00, 0x00, 0x00, 0x00, 0x00, 0x00, 0x00, 0x00, 0x00, 0x00, 0x00, 0x00, 0x67, 0xe1, 0x67, 0xe1, 0x67, 0xe1, 0xc5, 0xeb, 0x23, 0xf6, 0x23, 0xf6, 0x23, 0xf6, 0x23, 0xf6, 0x23, 0xf6, 0x23, 0xf6, 0xa2, 0xbc, 0x41, 0x08, 0x41, 0x08, 0x23, 0xf6, 0xa6, 0xe2, 0x67, 0xe1, 0x67, 0xe1, 0x67, 0xe1, 0x87, 0xd9, 0x00, 0x00, 0x00, 0x00, 0x00, 0x00, 0x00, 0x00, 0x00, 0x00, 0x00, 0x00, 0x00, 0x00,
    0x00, 0x00, 0x00, 0x00, 0x00, 0x00, 0x00, 0x00, 0x00, 0x00, 0x00, 0x00, 0x00, 0x00, 0x67, 0xd9, 0x67, 0xe1, 0x67, 0xe1, 0x67, 0xe1, 0xc5, 0xeb, 0x23, 0xf6, 0x23, 0xf6, 0x23, 0xf6, 0x23, 0xf6, 0x23, 0xf6, 0x23, 0xf6, 0x41, 0x08, 0x41, 0x08, 0x42, 0x83, 0x23, 0xf6, 0xe4, 0xf4, 0x67, 0xe1, 0x67, 0xe1, 0x67, 0xe1, 0x67, 0xe1, 0x00, 0x00, 0x00, 0x00, 0x00, 0x00, 0x00, 0x00, 0x00, 0x00, 0x00, 0x00, 0x00, 0x00,
    0x00, 0x00, 0x00, 0x00, 0x00, 0x00, 0x00, 0x00, 0x00, 0x00, 0x00, 0x00, 0x67, 0xd9, 0x67, 0xe1, 0x67, 0xe1, 0x67, 0xe1, 0xc5, 0xeb, 0x23, 0xf6, 0x23, 0xf6, 0x23, 0xf6, 0x23, 0xf6, 0x23, 0xf6, 0xa2, 0xbc, 0xc2, 0x41, 0x41, 0x08, 0xc2, 0x41, 0x23, 0xf6, 0x23, 0xf6, 0x23, 0xf6, 0xa6, 0xe2, 0x67, 0xe1, 0x67, 0xe1, 0x67, 0xe1, 0x87, 0xd9, 0x00, 0x00, 0x00, 0x00, 0x00, 0x00, 0x00, 0x00, 0x00, 0x00, 0x00, 0x00,
    0x00, 0x00, 0x00, 0x00, 0x00, 0x00, 0x00, 0x00, 0x00, 0x00, 0x00, 0x00, 0x67, 0xe1, 0x67, 0xe1, 0x67, 0xe1, 0x67, 0xe1, 0x23, 0xf6, 0x23, 0xf6, 0x23, 0xf6, 0x23, 0xf6, 0x23, 0xf6, 0xa2, 0xbc, 0x41, 0x08, 0x41, 0x08, 0xc2, 0x41, 0x23, 0xf6, 0x23, 0xf6, 0x23, 0xf6, 0x23, 0xf6, 0xe4, 0xf4, 0x67, 0xe1, 0x67, 0xe1, 0x67, 0xe1, 0x67, 0xe1, 0x00, 0x00, 0x00, 0x00, 0x00, 0x00, 0x00, 0x00, 0x00, 0x00, 0x00, 0x00,
    0x00, 0x00, 0x00, 0x00, 0x00, 0x00, 0x00, 0x00, 0x00, 0x00, 0x67, 0xd9, 0x67, 0xe1, 0x67, 0xe1, 0x67, 0xe1, 0xc5, 0xeb, 0x23, 0xf6, 0x23, 0xf6, 0x23, 0xf6, 0x23, 0xf6, 0xa2, 0xbc, 0x41, 0x08, 0x41, 0x08, 0xc2, 0x41, 0x23, 0xf6, 0x23, 0xf6, 0x23, 0xf6, 0x23, 0xf6, 0x23, 0xf6, 0x23, 0xf6, 0xc5, 0xeb, 0x67, 0xe1, 0x67, 0xe1, 0x67, 0xe1, 0x87, 0xd9, 0x00, 0x00, 0x00, 0x00, 0x00, 0x00, 0x00, 0x00, 0x00, 0x00,
    0x00, 0x00, 0x00, 0x00, 0x00, 0x00, 0x00, 0x00, 0x00, 0x00, 0x67, 0xe1, 0x67, 0xe1, 0x67, 0xe1, 0x67, 0xe1, 0x23, 0xf6, 0x23, 0xf6, 0x23, 0xf6, 0x23, 0xf6, 0xa2, 0xbc, 0x41, 0x08, 0x41, 0x08, 0x42, 0x83, 0x23, 0xf6, 0x23, 0xf6, 0x23, 0xf6, 0x23, 0xf6, 0x23, 0xf6, 0x23, 0xf6, 0x23, 0xf6, 0x23, 0xf6, 0xa6, 0xe2, 0x67, 0xe1, 0x67, 0xe1, 0x67, 0xe1, 0x00, 0x00, 0x00, 0x00, 0x00, 0x00, 0x00, 0x00, 0x00, 0x00,
    0x00, 0x00, 0x00, 0x00, 0x00, 0x00, 0x00, 0x00, 0x67, 0xd9, 0x67, 0xe1, 0x67, 0xe1, 0x67, 0xe1, 0xc5, 0xeb, 0x23, 0xf6, 0x23, 0xf6, 0x23, 0xf6, 0x23, 0xf6, 0x41, 0x08, 0x41, 0x08, 0x42, 0x83, 0x23, 0xf6, 0x23, 0xf6, 0x23, 0xf6, 0x23, 0xf6, 0x23, 0xf6, 0x23, 0xf6, 0x23, 0xf6, 0x23, 0xf6, 0x23, 0xf6, 0xe4, 0xf4, 0x67, 0xe1, 0x67, 0xe1, 0x67, 0xe1, 0x67, 0xd9, 0x00, 0x00, 0x00, 0x00, 0x00, 0x00, 0x00, 0x00,
    0x00, 0x00, 0x00, 0x00, 0x00, 0x00, 0x00, 0x00, 0x67, 0xe1, 0x67, 0xe1, 0x67, 0xe1, 0xc5, 0xeb, 0x23, 0xf6, 0x23, 0xf6, 0x23, 0xf6, 0x23, 0xf6, 0x42, 0x83, 0x41, 0x08, 0xc2, 0x41, 0x23, 0xf6, 0x23, 0xf6, 0x23, 0xf6, 0x23, 0xf6, 0x23, 0xf6, 0x23, 0xf6, 0x23, 0xf6, 0x23, 0xf6, 0x23, 0xf6, 0x23, 0xf6, 0x23, 0xf6, 0xa6, 0xe2, 0x67, 0xe1, 0x67, 0xe1, 0x67, 0xe1, 0x87, 0xd9, 0x00, 0x00, 0x00, 0x00, 0x00, 0x00,
    0x00, 0x00, 0x00, 0x00, 0x00, 0x00, 0x67, 0xd9, 0x67, 0xe1, 0x67, 0xe1, 0x67, 0xe1, 0xc5, 0xeb, 0x23, 0xf6, 0x23, 0xf6, 0x23, 0xf6, 0x23, 0xf6, 0xc2, 0x41, 0x41, 0x08, 0x42, 0x83, 0x23, 0xf6, 0x23, 0xf6, 0x23, 0xf6, 0x23, 0xf6, 0x23, 0xf6, 0x23, 0xf6, 0x23, 0xf6, 0x23, 0xf6, 0x23, 0xf6, 0x23, 0xf6, 0x23, 0xf6, 0xe4, 0xf4, 0x67, 0xe1, 0x67, 0xe1, 0x67, 0xe1, 0x67, 0xe1, 0x00, 0x00, 0x00, 0x00, 0x00, 0x00,
    0x00, 0x00, 0x00, 0x00, 0x67, 0xd9, 0x67, 0xe1, 0x67, 0xe1, 0x67, 0xe1, 0xc5, 0xeb, 0x23, 0xf6, 0x23, 0xf6, 0x23, 0xf6, 0x23, 0xf6, 0x23, 0xf6, 0x41, 0x08, 0x41, 0x08, 0x23, 0xf6, 0x23, 0xf6, 0x23, 0xf6, 0x23, 0xf6, 0x23, 0xf6, 0x23, 0xf6, 0x23, 0xf6, 0x23, 0xf6, 0x23, 0xf6, 0x23, 0xf6, 0x23, 0xf6, 0x23, 0xf6, 0x23, 0xf6, 0xa6, 0xe2, 0x67, 0xe1, 0x67, 0xe1, 0x67, 0xe1, 0x87, 0xd9, 0x00, 0x00, 0x00, 0x00,
    0x00, 0x00, 0x00, 0x00, 0x67, 0xe1, 0x67, 0xe1, 0x67, 0xe1, 0x67, 0xe1, 0x23, 0xf6, 0x23, 0xf6, 0x23, 0xf6, 0x23, 0xf6, 0x23, 0xf6, 0xa2, 0xbc, 0x41, 0x08, 0xc2, 0x41, 0x23, 0xf6, 0x23, 0xf6, 0x23, 0xf6, 0x23, 0xf6, 0x23, 0xf6, 0x23, 0xf6, 0x23, 0xf6, 0x23, 0xf6, 0x23, 0xf6, 0x23, 0xf6, 0x23, 0xf6, 0x23, 0xf6, 0x23, 0xf6, 0xe4, 0xf4, 0x67, 0xe1, 0x67, 0xe1, 0x67, 0xe1, 0x67, 0xe1, 0x00, 0x00, 0x00, 0x00,
    0x00, 0x00, 0x67, 0xd9, 0x67, 0xe1, 0x67, 0xe1, 0x67, 0xe1, 0xc5, 0xeb, 0x23, 0xf6, 0x23, 0xf6, 0x23, 0xf6, 0x23, 0xf6, 0x23, 0xf6, 0x23, 0xf6, 0x42, 0x83, 0xa2, 0xbc, 0x23, 0xf6, 0x23, 0xf6, 0x23, 0xf6, 0x23, 0xf6, 0x23, 0xf6, 0x23, 0xf6, 0x23, 0xf6, 0x23, 0xf6, 0x23, 0xf6, 0x23, 0xf6, 0x23, 0xf6, 0x23, 0xf6, 0x23, 0xf6, 0x23, 0xf6, 0xc5, 0xeb, 0x67, 0xe1, 0x67, 0xe1, 0x67, 0xe1, 0x87, 0xd9, 0x00, 0x00,
    0x00, 0x00, 0x67, 0xe1, 0x67, 0xe1, 0x67, 0xe1, 0x67, 0xe1, 0x23, 0xf6, 0x23, 0xf6, 0x23, 0xf6, 0x23, 0xf6, 0x23, 0xf6, 0x23, 0xf6, 0x23, 0xf6, 0x23, 0xf6, 0x23, 0xf6, 0x23, 0xf6, 0x23, 0xf6, 0x23, 0xf6, 0x23, 0xf6, 0x23, 0xf6, 0x23, 0xf6, 0x23, 0xf6, 0x23, 0xf6, 0x23, 0xf6, 0x23, 0xf6, 0x23, 0xf6, 0x23, 0xf6, 0x23, 0xf6, 0x23, 0xf6, 0x23, 0xf6, 0xa6, 0xe2, 0x67, 0xe1, 0x67, 0xe1, 0x67, 0xe1, 0x00, 0x00,
    0x67, 0xd9, 0x67, 0xe1, 0x67, 0xe1, 0x67, 0xe1, 0x67, 0xe1, 0x67, 0xe1, 0x67, 0xe1, 0x67, 0xe1, 0x67, 0xe1, 0x67, 0xe1, 0x67, 0xe1, 0x67, 0xe1, 0x67, 0xe1, 0x67, 0xe1, 0x67, 0xe1, 0x67, 0xe1, 0x67, 0xe1, 0x67, 0xe1, 0x67, 0xe1, 0x67, 0xe1, 0x67, 0xe1, 0x67, 0xe1, 0x67, 0xe1, 0x67, 0xe1, 0x67, 0xe1, 0x67, 0xe1, 0x67, 0xe1, 0x67, 0xe1, 0x67, 0xe1, 0x67, 0xe1, 0x67, 0xe1, 0x67, 0xe1, 0x67, 0xe1, 0x67, 0xd9,
    0x67, 0xe1, 0x67, 0xe1, 0x67, 0xe1, 0x67, 0xe1, 0x67, 0xe1, 0x67, 0xe1, 0x67, 0xe1, 0x67, 0xe1, 0x67, 0xe1, 0x67, 0xe1, 0x67, 0xe1, 0x67, 0xe1, 0x67, 0xe1, 0x67, 0xe1, 0x67, 0xe1, 0x67, 0xe1, 0x67, 0xe1, 0x67, 0xe1, 0x67, 0xe1, 0x67, 0xe1, 0x67, 0xe1, 0x67, 0xe1, 0x67, 0xe1, 0x67, 0xe1, 0x67, 0xe1, 0x67, 0xe1, 0x67, 0xe1, 0x67, 0xe1, 0x67, 0xe1, 0x67, 0xe1, 0x67, 0xe1, 0x67, 0xe1, 0x67, 0xe1, 0x67, 0xe1,
    0x67, 0xd9, 0x67, 0xe1, 0x67, 0xe1, 0x67, 0xe1, 0x67, 0xe1, 0x67, 0xe1, 0x67, 0xe1, 0x67, 0xe1, 0x67, 0xe1, 0x67, 0xe1, 0x67, 0xe1, 0x67, 0xe1, 0x67, 0xe1, 0x67, 0xe1, 0x67, 0xe1, 0x67, 0xe1, 0x67, 0xe1, 0x67, 0xe1, 0x67, 0xe1, 0x67, 0xe1, 0x67, 0xe1, 0x67, 0xe1, 0x67, 0xe1, 0x67, 0xe1, 0x67, 0xe1, 0x67, 0xe1, 0x67, 0xe1, 0x67, 0xe1, 0x67, 0xe1, 0x67, 0xe1, 0x67, 0xe1, 0x67, 0xe1, 0x67, 0xe1, 0x67, 0xd9,
    0x00, 0x00, 0x67, 0xd9, 0x67, 0xd9, 0x67, 0xd9, 0x67, 0xd9, 0x67, 0xd9, 0x67, 0xd9, 0x67, 0xd9, 0x67, 0xd9, 0x67, 0xd9, 0x67, 0xd9, 0x67, 0xd9, 0x67, 0xd9, 0x67, 0xd9, 0x67, 0xd9, 0x67, 0xd9, 0x67, 0xd9, 0x67, 0xd9, 0x67, 0xd9, 0x67, 0xd9, 0x67, 0xd9, 0x67, 0xd9, 0x67, 0xd9, 0x67, 0xd9, 0x67, 0xd9, 0x67, 0xd9, 0x67, 0xd9, 0x67, 0xd9, 0x67, 0xd9, 0x67, 0xd9, 0x67, 0xd9, 0x67, 0xd9, 0x87, 0xd9, 0x00, 0x00,
    0x00, 0x00, 0x00, 0x00, 0x00, 0x00, 0x00, 0x00, 0x00, 0x00, 0x00, 0x00, 0x00, 0x00, 0x00, 0x00, 0x00, 0x00, 0x00, 0x00, 0x00, 0x00, 0x00, 0x00, 0x00, 0x00, 0x00, 0x00, 0x00, 0x00, 0x00, 0x00, 0x00, 0x00, 0x00, 0x00, 0x00, 0x00, 0x00, 0x00, 0x00, 0x00, 0x00, 0x00, 0x00, 0x00, 0x00, 0x00, 0x00, 0x00, 0x00, 0x00, 0x00, 0x00, 0x00, 0x00, 0x00, 0x00, 0x00, 0x00, 0x00, 0x00, 0x00, 0x00, 0x00, 0x00, 0x00, 0x00,
    0x00, 0x00, 0x00, 0x00, 0x00, 0x00, 0x00, 0x00, 0x00, 0x00, 0x00, 0x00, 0x00, 0x00, 0x00, 0x00, 0x00, 0x00, 0x00, 0x00, 0x00, 0x00, 0x00, 0x00, 0x00, 0x00, 0x00, 0x00, 0x00, 0x00, 0x00, 0x00, 0x00, 0x00, 0x00, 0x00, 0x00, 0x00, 0x00, 0x00, 0x00, 0x00, 0x00, 0x00, 0x00, 0x00, 0x00, 0x00, 0x00, 0x00, 0x00, 0x00, 0x00, 0x00, 0x00, 0x00, 0x00, 0x00, 0x00, 0x00, 0x00, 0x00, 0x00, 0x00, 0x00, 0x00, 0x00, 0x00,
    0x00, 0x00, 0x00, 0x00, 0x00, 0x00, 0x00, 0x00, 0x00, 0x00, 0x00, 0x00, 0x00, 0x00, 0x00, 0x00, 0x00, 0x00, 0x00, 0x00, 0x00, 0x00, 0x00, 0x00, 0x00, 0x00, 0x00, 0x00, 0x00, 0x00, 0x00, 0x00, 0x00, 0x00,
    0x00, 0x00, 0x00, 0x00, 0x00, 0x00, 0x00, 0x00, 0x00, 0x00, 0x00, 0x00, 0x00, 0x00, 0x00, 0x00, 0x80, 0x80, 0x00, 0x00, 0x00, 0x00, 0x00, 0x00, 0x00, 0x00, 0x00, 0x00, 0x00, 0x00, 0x00, 0x00, 0x00, 0x00,
    0x00, 0x00, 0x00, 0x00, 0x00, 0x00, 0x00, 0x00, 0x00, 0x00, 0x00, 0x00, 0x00, 0x00, 0x00, 0x80, 0xff, 0xff, 0xbf, 0x00, 0x00, 0x00, 0x00, 0x00, 0x00, 0x00, 0x00, 0x00, 0x00, 0x00, 0x00, 0x00, 0x00, 0x00,
    0x00, 0x00, 0x00, 0x00, 0x00, 0x00, 0x00, 0x00, 0x00, 0x00, 0x00, 0x00, 0x00, 0x00, 0x80, 0xff, 0xff, 0xff, 0xff, 0x40, 0x00, 0x00, 0x00, 0x00, 0x00, 0x00, 0x00, 0x00, 0x00, 0x00, 0x00, 0x00, 0x00, 0x00,
    0x00, 0x00, 0x00, 0x00, 0x00, 0x00, 0x00, 0x00, 0x00, 0x00, 0x00, 0x00, 0x00, 0x00, 0xbf, 0xff, 0xff, 0xff, 0xff, 0xbf, 0x00, 0x00, 0x00, 0x00, 0x00, 0x00, 0x00, 0x00, 0x00, 0x00, 0x00, 0x00, 0x00, 0x00,
    0x00, 0x00, 0x00, 0x00, 0x00, 0x00, 0x00, 0x00, 0x00, 0x00, 0x00, 0x00, 0x00, 0x80, 0xff, 0xff, 0xff, 0xff, 0xff, 0xff, 0x40, 0x00, 0x00, 0x00, 0x00, 0x00, 0x00, 0x00, 0x00, 0x00, 0x00, 0x00, 0x00, 0x00,
    0x00, 0x00, 0x00, 0x00, 0x00, 0x00, 0x00, 0x00, 0x00, 0x00, 0x00, 0x00, 0x00, 0xff, 0xff, 0xff, 0xff, 0xff, 0xff, 0xff, 0xff, 0x00, 0x00, 0x00, 0x00, 0x00, 0x00, 0x00, 0x00, 0x00, 0x00, 0x00, 0x00, 0x00,
    0x00, 0x00, 0x00, 0x00, 0x00, 0x00, 0x00, 0x00, 0x00, 0x00, 0x00, 0x00, 0x80, 0xff, 0xff, 0xff, 0xff, 0xff, 0xff, 0xff, 0xff, 0x80, 0x00, 0x00, 0x00, 0x00, 0x00, 0x00, 0x00, 0x00, 0x00, 0x00, 0x00, 0x00,
    0x00, 0x00, 0x00, 0x00, 0x00, 0x00, 0x00, 0x00, 0x00, 0x00, 0x00, 0x00, 0xff, 0xff, 0xff, 0xff, 0xff, 0xff, 0xff, 0xff, 0xff, 0xff, 0x40, 0x00, 0x00, 0x00, 0x00, 0x00, 0x00, 0x00, 0x00, 0x00, 0x00, 0x00,
    0x00, 0x00, 0x00, 0x00, 0x00, 0x00, 0x00, 0x00, 0x00, 0x00, 0x00, 0x80, 0xff, 0xff, 0xff, 0xff, 0xff, 0xff, 0xff, 0xff, 0xff, 0xff, 0xbf, 0x00, 0x00, 0x00, 0x00, 0x00, 0x00, 0x00, 0x00, 0x00, 0x00, 0x00,
    0x00, 0x00, 0x00, 0x00, 0x00, 0x00, 0x00, 0x00, 0x00, 0x00, 0x80, 0xff, 0xff, 0xff, 0xff, 0xff, 0xff, 0xff, 0xff, 0xff, 0xff, 0xff, 0xff, 0x40, 0x00, 0x00, 0x00, 0x00, 0x00, 0x00, 0x00, 0x00, 0x00, 0x00,
    0x00, 0x00, 0x00, 0x00, 0x00, 0x00, 0x00, 0x00, 0x00, 0x00, 0xbf, 0xff, 0xff, 0xff, 0xff, 0xff, 0xff, 0xff, 0xff, 0xff, 0xff, 0xff, 0xff, 0xbf, 0x00, 0x00, 0x00, 0x00, 0x00, 0x00, 0x00, 0x00, 0x00, 0x00,
    0x00, 0x00, 0x00, 0x00, 0x00, 0x00, 0x00, 0x00, 0x00, 0x80, 0xff, 0xff, 0xff, 0xff, 0xff, 0xff, 0xff, 0xff, 0xff, 0xff, 0xff, 0xff, 0xff, 0xff, 0x40, 0x00, 0x00, 0x00, 0x00, 0x00, 0x00, 0x00, 0x00, 0x00,
    0x00, 0x00, 0x00, 0x00, 0x00, 0x00, 0x00, 0x00, 0x00, 0xff, 0xff, 0xff, 0xff, 0xff, 0xff, 0xff, 0xff, 0xff, 0xff, 0xff, 0xff, 0xff, 0xff, 0xff, 0xff, 0x00, 0x00, 0x00, 0x00, 0x00, 0x00, 0x00, 0x00, 0x00,
    0x00, 0x00, 0x00, 0x00, 0x00, 0x00, 0x00, 0x00, 0x80, 0xff, 0xff, 0xff, 0xff, 0xff, 0xff, 0xff, 0xff, 0xff, 0xff, 0xff, 0xff, 0xff, 0xff, 0xff, 0xff, 0x80, 0x00, 0x00, 0x00, 0x00, 0x00, 0x00, 0x00, 0x00,
    0x00, 0x00, 0x00, 0x00, 0x00, 0x00, 0x00, 0x00, 0xff, 0xff, 0xff, 0xff, 0xff, 0xff, 0xff, 0xff, 0xff, 0xff, 0xff, 0xff, 0xff, 0xff, 0xff, 0xff, 0xff, 0xff, 0x40, 0x00, 0x00, 0x00, 0x00, 0x00, 0x00, 0x00,
    0x00, 0x00, 0x00, 0x00, 0x00, 0x00, 0x00, 0x80, 0xff, 0xff, 0xff, 0xff, 0xff, 0xff, 0xff, 0xff, 0xff, 0xff, 0xff, 0xff, 0xff, 0xff, 0xff, 0xff, 0xff, 0xff, 0xbf, 0x00, 0x00, 0x00, 0x00, 0x00, 0x00, 0x00,
    0x00, 0x00, 0x00, 0x00, 0x00, 0x00, 0x80, 0xff, 0xff, 0xff, 0xff, 0xff, 0xff, 0xff, 0xff, 0xff, 0xff, 0xff, 0xff, 0xff, 0xff, 0xff, 0xff, 0xff, 0xff, 0xff, 0xff, 0x40, 0x00, 0x00, 0x00, 0x00, 0x00, 0x00,
    0x00, 0x00, 0x00, 0x00, 0x00, 0x00, 0xbf, 0xff, 0xff, 0xff, 0xff, 0xff, 0xff, 0xff, 0xff, 0xff, 0xff, 0xff, 0xff, 0xff, 0xff, 0xff, 0xff, 0xff, 0xff, 0xff, 0xff, 0xbf, 0x00, 0x00, 0x00, 0x00, 0x00, 0x00,
    0x00, 0x00, 0x00, 0x00, 0x00, 0x80, 0xff, 0xff, 0xff, 0xff, 0xff, 0xff, 0xff, 0xff, 0xff, 0xff, 0xff, 0xff, 0xff, 0xff, 0xff, 0xff, 0xff, 0xff, 0xff, 0xff, 0xff, 0xff, 0x40, 0x00, 0x00, 0x00, 0x00, 0x00,
    0x00, 0x00, 0x00, 0x00, 0x00, 0xff, 0xff, 0xff, 0xff, 0xff, 0xff, 0xff, 0xff, 0xff, 0xff, 0xff, 0xff, 0xff, 0xff, 0xff, 0xff, 0xff, 0xff, 0xff, 0xff, 0xff, 0xff, 0xff, 0xff, 0x00, 0x00, 0x00, 0x00, 0x00,
    0x00, 0x00, 0x00, 0x00, 0x80, 0xff, 0xff, 0xff, 0xff, 0xff, 0xff, 0xff, 0xff, 0xff, 0xff, 0xff, 0xff, 0xff, 0xff, 0xff, 0xff, 0xff, 0xff, 0xff, 0xff, 0xff, 0xff, 0xff, 0xff, 0x80, 0x00, 0x00, 0x00, 0x00,
    0x00, 0x00, 0x00, 0x00, 0xff, 0xff, 0xff, 0xff, 0xff, 0xff, 0xff, 0xff, 0xff, 0xff, 0xff, 0xff, 0xff, 0xff, 0xff, 0xff, 0xff, 0xff, 0xff, 0xff, 0xff, 0xff, 0xff, 0xff, 0xff, 0xff, 0x40, 0x00, 0x00, 0x00,
    0x00, 0x00, 0x00, 0x80, 0xff, 0xff, 0xff, 0xff, 0xff, 0xff, 0xff, 0xff, 0xff, 0xff, 0xff, 0xff, 0xff, 0xff, 0xff, 0xff, 0xff, 0xff, 0xff, 0xff, 0xff, 0xff, 0xff, 0xff, 0xff, 0xff, 0xbf, 0x00, 0x00, 0x00,
    0x00, 0x00, 0x80, 0xff, 0xff, 0xff, 0xff, 0xff, 0xff, 0xff, 0xff, 0xff, 0xff, 0xff, 0xff, 0xff, 0xff, 0xff, 0xff, 0xff, 0xff, 0xff, 0xff, 0xff, 0xff, 0xff, 0xff, 0xff, 0xff, 0xff, 0xff, 0x40, 0x00, 0x00,
    0x00, 0x00, 0xbf, 0xff, 0xff, 0xff, 0xff, 0xff, 0xff, 0xff, 0xff, 0xff, 0xff, 0xff, 0xff, 0xff, 0xff, 0xff, 0xff, 0xff, 0xff, 0xff, 0xff, 0xff, 0xff, 0xff, 0xff, 0xff, 0xff, 0xff, 0xff, 0xbf, 0x00, 0x00,
    0x00, 0x80, 0xff, 0xff, 0xff, 0xff, 0xff, 0xff, 0xff, 0xff, 0xff, 0xff, 0xff, 0xff, 0xff, 0xff, 0xff, 0xff, 0xff, 0xff, 0xff, 0xff, 0xff, 0xff, 0xff, 0xff, 0xff, 0xff, 0xff, 0xff, 0xff, 0xff, 0x40, 0x00,
    0x00, 0xff, 0xff, 0xff, 0xff, 0xff, 0xff, 0xff, 0xff, 0xff, 0xff, 0xff, 0xff, 0xff, 0xff, 0xff, 0xff, 0xff, 0xff, 0xff, 0xff, 0xff, 0xff, 0xff, 0xff, 0xff, 0xff, 0xff, 0xff, 0xff, 0xff, 0xff, 0xff, 0x00,
    0x80, 0xff, 0xff, 0xff, 0xff, 0xff, 0xff, 0xff, 0xff, 0xff, 0xff, 0xff, 0xff, 0xff, 0xff, 0xff, 0xff, 0xff, 0xff, 0xff, 0xff, 0xff, 0xff, 0xff, 0xff, 0xff, 0xff, 0xff, 0xff, 0xff, 0xff, 0xff, 0xff, 0x80,
    0xbf, 0xff, 0xff, 0xff, 0xff, 0xff, 0xff, 0xff, 0xff, 0xff, 0xff, 0xff, 0xff, 0xff, 0xff, 0xff, 0xff, 0xff, 0xff, 0xff, 0xff, 0xff, 0xff, 0xff, 0xff, 0xff, 0xff, 0xff, 0xff, 0xff, 0xff, 0xff, 0xff, 0xbf,
    0x80, 0xff, 0xff, 0xff, 0xff, 0xff, 0xff, 0xff, 0xff, 0xff, 0xff, 0xff, 0xff, 0xff, 0xff, 0xff, 0xff, 0xff, 0xff, 0xff, 0xff, 0xff, 0xff, 0xff, 0xff, 0xff, 0xff, 0xff, 0xff, 0xff, 0xff, 0xff, 0xff, 0x80,
    0x00, 0x80, 0x80, 0x80, 0x80, 0x80, 0x80, 0x80, 0x80, 0x80, 0x80, 0x80, 0x80, 0x80, 0x80, 0x80, 0x80, 0x80, 0x80, 0x80, 0x80, 0x80, 0x80, 0x80, 0x80, 0x80, 0x80, 0x80, 0x80, 0x80, 0x80, 0x80, 0x40, 0x00,
    0x00, 0x00, 0x00, 0x00, 0x00, 0x00, 0x00, 0x00, 0x00, 0x00, 0x00, 0x00, 0x00, 0x00, 0x00, 0x00, 0x00, 0x00, 0x00, 0x00, 0x00, 0x00, 0x00, 0x00, 0x00, 0x00, 0x00, 0x00, 0x00, 0x00, 0x00, 0x00, 0x00, 0x00,
    0x00, 0x00, 0x00, 0x00, 0x00, 0x00, 0x00, 0x00, 0x00, 0x00, 0x00, 0x00, 0x00, 0x00, 0x00, 0x00, 0x00, 0x00, 0x00, 0x00, 0x00, 0x00, 0x00, 0x00, 0x00, 0x00, 0x00, 0x00, 0x00, 0x00, 0x00, 0x00, 0x00, 0x00,
};

const lv_image_dsc_t sign_sharp_curve = {
    .header = { .magic = LV_IMAGE_HEADER_MAGIC, .cf = LV_COLOR_FORMAT_RGB565A8,
                .w = 34, .h = 34, .stride = 68 },
    .data_size = sizeof(sign_sharp_curve_map),
    .data = sign_sharp_curve_map,
};

static const uint8_t sign_rough_road_map[] = {
    0x00, 0x00, 0x00, 0x00, 0x00, 0x00, 0x00, 0x00, 0x00, 0x00, 0x00, 0x00, 0x00, 0x00, 0x00, 0x00, 0x00, 0x00, 0x00, 0x00, 0x00, 0x00, 0x00, 0x00, 0x00, 0x00, 0x00, 0x00, 0x00, 0x00, 0x00, 0x00, 0x00, 0x00, 0x00, 0x00, 0x00, 0x00, 0x00, 0x00, 0x00, 0x00, 0x00, 0x00, 0x00, 0x00, 0x00, 0x00, 0x00, 0x00, 0x00, 0x00, 0x00, 0x00, 0x00, 0x00, 0x00, 0x00, 0x00, 0x00, 0x00, 0x00, 0x00, 0x00, 0x00, 0x00, 0x00, 0x00,
    0x00, 0x00, 0x00, 0x00, 0x00, 0x00, 0x00, 0x00, 0x00, 0x00, 0x00, 0x00, 0x00, 0x00, 0x00, 0x00, 0x00, 0x00, 0x00, 0x00, 0x00, 0x00, 0x00, 0x00, 0x00, 0x00, 0x00, 0x00, 0x00, 0x00, 0x00, 0x00, 0x67, 0xd9, 0x67, 0xd9, 0x00, 0x00, 0x00, 0x00, 0x00, 0x00, 0x00, 0x00, 0x00, 0x00, 0x00, 0x00, 0x00, 0x00, 0x00, 0x00, 0x00, 0x00, 0x00, 0x00, 0x00, 0x00, 0x00, 0x00, 0x00, 0x00, 0x00, 0x00, 0x00, 0x00, 0x00, 0x00,
    0x00, 0x00, 0x00, 0x00, 0x00, 0x00, 0x00, 0x00, 0x00, 0x00, 0x00, 0x00, 0x00, 0x00, 0x00, 0x00, 0x00, 0x00, 0x00, 0x00, 0x00, 0x00, 0x00, 0x00, 0x00, 0x00, 0x00, 0x00, 0x00, 0x00, 0x67, 0xd9, 0x67, 0xe1, 0x67, 0xe1, 0x67, 0xe1, 0x00, 0x00, 0x00, 0x00, 0x00, 0x00, 0x00, 0x00, 0x00, 0x00, 0x00, 0x00, 0x00, 0x00, 0x00, 0x00, 0x00, 0x00, 0x00, 0x00, 0x00, 0x00, 0x00, 0x00, 0x00, 0x00, 0x00, 0x00, 0x00, 0x00,
    0x00, 0x00, 0x00, 0x00, 0x00, 0x00, 0x00, 0x00, 0x00, 0x00, 0x00, 0x00, 0x00, 0x00, 0x00, 0x00, 0x00, 0x00, 0x00, 0x00, 0x00, 0x00, 0x00, 0x00, 0x00, 0x00, 0x00, 0x00, 0x67, 0xd9, 0x67, 0xe1, 0x67, 0xe1, 0x67, 0xe1, 0x67, 0xe1, 0x87, 0xd9, 0x00, 0x00, 0x00, 0x00, 0x00, 0x00, 0x00, 0x00, 0x00, 0x00, 0x00, 0x00, 0x00, 0x00, 0x00, 0x00, 0x00, 0x00, 0x00, 0x00, 0x00, 0x00, 0x00, 0x00, 0x00, 0x00, 0x00, 0x00,
    0x00, 0x00, 0x00, 0x00, 0x00, 0x00, 0x00, 0x00, 0x00, 0x00, 0x00, 0x00, 0x00, 0x00, 0x00, 0x00, 0x00, 0x00, 0x00, 0x00, 0x00, 0x00, 0x00, 0x00, 0x00, 0x00, 0x00, 0x00, 0x67, 0xe1, 0x67, 0xe1, 0x67, 0xe1, 0x67, 0xe1, 0x67, 0xe1, 0x67, 0xe1, 0x00, 0x00, 0x00, 0x00, 0x00, 0x00, 0x00, 0x00, 0x00, 0x00, 0x00, 0x00, 0x00, 0x00, 0x00, 0x00, 0x00, 0x00, 0x00, 0x00, 0x00, 0x00, 0x00, 0x00, 0x00, 0x00, 0x00, 0x00,
    0x00, 0x00, 0x00, 0x00, 0x00, 0x00, 0x00, 0x00, 0x00, 0x00, 0x00, 0x00, 0x00, 0x00, 0x00, 0x00, 0x00, 0x00, 0x00, 0x00, 0x00, 0x00, 0x00, 0x00, 0x00, 0x00, 0x67, 0xd9, 0x67, 0xe1, 0x67, 0xe1, 0x67, 0xe1, 0x67, 0xe1, 0x67, 0xe1, 0x67, 0xe1, 0x87, 0xd9, 0x00, 0x00, 0x00, 0x00, 0x00, 0x00, 0x00, 0x00, 0x00, 0x00, 0x00, 0x00, 0x00, 0x00, 0x00, 0x00, 0x00, 0x00, 0x00, 0x00, 0x00, 0x00, 0x00, 0x00, 0x00, 0x00,
    0x00, 0x00, 0x00, 0x00, 0x00, 0x00, 0x00, 0x00, 0x00, 0x00, 0x00, 0x00, 0x00, 0x00, 0x00, 0x00, 0x00, 0x00, 0x00, 0x00, 0x00, 0x00, 0x00, 0x00, 0x00, 0x00, 0x67, 0xe1, 0x67, 0xe1, 0x67, 0xe1, 0x67, 0xe1, 0xa6, 0xe2, 0x67, 0xe1, 0x67, 0xe1, 0x67, 0xe1, 0x00, 0x00, 0x00, 0x00, 0x00, 0x00, 0x00, 0x00, 0x00, 0x00, 0x00, 0x00, 0x00, 0x00, 0x00, 0x00, 0x00, 0x00, 0x00, 0x00, 0x00, 0x00, 0x00, 0x00, 0x00, 0x00,
    0x00, 0x00, 0x00, 0x00, 0x00, 0x00, 0x00, 0x00, 0x00, 0x00, 0x00, 0x00, 0x00, 0x00, 0x00, 0x00, 0x00, 0x00, 0x00, 0x00, 0x00, 0x00, 0x00, 0x00, 0x67, 0xd9, 0x67, 0xe1, 0x67, 0xe1, 0x67, 0xe1, 0xc5, 0xeb, 0xe4, 0xf4, 0x67, 0xe1, 0x67, 0xe1, 0x67, 0xe1, 0x67, 0xd9, 0x00, 0x00, 0x00, 0x00, 0x00, 0x00, 0x00, 0x00, 0x00, 0x00, 0x00, 0x00, 0x00, 0x00, 0x00, 0x00, 0x00, 0x00, 0x00, 0x00, 0x00, 0x00, 0x00, 0x00,
    0x00, 0x00, 0x00, 0x00, 0x00, 0x00, 0x00, 0x00, 0x00, 0x00, 0x00, 0x00, 0x00, 0x00, 0x00, 0x00, 0x00, 0x00, 0x00, 0x00, 0x00, 0x00, 0x00, 0x00, 0x67, 0xe1, 0x67, 0xe1, 0x67, 0xe1, 0xc5, 0xeb, 0x23, 0xf6, 0x23, 0xf6, 0xa6, 0xe2, 0x67, 0xe1, 0x67, 0xe1, 0x67, 0xe1, 0x87, 0xd9, 0x00, 0x00, 0x00, 0x00, 0x00, 0x00, 0x00, 0x00, 0x00, 0x00, 0x00, 0x00, 0x00, 0x00, 0x00, 0x00, 0x00, 0x00, 0x00, 0x00, 0x00, 0x00,
    0x00, 0x00, 0x00, 0x00, 0x00, 0x00, 0x00, 0x00, 0x00, 0x00, 0x00, 0x00, 0x00, 0x00, 0x00, 0x00, 0x00, 0x00, 0x00, 0x00, 0x00, 0x00, 0x67, 0xd9, 0x67, 0xe1, 0x67, 0xe1, 0x67, 0xe1, 0xc5, 0xeb, 0xc2, 0x6a, 0xe2, 0x72, 0xe4, 0xf4, 0x67, 0xe1, 0x67, 0xe1, 0x67, 0xe1, 0x67, 0xe1, 0x00, 0x00, 0x00, 0x00, 0x00, 0x00, 0x00, 0x00, 0x00, 0x00, 0x00, 0x00, 0x00, 0x00, 0x00, 0x00, 0x00, 0x00, 0x00, 0x00, 0x00, 0x00,
    0x00, 0x00, 0x00, 0x00, 0x00, 0x00, 0x00, 0x00, 0x00, 0x00, 0x00, 0x00, 0x00, 0x00, 0x00, 0x00, 0x00, 0x00, 0x00, 0x00, 0x67, 0xd9, 0x67, 0xe1, 0x67, 0xe1, 0x67, 0xe1, 0xc5, 0xeb, 0x03, 0xf6, 0x41, 0x08, 0x41, 0x08, 0x03, 0xf6, 0xa6, 0xe2, 0x67, 0xe1, 0x67, 0xe1, 0x67, 0xe1, 0x87, 0xd9, 0x00, 0x00, 0x00, 0x00, 0x00, 0x00, 0x00, 0x00, 0x00, 0x00, 0x00, 0x00, 0x00, 0x00, 0x00, 0x00, 0x00, 0x00, 0x00, 0x00,
    0x00, 0x00, 0x00, 0x00, 0x00, 0x00, 0x00, 0x00, 0x00, 0x00, 0x00, 0x00, 0x00, 0x00, 0x00, 0x00, 0x00, 0x00, 0x00, 0x00, 0x67, 0xe1, 0x67, 0xe1, 0x67, 0xe1, 0x67, 0xe1, 0x23, 0xf6, 0x03, 0xf6, 0x41, 0x08, 0x41, 0x08, 0x03, 0xf6, 0xe4, 0xf4, 0x67, 0xe1, 0x67, 0xe1, 0x67, 0xe1, 0x67, 0xe1, 0x00, 0x00, 0x00, 0x00, 0x00, 0x00, 0x00, 0x00, 0x00, 0x00, 0x00, 0x00, 0x00, 0x00, 0x00, 0x00, 0x00, 0x00, 0x00, 0x00,
    0x00, 0x00, 0x00, 0x00, 0x00, 0x00, 0x00, 0x00, 0x00, 0x00, 0x00, 0x00, 0x00, 0x00, 0x00, 0x00, 0x00, 0x00, 0x67, 0xd9, 0x67, 0xe1, 0x67, 0xe1, 0x67, 0xe1, 0xc5, 0xeb, 0x23, 0xf6, 0x03, 0xf6, 0x41, 0x08, 0x41, 0x08, 0x03, 0xf6, 0x23, 0xf6, 0xc5, 0xeb, 0x67, 0xe1, 0x67, 0xe1, 0x67, 0xe1, 0x87, 0xd9, 0x00, 0x00, 0x00, 0x00, 0x00, 0x00, 0x00, 0x00, 0x00, 0x00, 0x00, 0x00, 0x00, 0x00, 0x00, 0x00, 0x00, 0x00,
    0x00, 0x00, 0x00, 0x00, 0x00, 0x00, 0x00, 0x00, 0x00, 0x00, 0x00, 0x00, 0x00, 0x00, 0x00, 0x00, 0x00, 0x00, 0x67, 0xe1, 0x67, 0xe1, 0x67, 0xe1, 0x67, 0xe1, 0x23, 0xf6, 0x23, 0xf6, 0x03, 0xf6, 0x41, 0x08, 0x41, 0x08, 0x03, 0xf6, 0x23, 0xf6, 0x23, 0xf6, 0xa6, 0xe2, 0x67, 0xe1, 0x67, 0xe1, 0x67, 0xe1, 0x00, 0x00, 0x00, 0x00, 0x00, 0x00, 0x00, 0x00, 0x00, 0x00, 0x00, 0x00, 0x00, 0x00, 0x00, 0x00, 0x00, 0x00,
    0x00, 0x00, 0x00, 0x00, 0x00, 0x00, 0x00, 0x00, 0x00, 0x00, 0x00, 0x00, 0x00, 0x00, 0x00, 0x00, 0x67, 0xd9, 0x67, 0xe1, 0x67, 0xe1, 0x67, 0xe1, 0xc5, 0xeb, 0x23, 0xf6, 0x23, 0xf6, 0x03, 0xf6, 0x41, 0x08, 0x41, 0x08, 0x03, 0xf6, 0x23, 0xf6, 0x23, 0xf6, 0xe4, 0xf4, 0x67, 0xe1, 0x67, 0xe1, 0x67, 0xe1, 0x67, 0xd9, 0x00, 0x00, 0x00, 0x00, 0x00, 0x00, 0x00, 0x00, 0x00, 0x00, 0x00, 0x00, 0x00, 0x00, 0x00, 0x00,
    0x00, 0x00, 0x00, 0x00, 0x00, 0x00, 0x00, 0x00, 0x00, 0x00, 0x00, 0x00, 0x00, 0x00, 0x00, 0x00, 0x67, 0xe1, 0x67, 0xe1, 0x67, 0xe1, 0xc5, 0xeb, 0x23, 0xf6, 0x23, 0xf6, 0x23, 0xf6, 0x03, 0xf6, 0x41, 0x08, 0x41, 0x08, 0x03, 0xf6, 0x23, 0xf6, 0x23, 0xf6, 0x23, 0xf6, 0xa6, 0xe2, 0x67, 0xe1, 0x67, 0xe1, 0x67, 0xe1, 0x87, 0xd9, 0x00, 0x00, 0x00, 0x00, 0x00, 0x00, 0x00, 0x00, 0x00, 0x00, 0x00, 0x00, 0x00, 0x00,
    0x00, 0x00, 0x00, 0x00, 0x00, 0x00, 0x00, 0x00, 0x00, 0x00, 0x00, 0x00, 0x00, 0x00, 0x67, 0xd9, 0x67, 0xe1, 0x67, 0xe1, 0x67, 0xe1, 0xc5, 0xeb, 0x23, 0xf6, 0x23, 0xf6, 0x23, 0xf6, 0x03, 0xf6, 0x41, 0x08, 0x41, 0x08, 0x03, 0xf6, 0x23, 0xf6, 0x23, 0xf6, 0x23, 0xf6, 0xe4, 0xf4, 0x67, 0xe1, 0x67, 0xe1, 0x67, 0xe1, 0x67, 0xe1, 0x00, 0x00, 0x00, 0x00, 0x00, 0x00, 0x00, 0x00, 0x00, 0x00, 0x00, 0x00, 0x00, 0x00,
    0x00, 0x00, 0x00, 0x00, 0x00, 0x00, 0x00, 0x00, 0x00, 0x00, 0x00, 0x00, 0x67, 0xd9, 0x67, 0xe1, 0x67, 0xe1, 0x67, 0xe1, 0xc5, 0xeb, 0x23, 0xf6, 0x23, 0xf6, 0x23, 0xf6, 0x23, 0xf6, 0x23, 0xf6, 0x81, 0x39, 0x81, 0x39, 0x23, 0xf6, 0x23, 0xf6, 0x23, 0xf6, 0x23, 0xf6, 0x23, 0xf6, 0xa6, 0xe2, 0x67, 0xe1, 0x67, 0xe1, 0x67, 0xe1, 0x87, 0xd9, 0x00, 0x00, 0x00, 0x00, 0x00, 0x00, 0x00, 0x00, 0x00, 0x00, 0x00, 0x00,
    0x00, 0x00, 0x00, 0x00, 0x00, 0x00, 0x00, 0x00, 0x00, 0x00, 0x00, 0x00, 0x67, 0xe1, 0x67, 0xe1, 0x67, 0xe1, 0x67, 0xe1, 0x23, 0xf6, 0x23, 0xf6, 0x23, 0xf6, 0x23, 0xf6, 0x23, 0xf6, 0x23, 0xf6, 0x23, 0xf6, 0x23, 0xf6, 0x23, 0xf6, 0x23, 0xf6, 0x23, 0xf6, 0x23, 0xf6, 0x23, 0xf6, 0xe4, 0xf4, 0x67, 0xe1, 0x67, 0xe1, 0x67, 0xe1, 0x67, 0xe1, 0x00, 0x00, 0x00, 0x00, 0x00, 0x00, 0x00, 0x00, 0x00, 0x00, 0x00, 0x00,
    0x00, 0x00, 0x00, 0x00, 0x00, 0x00, 0x00, 0x00, 0x00, 0x00, 0x67, 0xd9, 0x67, 0xe1, 0x67, 0xe1, 0x67, 0xe1, 0xc5, 0xeb, 0xa2, 0xbc, 0x42, 0x83, 0x23, 0xf6, 0x23, 0xf6, 0x23, 0xf6, 0x23, 0xf6, 0x23, 0xf6, 0x23, 0xf6, 0x23, 0xf6, 0x23, 0xf6, 0xa2, 0xbc, 0x42, 0x83, 0x23, 0xf6, 0x23, 0xf6, 0xc5, 0xeb, 0x67, 0xe1, 0x67, 0xe1, 0x67, 0xe1, 0x87, 0xd9, 0x00, 0x00, 0x00, 0x00, 0x00, 0x00, 0x00, 0x00, 0x00, 0x00,
    0x00, 0x00, 0x00, 0x00, 0x00, 0x00, 0x00, 0x00, 0x00, 0x00, 0x67, 0xe1, 0x67, 0xe1, 0x67, 0xe1, 0x67, 0xe1, 0xc2, 0x41, 0x41, 0x08, 0x41, 0x08, 0x41, 0x08, 0xa2, 0xbc, 0x23, 0xf6, 0x23, 0xf6, 0x23, 0xf6, 0x23, 0xf6, 0x23, 0xf6, 0xc2, 0x41, 0x41, 0x08, 0x41, 0x08, 0x41, 0x08, 0xa2, 0xbc, 0x23, 0xf6, 0xa6, 0xe2, 0x67, 0xe1, 0x67, 0xe1, 0x67, 0xe1, 0x00, 0x00, 0x00, 0x00, 0x00, 0x00, 0x00, 0x00, 0x00, 0x00,
    0x00, 0x00, 0x00, 0x00, 0x00, 0x00, 0x00, 0x00, 0x67, 0xd9, 0x67, 0xe1, 0x67, 0xe1, 0x67, 0xe1, 0xe4, 0x70, 0x41, 0x08, 0xc2, 0x41, 0x42, 0x83, 0x41, 0x08, 0xc2, 0x41, 0x23, 0xf6, 0x23, 0xf6, 0x23, 0xf6, 0x23, 0xf6, 0x42, 0x83, 0x41, 0x08, 0xc2, 0x41, 0x42, 0x83, 0x41, 0x08, 0x41, 0x08, 0xa2, 0xbc, 0xe4, 0xf4, 0x67, 0xe1, 0x67, 0xe1, 0x67, 0xe1, 0x67, 0xd9, 0x00, 0x00, 0x00, 0x00, 0x00, 0x00, 0x00, 0x00,
    0x00, 0x00, 0x00, 0x00, 0x00, 0x00, 0x00, 0x00, 0x67, 0xe1, 0x67, 0xe1, 0x67, 0xe1, 0xe4, 0x70, 0x41, 0x08, 0x41, 0x08, 0x23, 0xf6, 0x23, 0xf6, 0xc2, 0x41, 0x41, 0x08, 0x42, 0x83, 0x23, 0xf6, 0x23, 0xf6, 0x42, 0x83, 0x41, 0x08, 0x41, 0x08, 0x42, 0x83, 0x23, 0xf6, 0xc2, 0x41, 0x41, 0x08, 0xc2, 0x41, 0x23, 0xf6, 0xa6, 0xe2, 0x67, 0xe1, 0x67, 0xe1, 0x67, 0xe1, 0x87, 0xd9, 0x00, 0x00, 0x00, 0x00, 0x00, 0x00,
    0x00, 0x00, 0x00, 0x00, 0x00, 0x00, 0x67, 0xd9, 0x67, 0xe1, 0x67, 0xe1, 0x67, 0xe1, 0x44, 0xb2, 0x41, 0x08, 0xa2, 0xbc, 0x23, 0xf6, 0x23, 0xf6, 0xa2, 0xbc, 0x41, 0x08, 0x41, 0x08, 0xa2, 0xbc, 0x23, 0xf6, 0x41, 0x08, 0x41, 0x08, 0x42, 0x83, 0x23, 0xf6, 0x23, 0xf6, 0xa2, 0xbc, 0x42, 0x83, 0x42, 0x83, 0x23, 0xf6, 0xe4, 0xf4, 0x67, 0xe1, 0x67, 0xe1, 0x67, 0xe1, 0x67, 0xe1, 0x00, 0x00, 0x00, 0x00, 0x00, 0x00,
    0x00, 0x00, 0x00, 0x00, 0x67, 0xd9, 0x67, 0xe1, 0x67, 0xe1, 0x67, 0xe1, 0xc5, 0xeb, 0x23, 0xf6, 0x23, 0xf6, 0x23, 0xf6, 0x23, 0xf6, 0x23, 0xf6, 0x23, 0xf6, 0x42, 0x83, 0x41, 0x08, 0x41, 0x08, 0xc2, 0x41, 0x41, 0x08, 0xc2, 0x41, 0x23, 0xf6, 0x23, 0xf6, 0x23, 0xf6, 0x23, 0xf6, 0x23, 0xf6, 0x23, 0xf6, 0x23, 0xf6, 0x23, 0xf6, 0xa6, 0xe2, 0x67, 0xe1, 0x67, 0xe1, 0x67, 0xe1, 0x87, 0xd9, 0x00, 0x00, 0x00, 0x00,
    0x00, 0x00, 0x00, 0x00, 0x67, 0xe1, 0x67, 0xe1, 0x67, 0xe1, 0x67, 0xe1, 0x23, 0xf6, 0x23, 0xf6, 0x23, 0xf6, 0x23, 0xf6, 0x23, 0xf6, 0x23, 0xf6, 0x23, 0xf6, 0x23, 0xf6, 0x42, 0x83, 0x41, 0x08, 0x41, 0x08, 0xc2, 0x41, 0xa2, 0xbc, 0x23, 0xf6, 0x23, 0xf6, 0x23, 0xf6, 0x23, 0xf6, 0x23, 0xf6, 0x23, 0xf6, 0x23, 0xf6, 0x23, 0xf6, 0xe4, 0xf4, 0x67, 0xe1, 0x67, 0xe1, 0x67, 0xe1, 0x67, 0xe1, 0x00, 0x00, 0x00, 0x00,
    0x00, 0x00, 0x67, 0xd9, 0x67, 0xe1, 0x67, 0xe1, 0x67, 0xe1, 0xc5, 0xeb, 0x23, 0xf6, 0x23, 0xf6, 0x23, 0xf6, 0x23, 0xf6, 0x23, 0xf6, 0x23, 0xf6, 0x23, 0xf6, 0x23, 0xf6, 0x23, 0xf6, 0x42, 0x83, 0xa2, 0xbc, 0x23, 0xf6, 0x23, 0xf6, 0x23, 0xf6, 0x23, 0xf6, 0x23, 0xf6, 0x23, 0xf6, 0x23, 0xf6, 0x23, 0xf6, 0x23, 0xf6, 0x23, 0xf6, 0x23, 0xf6, 0xc5, 0xeb, 0x67, 0xe1, 0x67, 0xe1, 0x67, 0xe1, 0x87, 0xd9, 0x00, 0x00,
    0x00, 0x00, 0x67, 0xe1, 0x67, 0xe1, 0x67, 0xe1, 0x67, 0xe1, 0x23, 0xf6, 0x23, 0xf6, 0x23, 0xf6, 0x23, 0xf6, 0x23, 0xf6, 0x23, 0xf6, 0x23, 0xf6, 0x23, 0xf6, 0x23, 0xf6, 0x23, 0xf6, 0x23, 0xf6, 0x23, 0xf6, 0x23, 0xf6, 0x23, 0xf6, 0x23, 0xf6, 0x23, 0xf6, 0x23, 0xf6, 0x23, 0xf6, 0x23, 0xf6, 0x23, 0xf6, 0x23, 0xf6, 0x23, 0xf6, 0x23, 0xf6, 0x23, 0xf6, 0xa6, 0xe2, 0x67, 0xe1, 0x67, 0xe1, 0x67, 0xe1, 0x00, 0x00,
    0x67, 0xd9, 0x67, 0xe1, 0x67, 0xe1, 0x67, 0xe1, 0x67, 0xe1, 0x67, 0xe1, 0x67, 0xe1, 0x67, 0xe1, 0x67, 0xe1, 0x67, 0xe1, 0x67, 0xe1, 0x67, 0xe1, 0x67, 0xe1, 0x67, 0xe1, 0x67, 0xe1, 0x67, 0xe1, 0x67, 0xe1, 0x67, 0xe1, 0x67, 0xe1, 0x67, 0xe1, 0x67, 0xe1, 0x67, 0xe1, 0x67, 0xe1, 0x67, 0xe1, 0x67, 0xe1, 0x67, 0xe1, 0x67, 0xe1, 0x67, 0xe1, 0x67, 0xe1, 0x67, 0xe1, 0x67, 0xe1, 0x67, 0xe1, 0x67, 0xe1, 0x67, 0xd9,
    0x67, 0xe1, 0x67, 0xe1, 0x67, 0xe1, 0x67, 0xe1, 0x67, 0xe1, 0x67, 0xe1, 0x67, 0xe1, 0x67, 0xe1, 0x67, 0xe1, 0x67, 0xe1, 0x67, 0xe1, 0x67, 0xe1, 0x67, 0xe1, 0x67, 0xe1, 0x67, 0xe1, 0x67, 0xe1, 0x67, 0xe1, 0x67, 0xe1, 0x67, 0xe1, 0x67, 0xe1, 0x67, 0xe1, 0x67, 0xe1, 0x67, 0xe1, 0x67, 0xe1, 0x67, 0xe1, 0x67, 0xe1, 0x67, 0xe1, 0x67, 0xe1, 0x67, 0xe1, 0x67, 0xe1, 0x67, 0xe1, 0x67, 0xe1, 0x67, 0xe1, 0x67, 0xe1,
    0x67, 0xd9, 0x67, 0xe1, 0x67, 0xe1, 0x67, 0xe1, 0x67, 0xe1, 0x67, 0xe1, 0x67, 0xe1, 0x67, 0xe1, 0x67, 0xe1, 0x67, 0xe1, 0x67, 0xe1, 0x67, 0xe1, 0x67, 0xe1, 0x67, 0xe1, 0x67, 0xe1, 0x67, 0xe1, 0x67, 0xe1, 0x67, 0xe1, 0x67, 0xe1, 0x67, 0xe1, 0x67, 0xe1, 0x67, 0xe1, 0x67, 0xe1, 0x67, 0xe1, 0x67, 0xe1, 0x67, 0xe1, 0x67, 0xe1, 0x67, 0xe1, 0x67, 0xe1, 0x67, 0xe1, 0x67, 0xe1, 0x67, 0xe1, 0x67, 0xe1, 0x67, 0xd9,
    0x00, 0x00, 0x67, 0xd9, 0x67, 0xd9, 0x67, 0xd9, 0x67, 0xd9, 0x67, 0xd9, 0x67, 0xd9, 0x67, 0xd9, 0x67, 0xd9, 0x67, 0xd9, 0x67, 0xd9, 0x67, 0xd9, 0x67, 0xd9, 0x67, 0xd9, 0x67, 0xd9, 0x67, 0xd9, 0x67, 0xd9, 0x67, 0xd9, 0x67, 0xd9, 0x67, 0xd9, 0x67, 0xd9, 0x67, 0xd9, 0x67, 0xd9, 0x67, 0xd9, 0x67, 0xd9, 0x67, 0xd9, 0x67, 0xd9, 0x67, 0xd9, 0x67, 0xd9, 0x67, 0xd9, 0x67, 0xd9, 0x67, 0xd9, 0x87, 0xd9, 0x00, 0x00,
    0x00, 0x00, 0x00, 0x00, 0x00, 0x00, 0x00, 0x00, 0x00, 0x00, 0x00, 0x00, 0x00, 0x00, 0x00, 0x00, 0x00, 0x00, 0x00, 0x00, 0x00, 0x00, 0x00, 0x00, 0x00, 0x00, 0x00, 0x00, 0x00, 0x00, 0x00, 0x00, 0x00, 0x00, 0x00, 0x00, 0x00, 0x00, 0x00, 0x00, 0x00, 0x00, 0x00, 0x00, 0x00, 0x00, 0x00, 0x00, 0x00, 0x00, 0x00, 0x00, 0x00, 0x00, 0x00, 0x00, 0x00, 0x00, 0x00, 0x00, 0x00, 0x00, 0x00, 0x00, 0x00, 0x00, 0x00, 0x00,
    0x00, 0x00, 0x00, 0x00, 0x00, 0x00, 0x00, 0x00, 0x00, 0x00, 0x00, 0x00, 0x00, 0x00, 0x00, 0x00, 0x00, 0x00, 0x00, 0x00, 0x00, 0x00, 0x00, 0x00, 0x00, 0x00, 0x00, 0x00, 0x00, 0x00, 0x00, 0x00, 0x00, 0x00, 0x00, 0x00, 0x00, 0x00, 0x00, 0x00, 0x00, 0x00, 0x00, 0x00, 0x00, 0x00, 0x00, 0x00, 0x00, 0x00, 0x00, 0x00, 0x00, 0x00, 0x00, 0x00, 0x00, 0x00, 0x00, 0x00, 0x00, 0x00, 0x00, 0x00, 0x00, 0x00, 0x00, 0x00,
    0x00, 0x00, 0x00, 0x00, 0x00, 0x00, 0x00, 0x00, 0x00, 0x00, 0x00, 0x00, 0x00, 0x00, 0x00, 0x00, 0x00, 0x00, 0x00, 0x00, 0x00, 0x00, 0x00, 0x00, 0x00, 0x00, 0x00, 0x00, 0x00, 0x00, 0x00, 0x00, 0x00, 0x00,
    0x00, 0x00, 0x00, 0x00, 0x00, 0x00, 0x00, 0x00, 0x00, 0x00, 0x00, 0x00, 0x00, 0x00, 0x00, 0x00, 0x80, 0x80, 0x00, 0x00, 0x00, 0x00, 0x00, 0x00, 0x00, 0x00, 0x00, 0x00, 0x00, 0x00, 0x00, 0x00, 0x00, 0x00,
    0x00, 0x00, 0x00, 0x00, 0x00, 0x00, 0x00, 0x00, 0x00, 0x00, 0x00, 0x00, 0x00, 0x00, 0x00, 0x80, 0xff, 0xff, 0xbf, 0x00, 0x00, 0x00, 0x00, 0x00, 0x00, 0x00, 0x00, 0x00, 0x00, 0x00, 0x00, 0x00, 0x00, 0x00,
    0x00, 0x00, 0x00, 0x00, 0x00, 0x00, 0x00, 0x00, 0x00, 0x00, 0x00, 0x00, 0x00, 0x00, 0x80, 0xff, 0xff, 0xff, 0xff, 0x40, 0x00, 0x00, 0x00, 0x00, 0x00, 0x00, 0x00, 0x00, 0x00, 0x00, 0x00, 0x00, 0x00, 0x00,
    0x00, 0x00, 0x00, 0x00, 0x00, 0x00, 0x00, 0x00, 0x00, 0x00, 0x00, 0x00, 0x00, 0x00, 0xbf, 0xff, 0xff, 0xff, 0xff, 0xbf, 0x00, 0x00, 0x00, 0x00, 0x00, 0x00, 0x00, 0x00, 0x00, 0x00, 0x00, 0x00, 0x00, 0x00,
    0x00, 0x00, 0x00, 0x00, 0x00, 0x00, 0x00, 0x00, 0x00, 0x00, 0x00, 0x00, 0x00, 0x80, 0xff, 0xff, 0xff, 0xff, 0xff, 0xff, 0x40, 0x00, 0x00, 0x00, 0x00, 0x00, 0x00, 0x00, 0x00, 0x00, 0x00, 0x00, 0x00, 0x00,
    0x00, 0x00, 0x00, 0x00, 0x00, 0x00, 0x00, 0x00, 0x00, 0x00, 0x00, 0x00, 0x00, 0xff, 0xff, 0xff, 0xff, 0xff, 0xff, 0xff, 0xff, 0x00, 0x00, 0x00, 0x00, 0x00, 0x00, 0x00, 0x00, 0x00, 0x00, 0x00, 0x00, 0x00,
    0x00, 0x00, 0x00, 0x00, 0x00, 0x00, 0x00, 0x00, 0x00, 0x00, 0x00, 0x00, 0x80, 0xff, 0xff, 0xff, 0xff, 0xff, 0xff, 0xff, 0xff, 0x80, 0x00, 0x00, 0x00, 0x00, 0x00, 0x00, 0x00, 0x00, 0x00, 0x00, 0x00, 0x00,
    0x00, 0x00, 0x00, 0x00, 0x00, 0x00, 0x00, 0x00, 0x00, 0x00, 0x00, 0x00, 0xff, 0xff, 0xff, 0xff, 0xff, 0xff, 0xff, 0xff, 0xff, 0xff, 0x40, 0x00, 0x00, 0x00, 0x00, 0x00, 0x00, 0x00, 0x00, 0x00, 0x00, 0x00,
    0x00, 0x00, 0x00, 0x00, 0x00, 0x00, 0x00, 0x00, 0x00, 0x00, 0x00, 0x80, 0xff, 0xff, 0xff, 0xff, 0xff, 0xff, 0xff, 0xff, 0xff, 0xff, 0xbf, 0x00, 0x00, 0x00, 0x00, 0x00, 0x00, 0x00, 0x00, 0x00, 0x00, 0x00,
    0x00, 0x00, 0x00, 0x00, 0x00, 0x00, 0x00, 0x00, 0x00, 0x00, 0x80, 0xff, 0xff, 0xff, 0xff, 0xff, 0xff, 0xff, 0xff, 0xff, 0xff, 0xff, 0xff, 0x40, 0x00, 0x00, 0x00, 0x00, 0x00, 0x00, 0x00, 0x00, 0x00, 0x00,
    0x00, 0x00, 0x00, 0x00, 0x00, 0x00, 0x00, 0x00, 0x00, 0x00, 0xbf, 0xff, 0xff, 0xff, 0xff, 0xff, 0xff, 0xff, 0xff, 0xff, 0xff, 0xff, 0xff, 0xbf, 0x00, 0x00, 0x00, 0x00, 0x00, 0x00, 0x00, 0x00, 0x00, 0x00,
    0x00, 0x00, 0x00, 0x00, 0x00, 0x00, 0x00, 0x00, 0x00, 0x80, 0xff, 0xff, 0xff, 0xff, 0xff, 0xff, 0xff, 0xff, 0xff, 0xff, 0xff, 0xff, 0xff, 0xff, 0x40, 0x00, 0x00, 0x00, 0x00, 0x00, 0x00, 0x00, 0x00, 0x00,
    0x00, 0x00, 0x00, 0x00, 0x00, 0x00, 0x00, 0x00, 0x00, 0xff, 0xff, 0xff, 0xff, 0xff, 0xff, 0xff, 0xff, 0xff, 0xff, 0xff, 0xff, 0xff, 0xff, 0xff, 0xff, 0x00, 0x00, 0x00, 0x00, 0x00, 0x00, 0x00, 0x00, 0x00,
    0x00, 0x00, 0x00, 0x00, 0x00, 0x00, 0x00, 0x00, 0x80, 0xff, 0xff, 0xff, 0xff, 0xff, 0xff, 0xff, 0xff, 0xff, 0xff, 0xff, 0xff, 0xff, 0xff, 0xff, 0xff, 0x80, 0x00, 0x00, 0x00, 0x00, 0x00, 0x00, 0x00, 0x00,
    0x00, 0x00, 0x00, 0x00, 0x00, 0x00, 0x00, 0x00, 0xff, 0xff, 0xff, 0xff, 0xff, 0xff, 0xff, 0xff, 0xff, 0xff, 0xff, 0xff, 0xff, 0xff, 0xff, 0xff, 0xff, 0xff, 0x40, 0x00, 0x00, 0x00, 0x00, 0x00, 0x00, 0x00,
    0x00, 0x00, 0x00, 0x00, 0x00, 0x00, 0x00, 0x80, 0xff, 0xff, 0xff, 0xff, 0xff, 0xff, 0xff, 0xff, 0xff, 0xff, 0xff, 0xff, 0xff, 0xff, 0xff, 0xff, 0xff, 0xff, 0xbf, 0x00, 0x00, 0x00, 0x00, 0x00, 0x00, 0x00,
    0x00, 0x00, 0x00, 0x00, 0x00, 0x00, 0x80, 0xff, 0xff, 0xff, 0xff, 0xff, 0xff, 0xff, 0xff, 0xff, 0xff, 0xff, 0xff, 0xff, 0xff, 0xff, 0xff, 0xff, 0xff, 0xff, 0xff, 0x40, 0x00, 0x00, 0x00, 0x00, 0x00, 0x00,
    0x00, 0x00, 0x00, 0x00, 0x00, 0x00, 0xbf, 0xff, 0xff, 0xff, 0xff, 0xff, 0xff, 0xff, 0xff, 0xff, 0xff, 0xff, 0xff, 0xff, 0xff, 0xff, 0xff, 0xff, 0xff, 0xff, 0xff, 0xbf, 0x00, 0x00, 0x00, 0x00, 0x00, 0x00,
    0x00, 0x00, 0x00, 0x00, 0x00, 0x80, 0xff, 0xff, 0xff, 0xff, 0xff, 0xff, 0xff, 0xff, 0xff, 0xff, 0xff, 0xff, 0xff, 0xff, 0xff, 0xff, 0xff, 0xff, 0xff, 0xff, 0xff, 0xff, 0x40, 0x00, 0x00, 0x00, 0x00, 0x00,
    0x00, 0x00, 0x00, 0x00, 0x00, 0xff, 0xff, 0xff, 0xff, 0xff, 0xff, 0xff, 0xff, 0xff, 0xff, 0xff, 0xff, 0xff, 0xff, 0xff, 0xff, 0xff, 0xff, 0xff, 0xff, 0xff, 0xff, 0xff, 0xff, 0x00, 0x00, 0x00, 0x00, 0x00,
    0x00, 0x00, 0x00, 0x00, 0x80, 0xff, 0xff, 0xff, 0xff, 0xff, 0xff, 0xff, 0xff, 0xff, 0xff, 0xff, 0xff, 0xff, 0xff, 0xff, 0xff, 0xff, 0xff, 0xff, 0xff, 0xff, 0xff, 0xff, 0xff, 0x80, 0x00, 0x00, 0x00, 0x00,
    0x00, 0x00, 0x00, 0x00, 0xff, 0xff, 0xff, 0xff, 0xff, 0xff, 0xff, 0xff, 0xff, 0xff, 0xff, 0xff, 0xff, 0xff, 0xff, 0xff, 0xff, 0xff, 0xff, 0xff, 0xff, 0xff, 0xff, 0xff, 0xff, 0xff, 0x40, 0x00, 0x00, 0x00,
    0x00, 0x00, 0x00, 0x80, 0xff, 0xff, 0xff, 0xff, 0xff, 0xff, 0xff, 0xff, 0xff, 0xff, 0xff, 0xff, 0xff, 0xff, 0xff, 0xff, 0xff, 0xff, 0xff, 0xff, 0xff, 0xff, 0xff, 0xff, 0xff, 0xff, 0xbf, 0x00, 0x00, 0x00,
    0x00, 0x00, 0x80, 0xff, 0xff, 0xff, 0xff, 0xff, 0xff, 0xff, 0xff, 0xff, 0xff, 0xff, 0xff, 0xff, 0xff, 0xff, 0xff, 0xff, 0xff, 0xff, 0xff, 0xff, 0xff, 0xff, 0xff, 0xff, 0xff, 0xff, 0xff, 0x40, 0x00, 0x00,
    0x00, 0x00, 0xbf, 0xff, 0xff, 0xff, 0xff, 0xff, 0xff, 0xff, 0xff, 0xff, 0xff, 0xff, 0xff, 0xff, 0xff, 0xff, 0xff, 0xff, 0xff, 0xff, 0xff, 0xff, 0xff, 0xff, 0xff, 0xff, 0xff, 0xff, 0xff, 0xbf, 0x00, 0x00,
    0x00, 0x80, 0xff, 0xff, 0xff, 0xff, 0xff, 0xff, 0xff, 0xff, 0xff, 0xff, 0xff, 0xff, 0xff, 0xff, 0xff, 0xff, 0xff, 0xff, 0xff, 0xff, 0xff, 0xff, 0xff, 0xff, 0xff, 0xff, 0xff, 0xff, 0xff, 0xff, 0x40, 0x00,
    0x00, 0xff, 0xff, 0xff, 0xff, 0xff, 0xff, 0xff, 0xff, 0xff, 0xff, 0xff, 0xff, 0xff, 0xff, 0xff, 0xff, 0xff, 0xff, 0xff, 0xff, 0xff, 0xff, 0xff, 0xff, 0xff, 0xff, 0xff, 0xff, 0xff, 0xff, 0xff, 0xff, 0x00,
    0x80, 0xff, 0xff, 0xff, 0xff, 0xff, 0xff, 0xff, 0xff, 0xff, 0xff, 0xff, 0xff, 0xff, 0xff, 0xff, 0xff, 0xff, 0xff, 0xff, 0xff, 0xff, 0xff, 0xff, 0xff, 0xff, 0xff, 0xff, 0xff, 0xff, 0xff, 0xff, 0xff, 0x80,
    0xbf, 0xff, 0xff, 0xff, 0xff, 0xff, 0xff, 0xff, 0xff, 0xff, 0xff, 0xff, 0xff, 0xff, 0xff, 0xff, 0xff, 0xff, 0xff, 0xff, 0xff, 0xff, 0xff, 0xff, 0xff, 0xff, 0xff, 0xff, 0xff, 0xff, 0xff, 0xff, 0xff, 0xbf,
    0x80, 0xff, 0xff, 0xff, 0xff, 0xff, 0xff, 0xff, 0xff, 0xff, 0xff, 0xff, 0xff, 0xff, 0xff, 0xff, 0xff, 0xff, 0xff, 0xff, 0xff, 0xff, 0xff, 0xff, 0xff, 0xff, 0xff, 0xff, 0xff, 0xff, 0xff, 0xff, 0xff, 0x80,
    0x00, 0x80, 0x80, 0x80, 0x80, 0x80, 0x80, 0x80, 0x80, 0x80, 0x80, 0x80, 0x80, 0x80, 0x80, 0x80, 0x80, 0x80, 0x80, 0x80, 0x80, 0x80, 0x80, 0x80, 0x80, 0x80, 0x80, 0x80, 0x80, 0x80, 0x80, 0x80, 0x40, 0x00,
    0x00, 0x00, 0x00, 0x00, 0x00, 0x00, 0x00, 0x00, 0x00, 0x00, 0x00, 0x00, 0x00, 0x00, 0x00, 0x00, 0x00, 0x00, 0x00, 0x00, 0x00, 0x00, 0x00, 0x00, 0x00, 0x00, 0x00, 0x00, 0x00, 0x00, 0x00, 0x00, 0x00, 0x00,
    0x00, 0x00, 0x00, 0x00, 0x00, 0x00, 0x00, 0x00, 0x00, 0x00, 0x00, 0x00, 0x00, 0x00, 0x00, 0x00, 0x00, 0x00, 0x00, 0x00, 0x00, 0x00, 0x00, 0x00, 0x00, 0x00, 0x00, 0x00, 0x00, 0x00, 0x00, 0x00, 0x00, 0x00,
};

const lv_image_dsc_t sign_rough_road = {
    .header = { .magic = LV_IMAGE_HEADER_MAGIC, .cf = LV_COLOR_FORMAT_RGB565A8,
                .w = 34, .h = 34, .stride = 68 },
    .data_size = sizeof(sign_rough_road_map),
    .data = sign_rough_road_map,
};

static const uint8_t sign_children_map[] = {
    0x00, 0x00, 0x00, 0x00, 0x00, 0x00, 0x00, 0x00, 0x00, 0x00, 0x00, 0x00, 0x00, 0x00, 0x00, 0x00, 0x00, 0x00, 0x00, 0x00, 0x00, 0x00, 0x00, 0x00, 0x00, 0x00, 0x00, 0x00, 0x00, 0x00, 0x00, 0x00, 0x00, 0x00, 0x00, 0x00, 0x00, 0x00, 0x00, 0x00, 0x00, 0x00, 0x00, 0x00, 0x00, 0x00, 0x00, 0x00, 0x00, 0x00, 0x00, 0x00, 0x00, 0x00, 0x00, 0x00, 0x00, 0x00, 0x00, 0x00, 0x00, 0x00, 0x00, 0x00, 0x00, 0x00, 0x00, 0x00,
    0x00, 0x00, 0x00, 0x00, 0x00, 0x00, 0x00, 0x00, 0x00, 0x00, 0x00, 0x00, 0x00, 0x00, 0x00, 0x00, 0x00, 0x00, 0x00, 0x00, 0x00, 0x00, 0x00, 0x00, 0x00, 0x00, 0x00, 0x00, 0x00, 0x00, 0x00, 0x00, 0x67, 0xd9, 0x67, 0xd9, 0x00, 0x00, 0x00, 0x00, 0x00, 0x00, 0x00, 0x00, 0x00, 0x00, 0x00, 0x00, 0x00, 0x00, 0x00, 0x00, 0x00, 0x00, 0x00, 0x00, 0x00, 0x00, 0x00, 0x00, 0x00, 0x00, 0x00, 0x00, 0x00, 0x00, 0x00, 0x00,
    0x00, 0x00, 0x00, 0x00, 0x00, 0x00, 0x00, 0x00, 0x00, 0x00, 0x00, 0x00, 0x00, 0x00, 0x00, 0x00, 0x00, 0x00, 0x00, 0x00, 0x00, 0x00, 0x00, 0x00, 0x00, 0x00, 0x00, 0x00, 0x00, 0x00, 0x67, 0xd9, 0x67, 0xe1, 0x67, 0xe1, 0x67, 0xe1, 0x00, 0x00, 0x00, 0x00, 0x00, 0x00, 0x00, 0x00, 0x00, 0x00, 0x00, 0x00, 0x00, 0x00, 0x00, 0x00, 0x00, 0x00, 0x00, 0x00, 0x00, 0x00, 0x00, 0x00, 0x00, 0x00, 0x00, 0x00, 0x00, 0x00,
    0x00, 0x00, 0x00, 0x00, 0x00, 0x00, 0x00, 0x00, 0x00, 0x00, 0x00, 0x00, 0x00, 0x00, 0x00, 0x00, 0x00, 0x00, 0x00, 0x00, 0x00, 0x00, 0x00, 0x00, 0x00, 0x00, 0x00, 0x00, 0x67, 0xd9, 0x67, 0xe1, 0x67, 0xe1, 0x67, 0xe1, 0x67, 0xe1, 0x87, 0xd9, 0x00, 0x00, 0x00, 0x00, 0x00, 0x00, 0x00, 0x00, 0x00, 0x00, 0x00, 0x00, 0x00, 0x00, 0x00, 0x00, 0x00, 0x00, 0x00, 0x00, 0x00, 0x00, 0x00, 0x00, 0x00, 0x00, 0x00, 0x00,
    0x00, 0x00, 0x00, 0x00, 0x00, 0x00, 0x00, 0x00, 0x00, 0x00, 0x00, 0x00, 0x00, 0x00, 0x00, 0x00, 0x00, 0x00, 0x00, 0x00, 0x00, 0x00, 0x00, 0x00, 0x00, 0x00, 0x00, 0x00, 0x67, 0xe1, 0x67, 0xe1, 0x67, 0xe1, 0x67, 0xe1, 0x67, 0xe1, 0x67, 0xe1, 0x00, 0x00, 0x00, 0x00, 0x00, 0x00, 0x00, 0x00, 0x00, 0x00, 0x00, 0x00, 0x00, 0x00, 0x00, 0x00, 0x00, 0x00, 0x00, 0x00, 0x00, 0x00, 0x00, 0x00, 0x00, 0x00, 0x00, 0x00,
    0x00, 0x00, 0x00, 0x00, 0x00, 0x00, 0x00, 0x00, 0x00, 0x00, 0x00, 0x00, 0x00, 0x00, 0x00, 0x00, 0x00, 0x00, 0x00, 0x00, 0x00, 0x00, 0x00, 0x00, 0x00, 0x00, 0x67, 0xd9, 0x67, 0xe1, 0x67, 0xe1, 0x67, 0xe1, 0x67, 0xe1, 0x67, 0xe1, 0x67, 0xe1, 0x87, 0xd9, 0x00, 0x00, 0x00, 0x00, 0x00, 0x00, 0x00, 0x00, 0x00, 0x00, 0x00, 0x00, 0x00, 0x00, 0x00, 0x00, 0x00, 0x00, 0x00, 0x00, 0x00, 0x00, 0x00, 0x00, 0x00, 0x00,
    0x00, 0x00, 0x00, 0x00, 0x00, 0x00, 0x00, 0x00, 0x00, 0x00, 0x00, 0x00, 0x00, 0x00, 0x00, 0x00, 0x00, 0x00, 0x00, 0x00, 0x00, 0x00, 0x00, 0x00, 0x00, 0x00, 0x67, 0xe1, 0x67, 0xe1, 0x67, 0xe1, 0x67, 0xe1, 0xa6, 0xe2, 0x67, 0xe1, 0x67, 0xe1, 0x67, 0xe1, 0x00, 0x00, 0x00, 0x00, 0x00, 0x00, 0x00, 0x00, 0x00, 0x00, 0x00, 0x00, 0x00, 0x00, 0x00, 0x00, 0x00, 0x00, 0x00, 0x00, 0x00, 0x00, 0x00, 0x00, 0x00, 0x00,
    0x00, 0x00, 0x00, 0x00, 0x00, 0x00, 0x00, 0x00, 0x00, 0x00, 0x00, 0x00, 0x00, 0x00, 0x00, 0x00, 0x00, 0x00, 0x00, 0x00, 0x00, 0x00, 0x00, 0x00, 0x67, 0xd9, 0x67, 0xe1, 0x67, 0xe1, 0x67, 0xe1, 0xc5, 0xeb, 0xe4, 0xf4, 0x67, 0xe1, 0x67, 0xe1, 0x67, 0xe1, 0x67, 0xd9, 0x00, 0x00, 0x00, 0x00, 0x00, 0x00, 0x00, 0x00, 0x00, 0x00, 0x00, 0x00, 0x00, 0x00, 0x00, 0x00, 0x00, 0x00, 0x00, 0x00, 0x00, 0x00, 0x00, 0x00,
    0x00, 0x00, 0x00, 0x00, 0x00, 0x00, 0x00, 0x00, 0x00, 0x00, 0x00, 0x00, 0x00, 0x00, 0x00, 0x00, 0x00, 0x00, 0x00, 0x00, 0x00, 0x00, 0x00, 0x00, 0x67, 0xe1, 0x67, 0xe1, 0x67, 0xe1, 0xc5, 0xeb, 0x23, 0xf6, 0x23, 0xf6, 0xa6, 0xe2, 0x67, 0xe1, 0x67, 0xe1, 0x67, 0xe1, 0x87, 0xd9, 0x00, 0x00, 0x00, 0x00, 0x00, 0x00, 0x00, 0x00, 0x00, 0x00, 0x00, 0x00, 0x00, 0x00, 0x00, 0x00, 0x00, 0x00, 0x00, 0x00, 0x00, 0x00,
    0x00, 0x00, 0x00, 0x00, 0x00, 0x00, 0x00, 0x00, 0x00, 0x00, 0x00, 0x00, 0x00, 0x00, 0x00, 0x00, 0x00, 0x00, 0x00, 0x00, 0x00, 0x00, 0x67, 0xd9, 0x67, 0xe1, 0x67, 0xe1, 0x67, 0xe1, 0xc5, 0xeb, 0x23, 0xf6, 0x23, 0xf6, 0xe4, 0xf4, 0x67, 0xe1, 0x67, 0xe1, 0x67, 0xe1, 0x67, 0xe1, 0x00, 0x00, 0x00, 0x00, 0x00, 0x00, 0x00, 0x00, 0x00, 0x00, 0x00, 0x00, 0x00, 0x00, 0x00, 0x00, 0x00, 0x00, 0x00, 0x00, 0x00, 0x00,
    0x00, 0x00, 0x00, 0x00, 0x00, 0x00, 0x00, 0x00, 0x00, 0x00, 0x00, 0x00, 0x00, 0x00, 0x00, 0x00, 0x00, 0x00, 0x00, 0x00, 0x67, 0xd9, 0x67, 0xe1, 0x67, 0xe1, 0x67, 0xe1, 0xc5, 0xeb, 0x23, 0xf6, 0x23, 0xf6, 0x23, 0xf6, 0x23, 0xf6, 0xa6, 0xe2, 0x67, 0xe1, 0x67, 0xe1, 0x67, 0xe1, 0x87, 0xd9, 0x00, 0x00, 0x00, 0x00, 0x00, 0x00, 0x00, 0x00, 0x00, 0x00, 0x00, 0x00, 0x00, 0x00, 0x00, 0x00, 0x00, 0x00, 0x00, 0x00,
    0x00, 0x00, 0x00, 0x00, 0x00, 0x00, 0x00, 0x00, 0x00, 0x00, 0x00, 0x00, 0x00, 0x00, 0x00, 0x00, 0x00, 0x00, 0x00, 0x00, 0x67, 0xe1, 0x67, 0xe1, 0x67, 0xe1, 0x67, 0xe1, 0x23, 0xf6, 0x23, 0xf6, 0x23, 0xf6, 0x23, 0xf6, 0x23, 0xf6, 0xe4, 0xf4, 0x67, 0xe1, 0x67, 0xe1, 0x67, 0xe1, 0x67, 0xe1, 0x00, 0x00, 0x00, 0x00, 0x00, 0x00, 0x00, 0x00, 0x00, 0x00, 0x00, 0x00, 0x00, 0x00, 0x00, 0x00, 0x00, 0x00, 0x00, 0x00,
    0x00, 0x00, 0x00, 0x00, 0x00, 0x00, 0x00, 0x00, 0x00, 0x00, 0x00, 0x00, 0x00, 0x00, 0x00, 0x00, 0x00, 0x00, 0x67, 0xd9, 0x67, 0xe1, 0x67, 0xe1, 0x26, 0xa9, 0x64, 0xd3, 0x23, 0xf6, 0x23, 0xf6, 0x23, 0xf6, 0x23, 0xf6, 0x23, 0xf6, 0x23, 0xf6, 0xc5, 0xeb, 0x67, 0xe1, 0x67, 0xe1, 0x67, 0xe1, 0x87, 0xd9, 0x00, 0x00, 0x00, 0x00, 0x00, 0x00, 0x00, 0x00, 0x00, 0x00, 0x00, 0x00, 0x00, 0x00, 0x00, 0x00, 0x00, 0x00,
    0x00, 0x00, 0x00, 0x00, 0x00, 0x00, 0x00, 0x00, 0x00, 0x00, 0x00, 0x00, 0x00, 0x00, 0x00, 0x00, 0x00, 0x00, 0x67, 0xe1, 0x67, 0xe1, 0xc4, 0x68, 0x41, 0x08, 0x41, 0x08, 0xe2, 0xc4, 0x23, 0xf6, 0x23, 0xf6, 0x23, 0xf6, 0x23, 0xf6, 0x23, 0xf6, 0x23, 0xf6, 0xa6, 0xe2, 0x67, 0xe1, 0x67, 0xe1, 0x67, 0xe1, 0x00, 0x00, 0x00, 0x00, 0x00, 0x00, 0x00, 0x00, 0x00, 0x00, 0x00, 0x00, 0x00, 0x00, 0x00, 0x00, 0x00, 0x00,
    0x00, 0x00, 0x00, 0x00, 0x00, 0x00, 0x00, 0x00, 0x00, 0x00, 0x00, 0x00, 0x00, 0x00, 0x00, 0x00, 0x67, 0xd9, 0x67, 0xe1, 0x67, 0xe1, 0x61, 0x10, 0x41, 0x08, 0x41, 0x08, 0x82, 0x8b, 0x23, 0xf6, 0x23, 0xf6, 0x23, 0xf6, 0x23, 0xf6, 0x42, 0xd5, 0xe2, 0x9b, 0xc4, 0xe4, 0x67, 0xe1, 0x67, 0xe1, 0x67, 0xe1, 0x67, 0xd9, 0x00, 0x00, 0x00, 0x00, 0x00, 0x00, 0x00, 0x00, 0x00, 0x00, 0x00, 0x00, 0x00, 0x00, 0x00, 0x00,
    0x00, 0x00, 0x00, 0x00, 0x00, 0x00, 0x00, 0x00, 0x00, 0x00, 0x00, 0x00, 0x00, 0x00, 0x00, 0x00, 0x67, 0xe1, 0x67, 0xe1, 0x67, 0xe1, 0xe3, 0x71, 0x41, 0x08, 0x81, 0x10, 0x22, 0xcd, 0x23, 0xf6, 0x23, 0xf6, 0x23, 0xf6, 0x23, 0xf6, 0x41, 0x08, 0x41, 0x08, 0x02, 0x52, 0xa6, 0xe2, 0x67, 0xe1, 0x67, 0xe1, 0x67, 0xe1, 0x87, 0xd9, 0x00, 0x00, 0x00, 0x00, 0x00, 0x00, 0x00, 0x00, 0x00, 0x00, 0x00, 0x00, 0x00, 0x00,
    0x00, 0x00, 0x00, 0x00, 0x00, 0x00, 0x00, 0x00, 0x00, 0x00, 0x00, 0x00, 0x00, 0x00, 0x67, 0xd9, 0x67, 0xe1, 0x67, 0xe1, 0x67, 0xe1, 0xc5, 0xeb, 0x81, 0x39, 0x82, 0xb4, 0x23, 0xf6, 0x23, 0xf6, 0x23, 0xf6, 0x23, 0xf6, 0x82, 0xdd, 0x41, 0x08, 0x41, 0x08, 0xc1, 0x18, 0xe4, 0xf4, 0x67, 0xe1, 0x67, 0xe1, 0x67, 0xe1, 0x67, 0xe1, 0x00, 0x00, 0x00, 0x00, 0x00, 0x00, 0x00, 0x00, 0x00, 0x00, 0x00, 0x00, 0x00, 0x00,
    0x00, 0x00, 0x00, 0x00, 0x00, 0x00, 0x00, 0x00, 0x00, 0x00, 0x00, 0x00, 0x67, 0xd9, 0x67, 0xe1, 0x67, 0xe1, 0x67, 0xe1, 0xa3, 0x38, 0x41, 0x08, 0x41, 0x08, 0x41, 0x08, 0x41, 0x08, 0x42, 0x83, 0x23, 0xf6, 0x23, 0xf6, 0x23, 0xf6, 0xc2, 0x93, 0x41, 0x29, 0x62, 0xb4, 0x23, 0xf6, 0xa6, 0xe2, 0x67, 0xe1, 0x67, 0xe1, 0x67, 0xe1, 0x87, 0xd9, 0x00, 0x00, 0x00, 0x00, 0x00, 0x00, 0x00, 0x00, 0x00, 0x00, 0x00, 0x00,
    0x00, 0x00, 0x00, 0x00, 0x00, 0x00, 0x00, 0x00, 0x00, 0x00, 0x00, 0x00, 0x67, 0xe1, 0x67, 0xe1, 0x67, 0xe1, 0x67, 0xe1, 0x42, 0x83, 0xc2, 0x41, 0x41, 0x08, 0xc2, 0x41, 0xc2, 0x41, 0xa2, 0xbc, 0x23, 0xf6, 0x23, 0xf6, 0xa2, 0xbc, 0xc2, 0x41, 0x41, 0x08, 0x42, 0x83, 0xa2, 0xbc, 0xe4, 0xf4, 0x67, 0xe1, 0x67, 0xe1, 0x67, 0xe1, 0x67, 0xe1, 0x00, 0x00, 0x00, 0x00, 0x00, 0x00, 0x00, 0x00, 0x00, 0x00, 0x00, 0x00,
    0x00, 0x00, 0x00, 0x00, 0x00, 0x00, 0x00, 0x00, 0x00, 0x00, 0x67, 0xd9, 0x67, 0xe1, 0x67, 0xe1, 0x67, 0xe1, 0xc5, 0xeb, 0x23, 0xf6, 0x23, 0xf6, 0x41, 0x08, 0x42, 0x83, 0x23, 0xf6, 0x23, 0xf6, 0x23, 0xf6, 0x23, 0xf6, 0x42, 0x83, 0xc2, 0x41, 0x41, 0x08, 0xc2, 0x41, 0x42, 0x83, 0x23, 0xf6, 0xc5, 0xeb, 0x67, 0xe1, 0x67, 0xe1, 0x67, 0xe1, 0x87, 0xd9, 0x00, 0x00, 0x00, 0x00, 0x00, 0x00, 0x00, 0x00, 0x00, 0x00,
    0x00, 0x00, 0x00, 0x00, 0x00, 0x00, 0x00, 0x00, 0x00, 0x00, 0x67, 0xe1, 0x67, 0xe1, 0x67, 0xe1, 0x67, 0xe1, 0x23, 0xf6, 0x23, 0xf6, 0x23, 0xf6, 0x41, 0x08, 0xc2, 0x41, 0x23, 0xf6, 0x23, 0xf6, 0x23, 0xf6, 0x23, 0xf6, 0x23, 0xf6, 0xa2, 0xbc, 0x41, 0x08, 0x23, 0xf6, 0x23, 0xf6, 0x23, 0xf6, 0x23, 0xf6, 0xa6, 0xe2, 0x67, 0xe1, 0x67, 0xe1, 0x67, 0xe1, 0x00, 0x00, 0x00, 0x00, 0x00, 0x00, 0x00, 0x00, 0x00, 0x00,
    0x00, 0x00, 0x00, 0x00, 0x00, 0x00, 0x00, 0x00, 0x67, 0xd9, 0x67, 0xe1, 0x67, 0xe1, 0x67, 0xe1, 0xc5, 0xeb, 0x23, 0xf6, 0x23, 0xf6, 0x42, 0x83, 0x41, 0x08, 0x41, 0x08, 0x23, 0xf6, 0x23, 0xf6, 0x23, 0xf6, 0x23, 0xf6, 0x23, 0xf6, 0x42, 0x83, 0x41, 0x08, 0xa2, 0xbc, 0x23, 0xf6, 0x23, 0xf6, 0x23, 0xf6, 0xe4, 0xf4, 0x67, 0xe1, 0x67, 0xe1, 0x67, 0xe1, 0x67, 0xd9, 0x00, 0x00, 0x00, 0x00, 0x00, 0x00, 0x00, 0x00,
    0x00, 0x00, 0x00, 0x00, 0x00, 0x00, 0x00, 0x00, 0x67, 0xe1, 0x67, 0xe1, 0x67, 0xe1, 0xc5, 0xeb, 0x23, 0xf6, 0x23, 0xf6, 0x23, 0xf6, 0x41, 0x08, 0x41, 0x08, 0x41, 0x08, 0xa2, 0xbc, 0x23, 0xf6, 0x23, 0xf6, 0x23, 0xf6, 0x23, 0xf6, 0x42, 0x83, 0x41, 0x08, 0xc2, 0x41, 0x23, 0xf6, 0x23, 0xf6, 0x23, 0xf6, 0x23, 0xf6, 0xa6, 0xe2, 0x67, 0xe1, 0x67, 0xe1, 0x67, 0xe1, 0x87, 0xd9, 0x00, 0x00, 0x00, 0x00, 0x00, 0x00,
    0x00, 0x00, 0x00, 0x00, 0x00, 0x00, 0x67, 0xd9, 0x67, 0xe1, 0x67, 0xe1, 0x67, 0xe1, 0xc5, 0xeb, 0x23, 0xf6, 0x23, 0xf6, 0x42, 0x83, 0x41, 0x08, 0x42, 0x83, 0xc2, 0x41, 0xc2, 0x41, 0x23, 0xf6, 0x23, 0xf6, 0x23, 0xf6, 0x42, 0x83, 0x41, 0x08, 0xc2, 0x41, 0x41, 0x08, 0xa2, 0xbc, 0x23, 0xf6, 0x23, 0xf6, 0x23, 0xf6, 0xe4, 0xf4, 0x67, 0xe1, 0x67, 0xe1, 0x67, 0xe1, 0x67, 0xe1, 0x00, 0x00, 0x00, 0x00, 0x00, 0x00,
    0x00, 0x00, 0x00, 0x00, 0x67, 0xd9, 0x67, 0xe1, 0x67, 0xe1, 0x67, 0xe1, 0xc5, 0xeb, 0x23, 0xf6, 0x23, 0xf6, 0x23, 0xf6, 0x42, 0x83, 0x41, 0x08, 0x23, 0xf6, 0x42, 0x83, 0x41, 0x08, 0xa2, 0xbc, 0x23, 0xf6, 0x23, 0xf6, 0x42, 0x83, 0x41, 0x08, 0xa2, 0xbc, 0x41, 0x08, 0xa2, 0xbc, 0x23, 0xf6, 0x23, 0xf6, 0x23, 0xf6, 0x23, 0xf6, 0xa6, 0xe2, 0x67, 0xe1, 0x67, 0xe1, 0x67, 0xe1, 0x87, 0xd9, 0x00, 0x00, 0x00, 0x00,
    0x00, 0x00, 0x00, 0x00, 0x67, 0xe1, 0x67, 0xe1, 0x67, 0xe1, 0x67, 0xe1, 0x23, 0xf6, 0x23, 0xf6, 0x23, 0xf6, 0x23, 0xf6, 0x23, 0xf6, 0xa2, 0xbc, 0x23, 0xf6, 0x23, 0xf6, 0xa2, 0xbc, 0x23, 0xf6, 0x23, 0xf6, 0x23, 0xf6, 0x42, 0x83, 0xa2, 0xbc, 0x23, 0xf6, 0x42, 0x83, 0xa2, 0xbc, 0x23, 0xf6, 0x23, 0xf6, 0x23, 0xf6, 0x23, 0xf6, 0xe4, 0xf4, 0x67, 0xe1, 0x67, 0xe1, 0x67, 0xe1, 0x67, 0xe1, 0x00, 0x00, 0x00, 0x00,
    0x00, 0x00, 0x67, 0xd9, 0x67, 0xe1, 0x67, 0xe1, 0x67, 0xe1, 0xc5, 0xeb, 0x23, 0xf6, 0x23, 0xf6, 0x23, 0xf6, 0x23, 0xf6, 0x23, 0xf6, 0x23, 0xf6, 0x23, 0xf6, 0x23, 0xf6, 0x23, 0xf6, 0x23, 0xf6, 0x23, 0xf6, 0x23, 0xf6, 0x23, 0xf6, 0x23, 0xf6, 0x23, 0xf6, 0x23, 0xf6, 0x23, 0xf6, 0x23, 0xf6, 0x23, 0xf6, 0x23, 0xf6, 0x23, 0xf6, 0x23, 0xf6, 0xc5, 0xeb, 0x67, 0xe1, 0x67, 0xe1, 0x67, 0xe1, 0x87, 0xd9, 0x00, 0x00,
    0x00, 0x00, 0x67, 0xe1, 0x67, 0xe1, 0x67, 0xe1, 0x67, 0xe1, 0x23, 0xf6, 0x23, 0xf6, 0x23, 0xf6, 0x23, 0xf6, 0x23, 0xf6, 0x23, 0xf6, 0x23, 0xf6, 0x23, 0xf6, 0x23, 0xf6, 0x23, 0xf6, 0x23, 0xf6, 0x23, 0xf6, 0x23, 0xf6, 0x23, 0xf6, 0x23, 0xf6, 0x23, 0xf6, 0x23, 0xf6, 0x23, 0xf6, 0x23, 0xf6, 0x23, 0xf6, 0x23, 0xf6, 0x23, 0xf6, 0x23, 0xf6, 0x23, 0xf6, 0xa6, 0xe2, 0x67, 0xe1, 0x67, 0xe1, 0x67, 0xe1, 0x00, 0x00,
    0x67, 0xd9, 0x67, 0xe1, 0x67, 0xe1, 0x67, 0xe1, 0x67, 0xe1, 0x67, 0xe1, 0x67, 0xe1, 0x67, 0xe1, 0x67, 0xe1, 0x67, 0xe1, 0x67, 0xe1, 0x67, 0xe1, 0x67, 0xe1, 0x67, 0xe1, 0x67, 0xe1, 0x67, 0xe1, 0x67, 0xe1, 0x67, 0xe1, 0x67, 0xe1, 0x67, 0xe1, 0x67, 0xe1, 0x67, 0xe1, 0x67, 0xe1, 0x67, 0xe1, 0x67, 0xe1, 0x67, 0xe1, 0x67, 0xe1, 0x67, 0xe1, 0x67, 0xe1, 0x67, 0xe1, 0x67, 0xe1, 0x67, 0xe1, 0x67, 0xe1, 0x67, 0xd9,
    0x67, 0xe1, 0x67, 0xe1, 0x67, 0xe1, 0x67, 0xe1, 0x67, 0xe1, 0x67, 0xe1, 0x67, 0xe1, 0x67, 0xe1, 0x67, 0xe1, 0x67, 0xe1, 0x67, 0xe1, 0x67, 0xe1, 0x67, 0xe1, 0x67, 0xe1, 0x67, 0xe1, 0x67, 0xe1, 0x67, 0xe1, 0x67, 0xe1, 0x67, 0xe1, 0x67, 0xe1, 0x67, 0xe1, 0x67, 0xe1, 0x67, 0xe1, 0x67, 0xe1, 0x67, 0xe1, 0x67, 0xe1, 0x67, 0xe1, 0x67, 0xe1, 0x67, 0xe1, 0x67, 0xe1, 0x67, 0xe1, 0x67, 0xe1, 0x67, 0xe1, 0x67, 0xe1,
    0x67, 0xd9, 0x67, 0xe1, 0x67, 0xe1, 0x67, 0xe1, 0x67, 0xe1, 0x67, 0xe1, 0x67, 0xe1, 0x67, 0xe1, 0x67, 0xe1, 0x67, 0xe1, 0x67, 0xe1, 0x67, 0xe1, 0x67, 0xe1, 0x67, 0xe1, 0x67, 0xe1, 0x67, 0xe1, 0x67, 0xe1, 0x67, 0xe1, 0x67, 0xe1, 0x67, 0xe1, 0x67, 0xe1, 0x67, 0xe1, 0x67, 0xe1, 0x67, 0xe1, 0x67, 0xe1, 0x67, 0xe1, 0x67, 0xe1, 0x67, 0xe1, 0x67, 0xe1, 0x67, 0xe1, 0x67, 0xe1, 0x67, 0xe1, 0x67, 0xe1, 0x67, 0xd9,
    0x00, 0x00, 0x67, 0xd9, 0x67, 0xd9, 0x67, 0xd9, 0x67, 0xd9, 0x67, 0xd9, 0x67, 0xd9, 0x67, 0xd9, 0x67, 0xd9, 0x67, 0xd9, 0x67, 0xd9, 0x67, 0xd9, 0x67, 0xd9, 0x67, 0xd9, 0x67, 0xd9, 0x67, 0xd9, 0x67, 0xd9, 0x67, 0xd9, 0x67, 0xd9, 0x67, 0xd9, 0x67, 0xd9, 0x67, 0xd9, 0x67, 0xd9, 0x67, 0xd9, 0x67, 0xd9, 0x67, 0xd9, 0x67, 0xd9, 0x67, 0xd9, 0x67, 0xd9, 0x67, 0xd9, 0x67, 0xd9, 0x67, 0xd9, 0x87, 0xd9, 0x00, 0x00,
    0x00, 0x00, 0x00, 0x00, 0x00, 0x00, 0x00, 0x00, 0x00, 0x00, 0x00, 0x00, 0x00, 0x00, 0x00, 0x00, 0x00, 0x00, 0x00, 0x00, 0x00, 0x00, 0x00, 0x00, 0x00, 0x00, 0x00, 0x00, 0x00, 0x00, 0x00, 0x00, 0x00, 0x00, 0x00, 0x00, 0x00, 0x00, 0x00, 0x00, 0x00, 0x00, 0x00, 0x00, 0x00, 0x00, 0x00, 0x00, 0x00, 0x00, 0x00, 0x00, 0x00, 0x00, 0x00, 0x00, 0x00, 0x00, 0x00, 0x00, 0x00, 0x00, 0x00, 0x00, 0x00, 0x00, 0x00, 0x00,
    0x00, 0x00, 0x00, 0x00, 0x00, 0x00, 0x00, 0x00, 0x00, 0x00, 0x00, 0x00, 0x00, 0x00, 0x00, 0x00, 0x00, 0x00, 0x00, 0x00, 0x00, 0x00, 0x00, 0x00, 0x00, 0x00, 0x00, 0x00, 0x00, 0x00, 0x00, 0x00, 0x00, 0x00, 0x00, 0x00, 0x00, 0x00, 0x00, 0x00, 0x00, 0x00, 0x00, 0x00, 0x00, 0x00, 0x00, 0x00, 0x00, 0x00, 0x00, 0x00, 0x00, 0x00, 0x00, 0x00, 0x00, 0x00, 0x00, 0x00, 0x00, 0x00, 0x00, 0x00, 0x00, 0x00, 0x00, 0x00,
    0x00, 0x00, 0x00, 0x00, 0x00, 0x00, 0x00, 0x00, 0x00, 0x00, 0x00, 0x00, 0x00, 0x00, 0x00, 0x00, 0x00, 0x00, 0x00, 0x00, 0x00, 0x00, 0x00, 0x00, 0x00, 0x00, 0x00, 0x00, 0x00, 0x00, 0x00, 0x00, 0x00, 0x00,
    0x00, 0x00, 0x00, 0x00, 0x00, 0x00, 0x00, 0x00, 0x00, 0x00, 0x00, 0x00, 0x00, 0x00, 0x00, 0x00, 0x80, 0x80, 0x00, 0x00, 0x00, 0x00, 0x00, 0x00, 0x00, 0x00, 0x00, 0x00, 0x00, 0x00, 0x00, 0x00, 0x00, 0x00,
    0x00, 0x00, 0x00, 0x00, 0x00, 0x00, 0x00, 0x00, 0x00, 0x00, 0x00, 0x00, 0x00, 0x00, 0x00, 0x80, 0xff, 0xff, 0xbf, 0x00, 0x00, 0x00, 0x00, 0x00, 0x00, 0x00, 0x00, 0x00, 0x00, 0x00, 0x00, 0x00, 0x00, 0x00,
    0x00, 0x00, 0x00, 0x00, 0x00, 0x00, 0x00, 0x00, 0x00, 0x00, 0x00, 0x00, 0x00, 0x00, 0x80, 0xff, 0xff, 0xff, 0xff, 0x40, 0x00, 0x00, 0x00, 0x00, 0x00, 0x00, 0x00, 0x00, 0x00, 0x00, 0x00, 0x00, 0x00, 0x00,
    0x00, 0x00, 0x00, 0x00, 0x00, 0x00, 0x00, 0x00, 0x00, 0x00, 0x00, 0x00, 0x00, 0x00, 0xbf, 0xff, 0xff, 0xff, 0xff, 0xbf, 0x00, 0x00, 0x00, 0x00, 0x00, 0x00, 0x00, 0x00, 0x00, 0x00, 0x00, 0x00, 0x00, 0x00,
    0x00, 0x00, 0x00, 0x00, 0x00, 0x00, 0x00, 0x00, 0x00, 0x00, 0x00, 0x00, 0x00, 0x80, 0xff, 0xff, 0xff, 0xff, 0xff, 0xff, 0x40, 0x00, 0x00, 0x00, 0x00, 0x00, 0x00, 0x00, 0x00, 0x00, 0x00, 0x00, 0x00, 0x00,
    0x00, 0x00, 0x00, 0x00, 0x00, 0x00, 0x00, 0x00, 0x00, 0x00, 0x00, 0x00, 0x00, 0xff, 0xff, 0xff, 0xff, 0xff, 0xff, 0xff, 0xff, 0x00, 0x00, 0x00, 0x00, 0x00, 0x00, 0x00, 0x00, 0x00, 0x00, 0x00, 0x00, 0x00,
    0x00, 0x00, 0x00, 0x00, 0x00, 0x00, 0x00, 0x00, 0x00, 0x00, 0x00, 0x00, 0x80, 0xff, 0xff, 0xff, 0xff, 0xff, 0xff, 0xff, 0xff, 0x80, 0x00, 0x00, 0x00, 0x00, 0x00, 0x00, 0x00, 0x00, 0x00, 0x00, 0x00, 0x00,
    0x00, 0x00, 0x00, 0x00, 0x00, 0x00, 0x00, 0x00, 0x00, 0x00, 0x00, 0x00, 0xff, 0xff, 0xff, 0xff, 0xff, 0xff, 0xff, 0xff, 0xff, 0xff, 0x40, 0x00, 0x00, 0x00, 0x00, 0x00, 0x00, 0x00, 0x00, 0x00, 0x00, 0x00,
    0x00, 0x00, 0x00, 0x00, 0x00, 0x00, 0x00, 0x00, 0x00, 0x00, 0x00, 0x80, 0xff, 0xff, 0xff, 0xff, 0xff, 0xff, 0xff, 0xff, 0xff, 0xff, 0xbf, 0x00, 0x00, 0x00, 0x00, 0x00, 0x00, 0x00, 0x00, 0x00, 0x00, 0x00,
    0x00, 0x00, 0x00, 0x00, 0x00, 0x00, 0x00, 0x00, 0x00, 0x00, 0x80, 0xff, 0xff, 0xff, 0xff, 0xff, 0xff, 0xff, 0xff, 0xff, 0xff, 0xff, 0xff, 0x40, 0x00, 0x00, 0x00, 0x00, 0x00, 0x00, 0x00, 0x00, 0x00, 0x00,
    0x00, 0x00, 0x00, 0x00, 0x00, 0x00, 0x00, 0x00, 0x00, 0x00, 0xbf, 0xff, 0xff, 0xff, 0xff, 0xff, 0xff, 0xff, 0xff, 0xff, 0xff, 0xff, 0xff, 0xbf, 0x00, 0x00, 0x00, 0x00, 0x00, 0x00, 0x00, 0x00, 0x00, 0x00,
    0x00, 0x00, 0x00, 0x00, 0x00, 0x00, 0x00, 0x00, 0x00, 0x80, 0xff, 0xff, 0xff, 0xff, 0xff, 0xff, 0xff, 0xff, 0xff, 0xff, 0xff, 0xff, 0xff, 0xff, 0x40, 0x00, 0x00, 0x00, 0x00, 0x00, 0x00, 0x00, 0x00, 0x00,
    0x00, 0x00, 0x00, 0x00, 0x00, 0x00, 0x00, 0x00, 0x00, 0xff, 0xff, 0xff, 0xff, 0xff, 0xff, 0xff, 0xff, 0xff, 0xff, 0xff, 0xff, 0xff, 0xff, 0xff, 0xff, 0x00, 0x00, 0x00, 0x00, 0x00, 0x00, 0x00, 0x00, 0x00,
    0x00, 0x00, 0x00, 0x00, 0x00, 0x00, 0x00, 0x00, 0x80, 0xff, 0xff, 0xff, 0xff, 0xff, 0xff, 0xff, 0xff, 0xff, 0xff, 0xff, 0xff, 0xff, 0xff, 0xff, 0xff, 0x80, 0x00, 0x00, 0x00, 0x00, 0x00, 0x00, 0x00, 0x00,
    0x00, 0x00, 0x00, 0x00, 0x00, 0x00, 0x00, 0x00, 0xff, 0xff, 0xff, 0xff, 0xff, 0xff, 0xff, 0xff, 0xff, 0xff, 0xff, 0xff, 0xff, 0xff, 0xff, 0xff, 0xff, 0xff, 0x40, 0x00, 0x00, 0x00, 0x00, 0x00, 0x00, 0x00,
    0x00, 0x00, 0x00, 0x00, 0x00, 0x00, 0x00, 0x80, 0xff, 0xff, 0xff, 0xff, 0xff, 0xff, 0xff, 0xff, 0xff, 0xff, 0xff, 0xff, 0xff, 0xff, 0xff, 0xff, 0xff, 0xff, 0xbf, 0x00, 0x00, 0x00, 0x00, 0x00, 0x00, 0x00,
    0x00, 0x00, 0x00, 0x00, 0x00, 0x00, 0x80, 0xff, 0xff, 0xff, 0xff, 0xff, 0xff, 0xff, 0xff, 0xff, 0xff, 0xff, 0xff, 0xff, 0xff, 0xff, 0xff, 0xff, 0xff, 0xff, 0xff, 0x40, 0x00, 0x00, 0x00, 0x00, 0x00, 0x00,
    0x00, 0x00, 0x00, 0x00, 0x00, 0x00, 0xbf, 0xff, 0xff, 0xff, 0xff, 0xff, 0xff, 0xff, 0xff, 0xff, 0xff, 0xff, 0xff, 0xff, 0xff, 0xff, 0xff, 0xff, 0xff, 0xff, 0xff, 0xbf, 0x00, 0x00, 0x00, 0x00, 0x00, 0x00,
    0x00, 0x00, 0x00, 0x00, 0x00, 0x80, 0xff, 0xff, 0xff, 0xff, 0xff, 0xff, 0xff, 0xff, 0xff, 0xff, 0xff, 0xff, 0xff, 0xff, 0xff, 0xff, 0xff, 0xff, 0xff, 0xff, 0xff, 0xff, 0x40, 0x00, 0x00, 0x00, 0x00, 0x00,
    0x00, 0x00, 0x00, 0x00, 0x00, 0xff, 0xff, 0xff, 0xff, 0xff, 0xff, 0xff, 0xff, 0xff, 0xff, 0xff, 0xff, 0xff, 0xff, 0xff, 0xff, 0xff, 0xff, 0xff, 0xff, 0xff, 0xff, 0xff, 0xff, 0x00, 0x00, 0x00, 0x00, 0x00,
    0x00, 0x00, 0x00, 0x00, 0x80, 0xff, 0xff, 0xff, 0xff, 0xff, 0xff, 0xff, 0xff, 0xff, 0xff, 0xff, 0xff, 0xff, 0xff, 0xff, 0xff, 0xff, 0xff, 0xff, 0xff, 0xff, 0xff, 0xff, 0xff, 0x80, 0x00, 0x00, 0x00, 0x00,
    0x00, 0x00, 0x00, 0x00, 0xff, 0xff, 0xff, 0xff, 0xff, 0xff, 0xff, 0xff, 0xff, 0xff, 0xff, 0xff, 0xff, 0xff, 0xff, 0xff, 0xff, 0xff, 0xff, 0xff, 0xff, 0xff, 0xff, 0xff, 0xff, 0xff, 0x40, 0x00, 0x00, 0x00,
    0x00, 0x00, 0x00, 0x80, 0xff, 0xff, 0xff, 0xff, 0xff, 0xff, 0xff, 0xff, 0xff, 0xff, 0xff, 0xff, 0xff, 0xff, 0xff, 0xff, 0xff, 0xff, 0xff, 0xff, 0xff, 0xff, 0xff, 0xff, 0xff, 0xff, 0xbf, 0x00, 0x00, 0x00,
    0x00, 0x00, 0x80, 0xff, 0xff, 0xff, 0xff, 0xff, 0xff, 0xff, 0xff, 0xff, 0xff, 0xff, 0xff, 0xff, 0xff, 0xff, 0xff, 0xff, 0xff, 0xff, 0xff, 0xff, 0xff, 0xff, 0xff, 0xff, 0xff, 0xff, 0xff, 0x40, 0x00, 0x00,
    0x00, 0x00, 0xbf, 0xff, 0xff, 0xff, 0xff, 0xff, 0xff, 0xff, 0xff, 0xff, 0xff, 0xff, 0xff, 0xff, 0xff, 0xff, 0xff, 0xff, 0xff, 0xff, 0xff, 0xff, 0xff, 0xff, 0xff, 0xff, 0xff, 0xff, 0xff, 0xbf, 0x00, 0x00,
    0x00, 0x80, 0xff, 0xff, 0xff, 0xff, 0xff, 0xff, 0xff, 0xff, 0xff, 0xff, 0xff, 0xff, 0xff, 0xff, 0xff, 0xff, 0xff, 0xff, 0xff, 0xff, 0xff, 0xff, 0xff, 0xff, 0xff, 0xff, 0xff, 0xff, 0xff, 0xff, 0x40, 0x00,
    0x00, 0xff, 0xff, 0xff, 0xff, 0xff, 0xff, 0xff, 0xff, 0xff, 0xff, 0xff, 0xff, 0xff, 0xff, 0xff, 0xff, 0xff, 0xff, 0xff, 0xff, 0xff, 0xff, 0xff, 0xff, 0xff, 0xff, 0xff, 0xff, 0xff, 0xff, 0xff, 0xff, 0x00,
    0x80, 0xff, 0xff, 0xff, 0xff, 0xff, 0xff, 0xff, 0xff, 0xff, 0xff, 0xff, 0xff, 0xff, 0xff, 0xff, 0xff, 0xff, 0xff, 0xff, 0xff, 0xff, 0xff, 0xff, 0xff, 0xff, 0xff, 0xff, 0xff, 0xff, 0xff, 0xff, 0xff, 0x80,
    0xbf, 0xff, 0xff, 0xff, 0xff, 0xff, 0xff, 0xff, 0xff, 0xff, 0xff, 0xff, 0xff, 0xff, 0xff, 0xff, 0xff, 0xff, 0xff, 0xff, 0xff, 0xff, 0xff, 0xff, 0xff, 0xff, 0xff, 0xff, 0xff, 0xff, 0xff, 0xff, 0xff, 0xbf,
    0x80, 0xff, 0xff, 0xff, 0xff, 0xff, 0xff, 0xff, 0xff, 0xff, 0xff, 0xff, 0xff, 0xff, 0xff, 0xff, 0xff, 0xff, 0xff, 0xff, 0xff, 0xff, 0xff, 0xff, 0xff, 0xff, 0xff, 0xff, 0xff, 0xff, 0xff, 0xff, 0xff, 0x80,
    0x00, 0x80, 0x80, 0x80, 0x80, 0x80, 0x80, 0x80, 0x80, 0x80, 0x80, 0x80, 0x80, 0x80, 0x80, 0x80, 0x80, 0x80, 0x80, 0x80, 0x80, 0x80, 0x80, 0x80, 0x80, 0x80, 0x80, 0x80, 0x80, 0x80, 0x80, 0x80, 0x40, 0x00,
    0x00, 0x00, 0x00, 0x00, 0x00, 0x00, 0x00, 0x00, 0x00, 0x00, 0x00, 0x00, 0x00, 0x00, 0x00, 0x00, 0x00, 0x00, 0x00, 0x00, 0x00, 0x00, 0x00, 0x00, 0x00, 0x00, 0x00, 0x00, 0x00, 0x00, 0x00, 0x00, 0x00, 0x00,
    0x00, 0x00, 0x00, 0x00, 0x00, 0x00, 0x00, 0x00, 0x00, 0x00, 0x00, 0x00, 0x00, 0x00, 0x00, 0x00, 0x00, 0x00, 0x00, 0x00, 0x00, 0x00, 0x00, 0x00, 0x00, 0x00, 0x00, 0x00, 0x00, 0x00, 0x00, 0x00, 0x00, 0x00,
};

const lv_image_dsc_t sign_children = {
    .header = { .magic = LV_IMAGE_HEADER_MAGIC, .cf = LV_COLOR_FORMAT_RGB565A8,
                .w = 34, .h = 34, .stride = 68 },
    .data_size = sizeof(sign_children_map),
    .data = sign_children_map,
};

static const uint8_t sign_traffic_light_map[] = {
    0x00, 0x00, 0x00, 0x00, 0x00, 0x00, 0x00, 0x00, 0x00, 0x00, 0x00, 0x00, 0x00, 0x00, 0x00, 0x00, 0x00, 0x00, 0x00, 0x00, 0x00, 0x00, 0x00, 0x00, 0x00, 0x00, 0x00, 0x00, 0x00, 0x00, 0x00, 0x00, 0x00, 0x00, 0x00, 0x00, 0x00, 0x00, 0x00, 0x00, 0x00, 0x00, 0x00, 0x00, 0x00, 0x00, 0x00, 0x00, 0x00, 0x00, 0x00, 0x00, 0x00, 0x00, 0x00, 0x00, 0x00, 0x00, 0x00, 0x00, 0x00, 0x00, 0x00, 0x00, 0x00, 0x00, 0x00, 0x00,
    0x00, 0x00, 0x00, 0x00, 0x00, 0x00, 0x00, 0x00, 0x00, 0x00, 0x00, 0x00, 0x00, 0x00, 0x00, 0x00, 0x00, 0x00, 0x00, 0x00, 0x00, 0x00, 0x00, 0x00, 0x00, 0x00, 0x00, 0x00, 0x00, 0x00, 0x00, 0x00, 0x67, 0xd9, 0x67, 0xd9, 0x00, 0x00, 0x00, 0x00, 0x00, 0x00, 0x00, 0x00, 0x00, 0x00, 0x00, 0x00, 0x00, 0x00, 0x00, 0x00, 0x00, 0x00, 0x00, 0x00, 0x00, 0x00, 0x00, 0x00, 0x00, 0x00, 0x00, 0x00, 0x00, 0x00, 0x00, 0x00,
    0x00, 0x00, 0x00, 0x00, 0x00, 0x00, 0x00, 0x00, 0x00, 0x00, 0x00, 0x00, 0x00, 0x00, 0x00, 0x00, 0x00, 0x00, 0x00, 0x00, 0x00, 0x00, 0x00, 0x00, 0x00, 0x00, 0x00, 0x00, 0x00, 0x00, 0x67, 0xd9, 0x67, 0xe1, 0x67, 0xe1, 0x67, 0xe1, 0x00, 0x00, 0x00, 0x00, 0x00, 0x00, 0x00, 0x00, 0x00, 0x00, 0x00, 0x00, 0x00, 0x00, 0x00, 0x00, 0x00, 0x00, 0x00, 0x00, 0x00, 0x00, 0x00, 0x00, 0x00, 0x00, 0x00, 0x00, 0x00, 0x00,
    0x00, 0x00, 0x00, 0x00, 0x00, 0x00, 0x00, 0x00, 0x00, 0x00, 0x00, 0x00, 0x00, 0x00, 0x00, 0x00, 0x00, 0x00, 0x00, 0x00, 0x00, 0x00, 0x00, 0x00, 0x00, 0x00, 0x00, 0x00, 0x67, 0xd9, 0x67, 0xe1, 0x67, 0xe1, 0x67, 0xe1, 0x67, 0xe1, 0x87, 0xd9, 0x00, 0x00, 0x00, 0x00, 0x00, 0x00, 0x00, 0x00, 0x00, 0x00, 0x00, 0x00, 0x00, 0x00, 0x00, 0x00, 0x00, 0x00, 0x00, 0x00, 0x00, 0x00, 0x00, 0x00, 0x00, 0x00, 0x00, 0x00,
    0x00, 0x00, 0x00, 0x00, 0x00, 0x00, 0x00, 0x00, 0x00, 0x00, 0x00, 0x00, 0x00, 0x00, 0x00, 0x00, 0x00, 0x00, 0x00, 0x00, 0x00, 0x00, 0x00, 0x00, 0x00, 0x00, 0x00, 0x00, 0x67, 0xe1, 0x67, 0xe1, 0x67, 0xe1, 0x67, 0xe1, 0x67, 0xe1, 0x67, 0xe1, 0x00, 0x00, 0x00, 0x00, 0x00, 0x00, 0x00, 0x00, 0x00, 0x00, 0x00, 0x00, 0x00, 0x00, 0x00, 0x00, 0x00, 0x00, 0x00, 0x00, 0x00, 0x00, 0x00, 0x00, 0x00, 0x00, 0x00, 0x00,
    0x00, 0x00, 0x00, 0x00, 0x00, 0x00, 0x00, 0x00, 0x00, 0x00, 0x00, 0x00, 0x00, 0x00, 0x00, 0x00, 0x00, 0x00, 0x00, 0x00, 0x00, 0x00, 0x00, 0x00, 0x00, 0x00, 0x67, 0xd9, 0x67, 0xe1, 0x67, 0xe1, 0x67, 0xe1, 0x67, 0xe1, 0x67, 0xe1, 0x67, 0xe1, 0x87, 0xd9, 0x00, 0x00, 0x00, 0x00, 0x00, 0x00, 0x00, 0x00, 0x00, 0x00, 0x00, 0x00, 0x00, 0x00, 0x00, 0x00, 0x00, 0x00, 0x00, 0x00, 0x00, 0x00, 0x00, 0x00, 0x00, 0x00,
    0x00, 0x00, 0x00, 0x00, 0x00, 0x00, 0x00, 0x00, 0x00, 0x00, 0x00, 0x00, 0x00, 0x00, 0x00, 0x00, 0x00, 0x00, 0x00, 0x00, 0x00, 0x00, 0x00, 0x00, 0x00, 0x00, 0x67, 0xe1, 0x67, 0xe1, 0x67, 0xe1, 0x67, 0xe1, 0xa6, 0xe2, 0x67, 0xe1, 0x67, 0xe1, 0x67, 0xe1, 0x00, 0x00, 0x00, 0x00, 0x00, 0x00, 0x00, 0x00, 0x00, 0x00, 0x00, 0x00, 0x00, 0x00, 0x00, 0x00, 0x00, 0x00, 0x00, 0x00, 0x00, 0x00, 0x00, 0x00, 0x00, 0x00,
    0x00, 0x00, 0x00, 0x00, 0x00, 0x00, 0x00, 0x00, 0x00, 0x00, 0x00, 0x00, 0x00, 0x00, 0x00, 0x00, 0x00, 0x00, 0x00, 0x00, 0x00, 0x00, 0x00, 0x00, 0x67, 0xd9, 0x67, 0xe1, 0x67, 0xe1, 0x67, 0xe1, 0xc5, 0xeb, 0xe4, 0xf4, 0x67, 0xe1, 0x67, 0xe1, 0x67, 0xe1, 0x67, 0xd9, 0x00, 0x00, 0x00, 0x00, 0x00, 0x00, 0x00, 0x00, 0x00, 0x00, 0x00, 0x00, 0x00, 0x00, 0x00, 0x00, 0x00, 0x00, 0x00, 0x00, 0x00, 0x00, 0x00, 0x00,
    0x00, 0x00, 0x00, 0x00, 0x00, 0x00, 0x00, 0x00, 0x00, 0x00, 0x00, 0x00, 0x00, 0x00, 0x00, 0x00, 0x00, 0x00, 0x00, 0x00, 0x00, 0x00, 0x00, 0x00, 0x67, 0xe1, 0x67, 0xe1, 0x67, 0xe1, 0xc5, 0xeb, 0x23, 0xf6, 0x23, 0xf6, 0xa6, 0xe2, 0x67, 0xe1, 0x67, 0xe1, 0x67, 0xe1, 0x87, 0xd9, 0x00, 0x00, 0x00, 0x00, 0x00, 0x00, 0x00, 0x00, 0x00, 0x00, 0x00, 0x00, 0x00, 0x00, 0x00, 0x00, 0x00, 0x00, 0x00, 0x00, 0x00, 0x00,
    0x00, 0x00, 0x00, 0x00, 0x00, 0x00, 0x00, 0x00, 0x00, 0x00, 0x00, 0x00, 0x00, 0x00, 0x00, 0x00, 0x00, 0x00, 0x00, 0x00, 0x00, 0x00, 0x67, 0xd9, 0x67, 0xe1, 0x67, 0xe1, 0x05, 0x99, 0xa3, 0x61, 0x82, 0x62, 0x82, 0x62, 0x42, 0x62, 0x05, 0x99, 0x67, 0xe1, 0x67, 0xe1, 0x67, 0xe1, 0x00, 0x00, 0x00, 0x00, 0x00, 0x00, 0x00, 0x00, 0x00, 0x00, 0x00, 0x00, 0x00, 0x00, 0x00, 0x00, 0x00, 0x00, 0x00, 0x00, 0x00, 0x00,
    0x00, 0x00, 0x00, 0x00, 0x00, 0x00, 0x00, 0x00, 0x00, 0x00, 0x00, 0x00, 0x00, 0x00, 0x00, 0x00, 0x00, 0x00, 0x00, 0x00, 0x67, 0xd9, 0x67, 0xe1, 0x67, 0xe1, 0xe4, 0x68, 0x41, 0x08, 0x41, 0x08, 0x41, 0x08, 0x41, 0x08, 0x41, 0x08, 0x41, 0x08, 0xe4, 0x68, 0x67, 0xe1, 0x67, 0xe1, 0x87, 0xd9, 0x00, 0x00, 0x00, 0x00, 0x00, 0x00, 0x00, 0x00, 0x00, 0x00, 0x00, 0x00, 0x00, 0x00, 0x00, 0x00, 0x00, 0x00, 0x00, 0x00,
    0x00, 0x00, 0x00, 0x00, 0x00, 0x00, 0x00, 0x00, 0x00, 0x00, 0x00, 0x00, 0x00, 0x00, 0x00, 0x00, 0x00, 0x00, 0x00, 0x00, 0x67, 0xe1, 0x67, 0xe1, 0x46, 0xc1, 0x41, 0x08, 0x02, 0x4a, 0xe2, 0xed, 0xe2, 0xed, 0xe2, 0xed, 0xe2, 0xed, 0xa2, 0x49, 0x41, 0x08, 0x46, 0xc1, 0x67, 0xe1, 0x67, 0xe1, 0x00, 0x00, 0x00, 0x00, 0x00, 0x00, 0x00, 0x00, 0x00, 0x00, 0x00, 0x00, 0x00, 0x00, 0x00, 0x00, 0x00, 0x00, 0x00, 0x00,
    0x00, 0x00, 0x00, 0x00, 0x00, 0x00, 0x00, 0x00, 0x00, 0x00, 0x00, 0x00, 0x00, 0x00, 0x00, 0x00, 0x00, 0x00, 0x67, 0xd9, 0x67, 0xe1, 0x67, 0xe1, 0x26, 0xa9, 0x41, 0x08, 0x82, 0x8b, 0x23, 0xf6, 0x44, 0xec, 0x44, 0xec, 0x23, 0xf6, 0x82, 0x8b, 0x41, 0x08, 0x26, 0xa9, 0x67, 0xe1, 0x67, 0xe1, 0x87, 0xd9, 0x00, 0x00, 0x00, 0x00, 0x00, 0x00, 0x00, 0x00, 0x00, 0x00, 0x00, 0x00, 0x00, 0x00, 0x00, 0x00, 0x00, 0x00,
    0x00, 0x00, 0x00, 0x00, 0x00, 0x00, 0x00, 0x00, 0x00, 0x00, 0x00, 0x00, 0x00, 0x00, 0x00, 0x00, 0x00, 0x00, 0x67, 0xe1, 0x67, 0xe1, 0x67, 0xe1, 0x26, 0xa9, 0x41, 0x08, 0x82, 0x8b, 0x24, 0xec, 0x67, 0xe1, 0x67, 0xe1, 0x44, 0xec, 0x82, 0x8b, 0x41, 0x08, 0x05, 0xaa, 0x67, 0xe1, 0x67, 0xe1, 0x67, 0xe1, 0x00, 0x00, 0x00, 0x00, 0x00, 0x00, 0x00, 0x00, 0x00, 0x00, 0x00, 0x00, 0x00, 0x00, 0x00, 0x00, 0x00, 0x00,
    0x00, 0x00, 0x00, 0x00, 0x00, 0x00, 0x00, 0x00, 0x00, 0x00, 0x00, 0x00, 0x00, 0x00, 0x00, 0x00, 0x67, 0xd9, 0x67, 0xe1, 0x67, 0xe1, 0x67, 0xe1, 0xe4, 0xb2, 0x41, 0x08, 0x82, 0x8b, 0x24, 0xec, 0x67, 0xe1, 0x67, 0xe1, 0x24, 0xec, 0x82, 0x8b, 0x41, 0x08, 0xc3, 0xb3, 0x67, 0xe1, 0x67, 0xe1, 0x67, 0xe1, 0x67, 0xd9, 0x00, 0x00, 0x00, 0x00, 0x00, 0x00, 0x00, 0x00, 0x00, 0x00, 0x00, 0x00, 0x00, 0x00, 0x00, 0x00,
    0x00, 0x00, 0x00, 0x00, 0x00, 0x00, 0x00, 0x00, 0x00, 0x00, 0x00, 0x00, 0x00, 0x00, 0x00, 0x00, 0x67, 0xe1, 0x67, 0xe1, 0x67, 0xe1, 0xc5, 0xeb, 0xa2, 0xbc, 0x41, 0x08, 0x82, 0x8b, 0x23, 0xf6, 0x24, 0xec, 0x24, 0xec, 0x23, 0xf6, 0x82, 0x8b, 0x41, 0x08, 0xa2, 0xbc, 0xa6, 0xe2, 0x67, 0xe1, 0x67, 0xe1, 0x67, 0xe1, 0x87, 0xd9, 0x00, 0x00, 0x00, 0x00, 0x00, 0x00, 0x00, 0x00, 0x00, 0x00, 0x00, 0x00, 0x00, 0x00,
    0x00, 0x00, 0x00, 0x00, 0x00, 0x00, 0x00, 0x00, 0x00, 0x00, 0x00, 0x00, 0x00, 0x00, 0x67, 0xd9, 0x67, 0xe1, 0x67, 0xe1, 0x67, 0xe1, 0xc5, 0xeb, 0xa2, 0xbc, 0x41, 0x08, 0x82, 0x8b, 0x23, 0xf6, 0x23, 0xf6, 0x23, 0xf6, 0x23, 0xf6, 0x82, 0x8b, 0x41, 0x08, 0xa2, 0xbc, 0xe4, 0xf4, 0x67, 0xe1, 0x67, 0xe1, 0x67, 0xe1, 0x67, 0xe1, 0x00, 0x00, 0x00, 0x00, 0x00, 0x00, 0x00, 0x00, 0x00, 0x00, 0x00, 0x00, 0x00, 0x00,
    0x00, 0x00, 0x00, 0x00, 0x00, 0x00, 0x00, 0x00, 0x00, 0x00, 0x00, 0x00, 0x67, 0xd9, 0x67, 0xe1, 0x67, 0xe1, 0x67, 0xe1, 0xc5, 0xeb, 0x23, 0xf6, 0xa2, 0xbc, 0x41, 0x08, 0x82, 0x8b, 0x23, 0xf6, 0x23, 0xf6, 0x23, 0xf6, 0x23, 0xf6, 0x82, 0x8b, 0x41, 0x08, 0xa2, 0xbc, 0x23, 0xf6, 0xa6, 0xe2, 0x67, 0xe1, 0x67, 0xe1, 0x67, 0xe1, 0x87, 0xd9, 0x00, 0x00, 0x00, 0x00, 0x00, 0x00, 0x00, 0x00, 0x00, 0x00, 0x00, 0x00,
    0x00, 0x00, 0x00, 0x00, 0x00, 0x00, 0x00, 0x00, 0x00, 0x00, 0x00, 0x00, 0x67, 0xe1, 0x67, 0xe1, 0x67, 0xe1, 0x67, 0xe1, 0x23, 0xf6, 0x23, 0xf6, 0xa2, 0xbc, 0x41, 0x08, 0x82, 0x8b, 0x23, 0xf6, 0x23, 0xf6, 0x23, 0xf6, 0x23, 0xf6, 0x82, 0x8b, 0x41, 0x08, 0xa2, 0xbc, 0x23, 0xf6, 0xe4, 0xf4, 0x67, 0xe1, 0x67, 0xe1, 0x67, 0xe1, 0x67, 0xe1, 0x00, 0x00, 0x00, 0x00, 0x00, 0x00, 0x00, 0x00, 0x00, 0x00, 0x00, 0x00,
    0x00, 0x00, 0x00, 0x00, 0x00, 0x00, 0x00, 0x00, 0x00, 0x00, 0x67, 0xd9, 0x67, 0xe1, 0x67, 0xe1, 0x67, 0xe1, 0xc5, 0xeb, 0x23, 0xf6, 0x23, 0xf6, 0xa2, 0xbc, 0x41, 0x08, 0x82, 0x8b, 0x23, 0xf6, 0x23, 0xf6, 0x23, 0xf6, 0x23, 0xf6, 0x82, 0x8b, 0x41, 0x08, 0xa2, 0xbc, 0x23, 0xf6, 0x23, 0xf6, 0xc5, 0xeb, 0x67, 0xe1, 0x67, 0xe1, 0x67, 0xe1, 0x87, 0xd9, 0x00, 0x00, 0x00, 0x00, 0x00, 0x00, 0x00, 0x00, 0x00, 0x00,
    0x00, 0x00, 0x00, 0x00, 0x00, 0x00, 0x00, 0x00, 0x00, 0x00, 0x67, 0xe1, 0x67, 0xe1, 0x67, 0xe1, 0x67, 0xe1, 0x23, 0xf6, 0x23, 0xf6, 0x23, 0xf6, 0xa2, 0xbc, 0x41, 0x08, 0x82, 0x8b, 0x62, 0xdd, 0x22, 0x52, 0xa2, 0x62, 0x62, 0xdd, 0x82, 0x8b, 0x41, 0x08, 0xa2, 0xbc, 0x23, 0xf6, 0x23, 0xf6, 0x23, 0xf6, 0xa6, 0xe2, 0x67, 0xe1, 0x67, 0xe1, 0x67, 0xe1, 0x00, 0x00, 0x00, 0x00, 0x00, 0x00, 0x00, 0x00, 0x00, 0x00,
    0x00, 0x00, 0x00, 0x00, 0x00, 0x00, 0x00, 0x00, 0x67, 0xd9, 0x67, 0xe1, 0x67, 0xe1, 0x67, 0xe1, 0xc5, 0xeb, 0x23, 0xf6, 0x23, 0xf6, 0x23, 0xf6, 0xa2, 0xbc, 0x41, 0x08, 0x82, 0x8b, 0x22, 0x7b, 0x41, 0x08, 0x41, 0x08, 0x22, 0x7b, 0x82, 0x8b, 0x41, 0x08, 0xa2, 0xbc, 0x23, 0xf6, 0x23, 0xf6, 0x23, 0xf6, 0xe4, 0xf4, 0x67, 0xe1, 0x67, 0xe1, 0x67, 0xe1, 0x67, 0xd9, 0x00, 0x00, 0x00, 0x00, 0x00, 0x00, 0x00, 0x00,
    0x00, 0x00, 0x00, 0x00, 0x00, 0x00, 0x00, 0x00, 0x67, 0xe1, 0x67, 0xe1, 0x67, 0xe1, 0xc5, 0xeb, 0x23, 0xf6, 0x23, 0xf6, 0x23, 0xf6, 0x23, 0xf6, 0xa2, 0xbc, 0x41, 0x08, 0x82, 0x8b, 0x42, 0xac, 0x41, 0x08, 0x41, 0x08, 0x42, 0xac, 0x82, 0x8b, 0x41, 0x08, 0xa2, 0xbc, 0x23, 0xf6, 0x23, 0xf6, 0x23, 0xf6, 0x23, 0xf6, 0xa6, 0xe2, 0x67, 0xe1, 0x67, 0xe1, 0x67, 0xe1, 0x87, 0xd9, 0x00, 0x00, 0x00, 0x00, 0x00, 0x00,
    0x00, 0x00, 0x00, 0x00, 0x00, 0x00, 0x67, 0xd9, 0x67, 0xe1, 0x67, 0xe1, 0x67, 0xe1, 0xc5, 0xeb, 0x23, 0xf6, 0x23, 0xf6, 0x23, 0xf6, 0x23, 0xf6, 0xc2, 0xbc, 0x41, 0x08, 0x62, 0x8b, 0x23, 0xf6, 0x42, 0xd5, 0x42, 0xd5, 0x23, 0xf6, 0x62, 0x8b, 0x41, 0x08, 0xc2, 0xbc, 0x23, 0xf6, 0x23, 0xf6, 0x23, 0xf6, 0x23, 0xf6, 0xe4, 0xf4, 0x67, 0xe1, 0x67, 0xe1, 0x67, 0xe1, 0x67, 0xe1, 0x00, 0x00, 0x00, 0x00, 0x00, 0x00,
    0x00, 0x00, 0x00, 0x00, 0x67, 0xd9, 0x67, 0xe1, 0x67, 0xe1, 0x67, 0xe1, 0xc5, 0xeb, 0x23, 0xf6, 0x23, 0xf6, 0x23, 0xf6, 0x23, 0xf6, 0x23, 0xf6, 0xe3, 0xed, 0x61, 0x08, 0x01, 0x29, 0xe2, 0x9b, 0x22, 0xa4, 0x22, 0xa4, 0xe2, 0x9b, 0x01, 0x29, 0x61, 0x08, 0xe3, 0xed, 0x23, 0xf6, 0x23, 0xf6, 0x23, 0xf6, 0x23, 0xf6, 0x23, 0xf6, 0xa6, 0xe2, 0x67, 0xe1, 0x67, 0xe1, 0x67, 0xe1, 0x87, 0xd9, 0x00, 0x00, 0x00, 0x00,
    0x00, 0x00, 0x00, 0x00, 0x67, 0xe1, 0x67, 0xe1, 0x67, 0xe1, 0x67, 0xe1, 0x23, 0xf6, 0x23, 0xf6, 0x23, 0xf6, 0x23, 0xf6, 0x23, 0xf6, 0x23, 0xf6, 0x23, 0xf6, 0x02, 0x9c, 0x41, 0x08, 0x41, 0x08, 0x41, 0x08, 0x41, 0x08, 0x41, 0x08, 0x41, 0x08, 0x02, 0x9c, 0x23, 0xf6, 0x23, 0xf6, 0x23, 0xf6, 0x23, 0xf6, 0x23, 0xf6, 0x23, 0xf6, 0xe4, 0xf4, 0x67, 0xe1, 0x67, 0xe1, 0x67, 0xe1, 0x67, 0xe1, 0x00, 0x00, 0x00, 0x00,
    0x00, 0x00, 0x67, 0xd9, 0x67, 0xe1, 0x67, 0xe1, 0x67, 0xe1, 0xc5, 0xeb, 0x23, 0xf6, 0x23, 0xf6, 0x23, 0xf6, 0x23, 0xf6, 0x23, 0xf6, 0x23, 0xf6, 0x23, 0xf6, 0x23, 0xf6, 0x82, 0xdd, 0x22, 0xa4, 0x22, 0xa4, 0x22, 0xa4, 0x22, 0xa4, 0x82, 0xdd, 0x23, 0xf6, 0x23, 0xf6, 0x23, 0xf6, 0x23, 0xf6, 0x23, 0xf6, 0x23, 0xf6, 0x23, 0xf6, 0x23, 0xf6, 0xc5, 0xeb, 0x67, 0xe1, 0x67, 0xe1, 0x67, 0xe1, 0x87, 0xd9, 0x00, 0x00,
    0x00, 0x00, 0x67, 0xe1, 0x67, 0xe1, 0x67, 0xe1, 0x67, 0xe1, 0x23, 0xf6, 0x23, 0xf6, 0x23, 0xf6, 0x23, 0xf6, 0x23, 0xf6, 0x23, 0xf6, 0x23, 0xf6, 0x23, 0xf6, 0x23, 0xf6, 0x23, 0xf6, 0x23, 0xf6, 0x23, 0xf6, 0x23, 0xf6, 0x23, 0xf6, 0x23, 0xf6, 0x23, 0xf6, 0x23, 0xf6, 0x23, 0xf6, 0x23, 0xf6, 0x23, 0xf6, 0x23, 0xf6, 0x23, 0xf6, 0x23, 0xf6, 0x23, 0xf6, 0xa6, 0xe2, 0x67, 0xe1, 0x67, 0xe1, 0x67, 0xe1, 0x00, 0x00,
    0x67, 0xd9, 0x67, 0xe1, 0x67, 0xe1, 0x67, 0xe1, 0x67, 0xe1, 0x67, 0xe1, 0x67, 0xe1, 0x67, 0xe1, 0x67, 0xe1, 0x67, 0xe1, 0x67, 0xe1, 0x67, 0xe1, 0x67, 0xe1, 0x67, 0xe1, 0x67, 0xe1, 0x67, 0xe1, 0x67, 0xe1, 0x67, 0xe1, 0x67, 0xe1, 0x67, 0xe1, 0x67, 0xe1, 0x67, 0xe1, 0x67, 0xe1, 0x67, 0xe1, 0x67, 0xe1, 0x67, 0xe1, 0x67, 0xe1, 0x67, 0xe1, 0x67, 0xe1, 0x67, 0xe1, 0x67, 0xe1, 0x67, 0xe1, 0x67, 0xe1, 0x67, 0xd9,
    0x67, 0xe1, 0x67, 0xe1, 0x67, 0xe1, 0x67, 0xe1, 0x67, 0xe1, 0x67, 0xe1, 0x67, 0xe1, 0x67, 0xe1, 0x67, 0xe1, 0x67, 0xe1, 0x67, 0xe1, 0x67, 0xe1, 0x67, 0xe1, 0x67, 0xe1, 0x67, 0xe1, 0x67, 0xe1, 0x67, 0xe1, 0x67, 0xe1, 0x67, 0xe1, 0x67, 0xe1, 0x67, 0xe1, 0x67, 0xe1, 0x67, 0xe1, 0x67, 0xe1, 0x67, 0xe1, 0x67, 0xe1, 0x67, 0xe1, 0x67, 0xe1, 0x67, 0xe1, 0x67, 0xe1, 0x67, 0xe1, 0x67, 0xe1, 0x67, 0xe1, 0x67, 0xe1,
    0x67, 0xd9, 0x67, 0xe1, 0x67, 0xe1, 0x67, 0xe1, 0x67, 0xe1, 0x67, 0xe1, 0x67, 0xe1, 0x67, 0xe1, 0x67, 0xe1, 0x67, 0xe1, 0x67, 0xe1, 0x67, 0xe1, 0x67, 0xe1, 0x67, 0xe1, 0x67, 0xe1, 0x67, 0xe1, 0x67, 0xe1, 0x67, 0xe1, 0x67, 0xe1, 0x67, 0xe1, 0x67, 0xe1, 0x67, 0xe1, 0x67, 0xe1, 0x67, 0xe1, 0x67, 0xe1, 0x67, 0xe1, 0x67, 0xe1, 0x67, 0xe1, 0x67, 0xe1, 0x67, 0xe1, 0x67, 0xe1, 0x67, 0xe1, 0x67, 0xe1, 0x67, 0xd9,
    0x00, 0x00, 0x67, 0xd9, 0x67, 0xd9, 0x67, 0xd9, 0x67, 0xd9, 0x67, 0xd9, 0x67, 0xd9, 0x67, 0xd9, 0x67, 0xd9, 0x67, 0xd9, 0x67, 0xd9, 0x67, 0xd9, 0x67, 0xd9, 0x67, 0xd9, 0x67, 0xd9, 0x67, 0xd9, 0x67, 0xd9, 0x67, 0xd9, 0x67, 0xd9, 0x67, 0xd9, 0x67, 0xd9, 0x67, 0xd9, 0x67, 0xd9, 0x67, 0xd9, 0x67, 0xd9, 0x67, 0xd9, 0x67, 0xd9, 0x67, 0xd9, 0x67, 0xd9, 0x67, 0xd9, 0x67, 0xd9, 0x67, 0xd9, 0x87, 0xd9, 0x00, 0x00,
    0x00, 0x00, 0x00, 0x00, 0x00, 0x00, 0x00, 0x00, 0x00, 0x00, 0x00, 0x00, 0x00, 0x00, 0x00, 0x00, 0x00, 0x00, 0x00, 0x00, 0x00, 0x00, 0x00, 0x00, 0x00, 0x00, 0x00, 0x00, 0x00, 0x00, 0x00, 0x00, 0x00, 0x00, 0x00, 0x00, 0x00, 0x00, 0x00, 0x00, 0x00, 0x00, 0x00, 0x00, 0x00, 0x00, 0x00, 0x00, 0x00, 0x00, 0x00, 0x00, 0x00, 0x00, 0x00, 0x00, 0x00, 0x00, 0x00, 0x00, 0x00, 0x00, 0x00, 0x00, 0x00, 0x00, 0x00, 0x00,
    0x00, 0x00, 0x00, 0x00, 0x00, 0x00, 0x00, 0x00, 0x00, 0x00, 0x00, 0x00, 0x00, 0x00, 0x00, 0x00, 0x00, 0x00, 0x00, 0x00, 0x00, 0x00, 0x00, 0x00, 0x00, 0x00, 0x00, 0x00, 0x00, 0x00, 0x00, 0x00, 0x00, 0x00, 0x00, 0x00, 0x00, 0x00, 0x00, 0x00, 0x00, 0x00, 0x00, 0x00, 0x00, 0x00, 0x00, 0x00, 0x00, 0x00, 0x00, 0x00, 0x00, 0x00, 0x00, 0x00, 0x00, 0x00, 0x00, 0x00, 0x00, 0x00, 0x00, 0x00, 0x00, 0x00, 0x00, 0x00,
    0x00, 0x00, 0x00, 0x00, 0x00, 0x00, 0x00, 0x00, 0x00, 0x00, 0x00, 0x00, 0x00, 0x00, 0x00, 0x00, 0x00, 0x00, 0x00, 0x00, 0x00, 0x00, 0x00, 0x00, 0x00, 0x00, 0x00, 0x00, 0x00, 0x00, 0x00, 0x00, 0x00, 0x00,
    0x00, 0x00, 0x00, 0x00, 0x00, 0x00, 0x00, 0x00, 0x00, 0x00, 0x00, 0x00, 0x00, 0x00, 0x00, 0x00, 0x80, 0x80, 0x00, 0x00, 0x00, 0x00, 0x00, 0x00, 0x00, 0x00, 0x00, 0x00, 0x00, 0x00, 0x00, 0x00, 0x00, 0x00,
    0x00, 0x00, 0x00, 0x00, 0x00, 0x00, 0x00, 0x00, 0x00, 0x00, 0x00, 0x00, 0x00, 0x00, 0x00, 0x80, 0xff, 0xff, 0xbf, 0x00, 0x00, 0x00, 0x00, 0x00, 0x00, 0x00, 0x00, 0x00, 0x00, 0x00, 0x00, 0x00, 0x00, 0x00,
    0x00, 0x00, 0x00, 0x00, 0x00, 0x00, 0x00, 0x00, 0x00, 0x00, 0x00, 0x00, 0x00, 0x00, 0x80, 0xff, 0xff, 0xff, 0xff, 0x40, 0x00, 0x00, 0x00, 0x00, 0x00, 0x00, 0x00, 0x00, 0x00, 0x00, 0x00, 0x00, 0x00, 0x00,
    0x00, 0x00, 0x00, 0x00, 0x00, 0x00, 0x00, 0x00, 0x00, 0x00, 0x00, 0x00, 0x00, 0x00, 0xbf, 0xff, 0xff, 0xff, 0xff, 0xbf, 0x00, 0x00, 0x00, 0x00, 0x00, 0x00, 0x00, 0x00, 0x00, 0x00, 0x00, 0x00, 0x00, 0x00,
    0x00, 0x00, 0x00, 0x00, 0x00, 0x00, 0x00, 0x00, 0x00, 0x00, 0x00, 0x00, 0x00, 0x80, 0xff, 0xff, 0xff, 0xff, 0xff, 0xff, 0x40, 0x00, 0x00, 0x00, 0x00, 0x00, 0x00, 0x00, 0x00, 0x00, 0x00, 0x00, 0x00, 0x00,
    0x00, 0x00, 0x00, 0x00, 0x00, 0x00, 0x00, 0x00, 0x00, 0x00, 0x00, 0x00, 0x00, 0xff, 0xff, 0xff, 0xff, 0xff, 0xff, 0xff, 0xff, 0x00, 0x00, 0x00, 0x00, 0x00, 0x00, 0x00, 0x00, 0x00, 0x00, 0x00, 0x00, 0x00,
    0x00, 0x00, 0x00, 0x00, 0x00, 0x00, 0x00, 0x00, 0x00, 0x00, 0x00, 0x00, 0x80, 0xff, 0xff, 0xff, 0xff, 0xff, 0xff, 0xff, 0xff, 0x80, 0x00, 0x00, 0x00, 0x00, 0x00, 0x00, 0x00, 0x00, 0x00, 0x00, 0x00, 0x00,
    0x00, 0x00, 0x00, 0x00, 0x00, 0x00, 0x00, 0x00, 0x00, 0x00, 0x00, 0x00, 0xff, 0xff, 0xff, 0xff, 0xff, 0xff, 0xff, 0xff, 0xff, 0xff, 0x40, 0x00, 0x00, 0x00, 0x00, 0x00, 0x00, 0x00, 0x00, 0x00, 0x00, 0x00,
    0x00, 0x00, 0x00, 0x00, 0x00, 0x00, 0x00, 0x00, 0x00, 0x00, 0x00, 0x80, 0xff, 0xff, 0xff, 0xff, 0xff, 0xff, 0xff, 0xff, 0xff, 0xff, 0xbf, 0x00, 0x00, 0x00, 0x00, 0x00, 0x00, 0x00, 0x00, 0x00, 0x00, 0x00,
    0x00, 0x00, 0x00, 0x00, 0x00, 0x00, 0x00, 0x00, 0x00, 0x00, 0x80, 0xff, 0xff, 0xff, 0xff, 0xff, 0xff, 0xff, 0xff, 0xff, 0xff, 0xff, 0xff, 0x40, 0x00, 0x00, 0x00, 0x00, 0x00, 0x00, 0x00, 0x00, 0x00, 0x00,
    0x00, 0x00, 0x00, 0x00, 0x00, 0x00, 0x00, 0x00, 0x00, 0x00, 0xbf, 0xff, 0xff, 0xff, 0xff, 0xff, 0xff, 0xff, 0xff, 0xff, 0xff, 0xff, 0xff, 0xbf, 0x00, 0x00, 0x00, 0x00, 0x00, 0x00, 0x00, 0x00, 0x00, 0x00,
    0x00, 0x00, 0x00, 0x00, 0x00, 0x00, 0x00, 0x00, 0x00, 0x80, 0xff, 0xff, 0xff, 0xff, 0xff, 0xff, 0xff, 0xff, 0xff, 0xff, 0xff, 0xff, 0xff, 0xff, 0x40, 0x00, 0x00, 0x00, 0x00, 0x00, 0x00, 0x00, 0x00, 0x00,
    0x00, 0x00, 0x00, 0x00, 0x00, 0x00, 0x00, 0x00, 0x00, 0xff, 0xff, 0xff, 0xff, 0xff, 0xff, 0xff, 0xff, 0xff, 0xff, 0xff, 0xff, 0xff, 0xff, 0xff, 0xff, 0x00, 0x00, 0x00, 0x00, 0x00, 0x00, 0x00, 0x00, 0x00,
    0x00, 0x00, 0x00, 0x00, 0x00, 0x00, 0x00, 0x00, 0x80, 0xff, 0xff, 0xff, 0xff, 0xff, 0xff, 0xff, 0xff, 0xff, 0xff, 0xff, 0xff, 0xff, 0xff, 0xff, 0xff, 0x80, 0x00, 0x00, 0x00, 0x00, 0x00, 0x00, 0x00, 0x00,
    0x00, 0x00, 0x00, 0x00, 0x00, 0x00, 0x00, 0x00, 0xff, 0xff, 0xff, 0xff, 0xff, 0xff, 0xff, 0xff, 0xff, 0xff, 0xff, 0xff, 0xff, 0xff, 0xff, 0xff, 0xff, 0xff, 0x40, 0x00, 0x00, 0x00, 0x00, 0x00, 0x00, 0x00,
    0x00, 0x00, 0x00, 0x00, 0x00, 0x00, 0x00, 0x80, 0xff, 0xff, 0xff, 0xff, 0xff, 0xff, 0xff, 0xff, 0xff, 0xff, 0xff, 0xff, 0xff, 0xff, 0xff, 0xff, 0xff, 0xff, 0xbf, 0x00, 0x00, 0x00, 0x00, 0x00, 0x00, 0x00,
    0x00, 0x00, 0x00, 0x00, 0x00, 0x00, 0x80, 0xff, 0xff, 0xff, 0xff, 0xff, 0xff, 0xff, 0xff, 0xff, 0xff, 0xff, 0xff, 0xff, 0xff, 0xff, 0xff, 0xff, 0xff, 0xff, 0xff, 0x40, 0x00, 0x00, 0x00, 0x00, 0x00, 0x00,
    0x00, 0x00, 0x00, 0x00, 0x00, 0x00, 0xbf, 0xff, 0xff, 0xff, 0xff, 0xff, 0xff, 0xff, 0xff, 0xff, 0xff, 0xff, 0xff, 0xff, 0xff, 0xff, 0xff, 0xff, 0xff, 0xff, 0xff, 0xbf, 0x00, 0x00, 0x00, 0x00, 0x00, 0x00,
    0x00, 0x00, 0x00, 0x00, 0x00, 0x80, 0xff, 0xff, 0xff, 0xff, 0xff, 0xff, 0xff, 0xff, 0xff, 0xff, 0xff, 0xff, 0xff, 0xff, 0xff, 0xff, 0xff, 0xff, 0xff, 0xff, 0xff, 0xff, 0x40, 0x00, 0x00, 0x00, 0x00, 0x00,
    0x00, 0x00, 0x00, 0x00, 0x00, 0xff, 0xff, 0xff, 0xff, 0xff, 0xff, 0xff, 0xff, 0xff, 0xff, 0xff, 0xff, 0xff, 0xff, 0xff, 0xff, 0xff, 0xff, 0xff, 0xff, 0xff, 0xff, 0xff, 0xff, 0x00, 0x00, 0x00, 0x00, 0x00,
    0x00, 0x00, 0x00, 0x00, 0x80, 0xff, 0xff, 0xff, 0xff, 0xff, 0xff, 0xff, 0xff, 0xff, 0xff, 0xff, 0xff, 0xff, 0xff, 0xff, 0xff, 0xff, 0xff, 0xff, 0xff, 0xff, 0xff, 0xff, 0xff, 0x80, 0x00, 0x00, 0x00, 0x00,
    0x00, 0x00, 0x00, 0x00, 0xff, 0xff, 0xff, 0xff, 0xff, 0xff, 0xff, 0xff, 0xff, 0xff, 0xff, 0xff, 0xff, 0xff, 0xff, 0xff, 0xff, 0xff, 0xff, 0xff, 0xff, 0xff, 0xff, 0xff, 0xff, 0xff, 0x40, 0x00, 0x00, 0x00,
    0x00, 0x00, 0x00, 0x80, 0xff, 0xff, 0xff, 0xff, 0xff, 0xff, 0xff, 0xff, 0xff, 0xff, 0xff, 0xff, 0xff, 0xff, 0xff, 0xff, 0xff, 0xff, 0xff, 0xff, 0xff, 0xff, 0xff, 0xff, 0xff, 0xff, 0xbf, 0x00, 0x00, 0x00,
    0x00, 0x00, 0x80, 0xff, 0xff, 0xff, 0xff, 0xff, 0xff, 0xff, 0xff, 0xff, 0xff, 0xff, 0xff, 0xff, 0xff, 0xff, 0xff, 0xff, 0xff, 0xff, 0xff, 0xff, 0xff, 0xff, 0xff, 0xff, 0xff, 0xff, 0xff, 0x40, 0x00, 0x00,
    0x00, 0x00, 0xbf, 0xff, 0xff, 0xff, 0xff, 0xff, 0xff, 0xff, 0xff, 0xff, 0xff, 0xff, 0xff, 0xff, 0xff, 0xff, 0xff, 0xff, 0xff, 0xff, 0xff, 0xff, 0xff, 0xff, 0xff, 0xff, 0xff, 0xff, 0xff, 0xbf, 0x00, 0x00,
    0x00, 0x80, 0xff, 0xff, 0xff, 0xff, 0xff, 0xff, 0xff, 0xff, 0xff, 0xff, 0xff, 0xff, 0xff, 0xff, 0xff, 0xff, 0xff, 0xff, 0xff, 0xff, 0xff, 0xff, 0xff, 0xff, 0xff, 0xff, 0xff, 0xff, 0xff, 0xff, 0x40, 0x00,
    0x00, 0xff, 0xff, 0xff, 0xff, 0xff, 0xff, 0xff, 0xff, 0xff, 0xff, 0xff, 0xff, 0xff, 0xff, 0xff, 0xff, 0xff, 0xff, 0xff, 0xff, 0xff, 0xff, 0xff, 0xff, 0xff, 0xff, 0xff, 0xff, 0xff, 0xff, 0xff, 0xff, 0x00,
    0x80, 0xff, 0xff, 0xff, 0xff, 0xff, 0xff, 0xff, 0xff, 0xff, 0xff, 0xff, 0xff, 0xff, 0xff, 0xff, 0xff, 0xff, 0xff, 0xff, 0xff, 0xff, 0xff, 0xff, 0xff, 0xff, 0xff, 0xff, 0xff, 0xff, 0xff, 0xff, 0xff, 0x80,
    0xbf, 0xff, 0xff, 0xff, 0xff, 0xff, 0xff, 0xff, 0xff, 0xff, 0xff, 0xff, 0xff, 0xff, 0xff, 0xff, 0xff, 0xff, 0xff, 0xff, 0xff, 0xff, 0xff, 0xff, 0xff, 0xff, 0xff, 0xff, 0xff, 0xff, 0xff, 0xff, 0xff, 0xbf,
    0x80, 0xff, 0xff, 0xff, 0xff, 0xff, 0xff, 0xff, 0xff, 0xff, 0xff, 0xff, 0xff, 0xff, 0xff, 0xff, 0xff, 0xff, 0xff, 0xff, 0xff, 0xff, 0xff, 0xff, 0xff, 0xff, 0xff, 0xff, 0xff, 0xff, 0xff, 0xff, 0xff, 0x80,
    0x00, 0x80, 0x80, 0x80, 0x80, 0x80, 0x80, 0x80, 0x80, 0x80, 0x80, 0x80, 0x80, 0x80, 0x80, 0x80, 0x80, 0x80, 0x80, 0x80, 0x80, 0x80, 0x80, 0x80, 0x80, 0x80, 0x80, 0x80, 0x80, 0x80, 0x80, 0x80, 0x40, 0x00,
    0x00, 0x00, 0x00, 0x00, 0x00, 0x00, 0x00, 0x00, 0x00, 0x00, 0x00, 0x00, 0x00, 0x00, 0x00, 0x00, 0x00, 0x00, 0x00, 0x00, 0x00, 0x00, 0x00, 0x00, 0x00, 0x00, 0x00, 0x00, 0x00, 0x00, 0x00, 0x00, 0x00, 0x00,
    0x00, 0x00, 0x00, 0x00, 0x00, 0x00, 0x00, 0x00, 0x00, 0x00, 0x00, 0x00, 0x00, 0x00, 0x00, 0x00, 0x00, 0x00, 0x00, 0x00, 0x00, 0x00, 0x00, 0x00, 0x00, 0x00, 0x00, 0x00, 0x00, 0x00, 0x00, 0x00, 0x00, 0x00,
};

const lv_image_dsc_t sign_traffic_light = {
    .header = { .magic = LV_IMAGE_HEADER_MAGIC, .cf = LV_COLOR_FORMAT_RGB565A8,
                .w = 34, .h = 34, .stride = 68 },
    .data_size = sizeof(sign_traffic_light_map),
    .data = sign_traffic_light_map,
};

static const uint8_t wx_sun_map[] = {
    0x00, 0x00, 0x00, 0x00, 0x00, 0x00, 0x00, 0x00, 0x40, 0x00, 0x00, 0x00, 0x00, 0x00, 0x00, 0x00, 0x00,
    0x00, 0x00, 0x00, 0x00, 0x00, 0x00, 0x00, 0x40, 0xff, 0x40, 0x00, 0x00, 0x00, 0x00, 0x00, 0x00, 0x00,
    0x00, 0x00, 0x00, 0x00, 0x00, 0x00, 0x00, 0x40, 0xff, 0x40, 0x00, 0x00, 0x00, 0x40, 0x00, 0x00, 0x00,
    0x00, 0x00, 0x40, 0xff, 0x80, 0x00, 0x00, 0x00, 0x40, 0x00, 0x00, 0x00, 0x80, 0xff, 0x00, 0x00, 0x00,
    0x00, 0x00, 0x00, 0x80, 0xff, 0x40, 0x00, 0x4a, 0x69, 0x4a, 0x00, 0x00, 0xff, 0x80, 0x00, 0x00, 0x00,
    0x00, 0x00, 0x00, 0x00, 0x00, 0x2c, 0xd1, 0xff, 0xff, 0xff, 0xd1, 0x2c, 0x40, 0x00, 0x00, 0x00, 0x00,
    0x00, 0x00, 0x00, 0x00, 0x00, 0xd1, 0xff, 0xff, 0xff, 0xff, 0xff, 0xd1, 0x00, 0x00, 0x00, 0x00, 0x00,
    0x00, 0x40, 0x40, 0x00, 0x4a, 0xff, 0xff, 0xff, 0xff, 0xff, 0xff, 0xff, 0x4a, 0x00, 0x40, 0x40, 0x00,
    0x40, 0xff, 0xff, 0x40, 0x69, 0xff, 0xff, 0xff, 0xff, 0xff, 0xff, 0xff, 0x69, 0x40, 0xff, 0xff, 0x40,
    0x00, 0x40, 0x40, 0x00, 0x4a, 0xff, 0xff, 0xff, 0xff, 0xff, 0xff, 0xff, 0x4a, 0x00, 0x40, 0x40, 0x00,
    0x00, 0x00, 0x00, 0x00, 0x00, 0xd1, 0xff, 0xff, 0xff, 0xff, 0xff, 0xd1, 0x00, 0x00, 0x00, 0x00, 0x00,
    0x00, 0x00, 0x00, 0x00, 0x40, 0x2c, 0xd1, 0xff, 0xff, 0xff, 0xd1, 0x2c, 0x00, 0x00, 0x00, 0x00, 0x00,
    0x00, 0x00, 0x00, 0x80, 0xff, 0x00, 0x00, 0x4a, 0x69, 0x4a, 0x00, 0x40, 0xff, 0x80, 0x00, 0x00, 0x00,
    0x00, 0x00, 0x00, 0xff, 0x80, 0x00, 0x00, 0x00, 0x40, 0x00, 0x00, 0x00, 0x80, 0xff, 0x40, 0x00, 0x00,
    0x00, 0x00, 0x00, 0x40, 0x00, 0x00, 0x00, 0x40, 0xff, 0x40, 0x00, 0x00, 0x00, 0x00, 0x00, 0x00, 0x00,
    0x00, 0x00, 0x00, 0x00, 0x00, 0x00, 0x00, 0x40, 0xff, 0x40, 0x00, 0x00, 0x00, 0x00, 0x00, 0x00, 0x00,
    0x00, 0x00, 0x00, 0x00, 0x00, 0x00, 0x00, 0x00, 0x40, 0x00, 0x00, 0x00, 0x00, 0x00, 0x00, 0x00, 0x00,
};

const lv_image_dsc_t wx_sun = {
    .header = { .magic = LV_IMAGE_HEADER_MAGIC, .cf = LV_COLOR_FORMAT_A8,
                .w = 17, .h = 17, .stride = 17 },
    .data_size = sizeof(wx_sun_map),
    .data = wx_sun_map,
};

static const uint8_t wx_partly_map[] = {
    0x00, 0x00, 0x00, 0x00, 0x00, 0x00, 0x00, 0x00, 0x00, 0x00, 0x00, 0x00, 0x00, 0x00, 0x00, 0x00, 0x00,
    0x00, 0x00, 0x00, 0x00, 0x00, 0x00, 0x00, 0x00, 0x00, 0x00, 0x00, 0x00, 0x00, 0x00, 0x00, 0x00, 0x00,
    0x00, 0x00, 0x00, 0x00, 0x00, 0x00, 0x00, 0x00, 0x00, 0x00, 0x00, 0x00, 0x00, 0x00, 0x00, 0x00, 0x00,
    0x00, 0x00, 0x00, 0x00, 0x00, 0x25, 0x42, 0x14, 0x00, 0x00, 0x00, 0x00, 0x00, 0x00, 0x00, 0x00, 0x00,
    0x00, 0x00, 0x00, 0x00, 0x89, 0xff, 0xff, 0xff, 0x6d, 0x00, 0x00, 0x00, 0x00, 0x00, 0x00, 0x00, 0x00,
    0x00, 0x00, 0x00, 0x57, 0xff, 0xff, 0xff, 0xff, 0xff, 0xff, 0x80, 0x40, 0x00, 0x00, 0x00, 0x00, 0x00,
    0x00, 0x00, 0x00, 0xa0, 0xff, 0xff, 0xff, 0xff, 0xff, 0xff, 0xff, 0xff, 0x40, 0x00, 0x00, 0x00, 0x00,
    0x00, 0x00, 0x00, 0x8e, 0xff, 0xff, 0xff, 0xff, 0xff, 0xff, 0xff, 0xff, 0xbf, 0x80, 0x00, 0x00, 0x00,
    0x00, 0x00, 0x00, 0x39, 0xff, 0xff, 0xff, 0xff, 0xff, 0xff, 0xff, 0xff, 0xff, 0xff, 0xff, 0x00, 0x00,
    0x00, 0x00, 0x00, 0x80, 0xff, 0xff, 0xff, 0xff, 0xff, 0xff, 0xff, 0xff, 0xff, 0xff, 0xff, 0x40, 0x00,
    0x00, 0x00, 0x00, 0xff, 0xff, 0xff, 0xff, 0xff, 0xff, 0xff, 0xff, 0xff, 0xff, 0xff, 0xff, 0x80, 0x00,
    0x00, 0x00, 0x00, 0xff, 0xff, 0xff, 0xff, 0xff, 0xff, 0xff, 0xff, 0xff, 0xff, 0xff, 0xff, 0x80, 0x00,
    0x00, 0x00, 0x00, 0x80, 0xff, 0xff, 0xff, 0xff, 0xff, 0xff, 0xff, 0xff, 0xff, 0xff, 0x80, 0x00, 0x00,
    0x00, 0x00, 0x00, 0x00, 0x00, 0x40, 0x40, 0x40, 0x40, 0x40, 0x40, 0x40, 0x40, 0x00, 0x00, 0x00, 0x00,
    0x00, 0x00, 0x00, 0x00, 0x00, 0x00, 0x00, 0x00, 0x00, 0x00, 0x00, 0x00, 0x00, 0x00, 0x00, 0x00, 0x00,
    0x00, 0x00, 0x00, 0x00, 0x00, 0x00, 0x00, 0x00, 0x00, 0x00, 0x00, 0x00, 0x00, 0x00, 0x00, 0x00, 0x00,
    0x00, 0x00, 0x00, 0x00, 0x00, 0x00, 0x00, 0x00, 0x00, 0x00, 0x00, 0x00, 0x00, 0x00, 0x00, 0x00, 0x00,
};

const lv_image_dsc_t wx_partly = {
    .header = { .magic = LV_IMAGE_HEADER_MAGIC, .cf = LV_COLOR_FORMAT_A8,
                .w = 17, .h = 17, .stride = 17 },
    .data_size = sizeof(wx_partly_map),
    .data = wx_partly_map,
};

static const uint8_t wx_cloud_map[] = {
    0x00, 0x00, 0x00, 0x00, 0x00, 0x00, 0x00, 0x00, 0x00, 0x00, 0x00, 0x00, 0x00, 0x00, 0x00, 0x00, 0x00,
    0x00, 0x00, 0x00, 0x00, 0x00, 0x00, 0x00, 0x00, 0x00, 0x00, 0x00, 0x00, 0x00, 0x00, 0x00, 0x00, 0x00,
    0x00, 0x00, 0x00, 0x00, 0x00, 0x00, 0x00, 0x00, 0x00, 0x00, 0x00, 0x00, 0x00, 0x00, 0x00, 0x00, 0x00,
    0x00, 0x00, 0x00, 0x00, 0x00, 0x00, 0x40, 0x40, 0x80, 0x80, 0x00, 0x00, 0x00, 0x00, 0x00, 0x00, 0x00,
    0x00, 0x00, 0x00, 0x00, 0x00, 0x80, 0xff, 0xff, 0xff, 0xff, 0xff, 0x80, 0x00, 0x00, 0x00, 0x00, 0x00,
    0x00, 0x00, 0x00, 0x00, 0x00, 0xff, 0xff, 0xff, 0xff, 0xff, 0xff, 0xff, 0x80, 0x00, 0x00, 0x00, 0x00,
    0x00, 0x00, 0x00, 0x00, 0x80, 0xff, 0xff, 0xff, 0xff, 0xff, 0xff, 0xff, 0xff, 0xff, 0x40, 0x00, 0x00,
    0x00, 0x00, 0x00, 0x80, 0xff, 0xff, 0xff, 0xff, 0xff, 0xff, 0xff, 0xff, 0xff, 0xff, 0xff, 0x00, 0x00,
    0x00, 0x00, 0x40, 0xff, 0xff, 0xff, 0xff, 0xff, 0xff, 0xff, 0xff, 0xff, 0xff, 0xff, 0xff, 0x40, 0x00,
    0x00, 0x00, 0x80, 0xff, 0xff, 0xff, 0xff, 0xff, 0xff, 0xff, 0xff, 0xff, 0xff, 0xff, 0xff, 0x40, 0x00,
    0x00, 0x00, 0x40, 0xff, 0xff, 0xff, 0xff, 0xff, 0xff, 0xff, 0xff, 0xff, 0xff, 0xff, 0xbf, 0x00, 0x00,
    0x00, 0x00, 0x00, 0x80, 0x80, 0xff, 0xff, 0xff, 0xff, 0xff, 0xff, 0xff, 0xbf, 0xbf, 0x00, 0x00, 0x00,
    0x00, 0x00, 0x00, 0x00, 0x00, 0x00, 0x00, 0x00, 0x00, 0x00, 0x00, 0x00, 0x00, 0x00, 0x00, 0x00, 0x00,
    0x00, 0x00, 0x00, 0x00, 0x00, 0x00, 0x00, 0x00, 0x00, 0x00, 0x00, 0x00, 0x00, 0x00, 0x00, 0x00, 0x00,
    0x00, 0x00, 0x00, 0x00, 0x00, 0x00, 0x00, 0x00, 0x00, 0x00, 0x00, 0x00, 0x00, 0x00, 0x00, 0x00, 0x00,
    0x00, 0x00, 0x00, 0x00, 0x00, 0x00, 0x00, 0x00, 0x00, 0x00, 0x00, 0x00, 0x00, 0x00, 0x00, 0x00, 0x00,
    0x00, 0x00, 0x00, 0x00, 0x00, 0x00, 0x00, 0x00, 0x00, 0x00, 0x00, 0x00, 0x00, 0x00, 0x00, 0x00, 0x00,
};

const lv_image_dsc_t wx_cloud = {
    .header = { .magic = LV_IMAGE_HEADER_MAGIC, .cf = LV_COLOR_FORMAT_A8,
                .w = 17, .h = 17, .stride = 17 },
    .data_size = sizeof(wx_cloud_map),
    .data = wx_cloud_map,
};

static const uint8_t wx_rain_map[] = {
    0x00, 0x00, 0x00, 0x00, 0x00, 0x00, 0x00, 0x00, 0x00, 0x00, 0x00, 0x00, 0x00, 0x00, 0x00, 0x00, 0x00,
    0x00, 0x00, 0x00, 0x00, 0x00, 0x00, 0x00, 0x00, 0x00, 0x00, 0x00, 0x00, 0x00, 0x00, 0x00, 0x00, 0x00,
    0x00, 0x00, 0x00, 0x00, 0x00, 0x00, 0x00, 0x00, 0x40, 0x00, 0x00, 0x00, 0x00, 0x00, 0x00, 0x00, 0x00,
    0x00, 0x00, 0x00, 0x00, 0x00, 0x00, 0x80, 0xff, 0xff, 0xff, 0x80, 0x00, 0x00, 0x00, 0x00, 0x00, 0x00,
    0x00, 0x00, 0x00, 0x00, 0x00, 0x80, 0xff, 0xff, 0xff, 0xff, 0xff, 0xbf, 0x00, 0x00, 0x00, 0x00, 0x00,
    0x00, 0x00, 0x00, 0x00, 0x40, 0xff, 0xff, 0xff, 0xff, 0xff, 0xff, 0xff, 0xff, 0x80, 0x00, 0x00, 0x00,
    0x00, 0x00, 0x00, 0x40, 0xbf, 0xff, 0xff, 0xff, 0xff, 0xff, 0xff, 0xff, 0xff, 0xff, 0xbf, 0x00, 0x00,
    0x00, 0x00, 0x00, 0xff, 0xff, 0xff, 0xff, 0xff, 0xff, 0xff, 0xff, 0xff, 0xff, 0xff, 0xff, 0x40, 0x00,
    0x00, 0x00, 0x40, 0xff, 0xff, 0xff, 0xff, 0xff, 0xff, 0xff, 0xff, 0xff, 0xff, 0xff, 0xff, 0x40, 0x00,
    0x00, 0x00, 0x00, 0xff, 0xff, 0xff, 0xff, 0xff, 0xff, 0xff, 0xff, 0xff, 0xff, 0xff, 0xff, 0x00, 0x00,
    0x00, 0x00, 0x00, 0x80, 0xff, 0xff, 0xff, 0xff, 0xff, 0xff, 0xff, 0xff, 0xff, 0xbf, 0x40, 0x00, 0x00,
    0x00, 0x00, 0x00, 0x00, 0x00, 0x00, 0x00, 0x00, 0x00, 0x00, 0x00, 0x00, 0x00, 0x00, 0x00, 0x00, 0x00,
    0x00, 0x00, 0x00, 0x00, 0x00, 0x40, 0x00, 0x00, 0x00, 0x40, 0x00, 0x00, 0x40, 0x00, 0x00, 0x00, 0x00,
    0x00, 0x00, 0x00, 0x00, 0x00, 0xff, 0x80, 0x00, 0x80, 0xbf, 0x00, 0x00, 0xff, 0x80, 0x00, 0x00, 0x00,
    0x00, 0x00, 0x00, 0x00, 0x80, 0xff, 0x40, 0x00, 0xff, 0x80, 0x00, 0x80, 0xff, 0x00, 0x00, 0x00, 0x00,
    0x00, 0x00, 0x00, 0x00, 0x40, 0x80, 0x00, 0x40, 0xff, 0x00, 0x00, 0x80, 0x80, 0x00, 0x00, 0x00, 0x00,
    0x00, 0x00, 0x00, 0x00, 0x00, 0x00, 0x00, 0x00, 0x00, 0x00, 0x00, 0x00, 0x00, 0x00, 0x00, 0x00, 0x00,
};

const lv_image_dsc_t wx_rain = {
    .header = { .magic = LV_IMAGE_HEADER_MAGIC, .cf = LV_COLOR_FORMAT_A8,
                .w = 17, .h = 17, .stride = 17 },
    .data_size = sizeof(wx_rain_map),
    .data = wx_rain_map,
};

static const uint8_t wx_storm_map[] = {
    0x00, 0x00, 0x00, 0x00, 0x00, 0x00, 0x00, 0x00, 0x00, 0x00, 0x00, 0x00, 0x00, 0x00, 0x00, 0x00, 0x00,
    0x00, 0x00, 0x00, 0x00, 0x00, 0x00, 0x00, 0x00, 0x00, 0x00, 0x00, 0x00, 0x00, 0x00, 0x00, 0x00, 0x00,
    0x00, 0x00, 0x00, 0x00, 0x00, 0x00, 0x00, 0x00, 0x40, 0x00, 0x00, 0x00, 0x00, 0x00, 0x00, 0x00, 0x00,
    0x00, 0x00, 0x00, 0x00, 0x00, 0x00, 0x80, 0xff, 0xff, 0xff, 0x80, 0x00, 0x00, 0x00, 0x00, 0x00, 0x00,
    0x00, 0x00, 0x00, 0x00, 0x00, 0x80, 0xff, 0xff, 0xff, 0xff, 0xff, 0xbf, 0x00, 0x00, 0x00, 0x00, 0x00,
    0x00, 0x00, 0x00, 0x00, 0x40, 0xff, 0xff, 0xff, 0xff, 0xff, 0xff, 0xff, 0xff, 0x80, 0x00, 0x00, 0x00,
    0x00, 0x00, 0x00, 0x40, 0xbf, 0xff, 0xff, 0xff, 0xff, 0xff, 0xff, 0xff, 0xff, 0xff, 0xbf, 0x00, 0x00,
    0x00, 0x00, 0x00, 0xff, 0xff, 0xff, 0xff, 0xff, 0xff, 0xff, 0xff, 0xff, 0xff, 0xff, 0xff, 0x40, 0x00,
    0x00, 0x00, 0x40, 0xff, 0xff, 0xff, 0xff, 0xff, 0xff, 0xff, 0xff, 0xff, 0xff, 0xff, 0xff, 0x40, 0x00,
    0x00, 0x00, 0x00, 0xff, 0xff, 0xff, 0xff, 0xff, 0xff, 0xff, 0xff, 0xff, 0xff, 0xff, 0xff, 0x00, 0x00,
    0x00, 0x00, 0x00, 0x80, 0xff, 0xff, 0xff, 0xff, 0xff, 0xff, 0xff, 0xff, 0xff, 0xbf, 0x40, 0x00, 0x00,
    0x00, 0x00, 0x00, 0x00, 0x00, 0x00, 0x00, 0x00, 0x00, 0x00, 0x00, 0x00, 0x00, 0x00, 0x00, 0x00, 0x00,
    0x00, 0x00, 0x00, 0x00, 0x00, 0x00, 0x00, 0x00, 0x00, 0xbf, 0x40, 0x00, 0x00, 0x00, 0x00, 0x00, 0x00,
    0x00, 0x00, 0x00, 0x00, 0x00, 0x00, 0x00, 0x00, 0xbf, 0x80, 0x00, 0x00, 0x00, 0x00, 0x00, 0x00, 0x00,
    0x00, 0x00, 0x00, 0x00, 0x00, 0x00, 0x00, 0x80, 0xbf, 0xff, 0xbf, 0x00, 0x00, 0x00, 0x00, 0x00, 0x00,
    0x00, 0x00, 0x00, 0x00, 0x00, 0x00, 0x00, 0x00, 0x80, 0xbf, 0x00, 0x00, 0x00, 0x00, 0x00, 0x00, 0x00,
    0x00, 0x00, 0x00, 0x00, 0x00, 0x00, 0x00, 0x00, 0x40, 0x00, 0x00, 0x00, 0x00, 0x00, 0x00, 0x00, 0x00,
};

const lv_image_dsc_t wx_storm = {
    .header = { .magic = LV_IMAGE_HEADER_MAGIC, .cf = LV_COLOR_FORMAT_A8,
                .w = 17, .h = 17, .stride = 17 },
    .data_size = sizeof(wx_storm_map),
    .data = wx_storm_map,
};

static const uint8_t wx_fog_map[] = {
    0x00, 0x00, 0x00, 0x00, 0x00, 0x00, 0x00, 0x00, 0x00, 0x00, 0x00, 0x00, 0x00, 0x00, 0x00, 0x00, 0x00,
    0x00, 0x00, 0x00, 0x00, 0x00, 0x00, 0x00, 0x40, 0x80, 0x80, 0x00, 0x00, 0x00, 0x00, 0x00, 0x00, 0x00,
    0x00, 0x00, 0x00, 0x00, 0x00, 0x40, 0xbf, 0xff, 0xff, 0xff, 0xff, 0x80, 0x00, 0x00, 0x00, 0x00, 0x00,
    0x00, 0x00, 0x00, 0x00, 0x00, 0xbf, 0xff, 0xff, 0xff, 0xff, 0xff, 0xff, 0x40, 0x00, 0x00, 0x00, 0x00,
    0x00, 0x00, 0x00, 0x00, 0x80, 0xff, 0xff, 0xff, 0xff, 0xff, 0xff, 0xff, 0xff, 0xff, 0x40, 0x00, 0x00,
    0x00, 0x00, 0x00, 0x80, 0xff, 0xff, 0xff, 0xff, 0xff, 0xff, 0xff, 0xff, 0xff, 0xff, 0xbf, 0x00, 0x00,
    0x00, 0x00, 0x00, 0xff, 0xff, 0xff, 0xff, 0xff, 0xff, 0xff, 0xff, 0xff, 0xff, 0xff, 0xff, 0x40, 0x00,
    0x00, 0x00, 0x40, 0xff, 0xff, 0xff, 0xff, 0xff, 0xff, 0xff, 0xff, 0xff, 0xff, 0xff, 0xff, 0x40, 0x00,
    0x00, 0x00, 0x00, 0xff, 0xff, 0xff, 0xff, 0xff, 0xff, 0xff, 0xff, 0xff, 0xff, 0xff, 0x80, 0x00, 0x00,
    0x00, 0x00, 0x00, 0x00, 0x80, 0xbf, 0xbf, 0xbf, 0xbf, 0xbf, 0xbf, 0xbf, 0xbf, 0x40, 0x00, 0x00, 0x00,
    0x00, 0x00, 0x00, 0x00, 0x00, 0x00, 0x00, 0x00, 0x00, 0x00, 0x00, 0x00, 0x00, 0x00, 0x00, 0x00, 0x00,
    0x00, 0x00, 0x00, 0x40, 0x80, 0x80, 0x80, 0x80, 0x80, 0x80, 0x80, 0x80, 0x80, 0x80, 0x00, 0x00, 0x00,
    0x00, 0x00, 0x40, 0xff, 0xff, 0xff, 0xff, 0xff, 0xff, 0xff, 0xff, 0xff, 0xff, 0xff, 0x00, 0x00, 0x00,
    0x00, 0x00, 0x00, 0x00, 0x00, 0x00, 0x00, 0x00, 0x00, 0x00, 0x00, 0x00, 0x00, 0x00, 0x00, 0x00, 0x00,
    0x00, 0x00, 0x00, 0x00, 0x40, 0xbf, 0xbf, 0xbf, 0xbf, 0xbf, 0xbf, 0xbf, 0xbf, 0x40, 0x00, 0x00, 0x00,
    0x00, 0x00, 0x00, 0x00, 0x00, 0x80, 0x80, 0x80, 0x80, 0x80, 0x80, 0x80, 0x80, 0x00, 0x00, 0x00, 0x00,
    0x00, 0x00, 0x00, 0x00, 0x00, 0x00, 0x00, 0x00, 0x00, 0x00, 0x00, 0x00, 0x00, 0x00, 0x00, 0x00, 0x00,
};

const lv_image_dsc_t wx_fog = {
    .header = { .magic = LV_IMAGE_HEADER_MAGIC, .cf = LV_COLOR_FORMAT_A8,
                .w = 17, .h = 17, .stride = 17 },
    .data_size = sizeof(wx_fog_map),
    .data = wx_fog_map,
};
