/*******************************************************************************
 * Size: 20 px
 * Bpp: 4
 * Opts: --font _ttf_src/ChakraPetch-SemiBold.ttf --size 20 --bpp 4 --format lvgl --lv-include lvgl.h -o hud_text_20.c -r 0x20-0x7F,0xA0,0xB0,0xB7,0xC0-0xC3,0xC8-0xCA,0xCC-0xCD,0xD2-0xD5,0xD9-0xDA,0xDD,0xE0-0xE3,0xE8-0xEA,0xEC-0xED,0xF2-0xF5,0xF9-0xFA,0xFD,0x102-0x103,0x110-0x111,0x128-0x129,0x168-0x169,0x1A0-0x1A1,0x1AF-0x1B0,0x1EA0-0x1EF9,0x2013-0x2014,0x2022,0x2026,0x2192
 ******************************************************************************/

#ifdef LV_LVGL_H_INCLUDE_SIMPLE
#include "lvgl.h"
#else
#include "lvgl.h"
#endif

#ifndef HUD_TEXT_20
#define HUD_TEXT_20 1
#endif

#if HUD_TEXT_20

/*-----------------
 *    BITMAPS
 *----------------*/

/*Store the image of the glyphs*/
static LV_ATTRIBUTE_LARGE_CONST const uint8_t glyph_bitmap[] = {
    /* U+0020 " " */

    /* U+0021 "!" */
    0x8f, 0xc0, 0xf, 0x78, 0x6, 0x71, 0x1, 0x30,
    0xc, 0x62, 0x2, 0xe0, 0x3, 0xba, 0x2d, 0x69,
    0x6b, 0xd0, 0x40,

    /* U+0022 "\"" */
    0xcf, 0x82, 0xff, 0x18, 0x7, 0xf7, 0x98, 0x0,
    0x58, 0x4, 0x40, 0x2, 0x20, 0x10, 0x10, 0x2,
    0x39, 0x3, 0x38, 0x0,

    /* U+0023 "#" */
    0x0, 0xcb, 0xfa, 0x0, 0x8f, 0xb0, 0xf, 0x68,
    0x30, 0x0, 0xc0, 0xc0, 0x3c, 0x40, 0x40, 0x6,
    0xe, 0x0, 0xf3, 0x87, 0x80, 0x8, 0x14, 0x2,
    0xbf, 0xf1, 0x4, 0xff, 0x80, 0x19, 0xe6, 0x2,
    0x1, 0xff, 0xc1, 0xaf, 0xa0, 0x2f, 0xf3, 0x82,
    0xff, 0x8c, 0x2, 0xc0, 0x70, 0x2, 0x6, 0x80,
    0x43, 0xfe, 0x60, 0x5f, 0xf1, 0x84, 0x7e, 0x0,
    0x7f, 0xf0, 0x44, 0x7, 0xf4, 0x1, 0xdf, 0x40,
    0x3f, 0xed, 0x0, 0x98, 0x0, 0x20, 0x40, 0x40,
    0x1e, 0x30, 0x30, 0x6, 0x82, 0x80, 0x7b, 0x81,
    0x80, 0xc, 0x1c, 0x1, 0x80,

    /* U+0024 "$" */
    0x0, 0xc8, 0xe6, 0x1, 0xfb, 0x61, 0x40, 0x3f,
    0xf8, 0x8b, 0xfe, 0x60, 0x9f, 0xc1, 0x5, 0xa0,
    0xf, 0x1e, 0x8c, 0x2, 0x7b, 0x4, 0xe0, 0x1b,
    0x80, 0x34, 0x3, 0x19, 0x84, 0x3, 0xfb, 0x39,
    0x80, 0x1a, 0x1, 0xfa, 0x1, 0x3d, 0x82, 0x7f,
    0x88, 0x16, 0x80, 0x3c, 0x38, 0x40, 0xbf, 0xe6,
    0x9, 0xe1, 0x15, 0x80, 0x7c, 0x2a, 0x0, 0xbc,
    0x40, 0xf, 0xca, 0x7c, 0x1, 0x89, 0x40, 0x16,
    0xb, 0xec, 0x13, 0xa2, 0x50, 0xb4, 0x1, 0xe2,
    0xc1, 0x5, 0xff, 0x30, 0x4f, 0xe8, 0x80, 0x7f,
    0xf0, 0x0,

    /* U+0025 "%" */
    0x2, 0xef, 0xf9, 0x0, 0x21, 0xef, 0x50, 0xd,
    0x82, 0x68, 0x16, 0x40, 0x9, 0x13, 0x50, 0x8,
    0x46, 0xcb, 0x30, 0x10, 0x17, 0xf, 0x0, 0xff,
    0xe0, 0xd8, 0x29, 0x80, 0x7f, 0xf0, 0xd, 0x42,
    0x0, 0x38, 0x46, 0xcc, 0x18, 0xc, 0x3, 0x10,
    0x7, 0xb0, 0x4c, 0xc1, 0x6c, 0x81, 0x13, 0x77,
    0x8, 0x0, 0xbb, 0xfe, 0x49, 0x8, 0xa6, 0x44,
    0xb0, 0x40, 0x3c, 0xc4, 0x2c, 0x81, 0xde, 0x44,
    0x50, 0xf, 0x40, 0x40, 0x0, 0x44, 0xc, 0x1,
    0xf3, 0x89, 0x30, 0x7, 0xff, 0x0, 0x60, 0x24,
    0x2, 0x10, 0xf, 0xe8, 0x4, 0x40, 0x8, 0x83,
    0x30, 0x80, 0xc0, 0x11, 0x30, 0x40, 0x5, 0x82,
    0x66, 0xb, 0x20,

    /* U+0026 "&" */
    0x0, 0x5f, 0xff, 0x30, 0x6, 0xb4, 0x0, 0xe9,
    0x60, 0x2, 0x20, 0x33, 0xfe, 0x60, 0x80, 0x0,
    0x80, 0xc, 0x2, 0xb9, 0xb0, 0xf, 0xe2, 0x46,
    0x10, 0x10, 0x1, 0x80, 0x69, 0xc6, 0x4, 0x20,
    0xcf, 0xfc, 0x81, 0x18, 0xa4, 0x1, 0xfe, 0xb0,
    0x5f, 0xfe, 0x30, 0x7c, 0x0, 0x78, 0x7, 0xff,
    0x2f, 0xc0, 0x31, 0x10, 0x3c, 0x2c, 0x17, 0xff,
    0x68, 0x93, 0x2, 0xd0, 0x7, 0x8b, 0x4, 0x0,

    /* U+0027 "'" */
    0xcf, 0x80, 0xe, 0xf6, 0x1, 0x20, 0x28, 0xe4,

    /* U+0028 "(" */
    0x0, 0x5f, 0xf9, 0x42, 0xd0, 0x2, 0x84, 0xb,
    0xf5, 0x10, 0x54, 0x0, 0xff, 0xff, 0x8, 0x2a,
    0x0, 0x21, 0x2, 0xfd, 0x42, 0xd0, 0x2,

    /* U+0029 ")" */
    0x9f, 0xf3, 0x80, 0xc, 0x1, 0xe, 0x15, 0xec,
    0x10, 0x60, 0x9, 0x0, 0x38, 0x7, 0xff, 0xfa,
    0x0, 0xf, 0x3e, 0xe1, 0x6, 0x60, 0x4, 0x38,
    0x0,

    /* U+002A "*" */
    0x2, 0x3f, 0x22, 0x0, 0x3f, 0xc1, 0xdc, 0x0,
    0x78, 0x80, 0xf0, 0x3, 0xc4, 0x7, 0x80, 0x1f,
    0xe0, 0xee, 0x0, 0x8, 0xfc, 0x88, 0x0,

    /* U+002B "+" */
    0x0, 0xd3, 0xf6, 0x1, 0xff, 0xce, 0x1e, 0xe9,
    0x81, 0x3b, 0xa3, 0x1, 0x18, 0x2, 0x11, 0x80,
    0x7f, 0xe6, 0x4, 0xff, 0x8c, 0x3, 0xff, 0x9d,
    0xaf, 0xc0, 0x18,

    /* U+002C "," */
    0x7, 0xa2, 0x24, 0x2c, 0x11, 0x80, 0x5c, 0x1a,
    0xa, 0xe, 0x5, 0x40,

    /* U+002D "-" */
    0x1f, 0xff, 0x40, 0x7, 0xe0,

    /* U+002E "." */
    0x7, 0xa2, 0x18, 0x58, 0x13, 0xf,

    /* U+002F "/" */
    0x0, 0xfa, 0x3f, 0x0, 0x3e, 0x27, 0xf, 0x0,
    0xfa, 0x1, 0x4c, 0x3, 0xc6, 0xa1, 0x0, 0x1f,
    0x78, 0x31, 0x0, 0x79, 0x4c, 0x20, 0x3, 0xe8,
    0x8, 0x10, 0xf, 0x31, 0xb, 0x80, 0x7d, 0x1,
    0x60, 0x1f, 0x40, 0x92, 0x80, 0x78, 0x5c, 0x24,
    0x3, 0xe8, 0x4, 0x40, 0x7, 0x89, 0x82, 0x40,
    0x3e, 0x90, 0x62, 0x0, 0xf8,

    /* U+0030 "0" */
    0x2, 0xef, 0xfe, 0xd1, 0x2, 0xc1, 0x0, 0xe2,
    0xc1, 0xe1, 0x2e, 0xff, 0xb0, 0x4a, 0xc0, 0xa,
    0x20, 0x11, 0xa0, 0x8, 0x7, 0xff, 0xfc, 0x3,
    0x29, 0x0, 0x46, 0x80, 0x3c, 0x25, 0xbf, 0xf6,
    0x9, 0x59, 0x60, 0x80, 0x71, 0x60, 0x80,

    /* U+0031 "1" */
    0x0, 0x15, 0xff, 0x86, 0x75, 0x0, 0xe, 0xc0,
    0x60, 0x13, 0x74, 0x80, 0x1a, 0x44, 0x3, 0xff,
    0xda,

    /* U+0032 "2" */
    0x0, 0x57, 0xff, 0x60, 0x80, 0x29, 0x40, 0x38,
    0xf4, 0x4d, 0x42, 0x7f, 0xec, 0x3, 0x70, 0x9,
    0x0, 0x23, 0x10, 0x13, 0xee, 0x10, 0x4, 0x42,
    0x2, 0x2, 0x20, 0x8, 0xf0, 0xd, 0xc0, 0x39,
    0x30, 0x53, 0x4, 0x3, 0x2d, 0x82, 0xd8, 0x7,
    0x35, 0x3, 0x50, 0x7, 0x3c, 0x83, 0xc8, 0x7,
    0x44, 0x2, 0x20, 0x1, 0xc2, 0xe1, 0xe, 0x1,
    0xe3, 0x0, 0x47, 0xff, 0xa0, 0x3, 0xfe,

    /* U+0033 "3" */
    0x0, 0x47, 0xff, 0x90, 0x1, 0xe, 0x1, 0xeb,
    0x41, 0x70, 0x7f, 0xfc, 0x61, 0x0, 0x15, 0x80,
    0x64, 0x0, 0xf, 0x70, 0xc0, 0x3f, 0x8, 0x80,
    0x39, 0x0, 0x39, 0x3f, 0xf1, 0x84, 0x0, 0x7f,
    0xf0, 0x93, 0xff, 0x18, 0x40, 0x7, 0xe4, 0x0,
    0x1f, 0xf8, 0x80, 0x3f, 0xc8, 0x1, 0x90, 0x0,
    0x6c, 0x13, 0xff, 0x8c, 0x20, 0x25, 0x40, 0x3d,
    0x68,

    /* U+0034 "4" */
    0x0, 0xf6, 0xff, 0x98, 0x3, 0xea, 0x20, 0xf,
    0xe6, 0x51, 0x10, 0x7, 0xc5, 0x21, 0x46, 0x1,
    0xf7, 0x83, 0xa0, 0x7, 0xd2, 0x47, 0x0, 0x1f,
    0x2b, 0x7, 0x0, 0x7c, 0x36, 0x14, 0x40, 0x1f,
    0x58, 0xa2, 0x80, 0x7e, 0x10, 0x4f, 0xfc, 0x41,
    0x3e, 0x40, 0x1f, 0xfc, 0xb, 0xff, 0xf0, 0x84,
    0xf9, 0x0, 0x7f, 0xf3, 0x0,

    /* U+0035 "5" */
    0xcf, 0xff, 0xd6, 0x1, 0xff, 0xc0, 0x8f, 0xff,
    0x58, 0x7, 0xff, 0x2a, 0x3f, 0xf9, 0x80, 0x3f,
    0xa5, 0xb3, 0xff, 0xca, 0x12, 0x1, 0xf7, 0x80,
    0x8, 0x80, 0x1f, 0xb7, 0x4a, 0x1, 0xfd, 0x80,
    0x1b, 0xc0, 0x12, 0xd, 0xff, 0x94, 0x25, 0xa0,
    0x3, 0xd2, 0xc0,

    /* U+0036 "6" */
    0x4, 0xff, 0xf5, 0x0, 0x12, 0xc0, 0x3c, 0xb4,
    0x10, 0x7, 0xff, 0xa4, 0x14, 0xc0, 0x8, 0x1,
    0x9c, 0xcc, 0x20, 0x1f, 0xe, 0x60, 0x80, 0x2a,
    0xff, 0xd6, 0x1, 0x9d, 0x40, 0x32, 0x50, 0x6,
    0x4f, 0xfa, 0x41, 0x50, 0x0, 0x76, 0x1, 0x30,
    0x7, 0x20, 0x7, 0xff, 0x25, 0x4, 0x2, 0x60,
    0xa, 0x0, 0xfb, 0xfe, 0x90, 0x54, 0x45, 0x80,
    0x79, 0x28, 0x0,

    /* U+0037 "7" */
    0xcf, 0xff, 0xd6, 0x1, 0xfe, 0xcf, 0xff, 0x10,
    0x10, 0x7, 0x90, 0x82, 0xc0, 0x3d, 0x0, 0x84,
    0x1, 0xc6, 0x60, 0x80, 0xf, 0x40, 0x21, 0x80,
    0x71, 0xa0, 0x40, 0x7, 0xa4, 0xc, 0xc0, 0x1c,
    0x4a, 0x10, 0x1, 0xe8, 0x3, 0x40, 0xe, 0x25,
    0x8, 0x0, 0xf5, 0x81, 0x20, 0x7, 0xb, 0x4,
    0x0, 0x70,

    /* U+0038 "8" */
    0x3, 0xef, 0xfe, 0xb0, 0x1, 0xe8, 0x80, 0x72,
    0x58, 0x40, 0x97, 0x7f, 0xd4, 0x8, 0x80, 0x3,
    0x88, 0x4, 0xa0, 0x1f, 0xfc, 0x21, 0x7, 0x10,
    0x9, 0x40, 0x28, 0x12, 0xef, 0xfa, 0x81, 0x91,
    0x84, 0x3, 0xe5, 0x1a, 0x5, 0xff, 0xda, 0x26,
    0xc0, 0xc, 0x0, 0xc4, 0x61, 0xe0, 0x1f, 0xfc,
    0x1d, 0x0, 0xc6, 0x41, 0xf6, 0x9, 0xff, 0xb0,
    0x9, 0x96, 0x80, 0x3c, 0x58, 0x20,

    /* U+0039 "9" */
    0x5, 0xff, 0xf4, 0x80, 0x16, 0x80, 0x3c, 0xd2,
    0x16, 0x9, 0xff, 0xa0, 0x18, 0x80, 0x1a, 0x1,
    0x94, 0x0, 0x20, 0x1f, 0xfc, 0x66, 0x0, 0xed,
    0x0, 0x8e, 0xc0, 0x2b, 0x4, 0xff, 0xb0, 0x3,
    0x2d, 0x0, 0x61, 0xa0, 0xc, 0xbf, 0xfb, 0x9c,
    0x2, 0x7a, 0x60, 0xf, 0xd8, 0xb6, 0x20, 0x12,
    0x80, 0x6, 0x4, 0xbb, 0xfe, 0x80, 0x62, 0x3d,
    0x10, 0xe, 0x69, 0x0,

    /* U+003A ":" */
    0xc, 0xf5, 0x13, 0xc, 0x19, 0x68, 0x6, 0x91,
    0x0, 0xfe, 0x69, 0x11, 0x4b, 0x40, 0x98, 0x60,

    /* U+003B ";" */
    0xc, 0xf5, 0x13, 0xc, 0x19, 0x68, 0x6, 0x91,
    0x0, 0xfe, 0x7a, 0x31, 0x85, 0x81, 0x30, 0xb,
    0x83, 0x1, 0x1, 0x80, 0xe8, 0x40,

    /* U+003C "<" */
    0x0, 0xff, 0x11, 0x0, 0x3f, 0x1d, 0x6b, 0x80,
    0x79, 0x73, 0xa, 0x2, 0x1, 0xb, 0xf5, 0x18,
    0xbe, 0xa0, 0x14, 0xf4, 0x9, 0x4f, 0x41, 0x1,
    0x6b, 0x2, 0xde, 0xb0, 0x7, 0xc5, 0xc8, 0x1,
    0xe2, 0x71, 0x2b, 0xd6, 0x0, 0xf4, 0x74, 0x91,
    0x27, 0xa0, 0x40, 0x39, 0xb6, 0x8c, 0x5f, 0xa8,
    0x40, 0x39, 0x73, 0x8, 0xa, 0x80, 0x1f, 0x1d,
    0xeb, 0x0,

    /* U+003D "=" */
    0x1f, 0xff, 0xe3, 0x1, 0x1f, 0xe0, 0x1e, 0xef,
    0xe3, 0x1e, 0xef, 0xe3, 0x1, 0x1f, 0xe0,

    /* U+003E ">" */
    0x3, 0x0, 0xff, 0xe, 0x61, 0x40, 0x3f, 0xc7,
    0x5c, 0xe2, 0x1, 0xc3, 0xf2, 0x43, 0x1d, 0x24,
    0x1, 0xcd, 0xb6, 0x80, 0xdb, 0x68, 0x1, 0xc9,
    0x7a, 0xc0, 0x96, 0xc0, 0x1e, 0x2a, 0x40, 0xf,
    0xc9, 0x78, 0x80, 0xa8, 0x1, 0x36, 0xda, 0x3,
    0xf5, 0x10, 0x47, 0x49, 0xc, 0x7c, 0x8, 0x0,
    0x5c, 0x4a, 0xb9, 0xc0, 0x3c, 0x97, 0xaa, 0x1,
    0xf0,

    /* U+003F "?" */
    0x0, 0x47, 0xff, 0x20, 0x5, 0xe, 0x1, 0xd6,
    0x80, 0xae, 0x13, 0xff, 0x20, 0x58, 0x98, 0xb,
    0x0, 0x52, 0x0, 0x36, 0xee, 0x0, 0x65, 0x0,
    0xc2, 0x1, 0x9e, 0x1, 0xc8, 0x3, 0x9e, 0x2,
    0x20, 0x1, 0xcf, 0x1, 0xe, 0x1, 0xec, 0x6,
    0x70, 0xf, 0xe1, 0x0, 0xfd, 0xf5, 0x40, 0xf,
    0xec, 0x0, 0xfe, 0xb6, 0x90, 0xf, 0xca, 0x1a,
    0x1, 0x80,

    /* U+0040 "@" */
    0x0, 0xd3, 0xff, 0xf2, 0x0, 0x7a, 0x98, 0xc,
    0xf1, 0x5, 0xa0, 0x6, 0xa5, 0xc, 0xce, 0xd7,
    0xb, 0x50, 0x5, 0x28, 0xe1, 0x5e, 0x61, 0x73,
    0xe0, 0x29, 0x45, 0x43, 0xb, 0x50, 0xcd, 0x47,
    0xce, 0xe0, 0xf0, 0x0, 0x93, 0x19, 0xbf, 0xc8,
    0x1, 0x68, 0x7, 0xbc, 0x14, 0x1, 0xa0, 0x1f,
    0xfc, 0x31, 0x0, 0xff, 0x78, 0x28, 0x14, 0x80,
    0x6, 0x0, 0x80, 0x2, 0x8c, 0x66, 0xfd, 0x0,
    0x37, 0x12, 0x40, 0xb8, 0x5a, 0xea, 0x9a, 0x7d,
    0x19, 0x9a, 0xc0, 0x10, 0xc1, 0x6b, 0x59, 0x62,
    0xb9, 0x89, 0x0, 0xd2, 0xc1, 0x7b, 0xbf, 0x84,
    0x3, 0x4b, 0x1, 0x17, 0xe0, 0x0,

    /* U+0041 "A" */
    0x0, 0xee, 0xfa, 0x0, 0xfe, 0x41, 0x5, 0x0,
    0xfe, 0xe0, 0x9, 0x80, 0x3f, 0x28, 0x30, 0x68,
    0x7, 0xca, 0x7, 0x0, 0x82, 0x1, 0xee, 0xb,
    0x14, 0x6, 0x0, 0xe1, 0x40, 0x50, 0xd0, 0xa0,
    0xe, 0x60, 0x32, 0x7, 0x2, 0x30, 0xd, 0x61,
    0x60, 0x1, 0x40, 0xb0, 0x8, 0x8c, 0x23, 0xfe,
    0x40, 0x60, 0xa, 0x80, 0x3f, 0xa, 0x0, 0x18,
    0x1f, 0xff, 0x8c, 0x38, 0x10, 0x42, 0x80, 0x3a,
    0x81, 0x43, 0x40, 0xc8, 0x3, 0x98, 0x0, 0xa0,

    /* U+0042 "B" */
    0x9f, 0xff, 0xcc, 0x1, 0xff, 0x4a, 0x80, 0x4b,
    0xff, 0xc8, 0x10, 0x1, 0xfd, 0x80, 0x1f, 0xfc,
    0xbb, 0x1, 0x0, 0x97, 0xff, 0x8c, 0x3c, 0x3,
    0x8, 0xf0, 0x2, 0x0, 0x25, 0xee, 0xec, 0x4,
    0x60, 0xf, 0xc6, 0x40, 0x20, 0x1f, 0xfc, 0x84,
    0x20, 0x10, 0x2, 0xff, 0xf5, 0x81, 0xb0, 0x7,
    0xf1, 0xe0, 0x0,

    /* U+0043 "C" */
    0x2, 0xef, 0xff, 0x40, 0x0, 0xb0, 0x40, 0x3c,
    0xf0, 0x1c, 0x22, 0xcf, 0xfc, 0xa0, 0xe6, 0x0,
    0x63, 0x0, 0xd6, 0x1, 0xff, 0xf, 0x70, 0xc0,
    0x3f, 0x84, 0x40, 0x1f, 0xfe, 0x21, 0x10, 0x7,
    0xf0, 0xf7, 0xc, 0x0, 0xe6, 0x1, 0xac, 0x2,
    0xe1, 0xc, 0xff, 0xca, 0xe, 0x65, 0x82, 0x1,
    0xe7, 0x80,

    /* U+0044 "D" */
    0x9f, 0xff, 0xd0, 0x1, 0xff, 0x3c, 0x0, 0x49,
    0xff, 0xce, 0xe, 0xa0, 0x1f, 0xa0, 0x40, 0xc0,
    0x3f, 0xff, 0xe0, 0x1f, 0xfc, 0x59, 0x10, 0x30,
    0x2, 0x7f, 0xf3, 0x3, 0xa8, 0x7, 0xf3, 0xc0,
    0x0,

    /* U+0045 "E" */
    0x9f, 0xff, 0xe2, 0x0, 0xff, 0xe0, 0xa7, 0xff,
    0xc4, 0x1, 0xff, 0xd7, 0x4f, 0xff, 0x48, 0x7,
    0xf8, 0x40, 0x24, 0xff, 0xf4, 0x0, 0x7f, 0xf6,
    0x13, 0xff, 0xe2, 0x0, 0xff, 0x80,

    /* U+0046 "F" */
    0x9f, 0xff, 0xe0, 0xf, 0xfe, 0x2, 0x7f, 0xfc,
    0x1, 0xff, 0xd4, 0x4f, 0xff, 0x0, 0x7f, 0xf0,
    0x53, 0xff, 0xc0, 0x1f, 0xfe, 0x70,

    /* U+0047 "G" */
    0x2, 0xef, 0xff, 0x50, 0x0, 0xb0, 0x40, 0x3c,
    0xb4, 0x1c, 0x22, 0xcf, 0xfd, 0x0, 0xaa, 0x0,
    0x31, 0x80, 0x67, 0x21, 0x0, 0xff, 0x6f, 0x28,
    0x7, 0xff, 0x1b, 0xff, 0x94, 0x3, 0xff, 0x8d,
    0xff, 0x8, 0x7, 0xff, 0x41, 0xcc, 0x3, 0x48,
    0x80, 0x38, 0x43, 0x3f, 0xf3, 0x3, 0x29, 0x60,
    0x80, 0x79, 0xa4, 0x0,

    /* U+0048 "H" */
    0x9f, 0xb0, 0xf, 0x77, 0xb0, 0x7, 0xff, 0xc9,
    0x3f, 0xfc, 0x20, 0x1f, 0xfc, 0x44, 0xff, 0xf0,
    0x80, 0x7f, 0xfc, 0x80,

    /* U+0049 "I" */
    0x8f, 0xd0, 0xf, 0xfe, 0xd8,

    /* U+004A "J" */
    0x0, 0xf8, 0xff, 0xc4, 0x1, 0xff, 0xff, 0x0,
    0xff, 0xe0, 0xb6, 0x48, 0x7, 0xee, 0x35, 0x0,
    0xfd, 0xc0, 0x6c, 0x1, 0x40, 0x0, 0xd9, 0x42,
    0x7f, 0xe4, 0x9, 0x10, 0xa5, 0x0, 0xe9, 0x60,

    /* U+004B "K" */
    0x9f, 0xb0, 0xe, 0x9f, 0xe0, 0xf, 0xc6, 0xc1,
    0x0, 0x1f, 0xbc, 0xd, 0x80, 0x3e, 0x53, 0xf,
    0x0, 0xfd, 0x60, 0xa6, 0x1, 0xf3, 0x88, 0x58,
    0x7, 0x27, 0xfa, 0x2, 0x4, 0x3, 0xfd, 0xe0,
    0x1e, 0x4f, 0xf4, 0x3, 0x90, 0x7, 0xe7, 0x20,
    0xe0, 0xf, 0xee, 0x3, 0x60, 0xf, 0xc6, 0xc1,
    0x22, 0x1, 0xfa, 0x4, 0x2c, 0x3, 0xf0, 0xd8,
    0x2a, 0x0,

    /* U+004C "L" */
    0x9f, 0xb0, 0xf, 0xff, 0xf8, 0x7, 0xff, 0x81,
    0x3f, 0xfd, 0x80, 0x1f, 0xe0,

    /* U+004D "M" */
    0x9f, 0xd0, 0xf, 0xdf, 0xe7, 0x0, 0x12, 0x0,
    0x79, 0xc0, 0x3d, 0xe0, 0x1e, 0x90, 0xf, 0x21,
    0x0, 0x65, 0x10, 0xf, 0xac, 0x3, 0x48, 0x7,
    0x94, 0x58, 0x40, 0x6, 0x78, 0x3, 0xa4, 0x24,
    0x1, 0x21, 0x20, 0x1e, 0x60, 0x60, 0x15, 0x25,
    0x0, 0xf0, 0xb0, 0xb4, 0x85, 0x80, 0x7e, 0x80,
    0xb7, 0x16, 0x0, 0xfc, 0x2a, 0x41, 0x20, 0x1f,
    0xe8, 0x0, 0x30, 0x7, 0xf8, 0xb3, 0x44, 0x3,
    0xfe, 0x32, 0x0, 0xf0,

    /* U+004E "N" */
    0x9f, 0xd0, 0xf, 0x6f, 0xb0, 0x0, 0x9c, 0x3,
    0xfe, 0x82, 0x0, 0xff, 0xb8, 0x3, 0xf9, 0x48,
    0xd8, 0x3, 0xfa, 0x42, 0x48, 0x3, 0xf2, 0x30,
    0x48, 0x7, 0xf4, 0xa, 0x30, 0x7, 0xe1, 0xb0,
    0x81, 0x0, 0xfc, 0xaa, 0x1b, 0x0, 0xfe, 0xb1,
    0x52, 0x0, 0xfc, 0x36, 0x1, 0xff, 0x2a, 0x0,
    0x7f, 0xd4, 0x1, 0x0,

    /* U+004F "O" */
    0x2, 0xef, 0xff, 0x60, 0x81, 0x60, 0x80, 0x78,
    0xf4, 0x78, 0x45, 0x9f, 0xfa, 0x80, 0xe0, 0x0,
    0xc6, 0x1, 0x95, 0x0, 0xc0, 0x3f, 0xff, 0xe0,
    0x1f, 0xf3, 0x98, 0x6, 0x54, 0x3, 0xe1, 0xc,
    0xff, 0xd4, 0x7, 0x5, 0x82, 0x1, 0xe3, 0xd1,

    /* U+0050 "P" */
    0x9f, 0xff, 0xcc, 0x1, 0xfe, 0x96, 0x0, 0x27,
    0xff, 0x30, 0x48, 0x7, 0xec, 0x0, 0xff, 0xea,
    0x78, 0x6, 0x4f, 0xfe, 0x50, 0xa0, 0xf, 0xea,
    0x50, 0x2, 0x7f, 0xf9, 0x40, 0x3f, 0xfc, 0x20,

    /* U+0051 "Q" */
    0x2, 0xef, 0xff, 0x60, 0x80, 0xb, 0x4, 0x3,
    0xc7, 0xa2, 0x1c, 0x22, 0xcf, 0xfd, 0x40, 0x70,
    0x1, 0x31, 0x80, 0x65, 0x40, 0x30, 0xf, 0xff,
    0xf8, 0x7, 0xff, 0x1d, 0xcc, 0x3, 0x2a, 0x1,
    0x87, 0x8, 0x67, 0xfe, 0xa0, 0x38, 0x2, 0xc1,
    0x0, 0xf9, 0x4, 0x0, 0x5d, 0xff, 0xd0, 0xe,
    0xc0, 0x1f, 0xcf, 0x1, 0xa0, 0x1f, 0xe7, 0xab,
    0x0,

    /* U+0052 "R" */
    0x9f, 0xff, 0xcc, 0x1, 0xff, 0x4b, 0x0, 0x49,
    0xff, 0xcc, 0x12, 0x1, 0xfd, 0x80, 0x1f, 0xfc,
    0xbd, 0x0, 0xe4, 0xff, 0xe7, 0xa, 0x0, 0xff,
    0x22, 0x80, 0x49, 0xff, 0xac, 0x12, 0x0, 0x3f,
    0x24, 0x3, 0x80, 0x7f, 0x18, 0x7, 0xff, 0x6c,

    /* U+0053 "S" */
    0x5, 0xff, 0xf6, 0x8, 0x2d, 0x0, 0x78, 0xf4,
    0x60, 0x13, 0xff, 0x60, 0x1b, 0x80, 0x34, 0x3,
    0x19, 0x84, 0x3, 0xfb, 0x39, 0x80, 0x1a, 0x1,
    0xfa, 0x1, 0x3f, 0xfb, 0x88, 0x16, 0x80, 0x3c,
    0x38, 0x40, 0xbf, 0xfd, 0xc2, 0x2b, 0x0, 0xf8,
    0x54, 0x1, 0x78, 0x80, 0x1f, 0x94, 0xf8, 0x3,
    0x12, 0x80, 0x2c, 0x17, 0xff, 0x68, 0x94, 0x2d,
    0x0, 0x78, 0xb0, 0x40,

    /* U+0054 "T" */
    0x9f, 0xff, 0xf1, 0x0, 0x7f, 0xc7, 0x3f, 0xf4,
    0x80, 0xff, 0xe1, 0x0, 0xff, 0xff, 0x80, 0x7f,
    0xfb, 0x40,

    /* U+0055 "U" */
    0x9f, 0xb0, 0xf, 0x77, 0xb8, 0x7, 0xff, 0xfc,
    0x3, 0xff, 0xc2, 0x20, 0x8c, 0x1, 0xa0, 0x40,
    0xa1, 0x2, 0x7f, 0xf3, 0x83, 0x28, 0x5a, 0x0,
    0x79, 0xa4, 0x0,

    /* U+0056 "V" */
    0x8f, 0xd0, 0xf, 0xbf, 0xcb, 0x40, 0x46, 0x1,
    0xca, 0x0, 0x52, 0x20, 0x58, 0x7, 0x78, 0x28,
    0x2, 0x81, 0x40, 0x39, 0x43, 0x80, 0xc, 0x4,
    0x40, 0x9, 0x40, 0x50, 0x0, 0x26, 0x14, 0x1,
    0x78, 0x38, 0x6, 0xa0, 0x50, 0x9, 0x42, 0x80,
    0x33, 0x81, 0x10, 0x14, 0x4, 0xc0, 0x30, 0xa0,
    0x50, 0x78, 0x30, 0x7, 0xb8, 0x14, 0x14, 0x28,
    0x3, 0xca, 0x4, 0xe0, 0x44, 0x0, 0xf9, 0x82,
    0x2, 0x80, 0x3f, 0x68, 0x4, 0xc0, 0x1f, 0x90,
    0x40, 0xc4, 0x3, 0x0,

    /* U+0057 "W" */
    0x4f, 0xf0, 0x6, 0x4f, 0xd0, 0xd, 0x1f, 0x8a,
    0x0, 0x30, 0xb, 0x40, 0x88, 0x1, 0x18, 0x28,
    0x88, 0x14, 0x2, 0x40, 0x2, 0x0, 0x4a, 0x18,
    0x8, 0x1c, 0x0, 0x22, 0x8, 0x60, 0x0, 0x44,
    0xe, 0x1a, 0x6, 0x0, 0x40, 0x91, 0x40, 0x1,
    0x0, 0x8, 0xc, 0x14, 0x1, 0xa0, 0xa8, 0x26,
    0xa, 0x8, 0x0, 0x50, 0x11, 0x2, 0x9, 0x78,
    0x20, 0x78, 0x18, 0x0, 0x48, 0x15, 0x1, 0xc1,
    0x2, 0xc1, 0x43, 0x40, 0x27, 0x3, 0xc0, 0xc0,
    0x13, 0x30, 0x18, 0x38, 0x5, 0xa1, 0xaa, 0xa,
    0x0, 0x40, 0x70, 0x12, 0x0, 0x90, 0x10, 0x90,
    0x2, 0xb0, 0x90, 0x50, 0xc, 0x60, 0x21, 0x80,
    0x11, 0x88, 0x80, 0xc0, 0x38, 0x80, 0xa, 0x1,
    0x90, 0x1, 0x80, 0x1c, 0x80, 0x44, 0x0, 0xd8,
    0x0, 0x50, 0x0,

    /* U+0058 "X" */
    0x4f, 0xf2, 0x80, 0x75, 0x7f, 0xa, 0x30, 0x58,
    0x80, 0x48, 0xa1, 0x42, 0x12, 0x43, 0x40, 0x1,
    0xa0, 0x54, 0x0, 0xb8, 0x11, 0x82, 0xc4, 0x56,
    0x1, 0x8d, 0xc2, 0x5d, 0x42, 0x84, 0x3, 0xa0,
    0xc2, 0x1, 0x90, 0x3, 0xee, 0x0, 0xc, 0x80,
    0x7e, 0x40, 0x0, 0x90, 0x7, 0xc5, 0x20, 0x17,
    0x0, 0x7d, 0xc0, 0x7a, 0x6, 0xe0, 0x1c, 0xe6,
    0x1c, 0x50, 0x10, 0x40, 0x11, 0x40, 0x41, 0x3,
    0x98, 0x70, 0x5, 0xc0, 0x6e, 0x1, 0x70, 0x1b,
    0x83, 0x98, 0x70, 0x6, 0x29, 0x8, 0x30,

    /* U+0059 "Y" */
    0x9f, 0xe0, 0xf, 0x47, 0xf0, 0xc0, 0x8a, 0x0,
    0x31, 0x38, 0x40, 0x8a, 0x1, 0xc8, 0x2, 0x90,
    0x36, 0x0, 0x31, 0x84, 0x0, 0x11, 0x1, 0xe0,
    0x1b, 0xc1, 0x50, 0x24, 0x18, 0xc0, 0x31, 0xb0,
    0x4b, 0x90, 0xc0, 0x7, 0xa0, 0x4a, 0x2, 0x4,
    0x3, 0xc3, 0x0, 0x3, 0x60, 0xf, 0xcc, 0x0,
    0xa0, 0xf, 0xfe, 0x1, 0x80, 0x7f, 0xfb, 0x40,

    /* U+005A "Z" */
    0xf, 0xff, 0xee, 0x0, 0xff, 0x18, 0x7f, 0xfb,
    0x0, 0x14, 0x1, 0xe1, 0xd0, 0x47, 0x0, 0xf5,
    0x88, 0xa8, 0x3, 0xcc, 0xa1, 0x42, 0x1, 0xc5,
    0x20, 0xe8, 0x1, 0xef, 0x3, 0x80, 0xf, 0x49,
    0x7, 0x0, 0x79, 0x58, 0x28, 0x80, 0x38, 0xac,
    0x19, 0x40, 0x3d, 0xc2, 0x52, 0x1, 0xe3, 0x30,
    0x17, 0xff, 0xb4, 0x3, 0xfc, 0x60,

    /* U+005B "[" */
    0x8f, 0xfc, 0x82, 0x1, 0xf2, 0xff, 0x90, 0x3,
    0xff, 0xfe, 0x1, 0xff, 0x2f, 0xf9, 0x0, 0x3c,

    /* U+005C "\\" */
    0xbf, 0xa0, 0xf, 0xd2, 0xa, 0x60, 0x1f, 0x13,
    0x7, 0x80, 0x7e, 0x81, 0x35, 0x0, 0xf8, 0x60,
    0x2c, 0x3, 0xf3, 0x10, 0xb8, 0x7, 0xe9, 0x8,
    0x10, 0xf, 0x91, 0x1, 0x60, 0x1f, 0xa4, 0x14,
    0xc0, 0x3e, 0x26, 0xf, 0x0, 0xfd, 0x2, 0x6a,
    0x1, 0xf0, 0xc0, 0x58, 0x7, 0xe6, 0x21, 0x70,
    0xf, 0xd2, 0x10, 0x20,

    /* U+005D "]" */
    0x9f, 0xfc, 0x66, 0x0, 0xea, 0xff, 0x0, 0x7f,
    0xff, 0xc0, 0x3f, 0xf8, 0x13, 0xfe, 0x0, 0x8c,
    0x3, 0x80,

    /* U+005E "^" */
    0x0, 0xed, 0xfd, 0x0, 0xfe, 0x62, 0x2, 0x50,
    0xf, 0xd6, 0x6, 0x10, 0x1, 0xf3, 0x10, 0xe0,
    0x92, 0x80, 0x7a, 0xc2, 0x2, 0x42, 0x0, 0x39,
    0x48, 0x58, 0x1c, 0x49, 0x40, 0x34, 0x4, 0x80,
    0x52, 0x10, 0x1, 0x29, 0xb, 0x80, 0x4e, 0x24,
    0xa0, 0x8, 0x9, 0x0, 0xe9, 0x8, 0x0,

    /* U+005F "_" */
    0xee, 0xfe, 0x31, 0x1f, 0xe0,

    /* U+0060 "`" */
    0x25, 0x40, 0xa, 0xac, 0xc0, 0x9c, 0x24, 0x1,
    0x2, 0xa4,

    /* U+0061 "a" */
    0x6, 0xff, 0xe9, 0x0, 0x2c, 0x81, 0x14, 0xd,
    0x21, 0x61, 0x1b, 0xb6, 0x3, 0x16, 0x61, 0xc0,
    0x22, 0x0, 0x8a, 0x3f, 0xf7, 0x0, 0x56, 0x82,
    0x89, 0x80, 0x24, 0xa, 0xbb, 0xa4, 0x3, 0xf1,
    0x60, 0x4, 0x81, 0x59, 0x90, 0x6, 0xb4, 0x13,
    0x3b, 0x4, 0x0,

    /* U+0062 "b" */
    0xbf, 0x90, 0xf, 0xfe, 0xe2, 0xff, 0xe4, 0x0,
    0x92, 0x80, 0x35, 0xa0, 0x0, 0x89, 0xdf, 0xe3,
    0x8, 0x0, 0x16, 0x8, 0x1, 0x0, 0x32, 0x8,
    0x7, 0xff, 0x41, 0x4, 0x2, 0x40, 0x4, 0x9,
    0x77, 0xfc, 0x61, 0x7, 0xa0, 0x1e, 0xb4,

    /* U+0063 "c" */
    0x6, 0xff, 0xec, 0x0, 0x34, 0x80, 0x71, 0xe0,
    0x40, 0x37, 0xfd, 0x80, 0x68, 0x0, 0xc0, 0x8,
    0xd5, 0x4e, 0x1, 0xf5, 0x50, 0xc0, 0x3f, 0xf8,
    0xb5, 0x43, 0x0, 0x78, 0x4, 0x6a, 0xa7, 0x80,
    0x5f, 0xfb, 0x0, 0xd1, 0xa4, 0x3, 0x8f, 0x0,

    /* U+0064 "d" */
    0x0, 0xfa, 0xbe, 0x40, 0x3f, 0xfa, 0x6d, 0xff,
    0xa4, 0x2, 0x69, 0x0, 0xcc, 0xa0, 0x8, 0x5,
    0xff, 0x9c, 0x3, 0xbc, 0x2, 0x84, 0x0, 0xfe,
    0x10, 0xf, 0xfe, 0x30, 0xb8, 0x6, 0xf0, 0x0,
    0xe1, 0x0, 0x20, 0x17, 0xfd, 0xc4, 0x60, 0x6,
    0x90, 0xd, 0x48, 0x0,

    /* U+0065 "e" */
    0x6, 0xff, 0xee, 0x20, 0x69, 0x1, 0x1e, 0xc2,
    0x80, 0x6e, 0xeb, 0xc8, 0x68, 0x1, 0x80, 0x10,
    0xb0, 0x6, 0xaf, 0xfc, 0x80, 0x18, 0xd5, 0x7d,
    0xa0, 0x9, 0xaa, 0xd3, 0xce, 0x0, 0xc0, 0x8,
    0x7a, 0xea, 0x1, 0xbb, 0xaf, 0x21, 0xa6, 0x90,
    0x11, 0xec, 0x20,

    /* U+0066 "f" */
    0x0, 0x9b, 0xfe, 0x80, 0x2, 0xc8, 0x8, 0xbc,
    0x1, 0x20, 0xdd, 0xc7, 0x0, 0xde, 0x1, 0x4f,
    0x98, 0x4f, 0xfa, 0x4, 0x40, 0x10, 0x88, 0x23,
    0x8c, 0x23, 0xb9, 0x0, 0x1f, 0xfe, 0xc0,

    /* U+0067 "g" */
    0x6, 0xff, 0xcf, 0x1f, 0x2d, 0x20, 0x1a, 0x18,
    0x1, 0x0, 0xbf, 0xf2, 0x88, 0x6, 0xf0, 0xa,
    0x8c, 0x3, 0xf9, 0x80, 0x3f, 0xf8, 0xc2, 0xe0,
    0x1b, 0xc0, 0x3, 0xa4, 0x0, 0x80, 0x5f, 0xf7,
    0x18, 0x80, 0x1a, 0x40, 0x35, 0x20, 0x4, 0xff,
    0xf9, 0x40, 0x27, 0xed, 0x0, 0xce, 0x0, 0x40,
    0x2e, 0xeb, 0xc8, 0x6c, 0xec, 0x4, 0x60, 0x1c,
    0x20,

    /* U+0068 "h" */
    0xbf, 0x90, 0xf, 0xfe, 0xe2, 0x7f, 0xda, 0x20,
    0x12, 0xd8, 0x4, 0x58, 0x20, 0x3, 0x1d, 0xfe,
    0x12, 0x90, 0x0, 0xe1, 0x0, 0xa8, 0x6, 0x72,
    0x0, 0xff, 0xf6, 0x0,

    /* U+0069 "i" */
    0x7f, 0xb0, 0xb0, 0x40, 0x83, 0x80, 0x4c, 0x70,
    0x8f, 0xc0, 0xf, 0xfe, 0xc8,

    /* U+006A "j" */
    0x0, 0x8f, 0xf8, 0x80, 0x24, 0x1, 0x70, 0x9,
    0x91, 0x54, 0x1, 0xd, 0xd0, 0x6, 0x3f, 0xf0,
    0x80, 0x7f, 0xff, 0x50, 0x0, 0x27, 0xfe, 0x80,
    0x70, 0xe, 0x78, 0x0,

    /* U+006B "k" */
    0xbf, 0x90, 0xf, 0xfe, 0xf9, 0xff, 0x94, 0x3,
    0xdc, 0xa, 0xa0, 0xe, 0x82, 0x1b, 0x0, 0xe3,
    0x70, 0xa1, 0x0, 0x9b, 0xf0, 0x15, 0x0, 0x3f,
    0xf8, 0x4d, 0xfa, 0xa, 0xc0, 0x1e, 0x29, 0x9,
    0x20, 0xf, 0x32, 0x7, 0x0, 0x7d, 0x42, 0x70,

    /* U+006C "l" */
    0x9f, 0xa0, 0xf, 0xfe, 0xd8,

    /* U+006D "m" */
    0xbf, 0x66, 0x7f, 0xb8, 0x89, 0xdf, 0xf2, 0x80,
    0x5b, 0x20, 0x1, 0xcc, 0x8, 0x5, 0x4a, 0x0,
    0x42, 0xef, 0x51, 0x14, 0xff, 0x94, 0x20, 0x0,
    0x58, 0x21, 0x80, 0x6c, 0x0, 0xc0, 0xc, 0x82,
    0x1, 0xff, 0xff, 0x0, 0xff, 0x80,

    /* U+006E "n" */
    0xbf, 0x64, 0xff, 0xb0, 0x40, 0x2d, 0xb0, 0x8,
    0xf4, 0x40, 0x8, 0x3b, 0xfa, 0x26, 0xc0, 0x1,
    0xc2, 0x2, 0x20, 0x6, 0x72, 0x0, 0xff, 0xf6,
    0x0,

    /* U+006F "o" */
    0x6, 0xff, 0xee, 0x20, 0x69, 0x1, 0x18, 0x7,
    0xa, 0x1, 0xbb, 0xb1, 0xd, 0x80, 0x30, 0x2,
    0x17, 0x0, 0xff, 0xeb, 0x60, 0x4, 0x2e, 0x0,
    0x80, 0x6e, 0xec, 0x43, 0x6d, 0x20, 0x23, 0x0,
    0xe1, 0x0,

    /* U+0070 "p" */
    0xbf, 0x68, 0xff, 0xca, 0x1, 0x5b, 0x80, 0x6a,
    0x50, 0x1, 0x27, 0xfc, 0x81, 0x20, 0x3, 0xb0,
    0xb, 0x0, 0x32, 0x80, 0x7f, 0xf1, 0xcc, 0x3,
    0xf9, 0x64, 0x2, 0xc0, 0xe, 0x6f, 0xf9, 0x2,
    0x0, 0xc, 0xc0, 0xd, 0x48, 0x1, 0x4f, 0xfe,
    0x50, 0xf, 0xfe, 0x98,

    /* U+0071 "q" */
    0x6, 0xff, 0xee, 0x20, 0x69, 0x0, 0xe1, 0xc2,
    0x80, 0x6f, 0xfb, 0x88, 0x68, 0x1, 0x80, 0x10,
    0xb0, 0x8, 0x7, 0xff, 0x38, 0xd0, 0x3, 0x60,
    0x0, 0xf0, 0x2, 0x80, 0x6f, 0xf6, 0x1, 0x0,
    0x1a, 0x40, 0x36, 0x30, 0x4, 0xdf, 0xf8, 0xc0,
    0x3f, 0xfa, 0xa0,

    /* U+0072 "r" */
    0xbf, 0x66, 0x7f, 0xb4, 0x1, 0x52, 0x0, 0x10,
    0x1, 0x8e, 0xfe, 0x0, 0x7, 0x8, 0x3, 0x39,
    0x0, 0x7f, 0xf6, 0x80,

    /* U+0073 "s" */
    0x0, 0x67, 0xff, 0x20, 0x3, 0xc, 0x8, 0x82,
    0x16, 0x64, 0x61, 0x9b, 0xae, 0x30, 0xa0, 0x9,
    0xc0, 0x2c, 0xe9, 0x25, 0xb, 0xff, 0xcc, 0x0,
    0xa5, 0x22, 0xc1, 0xc, 0x3, 0x7b, 0xb9, 0xc2,
    0x8f, 0xb8, 0x20, 0x1e, 0x33, 0x7, 0x76, 0x70,
    0xa0, 0xc3, 0x1, 0x18, 0x21, 0x80,

    /* U+0074 "t" */
    0x0, 0x34, 0x18, 0x7, 0x53, 0xa0, 0x7, 0xff,
    0x1e, 0x7c, 0xc2, 0x3f, 0xd0, 0x22, 0x0, 0x84,
    0x5f, 0x1c, 0x61, 0x1d, 0xc7, 0x0, 0xff, 0xec,
    0x68, 0x7, 0x48, 0x2f, 0x71, 0xc0, 0xb, 0x40,
    0x22, 0xf0,

    /* U+0075 "u" */
    0xcf, 0x70, 0xd, 0xde, 0xa0, 0x1f, 0xfe, 0xc7,
    0x10, 0xd, 0x80, 0x7, 0x80, 0xa, 0x1, 0x3f,
    0xd0, 0x46, 0x0, 0x4b, 0x0, 0x8b, 0x1c, 0x0,

    /* U+0076 "v" */
    0xbf, 0x90, 0xd, 0x3f, 0x7c, 0xe, 0x1, 0x9c,
    0x39, 0x44, 0x48, 0x0, 0x41, 0x5, 0x7, 0xd,
    0x0, 0x68, 0x30, 0x2, 0x81, 0xc0, 0xe, 0x14,
    0x0, 0x32, 0x14, 0x40, 0x91, 0x80, 0x54, 0x1b,
    0xa0, 0xa0, 0xc, 0xc0, 0xcc, 0x6, 0x0, 0xc2,
    0x80, 0x4, 0x10, 0xe, 0xe0, 0x7, 0x0, 0x40,

    /* U+0077 "w" */
    0x6f, 0xe0, 0xb, 0xbd, 0x80, 0xf, 0xf8, 0x80,
    0x22, 0x3, 0x10, 0xc0, 0x6, 0x82, 0x10, 0x82,
    0x85, 0x80, 0x10, 0x0, 0x81, 0x80, 0x80, 0x60,
    0x82, 0xc2, 0x62, 0x20, 0x40, 0xc0, 0xd1, 0x34,
    0xd0, 0x45, 0x3, 0x0, 0x28, 0x3b, 0x83, 0xd0,
    0x33, 0x0, 0x80, 0x3, 0x2, 0xd0, 0x40, 0x34,
    0x30, 0xc0, 0x9, 0x1, 0xc, 0x42, 0xc1, 0x1,
    0x0, 0x2c, 0x0, 0x58, 0x1, 0x0, 0x6, 0x1,
    0x90, 0x0, 0x80, 0x3, 0x10, 0x40, 0x0,

    /* U+0078 "x" */
    0x5f, 0xf1, 0x80, 0x5b, 0xf4, 0xa, 0xc1, 0xc0,
    0xa, 0x22, 0x50, 0x2, 0x48, 0x94, 0xaa, 0xe,
    0x0, 0xde, 0xb, 0x41, 0x6, 0x1, 0x8a, 0x40,
    0x8, 0xe0, 0x1e, 0xe0, 0x3, 0x80, 0x79, 0x1c,
    0x4, 0xe0, 0x3, 0xd, 0x3, 0xd0, 0x3a, 0x0,
    0x54, 0x27, 0x8, 0xe1, 0x42, 0xc, 0x81, 0xc0,
    0x8, 0x31, 0xa0,

    /* U+0079 "y" */
    0xcf, 0x70, 0xd, 0xbe, 0xc0, 0x1f, 0xfe, 0xc7,
    0x20, 0xd, 0x80, 0x6, 0x80, 0xa, 0x1, 0x3f,
    0xd2, 0x42, 0x0, 0x4b, 0x0, 0x8b, 0xc, 0x2,
    0x5f, 0xfb, 0x44, 0x2, 0x8e, 0xd0, 0x8, 0x88,
    0x0, 0xb0, 0x2e, 0xeb, 0x40, 0xdc, 0xec, 0x4,
    0x60, 0x3c, 0x10,

    /* U+007A "z" */
    0x3f, 0xff, 0xc6, 0x24, 0x5c, 0x1, 0x9, 0x6e,
    0xe9, 0x0, 0x31, 0x0, 0x63, 0xb0, 0x59, 0x0,
    0xc5, 0xa0, 0x94, 0x1, 0x87, 0xc4, 0xec, 0x3,
    0xb0, 0x89, 0xa0, 0x1d, 0x84, 0x38, 0x20, 0x19,
    0x8c, 0x1, 0xfd, 0xd8, 0x80, 0x21, 0x1f, 0x80,

    /* U+007B "{" */
    0x0, 0x8f, 0xbf, 0x80, 0x7, 0x82, 0x2, 0x0,
    0x80, 0x3f, 0xf0, 0x6, 0x40, 0xf, 0xfe, 0x60,
    0xa8, 0x6, 0x1c, 0x12, 0x90, 0x2, 0x90, 0x70,
    0x80, 0x14, 0x83, 0x84, 0x0, 0x38, 0x25, 0x20,
    0x10, 0xa8, 0x7, 0xff, 0x45, 0x0, 0x37, 0x81,
    0xff, 0x0, 0x12, 0xc0, 0x2,

    /* U+007C "|" */
    0x9f, 0xb0, 0xf, 0xff, 0x80,

    /* U+007D "}" */
    0x9f, 0xf4, 0x0, 0x46, 0x0, 0x78, 0x0, 0x57,
    0xb8, 0x38, 0x6, 0xb0, 0x0, 0x80, 0x7f, 0xf3,
    0xd4, 0x2, 0x36, 0xb, 0x40, 0xa, 0x44, 0x38,
    0x2, 0x91, 0xe, 0x0, 0x1b, 0x5, 0x20, 0x7,
    0x20, 0x7, 0xff, 0x31, 0x0, 0x2, 0x13, 0xf0,
    0xe, 0x0, 0x30, 0x3, 0xc0, 0x0,

    /* U+007E "~" */
    0x0, 0x4f, 0xf9, 0x80, 0x13, 0xf4, 0x12, 0xc0,
    0x9, 0xa1, 0x50, 0x0, 0xb0, 0x55, 0x8a, 0xf1,
    0x84, 0x80, 0x4e, 0x9e, 0x60, 0xc, 0x30,

    /* U+00A0 " " */

    /* U+00B0 "°" */
    0x0, 0x9, 0x8, 0x4, 0x9d, 0xbc, 0xa0, 0x36,
    0x54, 0x74, 0x20, 0xa, 0x5b, 0x3, 0x0, 0x59,
    0x60, 0x0, 0x60, 0xf5, 0x20, 0x81, 0xee, 0xad,
    0xc0,

    /* U+00B7 "·" */
    0x7, 0xb2, 0x18, 0x48, 0x13, 0xf,

    /* U+00C0 "À" */
    0x0, 0x89, 0x50, 0x3, 0xfc, 0x35, 0x64, 0x1,
    0xfc, 0x6c, 0x16, 0x1, 0xfe, 0x80, 0x61, 0x0,
    0xfe, 0x1f, 0xf0, 0x80, 0x7f, 0xbb, 0xe8, 0x3,
    0xf9, 0x4, 0x14, 0x3, 0xfb, 0x80, 0x26, 0x0,
    0xfc, 0xa0, 0xc1, 0xa0, 0x1f, 0x28, 0x1c, 0x2,
    0x8, 0x7, 0xb8, 0x2c, 0x50, 0x18, 0x3, 0x85,
    0x1, 0x43, 0x42, 0x80, 0x39, 0x80, 0xc8, 0x1c,
    0x8, 0xc0, 0x35, 0x85, 0x80, 0x5, 0x2, 0xc0,
    0x22, 0x30, 0x8f, 0xf9, 0x1, 0x80, 0x2a, 0x0,
    0xfc, 0x28, 0x0, 0x60, 0x7f, 0xfe, 0x30, 0xe0,
    0x41, 0xa, 0x0, 0xea, 0x5, 0xd, 0x3, 0x20,
    0xe, 0x60, 0x2, 0x80,

    /* U+00C1 "Á" */
    0x0, 0xf9, 0x54, 0x20, 0x1f, 0xcf, 0x50, 0x20,
    0x1f, 0xd2, 0x1c, 0x1, 0xfc, 0xc2, 0xa6, 0x1,
    0xfc, 0xdf, 0x40, 0x1f, 0xee, 0xfa, 0x0, 0xfe,
    0x41, 0x5, 0x0, 0xfe, 0xe0, 0x9, 0x80, 0x3f,
    0x28, 0x30, 0x68, 0x7, 0xca, 0x7, 0x0, 0x82,
    0x1, 0xee, 0xb, 0x14, 0x6, 0x0, 0xe1, 0x40,
    0x50, 0xd0, 0xa0, 0xe, 0x60, 0x32, 0x7, 0x2,
    0x30, 0xd, 0x61, 0x60, 0x1, 0x40, 0xb0, 0x8,
    0x8c, 0x23, 0xfe, 0x40, 0x60, 0xa, 0x80, 0x3f,
    0xa, 0x0, 0x18, 0x1f, 0xff, 0x8c, 0x38, 0x10,
    0x42, 0x80, 0x3a, 0x81, 0x43, 0x40, 0xc8, 0x3,
    0x98, 0x0, 0xa0,

    /* U+00C2 "Â" */
    0x0, 0xc3, 0xdf, 0x60, 0x1f, 0xd8, 0x2a, 0x94,
    0x1, 0xf5, 0x94, 0xd2, 0xa9, 0xc0, 0x3d, 0x7e,
    0xc1, 0x5e, 0xe0, 0x1f, 0xbb, 0xe8, 0x3, 0xf9,
    0x4, 0x14, 0x3, 0xfb, 0x80, 0x26, 0x0, 0xfc,
    0xa0, 0xc1, 0xa0, 0x1f, 0x28, 0x1c, 0x2, 0x8,
    0x7, 0xb8, 0x2c, 0x50, 0x18, 0x3, 0x85, 0x1,
    0x43, 0x42, 0x80, 0x39, 0x80, 0xc8, 0x1c, 0x8,
    0xc0, 0x35, 0x85, 0x80, 0x5, 0x2, 0xc0, 0x22,
    0x30, 0x8f, 0xf9, 0x1, 0x80, 0x2a, 0x0, 0xfc,
    0x28, 0x0, 0x60, 0x7f, 0xfe, 0x30, 0xe0, 0x41,
    0xa, 0x0, 0xea, 0x5, 0xd, 0x3, 0x20, 0xe,
    0x60, 0x2, 0x80,

    /* U+00C3 "Ã" */
    0x0, 0x8b, 0xbe, 0x47, 0xe8, 0x3, 0xde, 0x2a,
    0xdc, 0x18, 0x1, 0xeb, 0x9a, 0xb7, 0xb6, 0x0,
    0xf3, 0x30, 0x12, 0x10, 0x3, 0xfb, 0xbe, 0x80,
    0x3f, 0x90, 0x41, 0x40, 0x3f, 0xb8, 0x2, 0x60,
    0xf, 0xca, 0xc, 0x1a, 0x1, 0xf2, 0x81, 0xc0,
    0x20, 0x80, 0x7b, 0x82, 0xc5, 0x1, 0x80, 0x38,
    0x50, 0x14, 0x34, 0x28, 0x3, 0x98, 0xc, 0x81,
    0xc0, 0x8c, 0x3, 0x58, 0x58, 0x0, 0x50, 0x2c,
    0x2, 0x23, 0x8, 0xff, 0x90, 0x18, 0x2, 0xa0,
    0xf, 0xc2, 0x80, 0x6, 0x7, 0xff, 0xe3, 0xe,
    0x4, 0x10, 0xa0, 0xe, 0xa0, 0x50, 0xd0, 0x32,
    0x0, 0xe6, 0x0, 0x28,

    /* U+00C8 "È" */
    0x0, 0xa, 0xa8, 0x3, 0xf0, 0xdd, 0x28, 0x7,
    0xeb, 0x8, 0x0, 0xfc, 0xa6, 0x48, 0x1, 0xfb,
    0x3d, 0x0, 0x34, 0xff, 0xff, 0x10, 0x7, 0xff,
    0x5, 0x3f, 0xfe, 0x20, 0xf, 0xfe, 0xba, 0x7f,
    0xfa, 0x40, 0x3f, 0xc2, 0x1, 0x27, 0xff, 0xa0,
    0x3, 0xff, 0xb0, 0x9f, 0xff, 0x10, 0x7, 0xfc,

    /* U+00C9 "É" */
    0x0, 0xf2, 0xa8, 0x40, 0x3e, 0x7a, 0x81, 0x0,
    0xfa, 0x42, 0x40, 0x3e, 0x61, 0x44, 0x0, 0x7c,
    0xdf, 0x60, 0x1a, 0x7f, 0xff, 0x88, 0x3, 0xff,
    0x82, 0x9f, 0xff, 0x10, 0x7, 0xff, 0x5d, 0x3f,
    0xfd, 0x20, 0x1f, 0xe1, 0x0, 0x93, 0xff, 0xd0,
    0x1, 0xff, 0xd8, 0x4f, 0xff, 0x88, 0x3, 0xfe,

    /* U+00CA "Ê" */
    0x0, 0x87, 0xbf, 0x0, 0x3e, 0xd1, 0x53, 0xa0,
    0xe, 0xb3, 0x8a, 0x55, 0x40, 0x6, 0xbf, 0x70,
    0xaf, 0x80, 0x4, 0xff, 0xff, 0x10, 0x7, 0xff,
    0x5, 0x3f, 0xfe, 0x20, 0xf, 0xfe, 0xba, 0x7f,
    0xfa, 0x40, 0x3f, 0xc2, 0x1, 0x27, 0xff, 0xa0,
    0x3, 0xff, 0xb0, 0x9f, 0xff, 0x10, 0x7, 0xfc,

    /* U+00CC "Ì" */
    0x15, 0x50, 0x0, 0x62, 0x98, 0x1, 0x1, 0x60,
    0x5, 0x42, 0x50, 0x5, 0xfa, 0x80, 0x23, 0xf4,
    0x3, 0xff, 0xea,

    /* U+00CD "Í" */
    0x0, 0x22, 0x90, 0x1d, 0xd0, 0x2, 0x41, 0xc8,
    0x8a, 0x30, 0x5, 0xfc, 0x0, 0x8f, 0xd0, 0xf,
    0xff, 0xb8,

    /* U+00D2 "Ò" */
    0x0, 0x91, 0x44, 0x3, 0xfb, 0xaa, 0xc0, 0x3f,
    0xac, 0x14, 0x80, 0x3f, 0xc, 0x5, 0x80, 0x7f,
    0x3f, 0xc8, 0x7, 0x8b, 0xbf, 0xfd, 0x82, 0x5,
    0x82, 0x1, 0xe3, 0xd1, 0xe1, 0x16, 0x7f, 0xea,
    0x3, 0x80, 0x3, 0x18, 0x6, 0x54, 0x3, 0x0,
    0xff, 0xff, 0x80, 0x7f, 0xce, 0x60, 0x19, 0x50,
    0xf, 0x84, 0x33, 0xff, 0x50, 0x1c, 0x16, 0x8,
    0x7, 0x8f, 0x44,

    /* U+00D3 "Ó" */
    0x0, 0xf1, 0xa9, 0x80, 0x7f, 0x6d, 0x30, 0x7,
    0xe6, 0x13, 0x50, 0xf, 0xd6, 0x1e, 0x1, 0xfd,
    0xbe, 0x60, 0x1c, 0x5d, 0xff, 0xec, 0x10, 0x2c,
    0x10, 0xf, 0x1e, 0x8f, 0x8, 0xb3, 0xff, 0x50,
    0x1c, 0x0, 0x18, 0xc0, 0x32, 0xa0, 0x18, 0x7,
    0xff, 0xfc, 0x3, 0xfe, 0x73, 0x0, 0xca, 0x80,
    0x7c, 0x21, 0x9f, 0xfa, 0x80, 0xe0, 0xb0, 0x40,
    0x3c, 0x7a, 0x20,

    /* U+00D4 "Ô" */
    0x0, 0xcf, 0xfe, 0x40, 0xf, 0x96, 0xc, 0x6c,
    0xc0, 0x38, 0xe8, 0x77, 0x3, 0x44, 0x3, 0x1f,
    0xf0, 0x97, 0xf0, 0x80, 0x45, 0xdf, 0xfe, 0xc1,
    0x2, 0xc1, 0x0, 0xf1, 0xe8, 0xf0, 0x8b, 0x3f,
    0xf5, 0x1, 0xc0, 0x1, 0x8c, 0x3, 0x2a, 0x1,
    0x80, 0x7f, 0xff, 0xc0, 0x3f, 0xe7, 0x30, 0xc,
    0xa8, 0x7, 0xc2, 0x19, 0xff, 0xa8, 0xe, 0xb,
    0x4, 0x3, 0xc7, 0xa2,

    /* U+00D5 "Õ" */
    0x0, 0xa3, 0xf8, 0xe3, 0xc8, 0x3, 0x23, 0x99,
    0xb1, 0xc8, 0xc0, 0x33, 0x3f, 0x6c, 0x43, 0x4,
    0x3, 0x14, 0x10, 0x3b, 0x84, 0x3, 0x17, 0x7f,
    0xfb, 0x4, 0xb, 0x4, 0x3, 0xc7, 0xa3, 0xc2,
    0x2c, 0xff, 0xd4, 0x7, 0x0, 0x6, 0x30, 0xc,
    0xa8, 0x6, 0x1, 0xff, 0xff, 0x0, 0xff, 0x9c,
    0xc0, 0x32, 0xa0, 0x1f, 0x8, 0x67, 0xfe, 0xa0,
    0x38, 0x2c, 0x10, 0xf, 0x1e, 0x88,

    /* U+00D9 "Ù" */
    0x0, 0x91, 0x48, 0x3, 0xf8, 0xeb, 0xc0, 0x3f,
    0x9c, 0x88, 0xa0, 0x1f, 0xd2, 0x12, 0x1, 0xfc,
    0x9f, 0x80, 0x1d, 0x3f, 0x60, 0x1e, 0xef, 0x70,
    0xf, 0xff, 0xf8, 0x7, 0xff, 0x84, 0x41, 0x18,
    0x3, 0x40, 0x81, 0x42, 0x4, 0xff, 0xe7, 0x6,
    0x50, 0xb4, 0x0, 0xf3, 0x48, 0x0,

    /* U+00DA "Ú" */
    0x0, 0xf1, 0xa9, 0x80, 0x7f, 0x6d, 0x30, 0x7,
    0xe6, 0x13, 0x50, 0xf, 0xd6, 0x1e, 0x1, 0xfd,
    0xbe, 0x60, 0x1a, 0x7e, 0xc0, 0x3d, 0xde, 0xe0,
    0x1f, 0xff, 0xf0, 0xf, 0xff, 0x8, 0x82, 0x30,
    0x6, 0x81, 0x2, 0x84, 0x9, 0xff, 0xce, 0xc,
    0xa1, 0x68, 0x1, 0xe6, 0x90,

    /* U+00DD "Ý" */
    0x0, 0xf0, 0xaa, 0x0, 0x7f, 0xae, 0xb8, 0x3,
    0xf8, 0x94, 0x2c, 0x3, 0xfa, 0xc2, 0x4, 0x3,
    0xfa, 0x7d, 0xc0, 0x3a, 0x7f, 0x80, 0x3d, 0x1f,
    0xc3, 0x2, 0x28, 0x0, 0xc4, 0xe1, 0x2, 0x28,
    0x7, 0x20, 0xa, 0x40, 0xd8, 0x0, 0xc6, 0x10,
    0x0, 0x44, 0x7, 0x80, 0x6f, 0x5, 0x40, 0x90,
    0x63, 0x0, 0xc6, 0xc1, 0x2e, 0x43, 0x0, 0x1e,
    0x81, 0x28, 0x8, 0x10, 0xf, 0xc, 0x0, 0xd,
    0x80, 0x3f, 0x30, 0x2, 0x80, 0x3f, 0xf8, 0x6,
    0x1, 0xff, 0xed,

    /* U+00E0 "à" */
    0x0, 0x67, 0xc8, 0x7, 0xde, 0xc, 0x20, 0x1e,
    0x36, 0x9, 0x0, 0xfa, 0x2b, 0x0, 0x39, 0xbf,
    0xaa, 0xfe, 0x40, 0xb, 0x20, 0x45, 0x3, 0x48,
    0x58, 0x46, 0xed, 0x80, 0xc5, 0x98, 0x70, 0x8,
    0x80, 0x22, 0x8f, 0xfd, 0xc0, 0x15, 0xa0, 0xa2,
    0x60, 0x9, 0x2, 0xae, 0xe9, 0x0, 0xfc, 0x58,
    0x1, 0x20, 0x56, 0x64, 0x1, 0xad, 0x4, 0xce,
    0xc1, 0x0, 0x0,

    /* U+00E1 "á" */
    0x0, 0xc3, 0xfe, 0x50, 0xf, 0x30, 0x1a, 0x80,
    0x7a, 0x43, 0x80, 0x3c, 0x37, 0x84, 0x1, 0x9b,
    0xfa, 0xb3, 0xe4, 0x0, 0xb2, 0x4, 0x50, 0x34,
    0x85, 0x84, 0x6e, 0xd8, 0xc, 0x59, 0x87, 0x0,
    0x88, 0x2, 0x28, 0xff, 0xdc, 0x1, 0x5a, 0xa,
    0x26, 0x0, 0x90, 0x2a, 0xee, 0x90, 0xf, 0xc5,
    0x80, 0x12, 0x5, 0x66, 0x40, 0x1a, 0xd0, 0x4c,
    0xec, 0x10, 0x0,

    /* U+00E2 "â" */
    0x0, 0xaf, 0xf8, 0x80, 0x3a, 0x11, 0x3, 0xe2,
    0x1, 0x33, 0xa5, 0xd1, 0x68, 0x4, 0xdf, 0x60,
    0xbf, 0x80, 0x13, 0x7f, 0xf4, 0x80, 0x16, 0x40,
    0x8a, 0x6, 0x90, 0xb0, 0x8d, 0xdb, 0x1, 0x8b,
    0x30, 0xe0, 0x11, 0x0, 0x45, 0x1f, 0xfb, 0x80,
    0x2b, 0x41, 0x44, 0xc0, 0x12, 0x5, 0x5d, 0xd2,
    0x1, 0xf8, 0xb0, 0x2, 0x40, 0xac, 0xc8, 0x3,
    0x5a, 0x9, 0x9d, 0x82, 0x0,

    /* U+00E3 "ã" */
    0x1, 0xcf, 0xd3, 0xcf, 0x0, 0xa4, 0xd0, 0xf0,
    0xd8, 0x2, 0xaa, 0x5f, 0x55, 0xc8, 0x4, 0x4a,
    0x0, 0x54, 0x0, 0xcd, 0xff, 0xd2, 0x0, 0x59,
    0x2, 0x28, 0x1a, 0x42, 0xc2, 0x37, 0x6c, 0x6,
    0x2c, 0xc3, 0x80, 0x44, 0x1, 0x14, 0x7f, 0xee,
    0x0, 0xad, 0x5, 0x13, 0x0, 0x48, 0x15, 0x77,
    0x48, 0x7, 0xe2, 0xc0, 0x9, 0x2, 0xb3, 0x20,
    0xd, 0x68, 0x26, 0x76, 0x8, 0x0,

    /* U+00E8 "è" */
    0x0, 0x77, 0xb0, 0x7, 0xd6, 0x16, 0x1, 0xf2,
    0x99, 0x28, 0x7, 0xdb, 0x4c, 0x1, 0xcd, 0xfd,
    0x59, 0xfc, 0x40, 0xd2, 0x2, 0x3d, 0x85, 0x0,
    0xdd, 0xd7, 0x90, 0xd0, 0x3, 0x0, 0x21, 0x60,
    0xd, 0x5f, 0xf9, 0x0, 0x31, 0xaa, 0xfb, 0x40,
    0x13, 0x55, 0xa7, 0x9c, 0x1, 0x80, 0x10, 0xf5,
    0xd4, 0x3, 0x77, 0x5e, 0x43, 0x4d, 0x20, 0x23,
    0xd8, 0x40,

    /* U+00E9 "é" */
    0x0, 0xee, 0xf7, 0x0, 0xf3, 0x9, 0x38, 0x7,
    0xac, 0x24, 0x3, 0xe8, 0xb4, 0x0, 0xcd, 0xfe,
    0xab, 0xfe, 0x20, 0x69, 0x1, 0x1e, 0xc2, 0x80,
    0x6e, 0xeb, 0xc8, 0x68, 0x1, 0x80, 0x10, 0xb0,
    0x6, 0xaf, 0xfc, 0x80, 0x18, 0xd5, 0x7d, 0xa0,
    0x9, 0xaa, 0xd3, 0xce, 0x0, 0xc0, 0x8, 0x7a,
    0xea, 0x1, 0xbb, 0xaf, 0x21, 0xa6, 0x90, 0x11,
    0xec, 0x20,

    /* U+00EA "ê" */
    0x0, 0xa7, 0xfc, 0x60, 0x1c, 0xcc, 0x41, 0xd2,
    0x0, 0x92, 0x4a, 0xe8, 0x7c, 0x40, 0x9, 0xfa,
    0x9, 0xfa, 0x20, 0x6, 0xff, 0xee, 0x20, 0x69,
    0x1, 0x1e, 0xc2, 0x80, 0x6e, 0xeb, 0xc8, 0x68,
    0x1, 0x80, 0x10, 0xb0, 0x6, 0xaf, 0xfc, 0x80,
    0x18, 0xd5, 0x7d, 0xa0, 0x9, 0xaa, 0xd3, 0xce,
    0x0, 0xc0, 0x8, 0x7a, 0xea, 0x1, 0xbb, 0xaf,
    0x21, 0xa6, 0x90, 0x11, 0xec, 0x20,

    /* U+00EC "ì" */
    0x2f, 0xf1, 0x81, 0x38, 0x48, 0x2, 0x5, 0x48,
    0x1, 0x94, 0x1, 0x55, 0x38, 0x3, 0xff, 0xc2,

    /* U+00ED "í" */
    0x1, 0xff, 0x20, 0x40, 0x2a, 0xb, 0x4, 0x0,
    0x2b, 0x8, 0x26, 0xbc, 0x3, 0xff, 0xc6,

    /* U+00F2 "ò" */
    0x0, 0x6f, 0xb8, 0x7, 0xd0, 0x12, 0x1, 0xf2,
    0xa0, 0xb0, 0x7, 0xd5, 0x45, 0x0, 0xe6, 0xfe,
    0xac, 0xfe, 0x20, 0x69, 0x1, 0x18, 0x7, 0xa,
    0x1, 0xbb, 0xb1, 0xd, 0x80, 0x30, 0x2, 0x17,
    0x0, 0xff, 0xeb, 0x60, 0x4, 0x2e, 0x0, 0x80,
    0x6e, 0xec, 0x43, 0x6d, 0x20, 0x23, 0x0, 0xe1,
    0x0,

    /* U+00F3 "ó" */
    0x0, 0xed, 0xf7, 0x0, 0xf2, 0x90, 0xb8, 0x7,
    0xa4, 0x2c, 0x3, 0xe9, 0xb5, 0x0, 0xcd, 0xfe,
    0xab, 0xfe, 0x20, 0x69, 0x1, 0x18, 0x7, 0xa,
    0x1, 0xbb, 0xb1, 0xd, 0x80, 0x30, 0x2, 0x17,
    0x0, 0xff, 0xeb, 0x60, 0x4, 0x2e, 0x0, 0x80,
    0x6e, 0xec, 0x43, 0x6d, 0x20, 0x23, 0x0, 0xe1,
    0x0,

    /* U+00F4 "ô" */
    0x0, 0xa3, 0xfc, 0x80, 0x1c, 0xce, 0x63, 0x64,
    0x1, 0x24, 0x96, 0xe8, 0x30, 0x40, 0x9, 0xfa,
    0x27, 0xfc, 0x20, 0x6, 0xff, 0xee, 0x20, 0x69,
    0x1, 0x18, 0x7, 0xa, 0x1, 0xbb, 0xb1, 0xd,
    0x80, 0x30, 0x2, 0x17, 0x0, 0xff, 0xeb, 0x60,
    0x4, 0x2e, 0x0, 0x80, 0x6e, 0xec, 0x43, 0x6d,
    0x20, 0x23, 0x0, 0xe1, 0x0,

    /* U+00F5 "õ" */
    0x0, 0x57, 0xf2, 0xd7, 0x88, 0x1, 0x54, 0x66,
    0xa5, 0x41, 0x0, 0x25, 0x6e, 0xae, 0xac, 0x2,
    0x15, 0x10, 0x45, 0x0, 0xcd, 0xff, 0xdc, 0x40,
    0xd2, 0x2, 0x30, 0xe, 0x14, 0x3, 0x77, 0x62,
    0x1b, 0x0, 0x60, 0x4, 0x2e, 0x1, 0xff, 0xd6,
    0xc0, 0x8, 0x5c, 0x1, 0x0, 0xdd, 0xd8, 0x86,
    0xda, 0x40, 0x46, 0x1, 0xc2,

    /* U+00F9 "ù" */
    0x0, 0x77, 0xb0, 0x7, 0xd6, 0x16, 0x1, 0xf2,
    0x99, 0x28, 0x7, 0xdb, 0x4c, 0x1, 0xb3, 0xdc,
    0x54, 0xc3, 0xbd, 0x40, 0x3f, 0xfd, 0x8e, 0x20,
    0x1b, 0x0, 0xf, 0x0, 0x14, 0x2, 0x7f, 0xa0,
    0x8c, 0x0, 0x96, 0x1, 0x16, 0x38, 0x0,

    /* U+00FA "ú" */
    0x0, 0xee, 0xf6, 0x0, 0xf3, 0x9, 0x30, 0x7,
    0xac, 0x24, 0x3, 0xe8, 0xb4, 0x0, 0xb3, 0xdc,
    0x15, 0x3, 0xbd, 0x40, 0x3f, 0xfd, 0x8e, 0x20,
    0x1b, 0x0, 0xf, 0x0, 0x14, 0x2, 0x7f, 0xa0,
    0x8c, 0x0, 0x96, 0x1, 0x16, 0x38, 0x0,

    /* U+00FD "ý" */
    0x0, 0xee, 0xf7, 0x0, 0xf3, 0x9, 0x38, 0x7,
    0xac, 0x24, 0x3, 0xe8, 0xb4, 0x0, 0xb3, 0xdc,
    0x15, 0x3, 0x7d, 0x80, 0x3f, 0xfd, 0x8e, 0x40,
    0x1b, 0x0, 0xd, 0x0, 0x14, 0x2, 0x7f, 0xa4,
    0x84, 0x0, 0x96, 0x1, 0x16, 0x18, 0x4, 0xbf,
    0xf6, 0x88, 0x5, 0x1d, 0xa0, 0x11, 0x10, 0x1,
    0x60, 0x5d, 0xd6, 0x81, 0xb9, 0xd8, 0x8, 0xc0,
    0x78, 0x20,

    /* U+0102 "Ă" */
    0x0, 0xb3, 0xc8, 0x17, 0xe0, 0x3, 0xce, 0xa,
    0x5e, 0x1, 0xfa, 0x46, 0x35, 0x52, 0x0, 0x3c,
    0x5f, 0x55, 0x58, 0x7, 0xe1, 0xba, 0xf0, 0xf,
    0xe4, 0x10, 0x50, 0xf, 0xee, 0x0, 0x98, 0x3,
    0xf2, 0x83, 0x6, 0x80, 0x7c, 0xa0, 0x70, 0x8,
    0x20, 0x1e, 0xe0, 0xb1, 0x40, 0x60, 0xe, 0x14,
    0x5, 0xd, 0xa, 0x0, 0xe6, 0x3, 0x20, 0x70,
    0x23, 0x0, 0xd6, 0x16, 0x0, 0x14, 0xb, 0x0,
    0x88, 0xc2, 0x3f, 0xe4, 0x6, 0x0, 0xa8, 0x3,
    0xf0, 0xa0, 0x1, 0x81, 0xff, 0xf8, 0xc3, 0x81,
    0x4, 0x28, 0x3, 0xa8, 0x14, 0x34, 0xc, 0x80,
    0x39, 0x80, 0xa,

    /* U+0103 "ă" */
    0x7, 0xf7, 0x0, 0x7e, 0x80, 0x42, 0x18, 0x4c,
    0x1, 0xcc, 0xa9, 0xb2, 0x3e, 0x1, 0xaa, 0xb6,
    0x10, 0x4, 0xdf, 0x55, 0x6c, 0x80, 0x16, 0x40,
    0x8a, 0x6, 0x90, 0xb0, 0x8d, 0xdb, 0x1, 0x8b,
    0x30, 0xe0, 0x11, 0x0, 0x45, 0x1f, 0xfb, 0x80,
    0x2b, 0x41, 0x44, 0xc0, 0x12, 0x5, 0x5d, 0xd2,
    0x1, 0xf8, 0xb0, 0x2, 0x40, 0xac, 0xc8, 0x3,
    0x5a, 0x9, 0x9d, 0x82, 0x0,

    /* U+0110 "Đ" */
    0x0, 0x57, 0xff, 0xe8, 0x0, 0xff, 0xe0, 0xbc,
    0x0, 0x72, 0xff, 0xf3, 0x3, 0xa0, 0x7, 0xfa,
    0x40, 0x2, 0x1, 0xff, 0xd0, 0xbf, 0x50, 0x5f,
    0xf6, 0x80, 0x7f, 0xf2, 0x2f, 0xd4, 0x17, 0xfd,
    0xa0, 0x1f, 0xfe, 0x9, 0x0, 0x8, 0x6, 0x5f,
    0xfe, 0x60, 0x84, 0x0, 0xff, 0xa1, 0xc0,

    /* U+0111 "đ" */
    0x0, 0xfa, 0xbe, 0x40, 0x3d, 0x3f, 0xe5, 0x6,
    0xf3, 0x0, 0xde, 0xaa, 0x10, 0x25, 0x10, 0xc,
    0xd5, 0x44, 0x4, 0xa2, 0x6, 0xff, 0xd2, 0x1,
    0xcd, 0x20, 0x19, 0x94, 0x3, 0x40, 0x2f, 0xfc,
    0xe0, 0x1f, 0x78, 0x5, 0x8, 0x1, 0xff, 0x8,
    0x7, 0xff, 0x28, 0x5c, 0x3, 0xde, 0x0, 0x1c,
    0x20, 0xd, 0x0, 0xbf, 0xee, 0x23, 0x0, 0xcd,
    0x20, 0x1a, 0x90, 0x3, 0x0,

    /* U+0128 "Ĩ" */
    0xc, 0xfc, 0x1d, 0xe8, 0x34, 0x3e, 0x24, 0xc7,
    0xbd, 0x89, 0xa4, 0x80, 0x27, 0x60, 0xa, 0x3f,
    0x40, 0x3f, 0xff, 0xe0, 0x1f, 0xfc, 0x60,

    /* U+0129 "ĩ" */
    0x1c, 0xfc, 0x3d, 0xd4, 0x1a, 0x9e, 0x12, 0xd5,
    0x5d, 0x57, 0x6, 0xa0, 0x2a, 0x80, 0x14, 0x7e,
    0x0, 0x7f, 0xfd, 0x40,

    /* U+0168 "Ũ" */
    0x0, 0xa3, 0xf8, 0xe3, 0xc8, 0x3, 0x23, 0x99,
    0xb1, 0xc8, 0xc0, 0x33, 0x3f, 0x6c, 0x43, 0x4,
    0x3, 0x14, 0x10, 0x3b, 0x84, 0x2, 0x9f, 0xb0,
    0xf, 0x77, 0xb8, 0x7, 0xff, 0xfc, 0x3, 0xff,
    0xc2, 0x20, 0x8c, 0x1, 0xa0, 0x40, 0xa1, 0x2,
    0x7f, 0xf3, 0x83, 0x28, 0x5a, 0x0, 0x79, 0xa4,
    0x0,

    /* U+0169 "ũ" */
    0x0, 0x57, 0xea, 0x5f, 0x80, 0x4c, 0xa8, 0x76,
    0x88, 0x0, 0x92, 0xa9, 0xd5, 0x76, 0x0, 0x89,
    0x44, 0x15, 0x0, 0x2c, 0xf7, 0x0, 0xdd, 0xea,
    0x1, 0xff, 0xec, 0x71, 0x0, 0xd8, 0x0, 0x78,
    0x0, 0xa0, 0x13, 0xfd, 0x4, 0x60, 0x4, 0xb0,
    0x8, 0xb1, 0xc0, 0x0,

    /* U+01A0 "Ơ" */
    0x2, 0xef, 0xff, 0x68, 0x83, 0x7c, 0x9e, 0x8,
    0x7, 0x8b, 0xb, 0x0, 0x7c, 0x45, 0x9f, 0xfa,
    0xc0, 0xb5, 0x4a, 0x80, 0xc, 0x60, 0x19, 0x10,
    0x2, 0xb8, 0x40, 0x1f, 0xf2, 0x50, 0x80, 0x7f,
    0xff, 0xc0, 0x3f, 0xf8, 0xce, 0x60, 0x19, 0x50,
    0xc, 0x2, 0xe1, 0xc, 0xff, 0xd4, 0x7, 0x0,
    0x11, 0x60, 0x80, 0x78, 0xf4, 0x40, 0x20,

    /* U+01A1 "ơ" */
    0x6, 0xff, 0xee, 0x20, 0x7, 0xf3, 0x48, 0x8,
    0xc0, 0x38, 0x48, 0x0, 0x80, 0x6e, 0xec, 0x43,
    0xb6, 0x10, 0x0, 0xc0, 0x8, 0x5c, 0x4, 0xa5,
    0x80, 0x3f, 0x9f, 0x58, 0x3, 0xff, 0xa3, 0x80,
    0x10, 0xb8, 0x7, 0x40, 0x37, 0x76, 0x21, 0xb0,
    0x9, 0xa4, 0x4, 0x60, 0x1c, 0x20, 0x8,

    /* U+01AF "Ư" */
    0x9f, 0xb0, 0xf, 0x77, 0xb9, 0xfe, 0x0, 0x7f,
    0xf0, 0x10, 0x3, 0xff, 0x83, 0x10, 0x1f, 0x0,
    0xff, 0x89, 0x34, 0xc0, 0x3f, 0xea, 0xb3, 0x0,
    0xff, 0xff, 0x80, 0x7f, 0xf1, 0x4, 0x11, 0x80,
    0x34, 0x8, 0x10, 0x5, 0x8, 0x13, 0xff, 0x9c,
    0x19, 0x40, 0x35, 0xa0, 0x7, 0x9a, 0x40, 0x30,

    /* U+01B0 "ư" */
    0xcf, 0x70, 0xd, 0xde, 0xa9, 0xf6, 0x1, 0xfe,
    0xc0, 0x10, 0xf, 0xea, 0x71, 0x80, 0xf, 0xe3,
    0x4c, 0x20, 0xf, 0xe9, 0xb2, 0x0, 0xff, 0xe4,
    0x40, 0x80, 0x7d, 0x80, 0x7, 0x70, 0x7, 0xa0,
    0x13, 0xfd, 0x4, 0x60, 0x1c, 0x96, 0x1, 0x16,
    0x38, 0x7, 0x0,

    /* U+1EA0 "Ạ" */
    0x0, 0xee, 0xfa, 0x0, 0xfe, 0x41, 0x5, 0x0,
    0xfe, 0xe0, 0x9, 0x80, 0x3f, 0x28, 0x30, 0x68,
    0x7, 0xca, 0x7, 0x0, 0x82, 0x1, 0xee, 0xb,
    0x14, 0x6, 0x0, 0xe1, 0x40, 0x50, 0xd0, 0xa0,
    0xe, 0x60, 0x32, 0x7, 0x2, 0x30, 0xd, 0x61,
    0x60, 0x1, 0x40, 0xb0, 0x8, 0x8c, 0x23, 0xfe,
    0x40, 0x60, 0xa, 0x80, 0x3f, 0xa, 0x0, 0x18,
    0x1f, 0xff, 0x8c, 0x38, 0x10, 0x42, 0x80, 0x3a,
    0x81, 0x43, 0x40, 0xc8, 0x3, 0x98, 0x0, 0xb3,
    0xf8, 0x1, 0xf7, 0xf9, 0x40, 0x3a, 0xfd, 0xc0,
    0x3f, 0xc8, 0x18, 0x1, 0xfe, 0xb6, 0x90, 0xe,

    /* U+1EA1 "ạ" */
    0x6, 0xff, 0xe9, 0x0, 0x2c, 0x81, 0x14, 0xd,
    0x21, 0x61, 0x1b, 0xb6, 0x3, 0x16, 0x61, 0xc0,
    0x22, 0x0, 0x8a, 0x3f, 0xf7, 0x0, 0x56, 0x82,
    0x89, 0x80, 0x24, 0xa, 0xbb, 0xa4, 0x3, 0xf1,
    0x60, 0x4, 0x81, 0x59, 0x90, 0x6, 0xb4, 0x13,
    0x3b, 0x4, 0x2, 0xbf, 0xfb, 0x4b, 0xbc, 0x80,
    0x26, 0xfc, 0x0, 0xfb, 0x0, 0xc0, 0x3e, 0xb7,
    0xa0, 0xc,

    /* U+1EA2 "Ả" */
    0x0, 0xe2, 0x20, 0x80, 0x7f, 0x3e, 0xeb, 0x90,
    0x3, 0xe1, 0x83, 0xa0, 0x90, 0xf, 0x86, 0xfc,
    0x0, 0x20, 0x1f, 0x91, 0xa8, 0xb4, 0x3, 0xfb,
    0x46, 0x4, 0x3, 0xfa, 0x39, 0x40, 0x3f, 0xdd,
    0xf4, 0x1, 0xfc, 0x82, 0xa, 0x1, 0xfd, 0xc0,
    0x13, 0x0, 0x7e, 0x50, 0x60, 0xd0, 0xf, 0x94,
    0xe, 0x1, 0x4, 0x3, 0xdc, 0x16, 0x28, 0xc,
    0x1, 0xc2, 0x80, 0xa1, 0xa1, 0x40, 0x1c, 0xc0,
    0x64, 0xe, 0x4, 0x60, 0x1a, 0xc2, 0xc0, 0x2,
    0x81, 0x60, 0x11, 0x18, 0x47, 0xfc, 0x80, 0xc0,
    0x15, 0x0, 0x7e, 0x14, 0x0, 0x30, 0x3f, 0xff,
    0x18, 0x70, 0x20, 0x85, 0x0, 0x75, 0x2, 0x86,
    0x81, 0x90, 0x7, 0x30, 0x1, 0x40,

    /* U+1EA3 "ả" */
    0x0, 0x84, 0x88, 0x1, 0xe3, 0xed, 0xd4, 0x80,
    0x77, 0x85, 0x1b, 0x10, 0x6, 0xfb, 0x71, 0x0,
    0xf1, 0xae, 0x15, 0x90, 0x7, 0x10, 0x32, 0x0,
    0x78, 0xfa, 0x40, 0x39, 0xbf, 0xfa, 0x40, 0xb,
    0x20, 0x45, 0x3, 0x48, 0x58, 0x46, 0xed, 0x80,
    0xc5, 0x98, 0x70, 0x8, 0x80, 0x22, 0x8f, 0xfd,
    0xc0, 0x15, 0xa0, 0xa2, 0x60, 0x9, 0x2, 0xae,
    0xe9, 0x0, 0xfc, 0x58, 0x1, 0x20, 0x56, 0x64,
    0x1, 0xad, 0x4, 0xce, 0xc1, 0x0, 0x0,

    /* U+1EA4 "Ấ" */
    0x0, 0xfe, 0x5d, 0x80, 0xf, 0xf4, 0x15, 0x0,
    0x78, 0x8c, 0x54, 0x9c, 0x80, 0x38, 0xf7, 0x30,
    0x9f, 0x0, 0x1c, 0x3a, 0xe, 0x54, 0x1, 0xf5,
    0xd, 0x43, 0x24, 0x0, 0x7a, 0xfd, 0x42, 0x7e,
    0x0, 0x3f, 0x77, 0xd0, 0x7, 0xf2, 0x8, 0x28,
    0x7, 0xf7, 0x0, 0x4c, 0x1, 0xf9, 0x41, 0x83,
    0x40, 0x3e, 0x50, 0x38, 0x4, 0x10, 0xf, 0x70,
    0x58, 0xa0, 0x30, 0x7, 0xa, 0x2, 0x86, 0x85,
    0x0, 0x73, 0x1, 0x90, 0x38, 0x11, 0x80, 0x6b,
    0xb, 0x0, 0xa, 0x5, 0x80, 0x44, 0x61, 0x1f,
    0xf2, 0x3, 0x0, 0x54, 0x1, 0xf8, 0x50, 0x0,
    0xc0, 0xff, 0xfc, 0x61, 0xc0, 0x82, 0x14, 0x1,
    0xd4, 0xa, 0x1a, 0x6, 0x40, 0x1c, 0xc0, 0x5,

    /* U+1EA5 "ấ" */
    0x0, 0xf8, 0x73, 0x0, 0x1f, 0xa4, 0xec, 0x3,
    0xf3, 0x93, 0x80, 0x6b, 0xfe, 0x2f, 0xd0, 0xd,
    0x28, 0xc1, 0x82, 0x1, 0x99, 0x8b, 0x34, 0x14,
    0x1, 0x9b, 0xe8, 0x13, 0xac, 0x3, 0x37, 0xff,
    0x48, 0x4, 0xb2, 0x4, 0x50, 0x34, 0x80, 0x2c,
    0x23, 0x76, 0xc0, 0x62, 0xc, 0xc3, 0x80, 0x44,
    0x1, 0x8a, 0x3f, 0xf7, 0x0, 0x6b, 0x41, 0x44,
    0xc0, 0x19, 0x2, 0xae, 0xe9, 0x0, 0xfe, 0x2c,
    0x0, 0xc8, 0x15, 0x99, 0x0, 0x75, 0xa0, 0x99,
    0xd8, 0x20, 0x10,

    /* U+1EA6 "Ầ" */
    0x0, 0xf9, 0xb6, 0x0, 0x3f, 0xcc, 0x6e, 0x20,
    0x1f, 0x11, 0x8d, 0x84, 0x80, 0x78, 0xf7, 0x30,
    0x9f, 0x0, 0x1c, 0x3a, 0xe, 0x54, 0x1, 0xf5,
    0xd, 0x43, 0x24, 0x0, 0x7a, 0xfd, 0x42, 0x7e,
    0x0, 0x3f, 0x77, 0xd0, 0x7, 0xf2, 0x8, 0x28,
    0x7, 0xf7, 0x0, 0x4c, 0x1, 0xf9, 0x41, 0x83,
    0x40, 0x3e, 0x50, 0x38, 0x4, 0x10, 0xf, 0x70,
    0x58, 0xa0, 0x30, 0x7, 0xa, 0x2, 0x86, 0x85,
    0x0, 0x73, 0x1, 0x90, 0x38, 0x11, 0x80, 0x6b,
    0xb, 0x0, 0xa, 0x5, 0x80, 0x44, 0x61, 0x1f,
    0xf2, 0x3, 0x0, 0x54, 0x1, 0xf8, 0x50, 0x0,
    0xc0, 0xff, 0xfc, 0x61, 0xc0, 0x82, 0x14, 0x1,
    0xd4, 0xa, 0x1a, 0x6, 0x40, 0x1c, 0xc0, 0x5,

    /* U+1EA7 "ầ" */
    0x0, 0xe2, 0xcc, 0x0, 0x7c, 0x4c, 0x6a, 0x1,
    0xf5, 0x8c, 0x0, 0x6b, 0xfe, 0x3e, 0xd0, 0xa,
    0x51, 0x83, 0x4, 0x2, 0x66, 0x2c, 0xd0, 0x50,
    0x4, 0xdf, 0x40, 0x9d, 0x60, 0x13, 0x7f, 0xf4,
    0x80, 0x16, 0x40, 0x8a, 0x6, 0x90, 0xb0, 0x8d,
    0xdb, 0x1, 0x8b, 0x30, 0xe0, 0x11, 0x0, 0x45,
    0x1f, 0xfb, 0x80, 0x2b, 0x41, 0x44, 0xc0, 0x12,
    0x5, 0x5d, 0xd2, 0x1, 0xf8, 0xb0, 0x2, 0x40,
    0xac, 0xc8, 0x3, 0x5a, 0x9, 0x9d, 0x82, 0x0,

    /* U+1EA8 "Ẩ" */
    0x0, 0xff, 0xe4, 0xe, 0xff, 0x94, 0x3, 0xf3,
    0x95, 0x1c, 0x0, 0x7e, 0x6e, 0x33, 0x20, 0x7,
    0xf, 0x7d, 0x85, 0xb4, 0x80, 0x76, 0xa, 0xa5,
    0xec, 0x80, 0x75, 0x94, 0xd2, 0xa9, 0xc0, 0x3d,
    0x7e, 0xc1, 0x5e, 0xe0, 0x1f, 0xbb, 0xe8, 0x3,
    0xf9, 0x4, 0x14, 0x3, 0xfb, 0x80, 0x26, 0x0,
    0xfc, 0xa0, 0xc1, 0xa0, 0x1f, 0x28, 0x1c, 0x2,
    0x8, 0x7, 0xb8, 0x2c, 0x50, 0x18, 0x3, 0x85,
    0x1, 0x43, 0x42, 0x80, 0x39, 0x80, 0xc8, 0x1c,
    0x8, 0xc0, 0x35, 0x85, 0x80, 0x5, 0x2, 0xc0,
    0x22, 0x30, 0x8f, 0xf9, 0x1, 0x80, 0x2a, 0x0,
    0xfc, 0x28, 0x0, 0x60, 0x7f, 0xfe, 0x30, 0xe0,
    0x41, 0xa, 0x0, 0xea, 0x5, 0xd, 0x3, 0x20,
    0xe, 0x60, 0x2, 0x80,

    /* U+1EA9 "ẩ" */
    0x0, 0xff, 0xe2, 0xc7, 0xfa, 0x80, 0x3c, 0x2e,
    0xce, 0xa6, 0x1, 0xc3, 0xd4, 0xa4, 0x40, 0xa,
    0xff, 0x8e, 0x47, 0x44, 0x1, 0x8, 0x81, 0xfb,
    0xc0, 0x9, 0x9d, 0x2e, 0x8b, 0x40, 0x33, 0x7d,
    0x82, 0xfe, 0x0, 0x66, 0xff, 0xe9, 0x0, 0x96,
    0x40, 0x8a, 0x6, 0x90, 0x5, 0x84, 0x6e, 0xd8,
    0xc, 0x41, 0x98, 0x70, 0x8, 0x80, 0x31, 0x47,
    0xfe, 0xe0, 0xd, 0x68, 0x28, 0x98, 0x3, 0x20,
    0x55, 0xdd, 0x20, 0x1f, 0xc5, 0x80, 0x19, 0x2,
    0xb3, 0x20, 0xe, 0xb4, 0x13, 0x3b, 0x4, 0x2,

    /* U+1EAA "Ẫ" */
    0x0, 0xe1, 0x0, 0x8, 0x7, 0xc5, 0xdc, 0x92,
    0xe7, 0x0, 0xf4, 0x85, 0x3e, 0x8a, 0x80, 0x7a,
    0x75, 0x7f, 0x3c, 0x80, 0x3c, 0x44, 0xde, 0x81,
    0x0, 0xfd, 0xa4, 0x88, 0x90, 0xf, 0xac, 0xe6,
    0xd5, 0x9c, 0x3, 0xd7, 0xec, 0x15, 0xee, 0x1,
    0xfb, 0xbe, 0x80, 0x3f, 0x90, 0x41, 0x40, 0x3f,
    0xb8, 0x2, 0x60, 0xf, 0xca, 0xc, 0x1a, 0x1,
    0xf2, 0x81, 0xc0, 0x20, 0x80, 0x7b, 0x82, 0xc5,
    0x1, 0x80, 0x38, 0x50, 0x14, 0x34, 0x28, 0x3,
    0x98, 0xc, 0x81, 0xc0, 0x8c, 0x3, 0x58, 0x58,
    0x0, 0x50, 0x2c, 0x2, 0x23, 0x8, 0xff, 0x90,
    0x18, 0x2, 0xa0, 0xf, 0xc2, 0x80, 0x6, 0x7,
    0xff, 0xe3, 0xe, 0x4, 0x10, 0xa0, 0xe, 0xa0,
    0x50, 0xd0, 0x32, 0x0, 0xe6, 0x0, 0x28,

    /* U+1EAB "ẫ" */
    0x0, 0x88, 0x0, 0x22, 0x0, 0xd7, 0xba, 0x2d,
    0xd0, 0x4, 0xc9, 0xd, 0xa7, 0x40, 0x13, 0xe3,
    0xde, 0x6b, 0x0, 0x42, 0x77, 0xfa, 0x1, 0xe8,
    0x44, 0xf, 0x88, 0x4, 0xce, 0x97, 0x45, 0xa0,
    0x13, 0x7d, 0x82, 0xfe, 0x0, 0x4d, 0xff, 0xd2,
    0x0, 0x59, 0x2, 0x28, 0x1a, 0x42, 0xc2, 0x37,
    0x6c, 0x6, 0x2c, 0xc3, 0x80, 0x44, 0x1, 0x14,
    0x7f, 0xee, 0x0, 0xad, 0x5, 0x13, 0x0, 0x48,
    0x15, 0x77, 0x48, 0x7, 0xe2, 0xc0, 0x9, 0x2,
    0xb3, 0x20, 0xd, 0x68, 0x26, 0x76, 0x8, 0x0,

    /* U+1EAC "Ậ" */
    0x0, 0xc3, 0xdf, 0x60, 0x1f, 0xd8, 0x2a, 0x94,
    0x1, 0xf5, 0x94, 0xd2, 0xa9, 0xc0, 0x3d, 0x7e,
    0xc1, 0x5e, 0xe0, 0x1f, 0xbb, 0xe8, 0x3, 0xf9,
    0x4, 0x14, 0x3, 0xfb, 0x80, 0x26, 0x0, 0xfc,
    0xa0, 0xc1, 0xa0, 0x1f, 0x28, 0x1c, 0x2, 0x8,
    0x7, 0xb8, 0x2c, 0x50, 0x18, 0x3, 0x85, 0x1,
    0x43, 0x42, 0x80, 0x39, 0x80, 0xc8, 0x1c, 0x8,
    0xc0, 0x35, 0x85, 0x80, 0x5, 0x2, 0xc0, 0x22,
    0x30, 0x8f, 0xf9, 0x1, 0x80, 0x2a, 0x0, 0xfc,
    0x28, 0x0, 0x60, 0x7f, 0xfe, 0x30, 0xe0, 0x41,
    0xa, 0x0, 0xea, 0x5, 0xd, 0x3, 0x20, 0xe,
    0x60, 0x2, 0xcf, 0xe0, 0x7, 0xdf, 0xe5, 0x0,
    0xeb, 0xf7, 0x0, 0xff, 0x20, 0x60, 0x7, 0xfa,
    0xda, 0x40, 0x38,

    /* U+1EAD "ậ" */
    0x0, 0xaf, 0xf8, 0x80, 0x3a, 0x11, 0x3, 0xe2,
    0x1, 0x33, 0xa5, 0xd1, 0x68, 0x4, 0xdf, 0x60,
    0xbf, 0x80, 0x13, 0x7f, 0xf4, 0x80, 0x16, 0x40,
    0x8a, 0x6, 0x90, 0xb0, 0x8d, 0xdb, 0x1, 0x8b,
    0x30, 0xe0, 0x11, 0x0, 0x45, 0x1f, 0xfb, 0x80,
    0x2b, 0x41, 0x44, 0xc0, 0x12, 0x5, 0x5d, 0xd2,
    0x1, 0xf8, 0xb0, 0x2, 0x40, 0xac, 0xc8, 0x3,
    0x5a, 0x9, 0x9d, 0x82, 0x1, 0x5f, 0xfd, 0xa5,
    0xde, 0x40, 0x13, 0x7e, 0x0, 0x7d, 0x80, 0x60,
    0x1f, 0x5b, 0xd0, 0x6,

    /* U+1EAE "Ắ" */
    0x0, 0xf3, 0x6c, 0x0, 0x7f, 0xa0, 0xa8, 0x3,
    0xf9, 0x45, 0xc8, 0x3, 0xe2, 0x35, 0xf9, 0x31,
    0x0, 0xf7, 0x61, 0x2, 0x64, 0x80, 0x79, 0xc1,
    0x4b, 0x80, 0x3f, 0x48, 0xc6, 0xa2, 0x20, 0x3,
    0xc5, 0xf5, 0x55, 0x80, 0x7e, 0x1b, 0xaf, 0x0,
    0xfe, 0x41, 0x5, 0x0, 0xfe, 0xe0, 0x9, 0x80,
    0x3f, 0x28, 0x30, 0x68, 0x7, 0xca, 0x7, 0x0,
    0x82, 0x1, 0xee, 0xb, 0x14, 0x6, 0x0, 0xe1,
    0x40, 0x50, 0xd0, 0xa0, 0xe, 0x60, 0x32, 0x7,
    0x2, 0x30, 0xd, 0x61, 0x60, 0x1, 0x40, 0xb0,
    0x8, 0x8c, 0x23, 0xfe, 0x40, 0x60, 0xa, 0x80,
    0x3f, 0xa, 0x0, 0x18, 0x1f, 0xff, 0x8c, 0x38,
    0x10, 0x42, 0x80, 0x3a, 0x81, 0x43, 0x40, 0xc8,
    0x3, 0x98, 0x0, 0xa0,

    /* U+1EAF "ắ" */
    0x0, 0xc3, 0xb8, 0x1, 0xf4, 0x15, 0x0, 0x78,
    0x58, 0xd8, 0x3, 0xc3, 0xf8, 0x1, 0xcf, 0xee,
    0x0, 0xfd, 0x0, 0x84, 0x30, 0x98, 0x3, 0x99,
    0x53, 0x64, 0x7c, 0x3, 0x55, 0x6c, 0x20, 0x9,
    0xbe, 0xaa, 0xd9, 0x0, 0x2c, 0x81, 0x14, 0xd,
    0x21, 0x61, 0x1b, 0xb6, 0x3, 0x16, 0x61, 0xc0,
    0x22, 0x0, 0x8a, 0x3f, 0xf7, 0x0, 0x56, 0x82,
    0x89, 0x80, 0x24, 0xa, 0xbb, 0xa4, 0x3, 0xf1,
    0x60, 0x4, 0x81, 0x59, 0x90, 0x6, 0xb4, 0x13,
    0x3b, 0x4, 0x0,

    /* U+1EB0 "Ằ" */
    0x0, 0xd9, 0xa4, 0x1, 0xfe, 0xa2, 0xb0, 0xf,
    0xf3, 0x1b, 0x8, 0x7, 0xe2, 0x3c, 0xf0, 0x31,
    0x0, 0xf7, 0x61, 0x2, 0x64, 0x80, 0x79, 0xc1,
    0x4b, 0x80, 0x3f, 0x48, 0xc6, 0xa2, 0x20, 0x3,
    0xc5, 0xf5, 0x55, 0x80, 0x7e, 0x1b, 0xaf, 0x0,
    0xfe, 0x41, 0x5, 0x0, 0xfe, 0xe0, 0x9, 0x80,
    0x3f, 0x28, 0x30, 0x68, 0x7, 0xca, 0x7, 0x0,
    0x82, 0x1, 0xee, 0xb, 0x14, 0x6, 0x0, 0xe1,
    0x40, 0x50, 0xd0, 0xa0, 0xe, 0x60, 0x32, 0x7,
    0x2, 0x30, 0xd, 0x61, 0x60, 0x1, 0x40, 0xb0,
    0x8, 0x8c, 0x23, 0xfe, 0x40, 0x60, 0xa, 0x80,
    0x3f, 0xa, 0x0, 0x18, 0x1f, 0xff, 0x8c, 0x38,
    0x10, 0x42, 0x80, 0x3a, 0x81, 0x43, 0x40, 0xc8,
    0x3, 0x98, 0x0, 0xa0,

    /* U+1EB1 "ằ" */
    0x0, 0x46, 0xb0, 0x7, 0xd2, 0x50, 0x1, 0xf0,
    0xc0, 0xb0, 0x7, 0xcf, 0xec, 0x1, 0xcf, 0xee,
    0x0, 0xfd, 0x0, 0x84, 0x30, 0x98, 0x3, 0x99,
    0x53, 0x64, 0x7c, 0x3, 0x55, 0x6c, 0x20, 0x9,
    0xbe, 0xaa, 0xd9, 0x0, 0x2c, 0x81, 0x14, 0xd,
    0x21, 0x61, 0x1b, 0xb6, 0x3, 0x16, 0x61, 0xc0,
    0x22, 0x0, 0x8a, 0x3f, 0xf7, 0x0, 0x56, 0x82,
    0x89, 0x80, 0x24, 0xa, 0xbb, 0xa4, 0x3, 0xf1,
    0x60, 0x4, 0x81, 0x59, 0x90, 0x6, 0xb4, 0x13,
    0x3b, 0x4, 0x0,

    /* U+1EB2 "Ẳ" */
    0x0, 0xff, 0xe2, 0xa7, 0xfb, 0x44, 0x3, 0xf4,
    0x15, 0x94, 0x80, 0x7e, 0xcc, 0x78, 0x60, 0x7,
    0xf2, 0x3d, 0xa0, 0x7, 0xd1, 0x49, 0x8f, 0x4a,
    0x1, 0xe3, 0x57, 0x29, 0x5d, 0x0, 0xf4, 0x8c,
    0xea, 0xa4, 0x0, 0x78, 0xbe, 0xaa, 0xb0, 0xf,
    0xc3, 0x75, 0xe0, 0x1f, 0xc8, 0x20, 0xa0, 0x1f,
    0xdc, 0x1, 0x30, 0x7, 0xe5, 0x6, 0xd, 0x0,
    0xf9, 0x40, 0xe0, 0x10, 0x40, 0x3d, 0xc1, 0x62,
    0x80, 0xc0, 0x1c, 0x28, 0xa, 0x1a, 0x14, 0x1,
    0xcc, 0x6, 0x40, 0xe0, 0x46, 0x1, 0xac, 0x2c,
    0x0, 0x28, 0x16, 0x1, 0x11, 0x84, 0x7f, 0xc8,
    0xc, 0x1, 0x50, 0x7, 0xe1, 0x40, 0x3, 0x3,
    0xff, 0xf1, 0x87, 0x2, 0x8, 0x50, 0x7, 0x50,
    0x28, 0x68, 0x19, 0x0, 0x73, 0x0, 0x14,

    /* U+1EB3 "ẳ" */
    0x0, 0xff, 0xe0, 0xe, 0xff, 0x94, 0x3, 0x98,
    0xa8, 0xe0, 0x3, 0x9f, 0xf4, 0xe8, 0x3, 0xc2,
    0x16, 0xe0, 0x19, 0xfd, 0xa1, 0x3f, 0x40, 0x21,
    0xc, 0x26, 0x0, 0xe6, 0x54, 0xd9, 0x1f, 0x0,
    0xd5, 0x5b, 0x8, 0x2, 0x6f, 0xaa, 0xb6, 0x40,
    0xb, 0x20, 0x45, 0x3, 0x48, 0x58, 0x46, 0xed,
    0x80, 0xc5, 0x98, 0x70, 0x8, 0x80, 0x22, 0x8f,
    0xfd, 0xc0, 0x15, 0xa0, 0xa2, 0x60, 0x9, 0x2,
    0xae, 0xe9, 0x0, 0xfc, 0x58, 0x1, 0x20, 0x56,
    0x64, 0x1, 0xad, 0x4, 0xce, 0xc1, 0x0, 0x0,

    /* U+1EB4 "Ẵ" */
    0x0, 0xe1, 0x0, 0x8, 0x7, 0xc5, 0xdc, 0xa2,
    0xe7, 0x0, 0xf4, 0x85, 0x26, 0x8a, 0x80, 0x7a,
    0x75, 0x7e, 0xfc, 0x80, 0x3d, 0x7e, 0x22, 0xd,
    0x60, 0xf, 0x11, 0xb1, 0x71, 0xf0, 0x7, 0xa4,
    0x63, 0x55, 0x20, 0x3, 0xc5, 0xf5, 0x55, 0x80,
    0x7e, 0x1b, 0xaf, 0x0, 0xfe, 0x41, 0x5, 0x0,
    0xfe, 0xe0, 0x9, 0x80, 0x3f, 0x28, 0x30, 0x68,
    0x7, 0xca, 0x7, 0x0, 0x82, 0x1, 0xee, 0xb,
    0x14, 0x6, 0x0, 0xe1, 0x40, 0x50, 0xd0, 0xa0,
    0xe, 0x60, 0x32, 0x7, 0x2, 0x30, 0xd, 0x61,
    0x60, 0x1, 0x40, 0xb0, 0x8, 0x8c, 0x23, 0xfe,
    0x40, 0x60, 0xa, 0x80, 0x3f, 0xa, 0x0, 0x18,
    0x1f, 0xff, 0x8c, 0x38, 0x10, 0x42, 0x80, 0x3a,
    0x81, 0x43, 0x40, 0xc8, 0x3, 0x98, 0x0, 0xa0,

    /* U+1EB5 "ẵ" */
    0x0, 0x84, 0x0, 0x22, 0x0, 0xd7, 0xda, 0x5b,
    0xa0, 0x9, 0x92, 0x1b, 0x4e, 0x40, 0x27, 0xc7,
    0xbc, 0xd5, 0x0, 0x9b, 0x1c, 0xf, 0x74, 0x1,
    0x8, 0x61, 0x30, 0x7, 0x32, 0xa6, 0xc8, 0xf8,
    0x6, 0xaa, 0xd8, 0x40, 0x13, 0x7d, 0x55, 0xb2,
    0x0, 0x59, 0x2, 0x28, 0x1a, 0x42, 0xc2, 0x37,
    0x6c, 0x6, 0x2c, 0xc3, 0x80, 0x44, 0x1, 0x14,
    0x7f, 0xee, 0x0, 0xad, 0x5, 0x13, 0x0, 0x48,
    0x15, 0x77, 0x48, 0x7, 0xe2, 0xc0, 0x9, 0x2,
    0xb3, 0x20, 0xd, 0x68, 0x26, 0x76, 0x8, 0x0,

    /* U+1EB6 "Ặ" */
    0x0, 0xb3, 0xc8, 0x17, 0xe0, 0x3, 0xce, 0xa,
    0x5e, 0x1, 0xfa, 0x46, 0x35, 0x52, 0x0, 0x3c,
    0x5f, 0x55, 0x58, 0x7, 0xe1, 0xba, 0xf0, 0xf,
    0xe4, 0x10, 0x50, 0xf, 0xee, 0x0, 0x98, 0x3,
    0xf2, 0x83, 0x6, 0x80, 0x7c, 0xa0, 0x70, 0x8,
    0x20, 0x1e, 0xe0, 0xb1, 0x40, 0x60, 0xe, 0x14,
    0x5, 0xd, 0xa, 0x0, 0xe6, 0x3, 0x20, 0x70,
    0x23, 0x0, 0xd6, 0x16, 0x0, 0x14, 0xb, 0x0,
    0x88, 0xc2, 0x3f, 0xe4, 0x6, 0x0, 0xa8, 0x3,
    0xf0, 0xa0, 0x1, 0x81, 0xff, 0xf8, 0xc3, 0x81,
    0x4, 0x28, 0x3, 0xa8, 0x14, 0x34, 0xc, 0x80,
    0x39, 0x80, 0xb, 0x3f, 0x80, 0x1f, 0x7f, 0x94,
    0x3, 0xaf, 0xdc, 0x3, 0xfc, 0x81, 0x80, 0x1f,
    0xeb, 0x69, 0x0, 0xe0,

    /* U+1EB7 "ặ" */
    0x7, 0xf7, 0x0, 0x7e, 0x80, 0x42, 0x18, 0x4c,
    0x1, 0xcc, 0xa9, 0xb2, 0x3e, 0x1, 0xaa, 0xb6,
    0x10, 0x4, 0xdf, 0x55, 0x6c, 0x80, 0x16, 0x40,
    0x8a, 0x6, 0x90, 0xb0, 0x8d, 0xdb, 0x1, 0x8b,
    0x30, 0xe0, 0x11, 0x0, 0x45, 0x1f, 0xfb, 0x80,
    0x2b, 0x41, 0x44, 0xc0, 0x12, 0x5, 0x5d, 0xd2,
    0x1, 0xf8, 0xb0, 0x2, 0x40, 0xac, 0xc8, 0x3,
    0x5a, 0x9, 0x9d, 0x82, 0x1, 0x5f, 0xfd, 0xa5,
    0xde, 0x40, 0x13, 0x7e, 0x0, 0x7d, 0x80, 0x60,
    0x1f, 0x5b, 0xd0, 0x6,

    /* U+1EB8 "Ẹ" */
    0x9f, 0xff, 0xe2, 0x0, 0xff, 0xe0, 0xa7, 0xff,
    0xc4, 0x1, 0xff, 0xd7, 0x4f, 0xff, 0x48, 0x7,
    0xf8, 0x40, 0x24, 0xff, 0xf4, 0x0, 0x7f, 0xf6,
    0x13, 0xff, 0xe2, 0x0, 0xff, 0xa7, 0xff, 0xf8,
    0x80, 0x34, 0xfc, 0x0, 0x7e, 0x40, 0x40, 0xf,
    0xdc, 0xde, 0x1, 0x80,

    /* U+1EB9 "ẹ" */
    0x6, 0xff, 0xee, 0x20, 0x69, 0x1, 0x1e, 0xc2,
    0x80, 0x6e, 0xeb, 0xc8, 0x68, 0x1, 0x80, 0x10,
    0xb0, 0x6, 0xaf, 0xfc, 0x80, 0x18, 0xd5, 0x7d,
    0xa0, 0x9, 0xaa, 0xd3, 0xce, 0x0, 0xc0, 0x8,
    0x7a, 0xea, 0x1, 0xbb, 0xaf, 0x21, 0xa6, 0x90,
    0x11, 0xec, 0x20, 0x6f, 0xfe, 0xe2, 0x0, 0xc9,
    0xfa, 0x1, 0xf6, 0x1, 0x10, 0x3, 0xd2, 0xf2,
    0x40, 0x10,

    /* U+1EBA "Ẻ" */
    0x0, 0xc4, 0x41, 0x0, 0xf9, 0xf7, 0x5c, 0x80,
    0x1c, 0x30, 0x54, 0x12, 0x1, 0xc3, 0x7c, 0x20,
    0x20, 0x1e, 0x46, 0xb2, 0xd0, 0xf, 0xb4, 0x60,
    0x40, 0x3e, 0x8e, 0x50, 0xd, 0x3f, 0xff, 0xc4,
    0x1, 0xff, 0xc1, 0x4f, 0xff, 0x88, 0x3, 0xff,
    0xae, 0x9f, 0xfe, 0x90, 0xf, 0xf0, 0x80, 0x49,
    0xff, 0xe8, 0x0, 0xff, 0xec, 0x27, 0xff, 0xc4,
    0x1, 0xff, 0x0,

    /* U+1EBB "ẻ" */
    0x0, 0x84, 0x88, 0x1, 0xe2, 0xfd, 0xd5, 0x0,
    0x74, 0xc, 0xa2, 0xa0, 0x6, 0x8b, 0x77, 0x3,
    0x80, 0x62, 0x4c, 0x39, 0x30, 0xe, 0x23, 0x46,
    0x0, 0xf1, 0x75, 0x80, 0x73, 0x7f, 0xf7, 0x10,
    0x34, 0x80, 0x8f, 0x61, 0x40, 0x37, 0x75, 0xe4,
    0x34, 0x0, 0xc0, 0x8, 0x58, 0x3, 0x57, 0xfe,
    0x40, 0xc, 0x6a, 0xbe, 0xd0, 0x4, 0xd5, 0x69,
    0xe7, 0x0, 0x60, 0x4, 0x3d, 0x75, 0x0, 0xdd,
    0xd7, 0x90, 0xd3, 0x48, 0x8, 0xf6, 0x10,

    /* U+1EBC "Ẽ" */
    0x0, 0x17, 0x7c, 0x8f, 0xd0, 0x6, 0xf1, 0x56,
    0xe0, 0xc0, 0xd, 0x73, 0x56, 0xf4, 0xc0, 0x19,
    0x98, 0x9, 0xa, 0x1, 0x4f, 0xff, 0xf1, 0x0,
    0x7f, 0xf0, 0x53, 0xff, 0xe2, 0x0, 0xff, 0xeb,
    0xa7, 0xff, 0xa4, 0x3, 0xfc, 0x20, 0x12, 0x7f,
    0xfa, 0x0, 0x3f, 0xfb, 0x9, 0xff, 0xf1, 0x0,
    0x7f, 0xc0,

    /* U+1EBD "ẽ" */
    0x0, 0x57, 0xf2, 0x5f, 0x88, 0x1, 0x95, 0x2,
    0xd1, 0x2, 0x0, 0x4a, 0xa7, 0x55, 0xd8, 0x2,
    0x25, 0x10, 0x54, 0x0, 0xcd, 0xff, 0xdc, 0x40,
    0xd2, 0x2, 0x3d, 0x85, 0x0, 0xdd, 0xd7, 0x90,
    0xd0, 0x3, 0x0, 0x21, 0x60, 0xd, 0x5f, 0xf9,
    0x0, 0x31, 0xaa, 0xfb, 0x40, 0x13, 0x55, 0xa7,
    0x9c, 0x1, 0x80, 0x10, 0xf5, 0xd4, 0x3, 0x77,
    0x5e, 0x43, 0x4d, 0x20, 0x23, 0xd8, 0x40,

    /* U+1EBE "Ế" */
    0x0, 0xfc, 0xbb, 0x0, 0x1f, 0xa0, 0xa8, 0x3,
    0x11, 0x8a, 0x93, 0x90, 0x4, 0x7b, 0x98, 0x4f,
    0x80, 0x8, 0x74, 0x1c, 0xa8, 0x3, 0xa8, 0x66,
    0x19, 0x20, 0x3, 0x5f, 0xb0, 0x4f, 0xc0, 0x2,
    0x7f, 0xff, 0x88, 0x3, 0xff, 0x82, 0x9f, 0xff,
    0x10, 0x7, 0xff, 0x5d, 0x3f, 0xfd, 0x20, 0x1f,
    0xe1, 0x0, 0x93, 0xff, 0xd0, 0x1, 0xff, 0xd8,
    0x4f, 0xff, 0x88, 0x3, 0xfe,

    /* U+1EBF "ế" */
    0x0, 0xfd, 0x98, 0x10, 0xf, 0x98, 0xd4, 0x40,
    0x3e, 0x81, 0x90, 0xd, 0x3f, 0xe3, 0xee, 0x0,
    0x67, 0x65, 0x1d, 0x20, 0xc, 0x92, 0x75, 0xa1,
    0xe2, 0x1, 0x27, 0x60, 0x1f, 0x68, 0x80, 0x4d,
    0xff, 0xdc, 0x40, 0x6, 0x90, 0x11, 0xec, 0x20,
    0x80, 0x6e, 0xeb, 0xc8, 0x68, 0x2, 0xc0, 0x8,
    0x58, 0x3, 0xab, 0xff, 0x20, 0x7, 0x1a, 0xaf,
    0xb4, 0x2, 0x9a, 0xad, 0x3c, 0xe0, 0x16, 0x0,
    0x43, 0xd7, 0x41, 0x0, 0xdd, 0xd7, 0x90, 0xd0,
    0x34, 0x80, 0x8f, 0x61, 0x0,

    /* U+1EC0 "Ề" */
    0x0, 0xf3, 0x6c, 0x0, 0x7e, 0x63, 0x71, 0x0,
    0xe2, 0x31, 0xb0, 0x90, 0xc, 0x7b, 0x98, 0x4f,
    0x80, 0x8, 0x74, 0x1c, 0xa8, 0x3, 0xa8, 0x66,
    0x19, 0x20, 0x3, 0x5f, 0xb0, 0x4f, 0xc0, 0x2,
    0x7f, 0xff, 0x88, 0x3, 0xff, 0x82, 0x9f, 0xff,
    0x10, 0x7, 0xff, 0x5d, 0x3f, 0xfd, 0x20, 0x1f,
    0xe1, 0x0, 0x93, 0xff, 0xd0, 0x1, 0xff, 0xd8,
    0x4f, 0xff, 0x88, 0x3, 0xfe,

    /* U+1EC1 "ề" */
    0x0, 0xe1, 0xcc, 0x8, 0x7, 0x85, 0xd, 0x80,
    0x3e, 0x82, 0x90, 0xd, 0x3f, 0xe3, 0xde, 0x0,
    0x9d, 0x94, 0x74, 0x80, 0x24, 0x93, 0xad, 0xf,
    0x10, 0x2, 0x76, 0x1, 0xf6, 0x88, 0x1, 0xbf,
    0xfb, 0x88, 0x1a, 0x40, 0x47, 0xb0, 0xa0, 0x1b,
    0xba, 0xf2, 0x1a, 0x0, 0x60, 0x4, 0x2c, 0x1,
    0xab, 0xff, 0x20, 0x6, 0x35, 0x5f, 0x68, 0x2,
    0x6a, 0xb4, 0xf3, 0x80, 0x30, 0x2, 0x1e, 0xba,
    0x80, 0x6e, 0xeb, 0xc8, 0x69, 0xa4, 0x4, 0x7b,
    0x8,

    /* U+1EC2 "Ể" */
    0x0, 0xff, 0xe2, 0x8e, 0x7f, 0x94, 0x3, 0xce,
    0x72, 0x76, 0x1, 0xe6, 0xe0, 0x37, 0x0, 0x87,
    0xbf, 0x2, 0x9a, 0x40, 0x2d, 0x15, 0x3b, 0xc9,
    0x0, 0xac, 0xe2, 0x95, 0x50, 0x1, 0xaf, 0xdc,
    0x2b, 0xe0, 0x1, 0x3f, 0xff, 0xc4, 0x1, 0xff,
    0xc1, 0x4f, 0xff, 0x88, 0x3, 0xff, 0xae, 0x9f,
    0xfe, 0x90, 0xf, 0xf0, 0x80, 0x49, 0xff, 0xe8,
    0x0, 0xff, 0xec, 0x27, 0xff, 0xc4, 0x1, 0xff,
    0x0,

    /* U+1EC3 "ể" */
    0x0, 0xff, 0xe2, 0xbf, 0xfa, 0xc0, 0x3e, 0x84,
    0x84, 0x40, 0x7, 0xbe, 0x68, 0x58, 0x2, 0x9f,
    0xf1, 0xd0, 0x79, 0x0, 0x19, 0x88, 0x3b, 0x5a,
    0x20, 0x4, 0x92, 0xba, 0x1f, 0x10, 0x9, 0x3f,
    0x41, 0x3f, 0x44, 0x2, 0x6f, 0xfe, 0xe2, 0x0,
    0x34, 0x80, 0x8f, 0x61, 0x4, 0x3, 0x77, 0x5e,
    0x43, 0x40, 0x16, 0x0, 0x42, 0xc0, 0x1d, 0x5f,
    0xf9, 0x0, 0x38, 0xd5, 0x7d, 0xa0, 0x14, 0xd5,
    0x69, 0xe7, 0x0, 0xb0, 0x2, 0x1e, 0xba, 0x8,
    0x6, 0xee, 0xbc, 0x86, 0x81, 0xa4, 0x4, 0x7b,
    0x8, 0x0,

    /* U+1EC4 "Ễ" */
    0x0, 0xc2, 0x0, 0x10, 0xe, 0x2e, 0xe5, 0x17,
    0x40, 0x6, 0x90, 0xa4, 0xd1, 0xa0, 0xd, 0x3a,
    0xbf, 0x9e, 0x40, 0x18, 0x89, 0xbd, 0x2, 0x1,
    0xed, 0x24, 0x45, 0x0, 0x75, 0x9c, 0x5a, 0xaa,
    0x0, 0x35, 0xfb, 0x85, 0x7c, 0x0, 0x27, 0xff,
    0xf8, 0x80, 0x3f, 0xf8, 0x29, 0xff, 0xf1, 0x0,
    0x7f, 0xf5, 0xd3, 0xff, 0xd2, 0x1, 0xfe, 0x10,
    0x9, 0x3f, 0xfd, 0x0, 0x1f, 0xfd, 0x84, 0xff,
    0xf8, 0x80, 0x3f, 0xe0,

    /* U+1EC5 "ễ" */
    0x0, 0x88, 0x0, 0x22, 0x0, 0xd5, 0xbc, 0x77,
    0xe0, 0x12, 0x2b, 0xa6, 0x2c, 0x80, 0x4b, 0x91,
    0x59, 0x87, 0x0, 0x84, 0xe7, 0xf0, 0x3, 0xcc,
    0xc4, 0x1d, 0x20, 0x9, 0x24, 0xae, 0x87, 0xc4,
    0x0, 0x9f, 0xa0, 0x9f, 0xa2, 0x0, 0x6f, 0xfe,
    0xe2, 0x6, 0x90, 0x11, 0xec, 0x28, 0x6, 0xee,
    0xbc, 0x86, 0x80, 0x18, 0x1, 0xb, 0x0, 0x6a,
    0xff, 0xc8, 0x1, 0x8d, 0x57, 0xda, 0x0, 0x9a,
    0xad, 0x3c, 0xe0, 0xc, 0x0, 0x87, 0xae, 0xa0,
    0x1b, 0xba, 0xf2, 0x1a, 0x69, 0x1, 0x1e, 0xc2,

    /* U+1EC6 "Ệ" */
    0x0, 0x87, 0xbf, 0x0, 0x3e, 0xd1, 0x53, 0xa0,
    0xe, 0xb3, 0x8a, 0x55, 0x40, 0x6, 0xbf, 0x70,
    0xaf, 0x80, 0x4, 0xff, 0xff, 0x10, 0x7, 0xff,
    0x5, 0x3f, 0xfe, 0x20, 0xf, 0xfe, 0xba, 0x7f,
    0xfa, 0x40, 0x3f, 0xc2, 0x1, 0x27, 0xff, 0xa0,
    0x3, 0xff, 0xb0, 0x9f, 0xff, 0x10, 0x7, 0xfd,
    0x3f, 0xff, 0xc4, 0x1, 0xa7, 0xe0, 0x3, 0xf2,
    0x2, 0x0, 0x7e, 0xe6, 0xf0, 0xc,

    /* U+1EC7 "ệ" */
    0x0, 0xa7, 0xfc, 0x60, 0x1c, 0xcc, 0x41, 0xd2,
    0x0, 0x92, 0x4a, 0xe8, 0x7c, 0x40, 0x9, 0xfa,
    0x9, 0xfa, 0x20, 0x6, 0xff, 0xee, 0x20, 0x69,
    0x1, 0x1e, 0xc2, 0x80, 0x6e, 0xeb, 0xc8, 0x68,
    0x1, 0x80, 0x10, 0xb0, 0x6, 0xaf, 0xfc, 0x80,
    0x18, 0xd5, 0x7d, 0xa0, 0x9, 0xaa, 0xd3, 0xce,
    0x0, 0xc0, 0x8, 0x7a, 0xea, 0x1, 0xbb, 0xaf,
    0x21, 0xa6, 0x90, 0x11, 0xec, 0x20, 0x6f, 0xfe,
    0xe2, 0x0, 0xc9, 0xfa, 0x1, 0xf6, 0x1, 0x10,
    0x3, 0xd2, 0xf2, 0x40, 0x10,

    /* U+1EC8 "Ỉ" */
    0x1, 0x22, 0x0, 0x13, 0xb7, 0x50, 0x10, 0x14,
    0x6e, 0x5f, 0x6e, 0x40, 0x66, 0x6c, 0x1b, 0x10,
    0x60, 0x64, 0x0, 0x27, 0x48, 0x5, 0x1f, 0xa0,
    0x1f, 0xff, 0xf0, 0xe,

    /* U+1EC9 "ỉ" */
    0x1, 0x22, 0x0, 0x13, 0xb7, 0x50, 0x12, 0x14,
    0x4e, 0x3d, 0x6e, 0x60, 0x3, 0x6c, 0x1c, 0x10,
    0x70, 0x73, 0x0, 0x2f, 0x40, 0x5, 0x1f, 0x80,
    0x1f, 0xfe, 0xc0,

    /* U+1ECA "Ị" */
    0x8f, 0xd0, 0xf, 0xfe, 0xdc, 0x7e, 0xb7, 0xde,
    0x2, 0x43, 0xd0,

    /* U+1ECB "ị" */
    0x7f, 0xb0, 0xb0, 0x40, 0x83, 0x80, 0x4c, 0x70,
    0x8f, 0xc0, 0xf, 0xfe, 0xcc, 0x7e, 0x3, 0xfd,
    0x86, 0x2, 0x4, 0xb5, 0x80,

    /* U+1ECC "Ọ" */
    0x2, 0xef, 0xff, 0x60, 0x81, 0x60, 0x80, 0x78,
    0xf4, 0x78, 0x45, 0x9f, 0xfa, 0x80, 0xe0, 0x0,
    0xc6, 0x1, 0x95, 0x0, 0xc0, 0x3f, 0xff, 0xe0,
    0x1f, 0xf3, 0x98, 0x6, 0x54, 0x3, 0xe1, 0xc,
    0xff, 0xd4, 0x7, 0x5, 0x82, 0x1, 0xe3, 0xd1,
    0x2, 0xef, 0xff, 0x60, 0x80, 0x71, 0xff, 0x8,
    0x7, 0xe5, 0x1, 0x50, 0xf, 0xcc, 0xf0, 0x80,
    0x18,

    /* U+1ECD "ọ" */
    0x6, 0xff, 0xee, 0x20, 0x69, 0x1, 0x18, 0x7,
    0xa, 0x1, 0xbb, 0xb1, 0xd, 0x80, 0x30, 0x2,
    0x17, 0x0, 0xff, 0xeb, 0x60, 0x4, 0x2e, 0x0,
    0x80, 0x6e, 0xec, 0x43, 0x6d, 0x20, 0x23, 0x0,
    0xe1, 0x3, 0x7f, 0xf7, 0x10, 0x6, 0x4f, 0xd1,
    0x0, 0xf1, 0x81, 0x10, 0x3, 0xce, 0xe9, 0x30,
    0x8,

    /* U+1ECE "Ỏ" */
    0x0, 0xe2, 0x20, 0x7, 0xe1, 0xdd, 0xb0, 0x3,
    0xe9, 0x27, 0x63, 0x60, 0xf, 0x55, 0xc9, 0x1,
    0x80, 0x78, 0x93, 0x52, 0x14, 0x3, 0xf1, 0x1b,
    0x80, 0x7f, 0x76, 0x0, 0x78, 0xbb, 0xff, 0xd8,
    0x20, 0x58, 0x20, 0x1e, 0x3d, 0x1e, 0x11, 0x67,
    0xfe, 0xa0, 0x38, 0x0, 0x31, 0x80, 0x65, 0x40,
    0x30, 0xf, 0xff, 0xf8, 0x7, 0xfc, 0xe6, 0x1,
    0x95, 0x0, 0xf8, 0x43, 0x3f, 0xf5, 0x1, 0xc1,
    0x60, 0x80, 0x78, 0xf4, 0x40,

    /* U+1ECF "ỏ" */
    0x0, 0x84, 0x88, 0x1, 0xe2, 0xfd, 0xd5, 0x80,
    0x75, 0x8c, 0x2a, 0x28, 0x6, 0xbb, 0x33, 0x0,
    0x40, 0x31, 0x26, 0x1c, 0xa0, 0x7, 0x9, 0x99,
    0x80, 0x3c, 0x3d, 0x80, 0x1c, 0xdf, 0xfd, 0xc4,
    0xd, 0x20, 0x23, 0x0, 0xe1, 0x40, 0x37, 0x76,
    0x21, 0xb0, 0x6, 0x0, 0x42, 0xe0, 0x1f, 0xfd,
    0x6c, 0x0, 0x85, 0xc0, 0x10, 0xd, 0xdd, 0x88,
    0x6d, 0xa4, 0x4, 0x60, 0x1c, 0x20,

    /* U+1ED0 "Ố" */
    0x0, 0xfe, 0xbc, 0x20, 0xf, 0xca, 0x8c, 0x40,
    0x1c, 0x66, 0x9, 0xb, 0x0, 0xea, 0xcc, 0x3e,
    0x78, 0x80, 0x67, 0x54, 0x28, 0x40, 0xe, 0x39,
    0x2b, 0xf1, 0xa2, 0x0, 0xc7, 0xda, 0x5, 0xdc,
    0x20, 0x8, 0xbb, 0xff, 0xd8, 0x20, 0x58, 0x20,
    0x1e, 0x3d, 0x1e, 0x11, 0x67, 0xfe, 0xa0, 0x38,
    0x0, 0x31, 0x80, 0x65, 0x40, 0x30, 0xf, 0xff,
    0xf8, 0x7, 0xfc, 0xe6, 0x1, 0x95, 0x0, 0xf8,
    0x43, 0x3f, 0xf5, 0x1, 0xc1, 0x60, 0x80, 0x78,
    0xf4, 0x40,

    /* U+1ED1 "ố" */
    0x0, 0xfd, 0x98, 0x20, 0xf, 0x98, 0xd4, 0x80,
    0x3e, 0xb1, 0x80, 0xd, 0x1f, 0xe4, 0xde, 0x10,
    0x9, 0x9d, 0x4a, 0xcc, 0x3, 0x24, 0x1d, 0x78,
    0xf0, 0x80, 0x49, 0xd8, 0x5, 0xda, 0x20, 0x13,
    0x7f, 0xf7, 0x10, 0x1, 0xa4, 0x4, 0x60, 0x1c,
    0x20, 0x80, 0x6e, 0xec, 0x43, 0x60, 0x16, 0x0,
    0x42, 0xe0, 0x1f, 0xfd, 0xac, 0x0, 0x85, 0xc0,
    0x28, 0x6, 0xee, 0xc4, 0x36, 0xd, 0x20, 0x23,
    0x0, 0xe1, 0x0,

    /* U+1ED2 "Ồ" */
    0x0, 0xfa, 0xf0, 0x80, 0x3f, 0xb4, 0xec, 0x3,
    0xe3, 0x33, 0x1b, 0x8, 0x7, 0x56, 0x61, 0xf3,
    0xc4, 0x3, 0x3a, 0xa1, 0x42, 0x0, 0x71, 0xc9,
    0x5f, 0x8d, 0x10, 0x6, 0x3e, 0xd0, 0x2e, 0xe1,
    0x0, 0x45, 0xdf, 0xfe, 0xc1, 0x2, 0xc1, 0x0,
    0xf1, 0xe8, 0xf0, 0x8b, 0x3f, 0xf5, 0x1, 0xc0,
    0x1, 0x8c, 0x3, 0x2a, 0x1, 0x80, 0x7f, 0xff,
    0xc0, 0x3f, 0xe7, 0x30, 0xc, 0xa8, 0x7, 0xc2,
    0x19, 0xff, 0xa8, 0xe, 0xb, 0x4, 0x3, 0xc7,
    0xa2,

    /* U+1ED3 "ồ" */
    0x0, 0xf6, 0x60, 0x40, 0x3e, 0xb3, 0x90, 0xf,
    0x9c, 0x98, 0x3, 0x47, 0xf9, 0x37, 0x80, 0x26,
    0x75, 0x2b, 0x30, 0x9, 0x20, 0xeb, 0xc7, 0x84,
    0x0, 0x9d, 0x80, 0x5d, 0xa2, 0x0, 0x6f, 0xfe,
    0xe2, 0x6, 0x90, 0x11, 0x80, 0x70, 0xa0, 0x1b,
    0xbb, 0x10, 0xd8, 0x3, 0x0, 0x21, 0x70, 0xf,
    0xfe, 0xb6, 0x0, 0x42, 0xe0, 0x8, 0x6, 0xee,
    0xc4, 0x36, 0xd2, 0x2, 0x30, 0xe, 0x10,

    /* U+1ED4 "Ổ" */
    0x0, 0xff, 0xe3, 0xaf, 0xfb, 0x4, 0x3, 0xe8,
    0x3a, 0x37, 0x0, 0xfb, 0x7a, 0x45, 0x40, 0x33,
    0xff, 0x91, 0x47, 0x4c, 0x2, 0x58, 0x31, 0xb4,
    0xd3, 0x0, 0x8e, 0x87, 0x70, 0x34, 0x40, 0x31,
    0xff, 0x9, 0x7f, 0x8, 0x4, 0x5d, 0xff, 0xec,
    0x10, 0x2c, 0x10, 0xf, 0x1e, 0x8f, 0x8, 0xb3,
    0xff, 0x50, 0x1c, 0x0, 0x18, 0xc0, 0x32, 0xa0,
    0x18, 0x7, 0xff, 0xfc, 0x3, 0xfe, 0x73, 0x0,
    0xca, 0x80, 0x7c, 0x21, 0x9f, 0xfa, 0x80, 0xe0,
    0xb0, 0x40, 0x3c, 0x7a, 0x20,

    /* U+1ED5 "ổ" */
    0x0, 0xff, 0xe2, 0xb7, 0xfb, 0x0, 0x3e, 0x84,
    0x93, 0x50, 0xf, 0x74, 0xd0, 0xb8, 0x5, 0x1f,
    0xe4, 0xa1, 0xc2, 0x0, 0x33, 0x98, 0xdd, 0x69,
    0x0, 0x12, 0x4b, 0x74, 0x18, 0x20, 0x12, 0x7e,
    0x89, 0xff, 0x8, 0x4, 0xdf, 0xfd, 0xc4, 0x0,
    0x69, 0x1, 0x18, 0x7, 0x8, 0x20, 0x1b, 0xbb,
    0x10, 0xd8, 0x5, 0x80, 0x10, 0xb8, 0x7, 0xff,
    0x6b, 0x0, 0x21, 0x70, 0xa, 0x1, 0xbb, 0xb1,
    0xd, 0x83, 0x48, 0x8, 0xc0, 0x38, 0x40,

    /* U+1ED6 "Ỗ" */
    0x0, 0xc2, 0x1, 0x8, 0x7, 0xa3, 0xb8, 0x93,
    0xc0, 0x1c, 0x4e, 0xcf, 0x6c, 0xc0, 0xe, 0x2c,
    0x89, 0xdc, 0x90, 0xf, 0x1b, 0x7e, 0xb8, 0x7,
    0xcb, 0x6, 0x36, 0x60, 0x1c, 0x74, 0x3b, 0x81,
    0xa2, 0x1, 0x8f, 0xf8, 0x4b, 0xf8, 0x40, 0x22,
    0xef, 0xff, 0x60, 0x81, 0x60, 0x80, 0x78, 0xf4,
    0x78, 0x45, 0x9f, 0xfa, 0x80, 0xe0, 0x0, 0xc6,
    0x1, 0x95, 0x0, 0xc0, 0x3f, 0xff, 0xe0, 0x1f,
    0xf3, 0x98, 0x6, 0x54, 0x3, 0xe1, 0xc, 0xff,
    0xd4, 0x7, 0x5, 0x82, 0x1, 0xe3, 0xd1,

    /* U+1ED7 "ỗ" */
    0x0, 0x88, 0x0, 0x22, 0x0, 0xd3, 0xbc, 0x77,
    0xc0, 0x11, 0xb3, 0xa6, 0x2b, 0x80, 0x47, 0x93,
    0x59, 0x88, 0x0, 0xc7, 0x3f, 0x8e, 0x1, 0xcc,
    0xe6, 0x36, 0x40, 0x12, 0x49, 0x6e, 0x83, 0x4,
    0x0, 0x9f, 0xa2, 0x7f, 0xc2, 0x0, 0x6f, 0xfe,
    0xe2, 0x6, 0x90, 0x11, 0x80, 0x70, 0xa0, 0x1b,
    0xbb, 0x10, 0xd8, 0x3, 0x0, 0x21, 0x70, 0xf,
    0xfe, 0xb6, 0x0, 0x42, 0xe0, 0x8, 0x6, 0xee,
    0xc4, 0x36, 0xd2, 0x2, 0x30, 0xe, 0x10,

    /* U+1ED8 "Ộ" */
    0x0, 0xcf, 0xfe, 0x40, 0xf, 0x96, 0xc, 0x6c,
    0xc0, 0x38, 0xe8, 0x77, 0x3, 0x44, 0x3, 0x1f,
    0xf0, 0x97, 0xf0, 0x80, 0x45, 0xdf, 0xfe, 0xc1,
    0x2, 0xc1, 0x0, 0xf1, 0xe8, 0xf0, 0x8b, 0x3f,
    0xf5, 0x1, 0xc0, 0x1, 0x8c, 0x3, 0x2a, 0x1,
    0x80, 0x7f, 0xff, 0xc0, 0x3f, 0xe7, 0x30, 0xc,
    0xa8, 0x7, 0xc2, 0x19, 0xff, 0xa8, 0xe, 0xb,
    0x4, 0x3, 0xc7, 0xa2, 0x5, 0xdf, 0xfe, 0xc1,
    0x0, 0xe3, 0xfe, 0x10, 0xf, 0xca, 0x2, 0xa0,
    0x1f, 0x99, 0xe1, 0x0, 0x30,

    /* U+1ED9 "ộ" */
    0x0, 0xa3, 0xfc, 0x80, 0x1c, 0xce, 0x63, 0x64,
    0x1, 0x24, 0x96, 0xe8, 0x30, 0x40, 0x9, 0xfa,
    0x27, 0xfc, 0x20, 0x6, 0xff, 0xee, 0x20, 0x69,
    0x1, 0x18, 0x7, 0xa, 0x1, 0xbb, 0xb1, 0xd,
    0x80, 0x30, 0x2, 0x17, 0x0, 0xff, 0xeb, 0x60,
    0x4, 0x2e, 0x0, 0x80, 0x6e, 0xec, 0x43, 0x6d,
    0x20, 0x23, 0x0, 0xe1, 0x3, 0x7f, 0xf7, 0x10,
    0x6, 0x4f, 0xd1, 0x0, 0xf1, 0x81, 0x10, 0x3,
    0xce, 0xe9, 0x30, 0x8,

    /* U+1EDA "Ớ" */
    0x0, 0xf1, 0xa9, 0x80, 0x7f, 0xf0, 0x36, 0x98,
    0x3, 0xfe, 0x61, 0x35, 0x0, 0xff, 0xac, 0x3c,
    0x3, 0xff, 0x81, 0xbe, 0x60, 0x1f, 0x8b, 0xbf,
    0xfd, 0xa2, 0xd, 0xf2, 0x78, 0x20, 0x1e, 0x2c,
    0x2c, 0x1, 0xf1, 0x16, 0x7f, 0xeb, 0x2, 0xd5,
    0x2a, 0x0, 0x31, 0x80, 0x64, 0x40, 0xa, 0xe1,
    0x0, 0x7f, 0xc9, 0x42, 0x1, 0xff, 0xff, 0x0,
    0xff, 0xe3, 0x39, 0x80, 0x65, 0x40, 0x30, 0xb,
    0x84, 0x33, 0xff, 0x50, 0x1c, 0x0, 0x45, 0x82,
    0x1, 0xe3, 0xd1, 0x0, 0x80,

    /* U+1EDB "ớ" */
    0x0, 0xed, 0xf7, 0x0, 0xfe, 0x52, 0x17, 0x0,
    0xfe, 0x90, 0xb0, 0xf, 0xf4, 0xda, 0x80, 0x7c,
    0xdf, 0xea, 0xbf, 0xe2, 0x0, 0x7f, 0x34, 0x80,
    0x8c, 0x3, 0x84, 0x80, 0x8, 0x6, 0xee, 0xc4,
    0x3b, 0x61, 0x0, 0xc, 0x0, 0x85, 0xc0, 0x4a,
    0x58, 0x3, 0xf9, 0xf5, 0x80, 0x3f, 0xfa, 0x38,
    0x1, 0xb, 0x80, 0x74, 0x3, 0x77, 0x62, 0x1b,
    0x0, 0x9a, 0x40, 0x46, 0x1, 0xc2, 0x0, 0x80,

    /* U+1EDC "Ờ" */
    0x0, 0x91, 0x44, 0x3, 0xff, 0x81, 0xd5, 0x60,
    0x1f, 0xfc, 0xb, 0x5, 0x20, 0xf, 0xf8, 0x60,
    0x2c, 0x3, 0xff, 0x80, 0xff, 0x20, 0x1f, 0xc5,
    0xdf, 0xfe, 0xd1, 0x6, 0xf9, 0x3c, 0x10, 0xf,
    0x16, 0x16, 0x0, 0xf8, 0x8b, 0x3f, 0xf5, 0x81,
    0x6a, 0x95, 0x0, 0x18, 0xc0, 0x32, 0x20, 0x5,
    0x70, 0x80, 0x3f, 0xe4, 0xa1, 0x0, 0xff, 0xff,
    0x80, 0x7f, 0xf1, 0x9c, 0xc0, 0x32, 0xa0, 0x18,
    0x5, 0xc2, 0x19, 0xff, 0xa8, 0xe, 0x0, 0x22,
    0xc1, 0x0, 0xf1, 0xe8, 0x80, 0x40,

    /* U+1EDD "ờ" */
    0x0, 0x6f, 0xb8, 0x7, 0xfa, 0x2, 0x40, 0x3f,
    0xca, 0x82, 0xc0, 0x1f, 0xea, 0xa2, 0x80, 0x7e,
    0x6f, 0xea, 0xcf, 0xe2, 0x0, 0x7f, 0x34, 0x80,
    0x8c, 0x3, 0x84, 0x80, 0x8, 0x6, 0xee, 0xc4,
    0x3b, 0x61, 0x0, 0xc, 0x0, 0x85, 0xc0, 0x4a,
    0x58, 0x3, 0xf9, 0xf5, 0x80, 0x3f, 0xfa, 0x38,
    0x1, 0xb, 0x80, 0x74, 0x3, 0x77, 0x62, 0x1b,
    0x0, 0x9a, 0x40, 0x46, 0x1, 0xc2, 0x0, 0x80,

    /* U+1EDE "Ở" */
    0x0, 0xe2, 0x20, 0x7, 0xfc, 0x3b, 0xb6, 0x0,
    0x7f, 0xa4, 0x9d, 0x8d, 0x80, 0x3f, 0xaa, 0xe4,
    0x80, 0xc0, 0x3f, 0x89, 0x35, 0x21, 0x40, 0x3f,
    0xe2, 0x37, 0x0, 0xff, 0xe0, 0x76, 0x0, 0x7f,
    0x17, 0x7f, 0xfb, 0x44, 0x1b, 0xe4, 0xf0, 0x40,
    0x3c, 0x58, 0x58, 0x3, 0xe2, 0x2c, 0xff, 0xd6,
    0x5, 0xaa, 0x54, 0x0, 0x63, 0x0, 0xc8, 0x80,
    0x15, 0xc2, 0x0, 0xff, 0x92, 0x84, 0x3, 0xff,
    0xfe, 0x1, 0xff, 0xc6, 0x73, 0x0, 0xca, 0x80,
    0x60, 0x17, 0x8, 0x67, 0xfe, 0xa0, 0x38, 0x0,
    0x8b, 0x4, 0x3, 0xc7, 0xa2, 0x1, 0x0,

    /* U+1EDF "ở" */
    0x0, 0x84, 0x88, 0x1, 0xfc, 0x5f, 0xba, 0xb0,
    0xf, 0xd6, 0x30, 0xa8, 0xa0, 0x1f, 0x5d, 0x99,
    0x80, 0x20, 0x1f, 0x12, 0x61, 0xca, 0x0, 0x7e,
    0x13, 0x33, 0x0, 0x7f, 0xf, 0x60, 0x7, 0xe6,
    0xff, 0xee, 0x20, 0x7, 0xf3, 0x48, 0x8, 0xc0,
    0x38, 0x48, 0x0, 0x80, 0x6e, 0xec, 0x43, 0xb6,
    0x10, 0x0, 0xc0, 0x8, 0x5c, 0x4, 0xa5, 0x80,
    0x3f, 0x9f, 0x58, 0x3, 0xff, 0xa3, 0x80, 0x10,
    0xb8, 0x7, 0x40, 0x37, 0x76, 0x21, 0xb0, 0x9,
    0xa4, 0x4, 0x60, 0x1c, 0x20, 0x8,

    /* U+1EE0 "Ỡ" */
    0x0, 0xa3, 0xf8, 0xe3, 0xc8, 0x3, 0xe4, 0x73,
    0x36, 0x39, 0x18, 0x7, 0xcc, 0xfd, 0xb1, 0xc,
    0x10, 0xf, 0x8a, 0x8, 0x1d, 0xc2, 0x1, 0xf1,
    0x77, 0xff, 0xb4, 0x41, 0xbe, 0x4f, 0x4, 0x3,
    0xc5, 0x85, 0x80, 0x3e, 0x22, 0xcf, 0xfd, 0x60,
    0x5a, 0xa5, 0x40, 0x6, 0x30, 0xc, 0x88, 0x1,
    0x5c, 0x20, 0xf, 0xf9, 0x28, 0x40, 0x3f, 0xff,
    0xe0, 0x1f, 0xfc, 0x67, 0x30, 0xc, 0xa8, 0x6,
    0x1, 0x70, 0x86, 0x7f, 0xea, 0x3, 0x80, 0x8,
    0xb0, 0x40, 0x3c, 0x7a, 0x20, 0x10,

    /* U+1EE1 "ỡ" */
    0x0, 0x57, 0xf2, 0xd7, 0x88, 0x7, 0x2a, 0x8c,
    0xd4, 0xa8, 0x20, 0x1c, 0x95, 0xba, 0xba, 0xb0,
    0xf, 0xa, 0x88, 0x22, 0x80, 0x7c, 0xdf, 0xfd,
    0xc4, 0x0, 0xfe, 0x69, 0x1, 0x18, 0x7, 0x9,
    0x0, 0x10, 0xd, 0xdd, 0x88, 0x76, 0xc2, 0x0,
    0x18, 0x1, 0xb, 0x80, 0x94, 0xb0, 0x7, 0xf3,
    0xeb, 0x0, 0x7f, 0xf4, 0x70, 0x2, 0x17, 0x0,
    0xe8, 0x6, 0xee, 0xc4, 0x36, 0x1, 0x34, 0x80,
    0x8c, 0x3, 0x84, 0x1, 0x0,

    /* U+1EE2 "Ợ" */
    0x2, 0xef, 0xff, 0x68, 0x83, 0x7c, 0x9e, 0x8,
    0x7, 0x8b, 0xb, 0x0, 0x7c, 0x45, 0x9f, 0xfa,
    0xc0, 0xb5, 0x4a, 0x80, 0xc, 0x60, 0x19, 0x10,
    0x2, 0xb8, 0x40, 0x1f, 0xf2, 0x50, 0x80, 0x7f,
    0xff, 0xc0, 0x3f, 0xf8, 0xce, 0x60, 0x19, 0x50,
    0xc, 0x2, 0xe1, 0xc, 0xff, 0xd4, 0x7, 0x0,
    0x11, 0x60, 0x80, 0x78, 0xf4, 0x40, 0x31, 0x77,
    0xff, 0xb0, 0x40, 0x3f, 0x1f, 0xf0, 0x80, 0x7f,
    0xca, 0x2, 0xa0, 0x1f, 0xf3, 0x3c, 0x20, 0x7,
    0xc0,

    /* U+1EE3 "ợ" */
    0x6, 0xff, 0xee, 0x20, 0x7, 0xf3, 0x48, 0x8,
    0xc0, 0x38, 0x48, 0x0, 0x80, 0x6e, 0xec, 0x43,
    0xb6, 0x10, 0x0, 0xc0, 0x8, 0x5c, 0x4, 0xa5,
    0x80, 0x3f, 0x9f, 0x58, 0x3, 0xff, 0xa3, 0x80,
    0x10, 0xb8, 0x7, 0x40, 0x37, 0x76, 0x21, 0xb0,
    0x9, 0xa4, 0x4, 0x60, 0x1c, 0x20, 0xc, 0xdf,
    0xfd, 0xc4, 0x1, 0xf2, 0x7e, 0x88, 0x7, 0xf1,
    0x81, 0x10, 0x3, 0xf9, 0xdd, 0x26, 0x1, 0xe0,

    /* U+1EE4 "Ụ" */
    0x9f, 0xb0, 0xf, 0x77, 0xb8, 0x7, 0xff, 0xfc,
    0x3, 0xff, 0xc2, 0x20, 0x8c, 0x1, 0xa0, 0x40,
    0xa1, 0x2, 0x7f, 0xf3, 0x83, 0x28, 0x5a, 0x0,
    0x79, 0xa4, 0x2, 0xbf, 0xff, 0x48, 0x7, 0x8b,
    0xf8, 0x80, 0x3f, 0x38, 0xb, 0x0, 0x7e, 0x57,
    0x84, 0x0, 0xc0,

    /* U+1EE5 "ụ" */
    0xcf, 0x70, 0xd, 0xde, 0xa0, 0x1f, 0xfe, 0xc7,
    0x10, 0xd, 0x80, 0x7, 0x80, 0xa, 0x1, 0x3f,
    0xd0, 0x46, 0x0, 0x4b, 0x0, 0x8b, 0x1c, 0x2,
    0x4f, 0xfb, 0x46, 0xfd, 0x40, 0x24, 0xfd, 0x10,
    0xf, 0x18, 0x11, 0x80, 0x79, 0xdd, 0x24, 0x1,
    0x0,

    /* U+1EE6 "Ủ" */
    0x0, 0xe2, 0x20, 0x7, 0xe1, 0xdd, 0xb0, 0x3,
    0xe9, 0x27, 0x63, 0x60, 0xf, 0x55, 0xc9, 0x1,
    0x80, 0x78, 0x93, 0x52, 0x14, 0x3, 0xf1, 0x1b,
    0x80, 0x7f, 0x76, 0x0, 0x74, 0xfd, 0x80, 0x7b,
    0xbd, 0xc0, 0x3f, 0xff, 0xe0, 0x1f, 0xfe, 0x11,
    0x4, 0x60, 0xd, 0x2, 0x5, 0x8, 0x13, 0xff,
    0x9c, 0x19, 0x42, 0xd0, 0x3, 0xcd, 0x20,

    /* U+1EE7 "ủ" */
    0x0, 0x84, 0x88, 0x1, 0xe2, 0xfd, 0xd5, 0x0,
    0x74, 0xc, 0xa2, 0xa0, 0x6, 0x9b, 0x76, 0x7,
    0x0, 0xc6, 0xb8, 0x52, 0x60, 0x1c, 0x66, 0x46,
    0x0, 0xf1, 0x75, 0x80, 0x6c, 0xf7, 0x0, 0xdd,
    0xea, 0x1, 0xff, 0xec, 0x71, 0x0, 0xd8, 0x0,
    0x78, 0x0, 0xa0, 0x13, 0xfd, 0x4, 0x60, 0x4,
    0xb0, 0x8, 0xb1, 0xc0, 0x0,

    /* U+1EE8 "Ứ" */
    0x0, 0xf1, 0xa9, 0x80, 0x7f, 0xf0, 0x36, 0x98,
    0x3, 0xfe, 0x61, 0x35, 0x0, 0xff, 0xac, 0x3c,
    0x3, 0xff, 0x81, 0xbe, 0x60, 0x1f, 0x4f, 0xd8,
    0x7, 0xbb, 0xdc, 0xff, 0x0, 0x3f, 0xf8, 0x8,
    0x1, 0xff, 0xc1, 0x88, 0xf, 0x80, 0x7f, 0xc4,
    0x9a, 0x60, 0x1f, 0xf5, 0x59, 0x80, 0x7f, 0xff,
    0xc0, 0x3f, 0xf8, 0x82, 0x8, 0xc0, 0x1a, 0x4,
    0x8, 0x2, 0x84, 0x9, 0xff, 0xce, 0xc, 0xa0,
    0x1a, 0xd0, 0x3, 0xcd, 0x20, 0x18,

    /* U+1EE9 "ứ" */
    0x0, 0xee, 0xf6, 0x0, 0xfe, 0x61, 0x26, 0x0,
    0xfe, 0xb0, 0x90, 0xf, 0xf4, 0x5a, 0x0, 0x7b,
    0x3d, 0xc1, 0x50, 0x3b, 0xd5, 0x3e, 0xc0, 0x3f,
    0xd8, 0x2, 0x1, 0xfd, 0x4e, 0x30, 0x1, 0xfc,
    0x69, 0x84, 0x1, 0xfd, 0x36, 0x40, 0x1f, 0xfc,
    0x88, 0x10, 0xf, 0xb0, 0x0, 0xee, 0x0, 0xf4,
    0x2, 0x7f, 0xa0, 0x8c, 0x3, 0x92, 0xc0, 0x22,
    0xc7, 0x0, 0xe0,

    /* U+1EEA "Ừ" */
    0x0, 0x91, 0x48, 0x3, 0xff, 0x80, 0x75, 0xe0,
    0x1f, 0xfc, 0x7, 0x22, 0x28, 0x7, 0xff, 0x2,
    0x42, 0x40, 0x3f, 0xf8, 0x9, 0xf8, 0x1, 0xfa,
    0x7e, 0xc0, 0x3d, 0xde, 0xe7, 0xf8, 0x1, 0xff,
    0xc0, 0x40, 0xf, 0xfe, 0xc, 0x40, 0x7c, 0x3,
    0xfe, 0x24, 0xd3, 0x0, 0xff, 0xaa, 0xcc, 0x3,
    0xff, 0xfe, 0x1, 0xff, 0xc4, 0x10, 0x46, 0x0,
    0xd0, 0x20, 0x40, 0x14, 0x20, 0x4f, 0xfe, 0x70,
    0x65, 0x0, 0xd6, 0x80, 0x1e, 0x69, 0x0, 0xc0,

    /* U+1EEB "ừ" */
    0x0, 0x77, 0xb0, 0x7, 0xfa, 0xc2, 0xc0, 0x3f,
    0xca, 0x64, 0xa0, 0x1f, 0xed, 0xa6, 0x0, 0xfb,
    0x3d, 0xc5, 0x4c, 0x3b, 0xd5, 0x3e, 0xc0, 0x3f,
    0xd8, 0x2, 0x1, 0xfd, 0x4e, 0x30, 0x1, 0xfc,
    0x69, 0x84, 0x1, 0xfd, 0x36, 0x40, 0x1f, 0xfc,
    0x88, 0x10, 0xf, 0xb0, 0x0, 0xee, 0x0, 0xf4,
    0x2, 0x7f, 0xa0, 0x8c, 0x3, 0x92, 0xc0, 0x22,
    0xc7, 0x0, 0xe0,

    /* U+1EEC "Ử" */
    0x0, 0xe2, 0x20, 0x7, 0xfc, 0x3b, 0xb6, 0x0,
    0x7f, 0xa4, 0x9d, 0x8d, 0x80, 0x3f, 0xaa, 0xe4,
    0x80, 0xc0, 0x3f, 0x89, 0x35, 0x21, 0x40, 0x3f,
    0xe2, 0x37, 0x0, 0xff, 0xe0, 0x76, 0x0, 0x7e,
    0x9f, 0xb0, 0xf, 0x77, 0xb9, 0xfe, 0x0, 0x7f,
    0xf0, 0x10, 0x3, 0xff, 0x83, 0x10, 0x1f, 0x0,
    0xff, 0x89, 0x34, 0xc0, 0x3f, 0xea, 0xb3, 0x0,
    0xff, 0xff, 0x80, 0x7f, 0xf1, 0x4, 0x11, 0x80,
    0x34, 0x8, 0x10, 0x5, 0x8, 0x13, 0xff, 0x9c,
    0x19, 0x40, 0x35, 0xa0, 0x7, 0x9a, 0x40, 0x30,

    /* U+1EED "ử" */
    0x0, 0x84, 0x88, 0x1, 0xfc, 0x5f, 0xba, 0xa0,
    0xf, 0xd0, 0x32, 0x8a, 0x80, 0x1f, 0x4d, 0xbb,
    0x3, 0x80, 0x7c, 0x6b, 0x85, 0x26, 0x1, 0xf8,
    0xcc, 0x8c, 0x1, 0xfc, 0x5d, 0x60, 0x1f, 0x67,
    0xb8, 0x6, 0xef, 0x54, 0xfb, 0x0, 0xff, 0x60,
    0x8, 0x7, 0xf5, 0x38, 0xc0, 0x7, 0xf1, 0xa6,
    0x10, 0x7, 0xf4, 0xd9, 0x0, 0x7f, 0xf2, 0x20,
    0x40, 0x3e, 0xc0, 0x3, 0xb8, 0x3, 0xd0, 0x9,
    0xfe, 0x82, 0x30, 0xe, 0x4b, 0x0, 0x8b, 0x1c,
    0x3, 0x80,

    /* U+1EEE "Ữ" */
    0x0, 0xa3, 0xf8, 0xe3, 0xc8, 0x3, 0xe4, 0x73,
    0x36, 0x39, 0x18, 0x7, 0xcc, 0xfd, 0xb1, 0xc,
    0x10, 0xf, 0x8a, 0x8, 0x1d, 0xc2, 0x1, 0xe9,
    0xfb, 0x0, 0xf7, 0x7b, 0x9f, 0xe0, 0x7, 0xff,
    0x1, 0x0, 0x3f, 0xf8, 0x31, 0x1, 0xf0, 0xf,
    0xf8, 0x93, 0x4c, 0x3, 0xfe, 0xab, 0x30, 0xf,
    0xff, 0xf8, 0x7, 0xff, 0x10, 0x41, 0x18, 0x3,
    0x40, 0x81, 0x0, 0x50, 0x81, 0x3f, 0xf9, 0xc1,
    0x94, 0x3, 0x5a, 0x0, 0x79, 0xa4, 0x3, 0x0,

    /* U+1EEF "ữ" */
    0x0, 0x57, 0xea, 0x5f, 0x80, 0x79, 0x95, 0xe,
    0xd1, 0x0, 0x1e, 0x4a, 0xa7, 0x55, 0xd8, 0x3,
    0xc4, 0xa2, 0xa, 0x80, 0x1e, 0xcf, 0x70, 0xd,
    0xde, 0xa9, 0xf6, 0x1, 0xfe, 0xc0, 0x10, 0xf,
    0xea, 0x71, 0x80, 0xf, 0xe3, 0x4c, 0x20, 0xf,
    0xe9, 0xb2, 0x0, 0xff, 0xe4, 0x40, 0x80, 0x7d,
    0x80, 0x7, 0x70, 0x7, 0xa0, 0x13, 0xfd, 0x4,
    0x60, 0x1c, 0x96, 0x1, 0x16, 0x38, 0x7, 0x0,

    /* U+1EF0 "Ự" */
    0x9f, 0xb0, 0xf, 0x77, 0xb9, 0xfe, 0x0, 0x7f,
    0xf0, 0x10, 0x3, 0xff, 0x83, 0x10, 0x1f, 0x0,
    0xff, 0x89, 0x34, 0xc0, 0x3f, 0xea, 0xb3, 0x0,
    0xff, 0xff, 0x80, 0x7f, 0xf1, 0x4, 0x11, 0x80,
    0x34, 0x8, 0x10, 0x5, 0x8, 0x13, 0xff, 0x9c,
    0x19, 0x40, 0x35, 0xa0, 0x7, 0x9a, 0x40, 0x3d,
    0x7f, 0xfe, 0x90, 0xf, 0xe2, 0xfe, 0x20, 0xf,
    0xf9, 0xc0, 0x58, 0x3, 0xfe, 0x57, 0x84, 0x0,
    0xf8,

    /* U+1EF1 "ự" */
    0xcf, 0x70, 0xd, 0xde, 0xa9, 0xf6, 0x1, 0xfe,
    0xc0, 0x10, 0xf, 0xea, 0x71, 0x80, 0xf, 0xe3,
    0x4c, 0x20, 0xf, 0xe9, 0xb2, 0x0, 0xff, 0xe4,
    0x40, 0x80, 0x7d, 0x80, 0x7, 0x70, 0x7, 0xa0,
    0x13, 0xfd, 0x4, 0x60, 0x1c, 0x96, 0x1, 0x16,
    0x38, 0x7, 0x93, 0xfe, 0xd1, 0xbf, 0x50, 0xf,
    0x27, 0xe8, 0x80, 0x7f, 0x18, 0x11, 0x80, 0x7f,
    0x3b, 0xa4, 0x80, 0x3c,

    /* U+1EF2 "Ỳ" */
    0x0, 0x8d, 0x4c, 0x3, 0xfc, 0xb5, 0xa0, 0x1f,
    0xe6, 0x31, 0x60, 0xf, 0xf7, 0x85, 0x80, 0x7f,
    0x8f, 0xf4, 0x3, 0xd3, 0xfc, 0x1, 0xe8, 0xfe,
    0x18, 0x11, 0x40, 0x6, 0x27, 0x8, 0x11, 0x40,
    0x39, 0x0, 0x52, 0x6, 0xc0, 0x6, 0x30, 0x80,
    0x2, 0x20, 0x3c, 0x3, 0x78, 0x2a, 0x4, 0x83,
    0x18, 0x6, 0x36, 0x9, 0x72, 0x18, 0x0, 0xf4,
    0x9, 0x40, 0x40, 0x80, 0x78, 0x60, 0x0, 0x6c,
    0x1, 0xf9, 0x80, 0x14, 0x1, 0xff, 0xc0, 0x30,
    0xf, 0xff, 0x68,

    /* U+1EF3 "ỳ" */
    0x0, 0x77, 0xb0, 0x7, 0xd6, 0x16, 0x1, 0xf2,
    0x99, 0x28, 0x7, 0xdb, 0x4c, 0x1, 0xb3, 0xdc,
    0x54, 0xc3, 0x7d, 0x80, 0x3f, 0xfd, 0x8e, 0x40,
    0x1b, 0x0, 0xd, 0x0, 0x14, 0x2, 0x7f, 0xa4,
    0x84, 0x0, 0x96, 0x1, 0x16, 0x18, 0x4, 0xbf,
    0xf6, 0x88, 0x5, 0x1d, 0xa0, 0x11, 0x10, 0x1,
    0x60, 0x5d, 0xd6, 0x81, 0xb9, 0xd8, 0x8, 0xc0,
    0x78, 0x20,

    /* U+1EF4 "Ỵ" */
    0x9f, 0xe0, 0xf, 0x47, 0xf0, 0xc0, 0x8a, 0x0,
    0x31, 0x38, 0x40, 0x8a, 0x1, 0xc8, 0x2, 0x90,
    0x36, 0x0, 0x31, 0x84, 0x0, 0x11, 0x1, 0xe0,
    0x1b, 0xc1, 0x50, 0x24, 0x18, 0xc0, 0x31, 0xb0,
    0x4b, 0x90, 0xc0, 0x7, 0xa0, 0x4a, 0x2, 0x4,
    0x3, 0xc3, 0x0, 0x3, 0x60, 0xf, 0xcc, 0x0,
    0xa0, 0xf, 0xfe, 0x1, 0x80, 0x7f, 0xfc, 0xbf,
    0xca, 0x1, 0xfe, 0xdf, 0x40, 0xf, 0xe2, 0x20,
    0x60, 0x7, 0xf1, 0x4b, 0xc8, 0x7, 0x0,

    /* U+1EF5 "ỵ" */
    0xcf, 0x70, 0xd, 0xbe, 0xc0, 0x1f, 0xfe, 0xc7,
    0x20, 0xd, 0x80, 0x6, 0x80, 0xa, 0x1, 0x3f,
    0xd2, 0x42, 0x0, 0x4b, 0x0, 0x8b, 0xc, 0x2,
    0x5f, 0xfb, 0x44, 0x2, 0x8e, 0xd0, 0x8, 0x88,
    0x0, 0xb0, 0x2e, 0xeb, 0x40, 0xdc, 0xec, 0x4,
    0x60, 0x3c, 0x10, 0x4f, 0xfe, 0xc0, 0xe, 0x3f,
    0xe1, 0x0, 0xf2, 0x80, 0xa8, 0x7, 0x99, 0xe1,
    0x0, 0x20,

    /* U+1EF6 "Ỷ" */
    0x0, 0xe2, 0x20, 0x80, 0x7f, 0x56, 0xeb, 0xc8,
    0x3, 0xe4, 0x54, 0x91, 0x80, 0xf, 0x96, 0xe4,
    0x40, 0xc0, 0x3e, 0x14, 0xa8, 0x49, 0x0, 0xfe,
    0x21, 0x90, 0xf, 0xf5, 0x71, 0x0, 0x74, 0xff,
    0x0, 0x7a, 0x3f, 0x86, 0x4, 0x50, 0x1, 0x89,
    0xc2, 0x4, 0x50, 0xe, 0x40, 0x14, 0x81, 0xb0,
    0x1, 0x8c, 0x20, 0x0, 0x88, 0xf, 0x0, 0xde,
    0xa, 0x81, 0x20, 0xc6, 0x1, 0x8d, 0x82, 0x5c,
    0x86, 0x0, 0x3d, 0x2, 0x50, 0x10, 0x20, 0x1e,
    0x18, 0x0, 0x1b, 0x0, 0x7e, 0x60, 0x5, 0x0,
    0x7f, 0xf0, 0xc, 0x3, 0xff, 0xda,

    /* U+1EF7 "ỷ" */
    0x0, 0x84, 0x88, 0x1, 0xe2, 0xfd, 0xd5, 0x0,
    0x74, 0xc, 0xa2, 0xa0, 0x6, 0x8b, 0x77, 0x3,
    0x80, 0x62, 0x4c, 0x39, 0x30, 0xe, 0x23, 0x46,
    0x0, 0xf1, 0x75, 0x80, 0x6c, 0xf7, 0x0, 0xdb,
    0xec, 0x1, 0xff, 0xec, 0x72, 0x0, 0xd8, 0x0,
    0x68, 0x0, 0xa0, 0x13, 0xfd, 0x24, 0x20, 0x4,
    0xb0, 0x8, 0xb0, 0xc0, 0x25, 0xff, 0xb4, 0x40,
    0x28, 0xed, 0x0, 0x88, 0x80, 0xb, 0x2, 0xee,
    0xb4, 0xd, 0xce, 0xc0, 0x46, 0x3, 0xc1,

    /* U+1EF8 "Ỹ" */
    0x0, 0x93, 0xfc, 0xe9, 0xee, 0x1, 0xeb, 0x14,
    0x8b, 0x4, 0x0, 0xf3, 0xdd, 0xa9, 0xf0, 0xc0,
    0x3d, 0xa, 0xb, 0x6, 0x1, 0xa7, 0xf8, 0x3,
    0xd1, 0xfc, 0x30, 0x22, 0x80, 0xc, 0x4e, 0x10,
    0x22, 0x80, 0x72, 0x0, 0xa4, 0xd, 0x80, 0xc,
    0x61, 0x0, 0x4, 0x40, 0x78, 0x6, 0xf0, 0x54,
    0x9, 0x6, 0x30, 0xc, 0x6c, 0x12, 0xe4, 0x30,
    0x1, 0xe8, 0x12, 0x80, 0x81, 0x0, 0xf0, 0xc0,
    0x0, 0xd8, 0x3, 0xf3, 0x0, 0x28, 0x3, 0xff,
    0x80, 0x60, 0x1f, 0xfe, 0xd0,

    /* U+1EF9 "ỹ" */
    0x0, 0x57, 0xf2, 0x5f, 0x88, 0x1, 0x95, 0x2,
    0xd1, 0x2, 0x0, 0x4a, 0xa7, 0x55, 0xd8, 0x2,
    0x25, 0x10, 0x54, 0x0, 0xb3, 0xdc, 0x3, 0x6f,
    0xb0, 0x7, 0xff, 0xb1, 0xc8, 0x3, 0x60, 0x1,
    0xa0, 0x2, 0x80, 0x4f, 0xf4, 0x90, 0x80, 0x12,
    0xc0, 0x22, 0xc3, 0x0, 0x97, 0xfe, 0xd1, 0x0,
    0xa3, 0xb4, 0x2, 0x22, 0x0, 0x2c, 0xb, 0xba,
    0xd0, 0x37, 0x3b, 0x1, 0x18, 0xf, 0x4,

    /* U+2013 "–" */
    0x1f, 0xff, 0xf5, 0x80, 0x7f, 0xf0, 0x0,

    /* U+2014 "—" */
    0x1f, 0xff, 0xfe, 0x7, 0x0, 0x7f, 0xf0, 0x44,

    /* U+2022 "•" */
    0x0, 0x3b, 0x8c, 0x1, 0x91, 0xd, 0x21, 0x30,
    0x0, 0xa0, 0x7, 0x18, 0xd0, 0x1, 0x54,

    /* U+2026 "…" */
    0x7, 0xa2, 0x1, 0xa8, 0x0, 0x35, 0x98, 0xc2,
    0xc0, 0x42, 0xb9, 0x84, 0xa7, 0x89, 0x87, 0x86,
    0x81, 0x10, 0x10, 0x2c,

    /* U+2192 "→" */
    0x0, 0xfc, 0x33, 0x0, 0x1f, 0xf0, 0x89, 0xe8,
    0x2, 0x44, 0xfd, 0x84, 0xb0, 0x3, 0x77, 0xfc,
    0x40, 0xe6, 0x4, 0x5f, 0xc0, 0x1, 0x21, 0xdd,
    0xfd, 0xe2, 0x1a, 0x20, 0x1f, 0xde, 0x36, 0x60,
    0x1f, 0xef, 0xd4, 0x0, 0x0
};


/*---------------------
 *  GLYPH DESCRIPTION
 *--------------------*/

static const lv_font_fmt_txt_glyph_dsc_t glyph_dsc[] = {
    {.bitmap_index = 0, .adv_w = 0, .box_w = 0, .box_h = 0, .ofs_x = 0, .ofs_y = 0} /* id = 0 reserved */,
    {.bitmap_index = 0, .adv_w = 84, .box_w = 0, .box_h = 0, .ofs_x = 0, .ofs_y = 0},
    {.bitmap_index = 0, .adv_w = 84, .box_w = 3, .box_h = 14, .ofs_x = 1, .ofs_y = 0},
    {.bitmap_index = 19, .adv_w = 134, .box_w = 7, .box_h = 6, .ofs_x = 1, .ofs_y = 8},
    {.bitmap_index = 39, .adv_w = 226, .box_w = 14, .box_h = 14, .ofs_x = 0, .ofs_y = 0},
    {.bitmap_index = 124, .adv_w = 201, .box_w = 11, .box_h = 19, .ofs_x = 1, .ofs_y = -2},
    {.bitmap_index = 206, .adv_w = 275, .box_w = 17, .box_h = 14, .ofs_x = 0, .ofs_y = 0},
    {.bitmap_index = 305, .adv_w = 209, .box_w = 12, .box_h = 14, .ofs_x = 1, .ofs_y = 0},
    {.bitmap_index = 369, .adv_w = 76, .box_w = 3, .box_h = 6, .ofs_x = 1, .ofs_y = 8},
    {.bitmap_index = 377, .adv_w = 107, .box_w = 6, .box_h = 19, .ofs_x = 1, .ofs_y = -2},
    {.bitmap_index = 400, .adv_w = 107, .box_w = 6, .box_h = 19, .ofs_x = 0, .ofs_y = -2},
    {.bitmap_index = 425, .adv_w = 111, .box_w = 7, .box_h = 6, .ofs_x = 0, .ofs_y = 8},
    {.bitmap_index = 448, .adv_w = 178, .box_w = 11, .box_h = 9, .ofs_x = 0, .ofs_y = 1},
    {.bitmap_index = 475, .adv_w = 73, .box_w = 4, .box_h = 6, .ofs_x = 0, .ofs_y = -3},
    {.bitmap_index = 487, .adv_w = 135, .box_w = 8, .box_h = 2, .ofs_x = 0, .ofs_y = 4},
    {.bitmap_index = 492, .adv_w = 73, .box_w = 4, .box_h = 3, .ofs_x = 0, .ofs_y = 0},
    {.bitmap_index = 498, .adv_w = 161, .box_w = 11, .box_h = 14, .ofs_x = 0, .ofs_y = 0},
    {.bitmap_index = 551, .adv_w = 206, .box_w = 11, .box_h = 14, .ofs_x = 1, .ofs_y = 0},
    {.bitmap_index = 590, .adv_w = 120, .box_w = 6, .box_h = 14, .ofs_x = 0, .ofs_y = 0},
    {.bitmap_index = 607, .adv_w = 181, .box_w = 11, .box_h = 14, .ofs_x = 0, .ofs_y = 0},
    {.bitmap_index = 670, .adv_w = 190, .box_w = 11, .box_h = 14, .ofs_x = 0, .ofs_y = 0},
    {.bitmap_index = 727, .adv_w = 183, .box_w = 12, .box_h = 14, .ofs_x = 0, .ofs_y = 0},
    {.bitmap_index = 780, .adv_w = 191, .box_w = 10, .box_h = 14, .ofs_x = 1, .ofs_y = 0},
    {.bitmap_index = 823, .adv_w = 196, .box_w = 11, .box_h = 14, .ofs_x = 1, .ofs_y = 0},
    {.bitmap_index = 882, .adv_w = 164, .box_w = 10, .box_h = 14, .ofs_x = 0, .ofs_y = 0},
    {.bitmap_index = 932, .adv_w = 202, .box_w = 11, .box_h = 14, .ofs_x = 1, .ofs_y = 0},
    {.bitmap_index = 994, .adv_w = 198, .box_w = 11, .box_h = 14, .ofs_x = 1, .ofs_y = 0},
    {.bitmap_index = 1054, .adv_w = 71, .box_w = 4, .box_h = 9, .ofs_x = 0, .ofs_y = 0},
    {.bitmap_index = 1070, .adv_w = 71, .box_w = 4, .box_h = 12, .ofs_x = 0, .ofs_y = -3},
    {.bitmap_index = 1092, .adv_w = 194, .box_w = 12, .box_h = 12, .ofs_x = 0, .ofs_y = 0},
    {.bitmap_index = 1150, .adv_w = 178, .box_w = 11, .box_h = 5, .ofs_x = 0, .ofs_y = 3},
    {.bitmap_index = 1165, .adv_w = 194, .box_w = 12, .box_h = 12, .ofs_x = 0, .ofs_y = 0},
    {.bitmap_index = 1222, .adv_w = 177, .box_w = 11, .box_h = 14, .ofs_x = 0, .ofs_y = 0},
    {.bitmap_index = 1280, .adv_w = 265, .box_w = 16, .box_h = 14, .ofs_x = 0, .ofs_y = -1},
    {.bitmap_index = 1374, .adv_w = 204, .box_w = 13, .box_h = 14, .ofs_x = 0, .ofs_y = 0},
    {.bitmap_index = 1446, .adv_w = 212, .box_w = 12, .box_h = 14, .ofs_x = 1, .ofs_y = 0},
    {.bitmap_index = 1497, .adv_w = 207, .box_w = 12, .box_h = 14, .ofs_x = 1, .ofs_y = 0},
    {.bitmap_index = 1547, .adv_w = 218, .box_w = 12, .box_h = 14, .ofs_x = 1, .ofs_y = 0},
    {.bitmap_index = 1580, .adv_w = 191, .box_w = 11, .box_h = 14, .ofs_x = 1, .ofs_y = 0},
    {.bitmap_index = 1610, .adv_w = 182, .box_w = 10, .box_h = 14, .ofs_x = 1, .ofs_y = 0},
    {.bitmap_index = 1632, .adv_w = 214, .box_w = 12, .box_h = 14, .ofs_x = 1, .ofs_y = 0},
    {.bitmap_index = 1684, .adv_w = 221, .box_w = 12, .box_h = 14, .ofs_x = 1, .ofs_y = 0},
    {.bitmap_index = 1704, .adv_w = 85, .box_w = 3, .box_h = 14, .ofs_x = 1, .ofs_y = 0},
    {.bitmap_index = 1709, .adv_w = 183, .box_w = 11, .box_h = 14, .ofs_x = 0, .ofs_y = 0},
    {.bitmap_index = 1741, .adv_w = 205, .box_w = 12, .box_h = 14, .ofs_x = 1, .ofs_y = 0},
    {.bitmap_index = 1799, .adv_w = 177, .box_w = 10, .box_h = 14, .ofs_x = 1, .ofs_y = 0},
    {.bitmap_index = 1812, .adv_w = 254, .box_w = 14, .box_h = 14, .ofs_x = 1, .ofs_y = 0},
    {.bitmap_index = 1880, .adv_w = 220, .box_w = 12, .box_h = 14, .ofs_x = 1, .ofs_y = 0},
    {.bitmap_index = 1932, .adv_w = 221, .box_w = 12, .box_h = 14, .ofs_x = 1, .ofs_y = 0},
    {.bitmap_index = 1972, .adv_w = 204, .box_w = 11, .box_h = 14, .ofs_x = 1, .ofs_y = 0},
    {.bitmap_index = 2004, .adv_w = 221, .box_w = 13, .box_h = 17, .ofs_x = 1, .ofs_y = -3},
    {.bitmap_index = 2061, .adv_w = 213, .box_w = 12, .box_h = 14, .ofs_x = 1, .ofs_y = 0},
    {.bitmap_index = 2101, .adv_w = 201, .box_w = 11, .box_h = 14, .ofs_x = 1, .ofs_y = 0},
    {.bitmap_index = 2161, .adv_w = 184, .box_w = 12, .box_h = 14, .ofs_x = 0, .ofs_y = 0},
    {.bitmap_index = 2179, .adv_w = 221, .box_w = 12, .box_h = 14, .ofs_x = 1, .ofs_y = 0},
    {.bitmap_index = 2206, .adv_w = 205, .box_w = 13, .box_h = 14, .ofs_x = 0, .ofs_y = 0},
    {.bitmap_index = 2282, .adv_w = 280, .box_w = 17, .box_h = 14, .ofs_x = 0, .ofs_y = 0},
    {.bitmap_index = 2397, .adv_w = 204, .box_w = 13, .box_h = 14, .ofs_x = 0, .ofs_y = 0},
    {.bitmap_index = 2476, .adv_w = 198, .box_w = 13, .box_h = 14, .ofs_x = 0, .ofs_y = 0},
    {.bitmap_index = 2532, .adv_w = 187, .box_w = 11, .box_h = 14, .ofs_x = 0, .ofs_y = 0},
    {.bitmap_index = 2586, .adv_w = 106, .box_w = 6, .box_h = 19, .ofs_x = 1, .ofs_y = -2},
    {.bitmap_index = 2602, .adv_w = 166, .box_w = 11, .box_h = 14, .ofs_x = 0, .ofs_y = 0},
    {.bitmap_index = 2654, .adv_w = 106, .box_w = 6, .box_h = 19, .ofs_x = 0, .ofs_y = -2},
    {.bitmap_index = 2672, .adv_w = 208, .box_w = 13, .box_h = 9, .ofs_x = 0, .ofs_y = 5},
    {.bitmap_index = 2719, .adv_w = 148, .box_w = 10, .box_h = 2, .ofs_x = 0, .ofs_y = -2},
    {.bitmap_index = 2724, .adv_w = 77, .box_w = 5, .box_h = 4, .ofs_x = 0, .ofs_y = 11},
    {.bitmap_index = 2734, .adv_w = 181, .box_w = 10, .box_h = 10, .ofs_x = 1, .ofs_y = 0},
    {.bitmap_index = 2777, .adv_w = 190, .box_w = 10, .box_h = 14, .ofs_x = 1, .ofs_y = 0},
    {.bitmap_index = 2816, .adv_w = 176, .box_w = 10, .box_h = 10, .ofs_x = 1, .ofs_y = 0},
    {.bitmap_index = 2856, .adv_w = 190, .box_w = 10, .box_h = 14, .ofs_x = 1, .ofs_y = 0},
    {.bitmap_index = 2900, .adv_w = 184, .box_w = 10, .box_h = 10, .ofs_x = 1, .ofs_y = 0},
    {.bitmap_index = 2943, .adv_w = 125, .box_w = 8, .box_h = 14, .ofs_x = 0, .ofs_y = 0},
    {.bitmap_index = 2974, .adv_w = 190, .box_w = 10, .box_h = 14, .ofs_x = 1, .ofs_y = -4},
    {.bitmap_index = 3031, .adv_w = 188, .box_w = 10, .box_h = 14, .ofs_x = 1, .ofs_y = 0},
    {.bitmap_index = 3059, .adv_w = 84, .box_w = 4, .box_h = 14, .ofs_x = 1, .ofs_y = 0},
    {.bitmap_index = 3072, .adv_w = 89, .box_w = 7, .box_h = 18, .ofs_x = -2, .ofs_y = -4},
    {.bitmap_index = 3100, .adv_w = 177, .box_w = 10, .box_h = 14, .ofs_x = 1, .ofs_y = 0},
    {.bitmap_index = 3140, .adv_w = 81, .box_w = 3, .box_h = 14, .ofs_x = 1, .ofs_y = 0},
    {.bitmap_index = 3145, .adv_w = 273, .box_w = 15, .box_h = 10, .ofs_x = 1, .ofs_y = 0},
    {.bitmap_index = 3183, .adv_w = 187, .box_w = 10, .box_h = 10, .ofs_x = 1, .ofs_y = 0},
    {.bitmap_index = 3208, .adv_w = 187, .box_w = 10, .box_h = 10, .ofs_x = 1, .ofs_y = 0},
    {.bitmap_index = 3242, .adv_w = 190, .box_w = 10, .box_h = 14, .ofs_x = 1, .ofs_y = -4},
    {.bitmap_index = 3286, .adv_w = 188, .box_w = 10, .box_h = 14, .ofs_x = 1, .ofs_y = -4},
    {.bitmap_index = 3329, .adv_w = 128, .box_w = 7, .box_h = 10, .ofs_x = 1, .ofs_y = 0},
    {.bitmap_index = 3349, .adv_w = 169, .box_w = 10, .box_h = 10, .ofs_x = 0, .ofs_y = 0},
    {.bitmap_index = 3395, .adv_w = 130, .box_w = 8, .box_h = 14, .ofs_x = 0, .ofs_y = 0},
    {.bitmap_index = 3429, .adv_w = 187, .box_w = 10, .box_h = 10, .ofs_x = 1, .ofs_y = 0},
    {.bitmap_index = 3453, .adv_w = 160, .box_w = 10, .box_h = 10, .ofs_x = 0, .ofs_y = 0},
    {.bitmap_index = 3501, .adv_w = 231, .box_w = 14, .box_h = 10, .ofs_x = 0, .ofs_y = 0},
    {.bitmap_index = 3572, .adv_w = 165, .box_w = 11, .box_h = 10, .ofs_x = 0, .ofs_y = 0},
    {.bitmap_index = 3623, .adv_w = 187, .box_w = 10, .box_h = 14, .ofs_x = 1, .ofs_y = -4},
    {.bitmap_index = 3666, .adv_w = 157, .box_w = 10, .box_h = 10, .ofs_x = 0, .ofs_y = 0},
    {.bitmap_index = 3706, .adv_w = 117, .box_w = 7, .box_h = 19, .ofs_x = 0, .ofs_y = -2},
    {.bitmap_index = 3751, .adv_w = 81, .box_w = 3, .box_h = 21, .ofs_x = 1, .ofs_y = -4},
    {.bitmap_index = 3756, .adv_w = 117, .box_w = 7, .box_h = 19, .ofs_x = 0, .ofs_y = -2},
    {.bitmap_index = 3802, .adv_w = 185, .box_w = 11, .box_h = 4, .ofs_x = 0, .ofs_y = 4},
    {.bitmap_index = 3825, .adv_w = 84, .box_w = 0, .box_h = 0, .ofs_x = 0, .ofs_y = 0},
    {.bitmap_index = 3825, .adv_w = 113, .box_w = 7, .box_h = 7, .ofs_x = 0, .ofs_y = 9},
    {.bitmap_index = 3850, .adv_w = 73, .box_w = 4, .box_h = 3, .ofs_x = 0, .ofs_y = 4},
    {.bitmap_index = 3856, .adv_w = 204, .box_w = 13, .box_h = 19, .ofs_x = 0, .ofs_y = 0},
    {.bitmap_index = 3948, .adv_w = 204, .box_w = 13, .box_h = 19, .ofs_x = 0, .ofs_y = 0},
    {.bitmap_index = 4039, .adv_w = 204, .box_w = 13, .box_h = 18, .ofs_x = 0, .ofs_y = 0},
    {.bitmap_index = 4130, .adv_w = 204, .box_w = 13, .box_h = 18, .ofs_x = 0, .ofs_y = 0},
    {.bitmap_index = 4222, .adv_w = 191, .box_w = 11, .box_h = 19, .ofs_x = 1, .ofs_y = 0},
    {.bitmap_index = 4270, .adv_w = 191, .box_w = 11, .box_h = 19, .ofs_x = 1, .ofs_y = 0},
    {.bitmap_index = 4318, .adv_w = 191, .box_w = 11, .box_h = 18, .ofs_x = 1, .ofs_y = 0},
    {.bitmap_index = 4366, .adv_w = 85, .box_w = 5, .box_h = 19, .ofs_x = -1, .ofs_y = 0},
    {.bitmap_index = 4385, .adv_w = 85, .box_w = 5, .box_h = 19, .ofs_x = 1, .ofs_y = 0},
    {.bitmap_index = 4403, .adv_w = 221, .box_w = 12, .box_h = 19, .ofs_x = 1, .ofs_y = 0},
    {.bitmap_index = 4462, .adv_w = 221, .box_w = 12, .box_h = 19, .ofs_x = 1, .ofs_y = 0},
    {.bitmap_index = 4521, .adv_w = 221, .box_w = 12, .box_h = 18, .ofs_x = 1, .ofs_y = 0},
    {.bitmap_index = 4581, .adv_w = 221, .box_w = 12, .box_h = 18, .ofs_x = 1, .ofs_y = 0},
    {.bitmap_index = 4643, .adv_w = 221, .box_w = 12, .box_h = 19, .ofs_x = 1, .ofs_y = 0},
    {.bitmap_index = 4689, .adv_w = 221, .box_w = 12, .box_h = 19, .ofs_x = 1, .ofs_y = 0},
    {.bitmap_index = 4734, .adv_w = 198, .box_w = 13, .box_h = 19, .ofs_x = 0, .ofs_y = 0},
    {.bitmap_index = 4809, .adv_w = 181, .box_w = 10, .box_h = 14, .ofs_x = 1, .ofs_y = 0},
    {.bitmap_index = 4868, .adv_w = 181, .box_w = 10, .box_h = 14, .ofs_x = 1, .ofs_y = 0},
    {.bitmap_index = 4927, .adv_w = 181, .box_w = 10, .box_h = 14, .ofs_x = 1, .ofs_y = 0},
    {.bitmap_index = 4988, .adv_w = 181, .box_w = 10, .box_h = 14, .ofs_x = 1, .ofs_y = 0},
    {.bitmap_index = 5050, .adv_w = 184, .box_w = 10, .box_h = 14, .ofs_x = 1, .ofs_y = 0},
    {.bitmap_index = 5108, .adv_w = 184, .box_w = 10, .box_h = 14, .ofs_x = 1, .ofs_y = 0},
    {.bitmap_index = 5166, .adv_w = 184, .box_w = 10, .box_h = 14, .ofs_x = 1, .ofs_y = 0},
    {.bitmap_index = 5228, .adv_w = 84, .box_w = 5, .box_h = 14, .ofs_x = -1, .ofs_y = 0},
    {.bitmap_index = 5244, .adv_w = 84, .box_w = 5, .box_h = 14, .ofs_x = 1, .ofs_y = 0},
    {.bitmap_index = 5259, .adv_w = 187, .box_w = 10, .box_h = 14, .ofs_x = 1, .ofs_y = 0},
    {.bitmap_index = 5308, .adv_w = 187, .box_w = 10, .box_h = 14, .ofs_x = 1, .ofs_y = 0},
    {.bitmap_index = 5357, .adv_w = 187, .box_w = 10, .box_h = 14, .ofs_x = 1, .ofs_y = 0},
    {.bitmap_index = 5410, .adv_w = 187, .box_w = 10, .box_h = 14, .ofs_x = 1, .ofs_y = 0},
    {.bitmap_index = 5463, .adv_w = 187, .box_w = 10, .box_h = 14, .ofs_x = 1, .ofs_y = 0},
    {.bitmap_index = 5502, .adv_w = 187, .box_w = 10, .box_h = 14, .ofs_x = 1, .ofs_y = 0},
    {.bitmap_index = 5541, .adv_w = 187, .box_w = 10, .box_h = 18, .ofs_x = 1, .ofs_y = -4},
    {.bitmap_index = 5599, .adv_w = 204, .box_w = 13, .box_h = 18, .ofs_x = 0, .ofs_y = 0},
    {.bitmap_index = 5690, .adv_w = 181, .box_w = 10, .box_h = 14, .ofs_x = 1, .ofs_y = 0},
    {.bitmap_index = 5751, .adv_w = 233, .box_w = 14, .box_h = 14, .ofs_x = 0, .ofs_y = 0},
    {.bitmap_index = 5798, .adv_w = 196, .box_w = 12, .box_h = 14, .ofs_x = 1, .ofs_y = 0},
    {.bitmap_index = 5859, .adv_w = 85, .box_w = 7, .box_h = 18, .ofs_x = -1, .ofs_y = 0},
    {.bitmap_index = 5882, .adv_w = 84, .box_w = 7, .box_h = 14, .ofs_x = -1, .ofs_y = 0},
    {.bitmap_index = 5902, .adv_w = 221, .box_w = 12, .box_h = 18, .ofs_x = 1, .ofs_y = 0},
    {.bitmap_index = 5951, .adv_w = 187, .box_w = 10, .box_h = 14, .ofs_x = 1, .ofs_y = 0},
    {.bitmap_index = 5995, .adv_w = 244, .box_w = 15, .box_h = 14, .ofs_x = 1, .ofs_y = 0},
    {.bitmap_index = 6050, .adv_w = 212, .box_w = 13, .box_h = 10, .ofs_x = 1, .ofs_y = 0},
    {.bitmap_index = 6097, .adv_w = 247, .box_w = 15, .box_h = 14, .ofs_x = 1, .ofs_y = 0},
    {.bitmap_index = 6145, .adv_w = 213, .box_w = 13, .box_h = 10, .ofs_x = 1, .ofs_y = 0},
    {.bitmap_index = 6188, .adv_w = 204, .box_w = 13, .box_h = 18, .ofs_x = 0, .ofs_y = -4},
    {.bitmap_index = 6276, .adv_w = 181, .box_w = 10, .box_h = 14, .ofs_x = 1, .ofs_y = -4},
    {.bitmap_index = 6334, .adv_w = 204, .box_w = 13, .box_h = 21, .ofs_x = 0, .ofs_y = 0},
    {.bitmap_index = 6436, .adv_w = 181, .box_w = 10, .box_h = 17, .ofs_x = 1, .ofs_y = 0},
    {.bitmap_index = 6507, .adv_w = 204, .box_w = 13, .box_h = 21, .ofs_x = 0, .ofs_y = 0},
    {.bitmap_index = 6611, .adv_w = 181, .box_w = 11, .box_h = 17, .ofs_x = 1, .ofs_y = 0},
    {.bitmap_index = 6686, .adv_w = 204, .box_w = 13, .box_h = 21, .ofs_x = 0, .ofs_y = 0},
    {.bitmap_index = 6790, .adv_w = 181, .box_w = 10, .box_h = 17, .ofs_x = 1, .ofs_y = 0},
    {.bitmap_index = 6862, .adv_w = 204, .box_w = 13, .box_h = 22, .ofs_x = 0, .ofs_y = 0},
    {.bitmap_index = 6970, .adv_w = 181, .box_w = 11, .box_h = 18, .ofs_x = 1, .ofs_y = 0},
    {.bitmap_index = 7050, .adv_w = 204, .box_w = 13, .box_h = 22, .ofs_x = 0, .ofs_y = 0},
    {.bitmap_index = 7161, .adv_w = 181, .box_w = 10, .box_h = 18, .ofs_x = 1, .ofs_y = 0},
    {.bitmap_index = 7241, .adv_w = 204, .box_w = 13, .box_h = 22, .ofs_x = 0, .ofs_y = -4},
    {.bitmap_index = 7348, .adv_w = 181, .box_w = 10, .box_h = 18, .ofs_x = 1, .ofs_y = -4},
    {.bitmap_index = 7424, .adv_w = 204, .box_w = 13, .box_h = 22, .ofs_x = 0, .ofs_y = 0},
    {.bitmap_index = 7532, .adv_w = 181, .box_w = 10, .box_h = 18, .ofs_x = 1, .ofs_y = 0},
    {.bitmap_index = 7607, .adv_w = 204, .box_w = 13, .box_h = 22, .ofs_x = 0, .ofs_y = 0},
    {.bitmap_index = 7715, .adv_w = 181, .box_w = 10, .box_h = 18, .ofs_x = 1, .ofs_y = 0},
    {.bitmap_index = 7790, .adv_w = 204, .box_w = 13, .box_h = 23, .ofs_x = 0, .ofs_y = 0},
    {.bitmap_index = 7901, .adv_w = 181, .box_w = 10, .box_h = 19, .ofs_x = 1, .ofs_y = 0},
    {.bitmap_index = 7981, .adv_w = 204, .box_w = 13, .box_h = 22, .ofs_x = 0, .ofs_y = 0},
    {.bitmap_index = 8093, .adv_w = 181, .box_w = 10, .box_h = 18, .ofs_x = 1, .ofs_y = 0},
    {.bitmap_index = 8173, .adv_w = 204, .box_w = 13, .box_h = 22, .ofs_x = 0, .ofs_y = -4},
    {.bitmap_index = 8281, .adv_w = 181, .box_w = 10, .box_h = 18, .ofs_x = 1, .ofs_y = -4},
    {.bitmap_index = 8357, .adv_w = 191, .box_w = 11, .box_h = 18, .ofs_x = 1, .ofs_y = -4},
    {.bitmap_index = 8401, .adv_w = 184, .box_w = 10, .box_h = 14, .ofs_x = 1, .ofs_y = -4},
    {.bitmap_index = 8459, .adv_w = 191, .box_w = 11, .box_h = 21, .ofs_x = 1, .ofs_y = 0},
    {.bitmap_index = 8518, .adv_w = 184, .box_w = 10, .box_h = 17, .ofs_x = 1, .ofs_y = 0},
    {.bitmap_index = 8589, .adv_w = 191, .box_w = 11, .box_h = 18, .ofs_x = 1, .ofs_y = 0},
    {.bitmap_index = 8639, .adv_w = 184, .box_w = 10, .box_h = 14, .ofs_x = 1, .ofs_y = 0},
    {.bitmap_index = 8702, .adv_w = 191, .box_w = 11, .box_h = 21, .ofs_x = 1, .ofs_y = 0},
    {.bitmap_index = 8763, .adv_w = 184, .box_w = 11, .box_h = 17, .ofs_x = 1, .ofs_y = 0},
    {.bitmap_index = 8840, .adv_w = 191, .box_w = 11, .box_h = 21, .ofs_x = 1, .ofs_y = 0},
    {.bitmap_index = 8901, .adv_w = 184, .box_w = 10, .box_h = 17, .ofs_x = 1, .ofs_y = 0},
    {.bitmap_index = 8974, .adv_w = 191, .box_w = 11, .box_h = 22, .ofs_x = 1, .ofs_y = 0},
    {.bitmap_index = 9039, .adv_w = 184, .box_w = 11, .box_h = 18, .ofs_x = 1, .ofs_y = 0},
    {.bitmap_index = 9121, .adv_w = 191, .box_w = 11, .box_h = 22, .ofs_x = 1, .ofs_y = 0},
    {.bitmap_index = 9189, .adv_w = 184, .box_w = 10, .box_h = 18, .ofs_x = 1, .ofs_y = 0},
    {.bitmap_index = 9269, .adv_w = 191, .box_w = 11, .box_h = 22, .ofs_x = 1, .ofs_y = -4},
    {.bitmap_index = 9331, .adv_w = 184, .box_w = 10, .box_h = 18, .ofs_x = 1, .ofs_y = -4},
    {.bitmap_index = 9408, .adv_w = 85, .box_w = 6, .box_h = 21, .ofs_x = 0, .ofs_y = 0},
    {.bitmap_index = 9436, .adv_w = 84, .box_w = 6, .box_h = 17, .ofs_x = 0, .ofs_y = 0},
    {.bitmap_index = 9463, .adv_w = 85, .box_w = 3, .box_h = 18, .ofs_x = 1, .ofs_y = -4},
    {.bitmap_index = 9474, .adv_w = 84, .box_w = 4, .box_h = 18, .ofs_x = 1, .ofs_y = -4},
    {.bitmap_index = 9495, .adv_w = 221, .box_w = 12, .box_h = 18, .ofs_x = 1, .ofs_y = -4},
    {.bitmap_index = 9552, .adv_w = 187, .box_w = 10, .box_h = 14, .ofs_x = 1, .ofs_y = -4},
    {.bitmap_index = 9601, .adv_w = 221, .box_w = 12, .box_h = 21, .ofs_x = 1, .ofs_y = 0},
    {.bitmap_index = 9670, .adv_w = 187, .box_w = 10, .box_h = 17, .ofs_x = 1, .ofs_y = 0},
    {.bitmap_index = 9732, .adv_w = 221, .box_w = 12, .box_h = 21, .ofs_x = 1, .ofs_y = 0},
    {.bitmap_index = 9806, .adv_w = 187, .box_w = 11, .box_h = 17, .ofs_x = 1, .ofs_y = 0},
    {.bitmap_index = 9873, .adv_w = 221, .box_w = 12, .box_h = 21, .ofs_x = 1, .ofs_y = 0},
    {.bitmap_index = 9946, .adv_w = 187, .box_w = 10, .box_h = 17, .ofs_x = 1, .ofs_y = 0},
    {.bitmap_index = 10009, .adv_w = 221, .box_w = 12, .box_h = 22, .ofs_x = 1, .ofs_y = 0},
    {.bitmap_index = 10086, .adv_w = 187, .box_w = 11, .box_h = 18, .ofs_x = 1, .ofs_y = 0},
    {.bitmap_index = 10157, .adv_w = 221, .box_w = 12, .box_h = 22, .ofs_x = 1, .ofs_y = 0},
    {.bitmap_index = 10236, .adv_w = 187, .box_w = 10, .box_h = 18, .ofs_x = 1, .ofs_y = 0},
    {.bitmap_index = 10307, .adv_w = 221, .box_w = 12, .box_h = 22, .ofs_x = 1, .ofs_y = -4},
    {.bitmap_index = 10384, .adv_w = 187, .box_w = 10, .box_h = 18, .ofs_x = 1, .ofs_y = -4},
    {.bitmap_index = 10452, .adv_w = 244, .box_w = 15, .box_h = 19, .ofs_x = 1, .ofs_y = 0},
    {.bitmap_index = 10529, .adv_w = 212, .box_w = 13, .box_h = 14, .ofs_x = 1, .ofs_y = 0},
    {.bitmap_index = 10593, .adv_w = 244, .box_w = 15, .box_h = 19, .ofs_x = 1, .ofs_y = 0},
    {.bitmap_index = 10671, .adv_w = 212, .box_w = 13, .box_h = 14, .ofs_x = 1, .ofs_y = 0},
    {.bitmap_index = 10735, .adv_w = 244, .box_w = 15, .box_h = 21, .ofs_x = 1, .ofs_y = 0},
    {.bitmap_index = 10822, .adv_w = 212, .box_w = 13, .box_h = 17, .ofs_x = 1, .ofs_y = 0},
    {.bitmap_index = 10900, .adv_w = 244, .box_w = 15, .box_h = 18, .ofs_x = 1, .ofs_y = 0},
    {.bitmap_index = 10978, .adv_w = 212, .box_w = 13, .box_h = 14, .ofs_x = 1, .ofs_y = 0},
    {.bitmap_index = 11047, .adv_w = 244, .box_w = 15, .box_h = 18, .ofs_x = 1, .ofs_y = -4},
    {.bitmap_index = 11120, .adv_w = 212, .box_w = 13, .box_h = 14, .ofs_x = 1, .ofs_y = -4},
    {.bitmap_index = 11184, .adv_w = 221, .box_w = 12, .box_h = 18, .ofs_x = 1, .ofs_y = -4},
    {.bitmap_index = 11227, .adv_w = 187, .box_w = 10, .box_h = 14, .ofs_x = 1, .ofs_y = -4},
    {.bitmap_index = 11268, .adv_w = 221, .box_w = 12, .box_h = 21, .ofs_x = 1, .ofs_y = 0},
    {.bitmap_index = 11323, .adv_w = 187, .box_w = 10, .box_h = 17, .ofs_x = 1, .ofs_y = 0},
    {.bitmap_index = 11376, .adv_w = 247, .box_w = 15, .box_h = 19, .ofs_x = 1, .ofs_y = 0},
    {.bitmap_index = 11446, .adv_w = 213, .box_w = 13, .box_h = 14, .ofs_x = 1, .ofs_y = 0},
    {.bitmap_index = 11505, .adv_w = 247, .box_w = 15, .box_h = 19, .ofs_x = 1, .ofs_y = 0},
    {.bitmap_index = 11577, .adv_w = 213, .box_w = 13, .box_h = 14, .ofs_x = 1, .ofs_y = 0},
    {.bitmap_index = 11636, .adv_w = 247, .box_w = 15, .box_h = 21, .ofs_x = 1, .ofs_y = 0},
    {.bitmap_index = 11716, .adv_w = 213, .box_w = 13, .box_h = 17, .ofs_x = 1, .ofs_y = 0},
    {.bitmap_index = 11790, .adv_w = 247, .box_w = 15, .box_h = 18, .ofs_x = 1, .ofs_y = 0},
    {.bitmap_index = 11862, .adv_w = 213, .box_w = 13, .box_h = 14, .ofs_x = 1, .ofs_y = 0},
    {.bitmap_index = 11926, .adv_w = 247, .box_w = 15, .box_h = 18, .ofs_x = 1, .ofs_y = -4},
    {.bitmap_index = 11991, .adv_w = 213, .box_w = 13, .box_h = 14, .ofs_x = 1, .ofs_y = -4},
    {.bitmap_index = 12051, .adv_w = 198, .box_w = 13, .box_h = 19, .ofs_x = 0, .ofs_y = 0},
    {.bitmap_index = 12126, .adv_w = 187, .box_w = 10, .box_h = 18, .ofs_x = 1, .ofs_y = -4},
    {.bitmap_index = 12184, .adv_w = 198, .box_w = 13, .box_h = 18, .ofs_x = 0, .ofs_y = -4},
    {.bitmap_index = 12255, .adv_w = 187, .box_w = 10, .box_h = 18, .ofs_x = 1, .ofs_y = -8},
    {.bitmap_index = 12313, .adv_w = 198, .box_w = 13, .box_h = 21, .ofs_x = 0, .ofs_y = 0},
    {.bitmap_index = 12399, .adv_w = 187, .box_w = 10, .box_h = 21, .ofs_x = 1, .ofs_y = -4},
    {.bitmap_index = 12470, .adv_w = 198, .box_w = 13, .box_h = 18, .ofs_x = 0, .ofs_y = 0},
    {.bitmap_index = 12547, .adv_w = 187, .box_w = 10, .box_h = 18, .ofs_x = 1, .ofs_y = -4},
    {.bitmap_index = 12610, .adv_w = 202, .box_w = 12, .box_h = 2, .ofs_x = 0, .ofs_y = 4},
    {.bitmap_index = 12617, .adv_w = 238, .box_w = 14, .box_h = 2, .ofs_x = 0, .ofs_y = 4},
    {.bitmap_index = 12625, .adv_w = 100, .box_w = 6, .box_h = 5, .ofs_x = 0, .ofs_y = 4},
    {.bitmap_index = 12640, .adv_w = 218, .box_w = 13, .box_h = 3, .ofs_x = 0, .ofs_y = 0},
    {.bitmap_index = 12660, .adv_w = 227, .box_w = 14, .box_h = 8, .ofs_x = 0, .ofs_y = 1}
};

/*---------------------
 *  CHARACTER MAPPING
 *--------------------*/

static const uint16_t unicode_list_1[] = {
    0x0, 0x10, 0x17, 0x20, 0x21, 0x22, 0x23, 0x28,
    0x29, 0x2a, 0x2c, 0x2d, 0x32, 0x33, 0x34, 0x35,
    0x39, 0x3a, 0x3d, 0x40, 0x41, 0x42, 0x43, 0x48,
    0x49, 0x4a, 0x4c, 0x4d, 0x52, 0x53, 0x54, 0x55,
    0x59, 0x5a, 0x5d, 0x62, 0x63, 0x70, 0x71, 0x88,
    0x89, 0xc8, 0xc9, 0x100, 0x101, 0x10f, 0x110
};

static const uint16_t unicode_list_3[] = {
    0x0, 0x1, 0xf, 0x13, 0x17f
};

/*Collect the unicode lists and glyph_id offsets*/
static const lv_font_fmt_txt_cmap_t cmaps[] =
{
    {
        .range_start = 32, .range_length = 95, .glyph_id_start = 1,
        .unicode_list = NULL, .glyph_id_ofs_list = NULL, .list_length = 0, .type = LV_FONT_FMT_TXT_CMAP_FORMAT0_TINY
    },
    {
        .range_start = 160, .range_length = 273, .glyph_id_start = 96,
        .unicode_list = unicode_list_1, .glyph_id_ofs_list = NULL, .list_length = 47, .type = LV_FONT_FMT_TXT_CMAP_SPARSE_TINY
    },
    {
        .range_start = 7840, .range_length = 90, .glyph_id_start = 143,
        .unicode_list = NULL, .glyph_id_ofs_list = NULL, .list_length = 0, .type = LV_FONT_FMT_TXT_CMAP_FORMAT0_TINY
    },
    {
        .range_start = 8211, .range_length = 384, .glyph_id_start = 233,
        .unicode_list = unicode_list_3, .glyph_id_ofs_list = NULL, .list_length = 5, .type = LV_FONT_FMT_TXT_CMAP_SPARSE_TINY
    }
};

/*-----------------
 *    KERNING
 *----------------*/


/*Map glyph_ids to kern left classes*/
static const uint8_t kern_left_class_mapping[] =
{
    0, 0, 0, 1, 0, 0, 0, 0,
    1, 2, 0, 0, 0, 3, 4, 5,
    6, 7, 0, 0, 8, 9, 8, 8,
    10, 8, 8, 0, 0, 0, 0, 0,
    0, 0, 11, 12, 13, 14, 15, 16,
    17, 0, 0, 18, 19, 20, 0, 0,
    14, 21, 14, 22, 23, 24, 25, 26,
    27, 28, 29, 30, 31, 0, 0, 0,
    0, 0, 32, 33, 34, 0, 35, 36,
    37, 32, 38, 39, 40, 0, 32, 32,
    41, 42, 32, 43, 44, 45, 37, 46,
    47, 48, 49, 50, 2, 0, 0, 0,
    0, 0, 0, 51, 51, 51, 51, 15,
    15, 15, 0, 0, 52, 52, 52, 52,
    25, 25, 29, 32, 32, 32, 32, 53,
    53, 53, 0, 0, 41, 41, 41, 41,
    49, 49, 49, 51, 32, 54, 0, 0,
    0, 25, 49, 55, 0, 0, 0, 51,
    32, 51, 32, 51, 32, 51, 32, 51,
    32, 51, 32, 51, 32, 51, 32, 51,
    32, 51, 32, 51, 32, 51, 32, 15,
    53, 15, 53, 15, 53, 15, 53, 15,
    53, 15, 53, 15, 53, 15, 53, 0,
    0, 0, 0, 52, 41, 52, 41, 52,
    41, 52, 41, 52, 41, 52, 41, 52,
    41, 52, 41, 52, 41, 52, 41, 52,
    41, 52, 41, 25, 49, 25, 49, 25,
    0, 25, 0, 25, 0, 25, 0, 25,
    0, 29, 49, 29, 49, 29, 49, 29,
    49, 4, 4, 0, 56, 0
};

/*Map glyph_ids to kern right classes*/
static const uint8_t kern_right_class_mapping[] =
{
    0, 0, 0, 1, 0, 0, 0, 0,
    1, 0, 2, 0, 0, 3, 4, 5,
    6, 7, 8, 0, 9, 10, 11, 12,
    13, 12, 12, 0, 0, 0, 0, 0,
    0, 0, 14, 0, 15, 0, 0, 0,
    16, 0, 0, 17, 0, 0, 0, 0,
    18, 0, 16, 0, 19, 20, 21, 22,
    23, 24, 25, 26, 0, 0, 27, 0,
    0, 0, 28, 29, 30, 30, 30, 31,
    32, 0, 33, 34, 0, 0, 35, 35,
    30, 35, 36, 35, 37, 38, 39, 40,
    41, 42, 43, 44, 0, 0, 2, 0,
    0, 0, 0, 45, 45, 45, 45, 0,
    0, 0, 0, 0, 46, 46, 46, 46,
    47, 47, 48, 49, 49, 49, 49, 50,
    50, 50, 0, 0, 51, 51, 51, 51,
    52, 52, 53, 45, 49, 0, 54, 0,
    0, 47, 52, 46, 51, 47, 52, 45,
    49, 45, 49, 45, 49, 45, 49, 45,
    49, 45, 49, 45, 49, 45, 49, 45,
    49, 45, 49, 45, 49, 45, 49, 0,
    50, 0, 50, 0, 50, 0, 50, 0,
    50, 0, 50, 0, 50, 0, 50, 0,
    0, 0, 0, 46, 51, 46, 51, 46,
    51, 46, 51, 46, 51, 46, 51, 46,
    51, 46, 51, 46, 51, 46, 51, 46,
    51, 46, 51, 47, 52, 47, 52, 47,
    52, 47, 52, 47, 52, 47, 52, 47,
    52, 48, 53, 48, 53, 48, 53, 48,
    53, 4, 4, 0, 55, 0
};

/*Kern values between classes*/
static const int8_t kern_class_values[] =
{
    0, 0, 0, 0, 0, 0, 0, 0,
    0, 0, 0, 0, 0, -22, 0, 0,
    -21, 0, 0, 0, 0, 0, 0, 0,
    0, 0, 0, -8, 0, -13, 0, -13,
    0, -2, -6, -13, -8, 0, -6, 0,
    -2, 0, -6, -3, -22, 0, 0, 0,
    -8, -13, -13, -6, -6, -13, 0, 0,
    0, 0, 0, 0, 0, 0, 0, 0,
    0, 0, 0, 0, 0, 0, 0, 0,
    0, 0, 0, 0, 0, 0, 2, 0,
    0, 0, 0, 0, 0, 0, 0, 0,
    20, 0, 0, 0, 0, 0, 0, 0,
    2, 0, 0, 0, 0, 0, 0, 0,
    0, 0, 0, 0, 0, 0, 0, 0,
    0, 0, 0, 0, -5, -22, -3, -3,
    -3, -3, -8, 0, -5, -5, 0, -5,
    -2, -32, -2, -30, -8, 0, -32, 0,
    0, -3, -3, -3, -8, -3, 0, 0,
    0, -3, 0, -16, -3, -19, -11, 0,
    -3, 0, 0, -5, -2, -32, -3, -3,
    -3, -3, -3, -3, 0, 0, 0, 0,
    0, 0, 0, 0, 0, 0, 0, 0,
    0, -11, 0, 0, 0, 0, 0, 0,
    0, 0, 0, 0, 0, 0, 0, 0,
    0, 0, 0, 0, 0, 0, 0, 0,
    0, 0, 0, 0, 0, 0, 0, 0,
    0, 0, 0, 0, 0, 0, 0, 0,
    0, 0, 0, 0, 0, 0, 0, 0,
    0, 0, -6, -24, -5, -3, -5, -5,
    -10, 0, -6, -6, 0, -6, -3, -34,
    -3, -30, -8, 0, -34, 0, 0, -3,
    -5, -5, -10, -5, 0, 0, 0, -5,
    0, -18, -5, -21, -13, 0, -5, 0,
    0, -6, -3, -34, -3, -5, -5, -5,
    -5, -5, 0, 0, 0, 0, 0, 0,
    0, 0, 0, 0, 0, 0, 0, 0,
    -27, 0, 0, -27, 0, 0, 0, 0,
    0, 0, 0, 0, 0, 0, -19, 0,
    -21, -5, -21, 0, 0, -14, -21, -18,
    0, -11, 0, 0, 0, -11, -5, -27,
    0, 0, 0, -19, -21, -21, -11, -11,
    -21, 0, 0, 0, -5, 0, -6, 0,
    0, 0, 0, 0, 0, 0, 0, 0,
    0, 0, 0, 0, 0, 0, 0, 0,
    0, 0, 0, 0, 0, 0, 0, 0,
    0, 0, 0, 0, 0, 0, 0, 0,
    0, 0, 0, 0, 0, 0, 0, 0,
    0, 0, 0, 0, 0, 0, 0, 0,
    0, 0, 0, -3, 0, -5, 0, 0,
    0, 0, 0, 0, 0, 0, 0, 0,
    0, 0, 0, 0, 0, 0, 0, 0,
    0, 0, 0, 0, 0, 0, 0, 0,
    0, 0, 0, 0, 0, 0, 0, 0,
    0, 0, 0, 0, 0, 0, 0, 0,
    0, 0, 0, 0, 0, 0, 0, 0,
    0, 0, -3, 0, -3, 0, 0, 0,
    0, 0, 0, 0, 0, 0, 0, 0,
    0, 0, 0, 0, 0, 0, 0, 0,
    0, 0, 0, 0, 0, 0, 0, 0,
    0, 0, 0, 0, 0, 0, 0, 0,
    0, 0, 0, 0, 0, 0, 0, 0,
    0, 0, 0, 0, 0, 0, 0, 0,
    0, -27, -14, -27, 0, 0, 0, 0,
    -14, 0, 0, 0, 0, 0, 0, 0,
    0, 0, 0, 0, 0, 0, 0, 0,
    0, 0, 0, 0, 0, 0, 0, 0,
    0, 0, 0, 0, 0, 0, 0, 0,
    0, 0, 0, 0, 0, 0, 0, 0,
    0, 0, 0, 0, 0, 0, -22, 0,
    0, 0, 0, 0, 0, -11, 0, 0,
    0, 0, 0, 0, -5, -5, 0, -5,
    -5, -29, -6, -27, -14, 0, -29, 0,
    0, -3, -2, -5, -8, -5, 0, 0,
    0, -5, 0, -14, -3, -13, -10, 0,
    -3, 0, 0, -5, -6, -29, -3, -5,
    -5, -3, -3, -5, 0, 0, 0, 0,
    0, 0, 0, 0, 0, 0, 0, 0,
    0, 0, 0, 0, 0, 0, 0, 0,
    -3, 0, -2, 0, -2, -5, 0, 0,
    0, 0, 0, 0, 0, 0, 0, 0,
    0, 0, 0, 0, 0, 0, -2, 0,
    0, 0, 0, 0, -5, 0, 0, 0,
    0, 0, 0, 0, 0, 0, -2, 0,
    0, 0, 0, 0, 0, 0, 0, 0,
    0, -2, 0, 0, 0, 0, 0, -2,
    0, -3, -2, -6, -6, -3, 0, 0,
    0, 0, -2, 0, 0, 0, 0, 0,
    0, -3, 0, -2, -2, 0, 0, 0,
    -2, 0, 0, -6, 0, 0, 0, 0,
    0, 0, 0, 0, 0, -5, 0, -6,
    0, 0, 0, 0, 0, 0, 0, 0,
    -5, 0, 0, -3, 0, 0, -5, 0,
    -5, -3, -10, -10, -5, 0, 0, 0,
    0, 0, 0, 0, 0, 0, 0, 0,
    0, 0, 0, 0, -3, 0, 0, -5,
    0, 0, -10, 0, 0, 0, 0, 0,
    0, 0, 0, 0, 0, -2, 0, 0,
    0, 0, 0, 0, 0, 0, 0, 0,
    0, 0, 0, 0, 0, 0, 0, 0,
    0, 0, 0, 0, 0, 0, 0, 0,
    0, 0, 0, 0, 0, 0, 0, -2,
    0, 0, 0, 0, 0, 0, 0, 0,
    0, 0, 0, 0, 0, 0, 0, 0,
    0, 0, 0, -30, -5, -30, -11, 0,
    0, 0, 0, 0, 0, 0, -18, -2,
    -2, -18, -2, -3, 0, 0, 0, 0,
    -3, 0, 0, 0, -8, 0, -8, -3,
    -8, 0, -3, -8, -8, -5, -3, 0,
    -3, -3, -8, 0, -8, -26, -2, 0,
    0, -8, -8, -8, 0, 0, -8, -32,
    0, 0, -3, 0, -3, 0, 0, 0,
    0, 0, 0, 0, 0, -3, 0, 0,
    0, 0, 0, -2, 0, -3, 0, -8,
    -6, -3, 0, 0, 0, 0, 0, 0,
    0, 0, 0, 0, 0, 0, 0, 0,
    0, 0, 0, 0, -3, 0, 0, -6,
    0, 0, 0, 0, 0, 0, 0, 0,
    0, -5, 0, -8, 0, 0, 0, 0,
    0, 0, 0, 0, -5, 0, 0, 0,
    0, 0, 0, 0, 0, 0, 0, 0,
    0, 0, 0, 0, 0, 0, 0, 0,
    0, 0, 0, 0, 0, 0, 0, 0,
    -3, 0, 0, -5, 0, 0, 0, 0,
    0, 0, 0, 0, 0, 0, 0, 0,
    0, -10, 0, 0, 0, 0, 0, 0,
    0, 0, 0, 0, -11, -11, -5, -11,
    -8, 0, -8, -5, -5, 0, -5, 0,
    0, -5, -2, -5, -6, -5, 0, 0,
    0, -5, -2, -11, -5, -13, -10, 0,
    -5, 0, 0, -11, -8, -5, -5, -5,
    -5, -5, -5, -5, 0, -19, 0, 0,
    -8, 0, 0, 0, 0, 0, 0, 0,
    0, 0, 0, -5, -5, 0, -5, -5,
    -35, -5, -32, -21, 0, -34, 0, 0,
    -3, -3, -3, -10, -3, 0, 0, 0,
    -3, -2, -13, -3, -21, -18, 0, -3,
    0, 0, -5, -5, -34, -3, -3, -3,
    -3, -3, -3, 0, 0, 0, -34, -8,
    -34, -18, 0, 0, 0, 0, 0, 0,
    0, -24, 0, 0, -27, 0, -5, -5,
    0, -5, -2, -11, -8, -11, 0, -8,
    0, -8, 0, -8, 0, 0, -3, -8,
    -5, 0, -3, 0, 0, -3, -3, -5,
    -26, 0, 0, -10, -8, -8, -8, -3,
    -3, -8, -32, 0, 0, 0, 0, 0,
    0, 0, 0, 0, 0, 0, 0, 0,
    0, 0, 0, -2, 0, 0, -5, 0,
    -5, -3, -3, -6, -2, 0, 0, 0,
    0, -3, 0, 0, 0, 0, 0, 0,
    -5, 0, 0, -5, 0, 0, 0, 0,
    0, 0, -6, 0, 0, 0, 0, 0,
    0, 0, 0, 0, -3, 0, -5, 0,
    0, 0, 0, 0, 0, 0, 0, -6,
    0, 0, 0, 0, 0, -8, 0, -6,
    -3, -5, -11, -3, 0, -2, 0, -2,
    -5, -2, 0, 0, 0, -2, 0, -3,
    0, -2, -2, -3, 0, 0, -6, 0,
    0, -11, -2, -2, -2, 0, 0, -2,
    0, 0, 0, -32, -24, -34, -11, 0,
    0, -3, -11, 0, -2, 0, -29, -5,
    -5, -29, -5, -8, 0, 0, 0, 0,
    0, 0, 0, 0, -32, 0, -29, -21,
    -29, -5, -6, -27, -29, -27, -21, -27,
    -21, -21, -24, -27, -21, -29, -5, 0,
    0, -32, -29, -29, -27, -27, -29, 0,
    0, 0, -2, 0, -3, 0, 0, 0,
    0, 0, 0, 0, 0, -6, 0, 0,
    0, 0, 0, 0, 0, 0, 0, -5,
    0, -3, 0, 0, 0, 0, 0, 0,
    0, 0, 0, 0, 0, 0, 0, 0,
    0, -3, 0, 0, -6, 0, 0, 0,
    0, 0, 0, 0, 0, 0, 0, 0,
    0, -30, -11, -30, -14, 0, 0, 0,
    0, 0, 0, 0, -27, -5, -5, -30,
    -5, -5, 0, 0, 0, 0, 0, 0,
    -5, 0, -21, 0, -22, -13, -22, -10,
    -11, -16, -22, -18, -14, -16, -13, -16,
    -16, -16, -14, -48, -16, 0, 0, -26,
    -26, -19, -16, -16, -26, -32, 0, 0,
    -11, 0, -11, -5, 0, 0, 0, 0,
    0, 0, 0, -14, -3, -3, -21, -3,
    -2, 0, 0, 0, 0, 0, 0, -3,
    0, -13, 0, -14, -10, -14, -6, -10,
    -11, -14, -13, -11, -11, -11, -11, -14,
    -11, -11, -14, -3, 0, 0, -13, -14,
    -14, -11, -11, -14, 0, 0, 2, 0,
    -8, 0, 0, 0, 0, 0, 0, 0,
    0, 0, 0, -10, -10, -8, -10, -6,
    0, -5, 0, 0, 0, 0, 0, 3,
    -8, -3, -8, -10, -8, 0, 0, 0,
    -8, -3, -10, -8, -14, -14, 0, -8,
    0, 0, -13, -5, 0, -16, -16, -19,
    -10, -22, -16, 0, 0, 0, -32, -18,
    -34, -18, 0, 0, 0, 0, 0, 0,
    0, -29, -10, -10, -34, -10, -10, 0,
    0, 0, 0, 0, 0, 0, 0, -29,
    0, -29, -18, -29, 0, 0, -24, -29,
    -27, -19, -24, -19, -21, -26, -24, -21,
    -29, -10, 0, 0, -29, -29, -29, -24,
    -24, -29, 0, 0, 0, 0, -8, 0,
    0, 0, 0, 0, 0, 0, 0, 0,
    0, -5, -5, -5, -5, -3, 0, -3,
    -3, -2, 0, 0, -3, 0, -6, 0,
    -6, -8, -6, 0, 0, 0, -6, -3,
    -6, -3, -6, -5, 0, -3, 0, 0,
    -5, -3, 0, -6, -6, -6, -3, -3,
    -6, 0, 0, 0, 0, 0, 0, 0,
    0, 0, 0, 0, 0, 0, 0, 0,
    0, 0, 0, 0, 0, 0, 0, 0,
    0, 3, 0, 0, 0, 0, 0, 0,
    0, 0, 0, 20, 0, 0, 0, 0,
    0, 0, 0, 2, 0, 0, 0, 0,
    0, 0, 0, 0, 0, 0, 0, 0,
    0, -10, 0, 0, 0, 0, 0, 0,
    0, 0, 0, 0, 0, 0, 0, 0,
    0, 0, 0, -5, -27, 0, -21, -14,
    0, -26, 0, 0, 0, 0, 0, 0,
    0, 0, 0, 0, 0, 0, -3, 0,
    -3, -3, -3, 0, 0, 0, 0, 0,
    -26, 0, 0, 0, 0, 0, 0, 0,
    -10, 0, -3, 0, -5, 0, 0, 0,
    0, 0, 0, 0, 0, -5, 0, 0,
    0, 0, -5, -29, 0, -22, -14, -8,
    -29, -6, 0, 0, 0, 0, 0, 0,
    0, -2, 0, 0, 0, -5, 0, -3,
    -3, -6, 0, -2, -5, 0, 0, -26,
    0, 0, 0, 0, -13, 0, 0, -3,
    0, -2, 0, -2, 0, 0, 0, 0,
    0, 0, 0, 0, -2, 0, 0, 0,
    0, 0, -26, 0, -18, -14, -5, -22,
    -3, 0, 0, 0, 0, 0, 0, 0,
    0, 0, 0, 0, 0, 0, 0, 0,
    -2, 0, 0, -2, 0, 0, -22, 0,
    0, 0, 0, 0, 0, 0, -6, 0,
    -3, 0, -3, 0, 0, 0, 0, 0,
    0, 0, 0, -3, 0, 0, 0, 0,
    0, -27, 0, -21, -18, -8, -27, -6,
    0, 0, 0, 0, 0, 0, 0, 0,
    0, 0, 0, 0, 0, -3, -3, -5,
    0, -2, -3, 0, 0, -27, 0, 0,
    0, 0, 0, 0, 0, 0, 0, -26,
    -8, -27, 0, 0, 0, 0, 0, 0,
    0, 0, -18, 0, 0, -14, 0, 0,
    0, 0, 0, 0, -3, 0, 0, 0,
    -8, 0, -6, 0, -6, 0, -3, -2,
    -6, -3, 0, -2, 0, 0, 0, -2,
    0, -18, 0, 0, 0, -13, -13, -13,
    -2, -2, -13, -19, -3, 0, 0, 0,
    0, 0, 0, 0, 0, 0, 0, 0,
    0, 0, 0, 0, 0, 0, 0, -26,
    0, -16, -13, 0, -24, 0, 0, 0,
    0, 0, 0, 0, 0, 0, 0, 0,
    0, 0, 0, 0, 0, 0, 0, 0,
    0, 0, 0, -19, 0, 0, 0, 0,
    0, 0, 0, 0, 0, 0, 0, 0,
    0, 0, 0, 0, 0, 0, 0, 0,
    0, 0, 0, 0, 0, 0, -5, 0,
    0, 0, 0, 0, 0, 0, 0, 0,
    0, 0, 0, 0, -3, 0, 0, 0,
    0, 0, 0, 0, 0, 0, 0, 0,
    0, 0, 0, 0, 0, 0, 0, 0,
    0, 0, 0, 0, 0, 0, 0, 0,
    0, 0, 0, 0, 0, 0, 0, 0,
    0, 0, 0, 0, 0, -5, 0, 0,
    0, 0, 0, 0, 0, 0, 0, 0,
    0, 0, 0, 0, 0, 0, 0, 0,
    0, 0, 0, 0, 0, 0, 0, 0,
    0, 0, 0, 0, 0, 0, 0, 0,
    0, 0, 0, 0, -8, 0, 0, 0,
    0, 0, 0, 0, 0, 0, 0, -3,
    -3, -5, -3, -5, -24, 0, -11, -13,
    0, -24, -2, 0, -6, -3, -8, 0,
    -8, 0, -3, 0, -8, -3, -2, -3,
    0, 0, 0, -3, 0, 0, -3, 0,
    -24, -6, -8, -8, -3, -3, -8, 0,
    -10, 0, -3, 0, -5, 0, 0, 0,
    0, 0, 0, 0, 0, -5, 0, 0,
    0, 0, -5, -29, 0, -22, -14, -8,
    -29, -6, 0, 0, 0, 0, 0, 0,
    0, -2, 0, 0, 0, -5, 0, -3,
    -3, -6, 0, -2, -5, 0, 0, -29,
    0, 0, 0, 0, 0, 0, 0, -10,
    0, -3, 0, -5, 0, 0, 0, 0,
    0, 0, 0, 0, -5, 0, 0, 0,
    0, -5, -29, 0, -22, -19, -8, -29,
    -6, 0, 0, 0, 0, 0, 0, 0,
    -2, 0, 0, 0, -5, 0, -3, -3,
    -6, 0, -2, -5, 0, 0, -29, 0,
    0, 0, 0, 0, 0, 0, 0, 0,
    -19, 0, -27, -5, 0, 0, 0, 0,
    0, 0, 0, -18, 0, 0, -21, 0,
    0, -24, 0, -5, 0, -8, -18, -13,
    0, -8, 0, -8, 0, -8, 0, -3,
    0, -8, -5, 0, 0, 0, 0, 0,
    0, 0, -18, 0, 0, -18, -8, -8,
    -8, 0, 0, -8, 0, -5, 0, -2,
    0, -3, 0, 0, 0, 0, 0, 0,
    0, 0, -2, 0, 0, 0, 0, 0,
    -26, 0, -18, -13, -5, -27, -5, 0,
    0, 0, 0, 0, 0, 0, 0, 0,
    0, 0, 0, 0, -3, -3, -5, 0,
    -2, -2, 0, 0, -27, 0, 0, 0,
    0, 0, 0, 0, -5, 0, 0, -5,
    0, 0, 0, 0, 0, 0, 0, 0,
    0, 0, -3, -3, 0, -3, 0, -14,
    -2, -14, -14, 0, -26, 0, 0, 0,
    -2, -5, 0, -5, 0, 0, 0, -5,
    -2, 0, -2, 0, 0, 0, -2, 0,
    0, -3, -2, -26, 0, -5, -5, -2,
    -2, -5, 0, -2, 0, -19, 0, -21,
    0, 0, 0, 0, 0, 0, 0, 0,
    -13, 0, 0, -14, 0, 0, -21, 0,
    -13, -11, -14, -19, -11, 0, -5, 0,
    -3, 0, -3, 0, 0, 0, -3, 0,
    0, 0, 0, 0, 0, 0, -2, -32,
    0, 0, -19, -13, -10, -3, 0, 0,
    -13, -19, -3, 0, -11, 0, -13, 0,
    0, 0, 0, 0, 0, 0, 0, -10,
    0, 0, -13, 0, 0, -21, 0, -16,
    -11, -14, -21, -11, 0, -6, 0, -3,
    0, -3, 0, 0, 0, -3, 0, 0,
    0, 0, 0, -3, 0, -2, -10, 0,
    0, -21, -6, -3, -3, 0, 0, -3,
    0, -3, 2, 0, -5, 0, 0, 0,
    0, 0, 0, 0, 0, 0, 0, -3,
    -3, -6, -3, 0, -24, 0, -16, -14,
    0, -26, -3, 2, -6, 0, -6, 0,
    -6, 0, 0, 0, -6, -5, -2, -3,
    0, -3, 0, -3, 0, 0, -3, 0,
    -26, -6, -6, -6, -3, -3, -13, 0,
    -3, 0, 0, 0, 0, 0, 0, 0,
    0, 0, 0, 0, 0, 0, 0, 0,
    0, 0, 0, -26, 0, -16, -13, 0,
    -24, 0, 0, 0, 0, 0, 0, 0,
    0, 0, 0, 0, 0, 0, 0, 0,
    0, 0, 0, 0, 0, 0, 0, -24,
    0, 0, 0, 0, 0, 0, 0, -2,
    0, -2, -5, 0, 0, 0, 0, 0,
    0, 0, 0, 0, 0, 0, 0, -5,
    0, 0, -21, 0, -13, -11, 0, -19,
    0, 0, -2, 0, -2, 0, -2, 0,
    0, 0, -2, 0, 0, -2, 0, 0,
    0, -2, 0, 0, 0, 0, -13, -2,
    -2, -2, -2, -2, -2, 0, -22, 0,
    0, 0, 0, 0, 0, -11, 0, 0,
    0, 0, 0, 0, -19, -5, 0, -16,
    -13, -32, -19, -48, -32, 0, -38, 0,
    0, -13, -2, -13, -8, -5, 0, 0,
    0, -5, 0, -14, -13, -32, -26, 0,
    -26, 0, 0, -5, -6, -29, -3, -5,
    -5, -3, -3, -5, 0, 0, 0, -5,
    0, -6, 0, 0, 0, 0, 0, 0,
    0, 0, -16, 0, 0, -13, 0, 0,
    -5, 0, -16, -13, -13, -16, -5, 0,
    0, 0, 0, 0, 0, 0, 0, 0,
    0, 0, 0, 0, 0, 0, -3, 0,
    0, -5, 0, 0, -10, 0, 0, 0,
    0, 0, 0, 0, -6, 0, -3, 0,
    -3, 0, 0, 0, 0, 0, 0, 0,
    0, -3, 0, 0, 0, 0, 0, -27,
    0, -26, -19, -16, -26, -6, 0, 0,
    0, 0, 0, 6, 0, 0, 0, 0,
    6, 0, 0, -10, -6, -5, -10, -2,
    -3, 0, 0, -27, 0, 0, 0, 0,
    0, 0, 0, 0, 0, -5, 0, -6,
    0, 0, 0, 0, 0, 0, 0, 0,
    -13, 0, 0, -16, 0, 0, -5, 0,
    -19, -19, -10, -16, -5, 0, 0, 0,
    0, 0, 0, 0, 0, 0, 0, 0,
    0, 0, 0, 0, -3, 0, 0, -5,
    0, 0, -10, 0, 0, 0, 0, 0,
    0, 0, 0, 0, 0, 0, 0, 0,
    0, 0, 0, 0, 0, 0, 0, -16,
    0, 0, -13, 0, 0, 0, 0, -16,
    -13, -13, -16, 0, 0, 0, 0, 0,
    0, 0, 0, 0, 0, 0, 0, 0,
    0, 0, 0, 0, 0, 0, 0, 0,
    0, 0, 0, 0, 0, 0, 0, 0,
    0, 0, 0, 0, 0, 0, 0, 0,
    0, 0, 0, 0, 0, 0, 0, 0,
    0, 0, 0, 0, -32, 0, -32, 0,
    0, -32, 0, 0, 0, 0, 0, 0,
    0, 0, 0, 0, 0, 0, 0, 0,
    -19, -19, 0, 0, 0, 0, 0, 0,
    0, 0, 0, 0, 0, 0, 0, 0
};


/*Collect the kern class' data in one place*/
static const lv_font_fmt_txt_kern_classes_t kern_classes =
{
    .class_pair_values   = kern_class_values,
    .left_class_mapping  = kern_left_class_mapping,
    .right_class_mapping = kern_right_class_mapping,
    .left_class_cnt      = 56,
    .right_class_cnt     = 55,
};

/*--------------------
 *  ALL CUSTOM DATA
 *--------------------*/

#if LVGL_VERSION_MAJOR == 8
/*Store all the custom data of the font*/
static  lv_font_fmt_txt_glyph_cache_t cache;
#endif

#if LVGL_VERSION_MAJOR >= 8
static const lv_font_fmt_txt_dsc_t font_dsc = {
#else
static lv_font_fmt_txt_dsc_t font_dsc = {
#endif
    .glyph_bitmap = glyph_bitmap,
    .glyph_dsc = glyph_dsc,
    .cmaps = cmaps,
    .kern_dsc = &kern_classes,
    .kern_scale = 16,
    .cmap_num = 4,
    .bpp = 4,
    .kern_classes = 1,
    .bitmap_format = 1,
#if LVGL_VERSION_MAJOR == 8
    .cache = &cache
#endif
};



/*-----------------
 *  PUBLIC FONT
 *----------------*/

/*Initialize a public general font descriptor*/
#if LVGL_VERSION_MAJOR >= 8
const lv_font_t hud_text_20 = {
#else
lv_font_t hud_text_20 = {
#endif
    .get_glyph_dsc = lv_font_get_glyph_dsc_fmt_txt,    /*Function pointer to get glyph's data*/
    .get_glyph_bitmap = lv_font_get_bitmap_fmt_txt,    /*Function pointer to get glyph's bitmap*/
    .line_height = 31,          /*The maximum line height required by the font*/
    .base_line = 8,             /*Baseline measured from the bottom of the line*/
#if !(LVGL_VERSION_MAJOR == 6 && LVGL_VERSION_MINOR == 0)
    .subpx = LV_FONT_SUBPX_NONE,
#endif
#if LV_VERSION_CHECK(7, 4, 0) || LVGL_VERSION_MAJOR >= 8
    .underline_position = -1,
    .underline_thickness = 1,
#endif
    .dsc = &font_dsc,          /*The custom font data. Will be accessed by `get_glyph_bitmap/dsc` */
#if LV_VERSION_CHECK(8, 2, 0) || LVGL_VERSION_MAJOR >= 9
    .fallback = NULL,
#endif
    .user_data = NULL,
};



#endif /*#if HUD_TEXT_20*/

