/*******************************************************************************
 * Size: 20 px
 * Bpp: 4
 * Opts: --font BeVietnamPro-Regular.ttf -r 0x20-0x7E,0xA0-0xFF,0x102-0x103,0x110-0x111,0x128-0x129,0x168-0x169,0x1A0-0x1A1,0x1AF-0x1B0,0x1EA0-0x1EF9 --size 20 --format lvgl --bpp 4 --lv-include lvgl.h -o lv_font_vi_20.c
 ******************************************************************************/

#ifdef LV_LVGL_H_INCLUDE_SIMPLE
#include "lvgl.h"
#else
#include "lvgl.h"
#endif

#ifndef LV_FONT_VI_20
#define LV_FONT_VI_20 1
#endif

#if LV_FONT_VI_20

/*-----------------
 *    BITMAPS
 *----------------*/

/*Store the image of the glyphs*/
static LV_ATTRIBUTE_LARGE_CONST const uint8_t glyph_bitmap[] = {
    /* U+0020 " " */

    /* U+0021 "!" */
    0x2f, 0xb0, 0xf, 0xfe, 0x29, 0x80, 0x80, 0x7f,
    0xf2, 0x47, 0x6c, 0x0, 0x84, 0xb, 0x38, 0xe,
    0x28, 0x0,

    /* U+0022 "\"" */
    0x9f, 0x1d, 0xd1, 0x88, 0x8d, 0xc5, 0x40, 0x4,
    0xe6, 0x3, 0xbd, 0x21, 0xaa,

    /* U+0023 "#" */
    0x0, 0xf6, 0xf0, 0x5, 0xf8, 0x1, 0xf8, 0x49,
    0x40, 0x4, 0xa, 0x1, 0xf9, 0x43, 0x0, 0x8,
    0x1e, 0x1, 0xf8, 0xc0, 0xc0, 0x1e, 0x8, 0x1,
    0xd7, 0xfe, 0x80, 0xbf, 0xf3, 0x6, 0xff, 0x84,
    0x2, 0x33, 0x0, 0xc, 0xe0, 0x13, 0x32, 0x8,
    0x2, 0xf3, 0x41, 0x73, 0x1c, 0xf, 0x98, 0xb0,
    0xe, 0x50, 0xd0, 0x2, 0x7, 0x80, 0x7e, 0x30,
    0x30, 0x7, 0x82, 0x80, 0x76, 0x7f, 0xa0, 0x2f,
    0xfc, 0xc1, 0x9f, 0xe0, 0xc, 0x66, 0x0, 0x19,
    0xc0, 0x3, 0x32, 0x80, 0x59, 0x90, 0x26, 0x63,
    0x81, 0xb3, 0x14, 0x1, 0xc8, 0x6, 0x0, 0x70,
    0xf0, 0xf, 0xc6, 0x18, 0x0, 0xd0, 0x50, 0xf,
    0xda, 0xa, 0x0, 0x30, 0x30, 0xe,

    /* U+0024 "$" */
    0x0, 0xc5, 0xee, 0x1, 0xf9, 0x83, 0xc0, 0x3c,
    0xdd, 0x60, 0xff, 0x0, 0x14, 0xc8, 0x18, 0xc,
    0x9e, 0xc0, 0xd8, 0x7e, 0xc2, 0xf4, 0x91, 0x54,
    0xc, 0x20, 0x1a, 0x3, 0xc4, 0x4, 0x3, 0x97,
    0xe9, 0x1, 0x98, 0x20, 0x1e, 0x36, 0x9, 0xc0,
    0xd3, 0x0, 0xd3, 0x46, 0x0, 0x5c, 0xd4, 0x0,
    0x97, 0x30, 0x6, 0x25, 0x68, 0x1, 0x84, 0x2f,
    0x98, 0x21, 0xe0, 0x3, 0xd0, 0x5, 0x6e, 0x80,
    0x1c, 0x60, 0x74, 0x12, 0x20, 0x1a, 0x41, 0x58,
    0xcb, 0xe0, 0x2f, 0x50, 0xa0, 0x31, 0xc1, 0x40,
    0xc9, 0xb4, 0x2, 0x8e, 0xc0, 0x7f, 0x90, 0xf,
    0x8, 0x78, 0x6,

    /* U+0025 "%" */
    0x8, 0xef, 0xc3, 0x0, 0xd9, 0xe2, 0x0, 0x77,
    0x24, 0xe, 0x8, 0x1, 0x4d, 0xc4, 0x1, 0x67,
    0x4f, 0xc0, 0x80, 0x8, 0x19, 0x0, 0x98, 0xcc,
    0x16, 0x2, 0xa, 0x52, 0x20, 0x14, 0xe, 0x7b,
    0xaa, 0x4, 0xb, 0x80, 0x62, 0xea, 0x9c, 0xa0,
    0x62, 0x90, 0xf, 0x95, 0x8c, 0x1, 0x2, 0xe0,
    0x1f, 0xf3, 0xc, 0x0, 0x7f, 0xf0, 0x20, 0x98,
    0x0, 0x20, 0x1f, 0x9c, 0x60, 0x13, 0xb9, 0xf0,
    0x1, 0xe9, 0x25, 0x1b, 0x3a, 0x67, 0x60, 0xd,
    0x3, 0x0, 0x81, 0xcb, 0x25, 0xa0, 0x10, 0xb9,
    0xa8, 0x4, 0x20, 0x1f, 0x48, 0x40, 0x1, 0x7,
    0x92, 0xb, 0x80, 0x2, 0xe6, 0x80, 0x1, 0xd0,
    0xb6, 0x95,

    /* U+0026 "&" */
    0x0, 0xa7, 0xbf, 0x14, 0x3, 0xeb, 0x65, 0x62,
    0xa4, 0x0, 0xe2, 0x45, 0xb9, 0xf0, 0xf0, 0xe,
    0x10, 0xd0, 0x0, 0x80, 0x80, 0x71, 0x84, 0x88,
    0x40, 0x78, 0x7, 0xa8, 0x76, 0xdd, 0xca, 0x1,
    0xe7, 0x13, 0x4b, 0x80, 0x4, 0xe0, 0x1, 0x34,
    0xc, 0x34, 0x2, 0x22, 0x0, 0xd9, 0x7e, 0x13,
    0x38, 0x1, 0x88, 0x24, 0x24, 0x43, 0x6, 0x14,
    0x49, 0x40, 0xc1, 0x40, 0x3, 0xa1, 0x56, 0x1a,
    0x2, 0x4, 0x1, 0x1d, 0x2, 0x92, 0x7, 0x87,
    0x8, 0x4, 0xe2, 0x1, 0x95, 0x8b, 0xae, 0xb3,
    0x44, 0xca, 0xc0, 0x13, 0x48, 0xaa, 0x26, 0xdc,
    0x24, 0x80,

    /* U+0027 "'" */
    0x9f, 0x13, 0x11, 0x94, 0x1c, 0xc3, 0xa4, 0x0,

    /* U+0028 "(" */
    0x0, 0xff, 0x8a, 0xb0, 0x2, 0x6d, 0x50, 0x9,
    0x64, 0x2b, 0x0, 0xa8, 0x31, 0x40, 0x16, 0x10,
    0x60, 0x1, 0x60, 0x70, 0x9, 0x1, 0x40, 0x36,
    0x7, 0x80, 0x65, 0x6, 0x0, 0xc2, 0x4, 0x1,
    0x8c, 0x4, 0x3, 0x18, 0x8, 0x6, 0x10, 0x20,
    0xc, 0xa0, 0xc0, 0x1b, 0x3, 0x0, 0x32, 0x3,
    0x0, 0x61, 0x50, 0x70, 0xd, 0x1, 0x6, 0x1,
    0x14, 0x86, 0xa0, 0x4, 0xd0, 0x37, 0x80, 0x13,
    0xe2, 0x88, 0x6, 0x3a, 0xd0,

    /* U+0029 ")" */
    0x0, 0xfc, 0x3b, 0x2, 0x1, 0xc6, 0xfe, 0x60,
    0x10, 0xf3, 0x8e, 0x10, 0x6, 0x89, 0xf, 0x0,
    0xe6, 0x42, 0x60, 0xe, 0x80, 0xb0, 0xe, 0x32,
    0x28, 0x3, 0x90, 0x1c, 0x3, 0xbc, 0x34, 0x3,
    0x8c, 0x8, 0x3, 0x84, 0x3, 0xe1, 0x0, 0xf8,
    0xc0, 0x80, 0x3b, 0xc3, 0x80, 0x39, 0x1, 0x0,
    0x31, 0x91, 0x40, 0x1a, 0x2, 0xc0, 0x33, 0x21,
    0x30, 0x4, 0xf2, 0x1c, 0x0, 0x1e, 0x80, 0xb3,
    0x0, 0xcd, 0xc8, 0x1, 0xf, 0x48, 0x80, 0x60,

    /* U+002A "*" */
    0x0, 0xd9, 0x60, 0x1f, 0xfc, 0x3a, 0x61, 0x0,
    0xb, 0x48, 0xb, 0xcf, 0x1a, 0x74, 0xa0, 0xe,
    0xe2, 0x80, 0x1b, 0x74, 0x1, 0x1b, 0x88, 0x94,
    0x80, 0x34, 0x95, 0x59, 0xc0, 0x7, 0x3a, 0x2b,
    0x0, 0x74, 0xc0, 0x2, 0x60, 0x0,

    /* U+002B "+" */
    0x0, 0x9a, 0x0, 0x3d, 0xac, 0x1, 0xff, 0x35,
    0x51, 0x46, 0xa8, 0xf8, 0xaa, 0x10, 0x55, 0x5d,
    0x7f, 0x90, 0x7f, 0xd8, 0x1, 0xff, 0xc4,

    /* U+002C "," */
    0xc, 0xe3, 0x13, 0x14, 0x19, 0x5, 0xe, 0x72,
    0x22, 0xc0, 0x0,

    /* U+002D "-" */
    0x6a, 0xaf, 0x3e, 0x2a, 0xfa, 0xc0,

    /* U+002E "." */
    0x8, 0x60, 0x67, 0x91, 0x41, 0x31,

    /* U+002F "/" */
    0x0, 0xf9, 0xfd, 0x80, 0x3e, 0xb0, 0x70, 0xf,
    0x11, 0xa0, 0x80, 0x79, 0x43, 0x80, 0x3e, 0xa0,
    0x50, 0xf, 0x11, 0x14, 0x3, 0xea, 0xe, 0x0,
    0xf9, 0x45, 0x0, 0x3c, 0x64, 0xe0, 0x1f, 0x50,
    0x68, 0x7, 0xce, 0x28, 0x1, 0xe4, 0x17, 0x0,
    0xfb, 0x42, 0x80, 0x3e, 0x72, 0x30, 0xf, 0x20,
    0xa8, 0x7, 0xdc, 0x14, 0x1, 0xf2, 0x91, 0x0,
    0x3c, 0xa1, 0x40, 0x1f, 0x78, 0x28, 0x7, 0xca,
    0x64, 0x1, 0xe0,

    /* U+0030 "0" */
    0x0, 0x9f, 0x7f, 0xa8, 0xc0, 0x3b, 0x20, 0x84,
    0x4b, 0x8a, 0x1, 0x49, 0x96, 0xf7, 0xc8, 0x51,
    0x1, 0x30, 0x61, 0x0, 0x19, 0xc2, 0x1, 0x41,
    0x84, 0x3, 0x40, 0x28, 0x60, 0x68, 0x7, 0x8c,
    0xd, 0x81, 0x80, 0x3c, 0xc0, 0xc6, 0x1, 0xf8,
    0xc0, 0xcc, 0x1, 0xf8, 0xc0, 0xd8, 0x18, 0x3,
    0xcc, 0xd, 0x81, 0xa0, 0x1e, 0x30, 0x35, 0x6,
    0x10, 0xd, 0x0, 0xa0, 0x4c, 0x1a, 0x40, 0x6,
    0x70, 0x80, 0x4, 0x99, 0xb7, 0xbe, 0x42, 0x88,
    0x2, 0xc8, 0x21, 0x12, 0xe2, 0x80, 0x0,

    /* U+0031 "1" */
    0x0, 0x8b, 0xa0, 0x0, 0xd8, 0x20, 0x5f, 0x22,
    0x0, 0x39, 0x92, 0x80, 0x5, 0x99, 0x80, 0x1f,
    0xff, 0x20,

    /* U+0032 "2" */
    0x0, 0x15, 0x77, 0xf4, 0x90, 0x4, 0x7a, 0xa2,
    0x42, 0xda, 0x60, 0xe, 0x8, 0xfd, 0xf6, 0xd,
    0x3, 0x23, 0x70, 0xa, 0x4c, 0x51, 0x42, 0xc0,
    0x39, 0x40, 0x5b, 0xdc, 0x3, 0x88, 0x4, 0x3,
    0xe2, 0x41, 0x40, 0xf, 0xf, 0x85, 0x80, 0x78,
    0x74, 0xa1, 0x40, 0x38, 0x70, 0xdd, 0xc0, 0x1c,
    0x5e, 0x53, 0x0, 0x1c, 0x78, 0x34, 0xc0, 0x1c,
    0x78, 0x36, 0xa0, 0x1c, 0x78, 0x3, 0x3b, 0xbd,
    0x2a, 0x0, 0x12, 0x2f, 0x80,

    /* U+0033 "3" */
    0x0, 0xc, 0xf7, 0xf5, 0x10, 0x4, 0x7c, 0xc6,
    0x86, 0xba, 0x80, 0xe, 0x9, 0xdb, 0xda, 0xa,
    0x2, 0x22, 0x30, 0x4, 0xa8, 0x26, 0xf, 0xe0,
    0x1c, 0x20, 0x2, 0x84, 0x0, 0xc4, 0xa2, 0x60,
    0x10, 0xcc, 0xab, 0x47, 0x40, 0x31, 0x33, 0x14,
    0x10, 0x80, 0x31, 0xff, 0xba, 0x17, 0x0, 0x3e,
    0x17, 0x62, 0x65, 0xa3, 0x0, 0xec, 0xf, 0x25,
    0x40, 0xe, 0xd0, 0xe6, 0x8, 0x40, 0x9, 0x1c,
    0x14, 0x64, 0x2f, 0x6f, 0x6c, 0x24, 0x81, 0xb1,
    0x4d, 0xd, 0x71, 0x80,

    /* U+0034 "4" */
    0x0, 0xf3, 0xff, 0x90, 0x3, 0xe2, 0x80, 0xf,
    0xf7, 0x1, 0x0, 0x7e, 0x83, 0x67, 0x0, 0xf8,
    0xdc, 0xa4, 0x3, 0xf7, 0x7, 0x0, 0x7e, 0x92,
    0x73, 0x0, 0xf9, 0x18, 0xa0, 0x3, 0xf5, 0x7,
    0x80, 0x7e, 0xa1, 0x82, 0x0, 0xfc, 0x81, 0x1f,
    0xf9, 0x42, 0xff, 0x91, 0x3e, 0x10, 0x24, 0x45,
    0x5d, 0xf9, 0x2, 0x6e, 0x80, 0x3f, 0xf9, 0x80,

    /* U+0035 "5" */
    0x3, 0xff, 0xfb, 0x40, 0xc, 0x4, 0x67, 0xc8,
    0x0, 0xd0, 0xec, 0xce, 0x90, 0x1, 0x1, 0x80,
    0x7e, 0x61, 0x13, 0xd4, 0xb0, 0x6, 0x30, 0xf8,
    0x56, 0x9e, 0x20, 0x10, 0x12, 0xdf, 0xd5, 0x1f,
    0x2, 0x3, 0xc2, 0x2, 0xa4, 0x26, 0x3f, 0xc0,
    0xe, 0xf0, 0xd0, 0xf, 0xca, 0xc, 0xf6, 0x40,
    0x1c, 0x60, 0x20, 0x8a, 0x1, 0xd4, 0x8, 0xc1,
    0x8, 0x1, 0x2b, 0x84, 0x8d, 0x5, 0xed, 0xed,
    0x5, 0x8, 0x2e, 0x29, 0xa1, 0xae, 0xa8, 0x0,

    /* U+0036 "6" */
    0x0, 0xc9, 0x5d, 0xfe, 0xc0, 0xe, 0xab, 0x51,
    0x21, 0x31, 0x0, 0xa9, 0x4e, 0xff, 0x7b, 0xc4,
    0x0, 0xaa, 0x3c, 0x40, 0xf, 0xb8, 0x38, 0x3,
    0xf0, 0xa1, 0x8d, 0xff, 0xb5, 0xc0, 0x25, 0x1,
    0xc4, 0x33, 0x14, 0x60, 0x0, 0x80, 0x8f, 0xb3,
    0x1c, 0x66, 0x70, 0x10, 0x7, 0x8, 0x0, 0x78,
    0x28, 0x4, 0x8, 0x80, 0x18, 0x8a, 0x5, 0x0,
    0xff, 0x8c, 0x48, 0x80, 0x18, 0x8a, 0x0, 0x48,
    0x70, 0x80, 0x7, 0x82, 0xc0, 0xe, 0xa7, 0xd9,
    0x8e, 0x34, 0x60, 0xa, 0xa4, 0xcf, 0x4d, 0x80,
    0x0,

    /* U+0037 "7" */
    0xef, 0xff, 0xe4, 0x53, 0x3f, 0x80, 0xd, 0x79,
    0x9e, 0x40, 0x92, 0x0, 0xf2, 0x3a, 0xb0, 0x7,
    0xd4, 0x36, 0x1, 0xf4, 0xc, 0x8, 0x7, 0x85,
    0xc9, 0x80, 0x3e, 0x90, 0xb0, 0xf, 0xcc, 0x2c,
    0x1, 0xf2, 0xb, 0x80, 0x7e, 0xd0, 0xd0, 0xf,
    0xce, 0x8, 0x1, 0xf0, 0x88, 0x80, 0x3f, 0x28,
    0x38, 0x7, 0xe1, 0x3, 0x0, 0xf0,

    /* U+0038 "8" */
    0x0, 0x25, 0xf7, 0xf4, 0x88, 0x4, 0xf6, 0x8a,
    0xc4, 0xdc, 0x40, 0x30, 0x3d, 0x73, 0x94, 0x1c,
    0x8, 0xc, 0x20, 0x12, 0x91, 0x80, 0x44, 0x1,
    0xc6, 0x0, 0x41, 0x58, 0x10, 0x2b, 0x15, 0x1,
    0xd2, 0x7e, 0xfd, 0x45, 0xa0, 0x0, 0x8c, 0xac,
    0x80, 0x60, 0x2, 0xd0, 0xfa, 0x9b, 0xc6, 0xb0,
    0xb0, 0xf1, 0x0, 0x8d, 0xd1, 0xa, 0x4, 0x1,
    0xdc, 0x6, 0xe0, 0xa0, 0x1d, 0x80, 0x3c, 0x12,
    0x40, 0x12, 0xa8, 0x1d, 0x58, 0xb6, 0xeb, 0x28,
    0x28, 0x42, 0x69, 0x15, 0x44, 0xba, 0xa0,

    /* U+0039 "9" */
    0x0, 0x14, 0xf7, 0xf5, 0x10, 0x6, 0x3c, 0x60,
    0x43, 0x5d, 0x40, 0xb, 0x86, 0x3a, 0xf6, 0xc2,
    0xc4, 0x10, 0x91, 0xc0, 0x24, 0x80, 0x90, 0x30,
    0xc0, 0xe, 0x40, 0x50, 0x10, 0xf, 0x9c, 0x8,
    0x14, 0x28, 0x3, 0xb8, 0x0, 0x26, 0x62, 0xb3,
    0x2, 0x95, 0x0, 0x8, 0x69, 0x26, 0x7e, 0xb3,
    0x0, 0x40, 0x3, 0xb4, 0xca, 0xd7, 0xa0, 0xa0,
    0x19, 0x66, 0xa5, 0x38, 0x34, 0x3, 0xf2, 0xa8,
    0x58, 0x3, 0xc2, 0xf4, 0x14, 0x1, 0x3f, 0xef,
    0x72, 0x2, 0x90, 0x2, 0x21, 0x21, 0x27, 0xe5,
    0x0, 0x80,

    /* U+003A ":" */
    0x2e, 0xc0, 0x41, 0x31, 0x67, 0x91, 0x8, 0x60,
    0xf, 0xfe, 0x34, 0x30, 0x33, 0xc8, 0xa0, 0x98,
    0x80,

    /* U+003B ";" */
    0x1d, 0xd0, 0x91, 0x4a, 0x71, 0x4, 0x7, 0x70,
    0x7, 0xff, 0x18, 0x90, 0x7, 0x6d, 0x84, 0x40,
    0x15, 0xb, 0x4, 0x50, 0x15, 0xa0, 0x0,

    /* U+003C "<" */
    0x0, 0xfc, 0x20, 0x1e, 0x4c, 0x90, 0xc, 0x99,
    0x67, 0xa0, 0x5, 0xdb, 0x28, 0xf5, 0x3d, 0xa0,
    0x9e, 0x70, 0x3, 0x10, 0x2b, 0x80, 0x65, 0xc4,
    0x7e, 0x92, 0x0, 0x8e, 0xf5, 0x5b, 0x68, 0x80,
    0x22, 0xad, 0x65, 0xa0, 0xe, 0x29, 0xeb,

    /* U+003D "=" */
    0xaf, 0xff, 0xe2, 0xc5, 0x5f, 0xe3, 0x6a, 0xaf,
    0xe1, 0x0, 0xff, 0x9a, 0xab, 0xf8, 0x71, 0x57,
    0xf8, 0xc0,

    /* U+003E ">" */
    0x0, 0xfe, 0x6c, 0x50, 0xf, 0x11, 0x2b, 0x54,
    0x3, 0x27, 0x49, 0xd6, 0xb0, 0x6, 0x6e, 0xa0,
    0x9e, 0x40, 0xc, 0x94, 0x2, 0x60, 0x1, 0x8e,
    0x84, 0xb7, 0x19, 0xe7, 0x4c, 0xb4, 0x7, 0x65,
    0xcb, 0x30, 0x9, 0x76, 0x8c, 0x3, 0x80,

    /* U+003F "?" */
    0x0, 0x3e, 0xff, 0x59, 0x80, 0x59, 0x4, 0x60,
    0x98, 0xc1, 0x6, 0x9d, 0x9d, 0x41, 0x22, 0xa1,
    0x42, 0x0, 0x55, 0x2, 0x3b, 0x8, 0x6, 0x20,
    0x3a, 0x90, 0xe, 0x50, 0x40, 0xf, 0x61, 0x39,
    0x0, 0x61, 0xd3, 0x58, 0x0, 0xed, 0x27, 0xa0,
    0xe, 0x53, 0x48, 0x0, 0xf1, 0x86, 0x0, 0x7c,
    0xde, 0xe0, 0x1f, 0xb, 0x90, 0x7, 0xd7, 0x12,
    0x1, 0xf6, 0x6, 0x0, 0x60,

    /* U+0040 "@" */
    0x0, 0xe5, 0xad, 0xff, 0x75, 0xb0, 0x7, 0xe3,
    0xda, 0x51, 0x55, 0x12, 0x4f, 0x30, 0x7, 0x2e,
    0x13, 0xf6, 0x55, 0x33, 0xe8, 0x26, 0x80, 0x22,
    0xa1, 0xc8, 0x10, 0xe, 0x5e, 0x45, 0x80, 0x7,
    0x5, 0x18, 0x3f, 0x7e, 0x17, 0x70, 0x2c, 0x9c,
    0x90, 0xd5, 0x2, 0x20, 0xc, 0x18, 0x20, 0x14,
    0x5, 0x68, 0x70, 0xb, 0x87, 0xce, 0x28, 0x6,
    0x50, 0x45, 0x4, 0x4, 0x6, 0x10, 0x4, 0x0,
    0x71, 0x10, 0x44, 0x0, 0x30, 0xe0, 0x8, 0x80,
    0x38, 0x44, 0x1, 0x8c, 0x38, 0x2, 0x20, 0x10,
    0x8, 0x85, 0x84, 0x40, 0x80, 0xc2, 0x0, 0x80,
    0x2, 0x81, 0x8b, 0x98, 0x20, 0xb, 0x87, 0xce,
    0x24, 0x85, 0xce, 0x85, 0xd0, 0x40, 0x2, 0x20,
    0xc, 0x16, 0xd4, 0x6c, 0x56, 0x44, 0x52, 0x80,
    0x3, 0xf7, 0xe2, 0x2, 0xef, 0xe2, 0x0, 0x2c,
    0x9e, 0x0, 0x3f, 0xf8, 0x43, 0xe4, 0xfa, 0xe4,
    0x20, 0x27, 0x1c, 0x80, 0x1c, 0x5a, 0xe5, 0x1b,
    0xdf, 0xd8, 0xe0, 0x20, 0x1f, 0x47, 0xdb, 0xb2,
    0xb4, 0x5f, 0x28, 0x4,

    /* U+0041 "A" */
    0x0, 0xe1, 0xff, 0x60, 0x7, 0xf9, 0xc0, 0x6,
    0x20, 0x1f, 0xda, 0x6, 0xc, 0x1, 0xf8, 0x50,
    0xb8, 0x2c, 0x3, 0xf3, 0x2, 0x91, 0x98, 0x80,
    0x3e, 0xb0, 0xa0, 0xb0, 0x50, 0xf, 0x11, 0x98,
    0x81, 0x82, 0x80, 0x3c, 0xa1, 0x40, 0x1, 0x42,
    0x30, 0xe, 0xa0, 0x70, 0xb, 0x82, 0xc0, 0x31,
    0x10, 0x37, 0x32, 0x80, 0x60, 0xd, 0x40, 0x3,
    0x3c, 0x40, 0x26, 0x1, 0x28, 0x77, 0xff, 0x50,
    0x50, 0x0, 0xc8, 0xc4, 0x3, 0x94, 0x1c, 0x1,
    0x41, 0x60, 0x1f, 0x20, 0xa0, 0x38, 0x28, 0x7,
    0xda, 0x1c,

    /* U+0042 "B" */
    0x6f, 0xff, 0x6c, 0x8, 0x6, 0x14, 0x48, 0xc9,
    0xf0, 0x40, 0x27, 0xbb, 0xb3, 0xd0, 0xa4, 0x3,
    0xfa, 0x1, 0x0, 0x3f, 0x84, 0x1c, 0x3, 0xfa,
    0x3, 0x80, 0x24, 0x99, 0xab, 0x56, 0x14, 0x2,
    0x26, 0x69, 0x48, 0x3c, 0x3, 0x37, 0xfe, 0xd5,
    0x7a, 0x0, 0xfc, 0x54, 0x4a, 0x40, 0x1f, 0xc8,
    0xe, 0x1, 0xfc, 0xa0, 0x20, 0x1f, 0x98, 0xc5,
    0x0, 0xf, 0x77, 0x67, 0x48, 0x58, 0x4, 0x28,
    0x91, 0x82, 0xe2, 0x80,

    /* U+0043 "C" */
    0x0, 0x86, 0x37, 0xfd, 0xb2, 0x60, 0x1c, 0xbc,
    0xe4, 0x22, 0x26, 0xc7, 0x0, 0x92, 0x81, 0xb7,
    0xb9, 0xf2, 0x10, 0xa0, 0x9, 0x8, 0x92, 0x0,
    0x9a, 0xc2, 0xc1, 0x48, 0xdc, 0x3, 0xc8, 0x62,
    0x9e, 0x14, 0x1, 0xfb, 0x39, 0x1c, 0x10, 0x3,
    0xf8, 0x40, 0xc0, 0xc0, 0x3f, 0xe3, 0x3, 0x0,
    0xff, 0x9c, 0x10, 0x3, 0xf8, 0x43, 0xc2, 0x80,
    0x3f, 0x67, 0x22, 0x91, 0xb8, 0x7, 0x90, 0xc5,
    0x3, 0x82, 0x24, 0x80, 0x26, 0xb0, 0xb0, 0x1,
    0xd8, 0xb6, 0xf7, 0x3e, 0x42, 0x14, 0x2, 0x4f,
    0x72, 0x11, 0x97, 0x1c, 0x0,

    /* U+0044 "D" */
    0x6f, 0xfe, 0xeb, 0x50, 0xf, 0x9, 0x9c, 0x9,
    0x56, 0x1, 0xcf, 0x99, 0x76, 0x12, 0x60, 0x7,
    0xf1, 0xe9, 0x1b, 0x0, 0x7f, 0xb8, 0x20, 0x3,
    0xfc, 0x64, 0x26, 0x1, 0xfe, 0x40, 0x60, 0xf,
    0xf0, 0x81, 0x80, 0x7f, 0x84, 0xc, 0x3, 0xfc,
    0x80, 0xc0, 0x1f, 0xc6, 0x42, 0x60, 0x1f, 0xdc,
    0x12, 0x1, 0xf8, 0xf4, 0x8d, 0xc0, 0x27, 0xcc,
    0xbb, 0x9, 0x30, 0x3, 0x9, 0x9c, 0x9, 0x56,
    0x1, 0x0,

    /* U+0045 "E" */
    0x6f, 0xff, 0xe0, 0x8, 0x4c, 0xfe, 0x0, 0x9f,
    0x33, 0xe0, 0xf, 0xfe, 0xc3, 0xe6, 0x78, 0x3,
    0x9, 0x9f, 0x84, 0x2, 0x6f, 0xff, 0x8, 0x7,
    0xff, 0x8d, 0xf3, 0x3e, 0x10, 0x0, 0x99, 0xfc,
    0x0,

    /* U+0046 "F" */
    0x6f, 0xff, 0xe5, 0x0, 0x9, 0x9f, 0xc2, 0x0,
    0x7c, 0xcf, 0x90, 0x3, 0xff, 0xc4, 0xdf, 0xfe,
    0x70, 0x8, 0x4c, 0xfc, 0x40, 0x13, 0xe6, 0x79,
    0x40, 0x3f, 0xfd, 0x80,

    /* U+0047 "G" */
    0x0, 0x85, 0xf3, 0xbf, 0xa9, 0x0, 0x39, 0x3e,
    0xc, 0x8, 0x56, 0xe4, 0x2, 0x4b, 0x16, 0xee,
    0x6f, 0xd8, 0xb3, 0x80, 0x28, 0x22, 0x44, 0x2,
    0x4c, 0x8, 0x15, 0x13, 0x70, 0xf, 0x14, 0x1a,
    0xf8, 0x50, 0x7, 0xe7, 0xc4, 0x70, 0x40, 0xf,
    0xf8, 0xc0, 0xc0, 0x35, 0x7f, 0xf5, 0x18, 0x18,
    0x6, 0xc5, 0x59, 0x0, 0xdc, 0x10, 0x3, 0x35,
    0x55, 0xc0, 0x3e, 0x14, 0x1, 0xfb, 0x3, 0x14,
    0x4d, 0xc0, 0x3c, 0x6c, 0x28, 0x14, 0x11, 0x22,
    0x1, 0x2e, 0x85, 0x80, 0x12, 0x81, 0xbb, 0x9b,
    0xf4, 0x32, 0xa0, 0x12, 0xf3, 0x98, 0x91, 0x1b,
    0x58, 0x0,

    /* U+0048 "H" */
    0x6f, 0x90, 0xf, 0x37, 0xc8, 0x7, 0xff, 0xc9,
    0xf3, 0x3d, 0x60, 0x18, 0x4c, 0xfc, 0x40, 0x19,
    0xbf, 0xfd, 0x20, 0x1f, 0xff, 0xe0,

    /* U+0049 "I" */
    0x6f, 0x90, 0xf, 0xfe, 0xf0,

    /* U+004A "J" */
    0x0, 0xe4, 0xfb, 0x0, 0xff, 0xff, 0x80, 0x4,
    0x4, 0x3, 0xb4, 0x34, 0x3, 0x33, 0x82, 0x96,
    0xeb, 0xe4, 0x20, 0x80, 0x88, 0x29, 0x6e, 0x0,

    /* U+004B "K" */
    0x6f, 0x90, 0xe, 0x8f, 0xe2, 0x0, 0xf9, 0xdc,
    0x38, 0x40, 0x1e, 0x68, 0x1c, 0x20, 0xf, 0x2c,
    0x86, 0x90, 0x7, 0x96, 0x83, 0xc, 0x3, 0xc9,
    0x41, 0x66, 0x1, 0xe5, 0xb0, 0xb4, 0x0, 0xf8,
    0xc0, 0x90, 0x3, 0xf3, 0x19, 0x58, 0x7, 0xf6,
    0x92, 0x58, 0x7, 0xe1, 0xc2, 0x4a, 0x0, 0xfc,
    0x3e, 0x2b, 0x20, 0x1f, 0x8b, 0x41, 0x9c, 0x3,
    0xf1, 0xe0, 0x43, 0x0, 0x7e, 0x3b, 0x9, 0x50,

    /* U+004C "L" */
    0x6f, 0x90, 0xf, 0xff, 0xf8, 0x7, 0xff, 0xdd,
    0xf3, 0x3e, 0x20, 0x0, 0x99, 0xfc, 0x20,

    /* U+004D "M" */
    0x6f, 0xf3, 0x0, 0x7c, 0xbf, 0xe7, 0x0, 0xa0,
    0x3, 0xe8, 0x0, 0xf0, 0xb0, 0x7, 0x29, 0x0,
    0x72, 0x4, 0x0, 0x74, 0x2, 0x0, 0x63, 0x51,
    0x60, 0x9, 0x48, 0xf0, 0x3, 0xa4, 0x2c, 0x2,
    0x90, 0x80, 0xf, 0x1a, 0x12, 0x82, 0x19, 0x90,
    0x3, 0xe8, 0x8, 0x8, 0x8, 0x0, 0xfc, 0x68,
    0x52, 0x66, 0x40, 0xf, 0xe8, 0x6, 0x8, 0x0,
    0xff, 0x1a, 0x1, 0xa0, 0x7, 0xfd, 0x7b, 0xa0,
    0xf, 0xfe, 0x9, 0x8, 0x7, 0xff, 0x60,

    /* U+004E "N" */
    0x6f, 0xb0, 0xf, 0xbb, 0xc0, 0x24, 0x50, 0xf,
    0xfe, 0x5, 0x8, 0x7, 0xff, 0x2, 0x80, 0x3f,
    0xcc, 0x48, 0xc0, 0x1f, 0xef, 0x9, 0x20, 0xf,
    0xe2, 0x80, 0x90, 0xf, 0xf3, 0x9a, 0x30, 0x7,
    0xfb, 0x82, 0x48, 0x3, 0xf8, 0xa0, 0x38, 0x3,
    0xfc, 0xe6, 0x67, 0x0, 0xff, 0x70, 0x40, 0x80,
    0x7f, 0x14, 0x80, 0x7f, 0xf0, 0x19, 0x0, 0x3f,
    0xf8, 0x14, 0x1, 0x0,

    /* U+004F "O" */
    0x0, 0xcf, 0x9d, 0xfd, 0x48, 0x1, 0xe3, 0xe8,
    0x30, 0x11, 0x2d, 0xd0, 0x6, 0x3c, 0x15, 0xde,
    0xe7, 0xc8, 0xad, 0x0, 0x5c, 0xf, 0x44, 0x1,
    0x36, 0xa, 0xa8, 0x14, 0x89, 0x0, 0x1e, 0x2b,
    0x8, 0xf, 0xb, 0x0, 0xfc, 0xa2, 0x44, 0x70,
    0x50, 0xf, 0xe4, 0x7, 0x30, 0x20, 0xf, 0xe3,
    0x3, 0x30, 0x10, 0x7, 0xf1, 0x81, 0xb8, 0x28,
    0x7, 0xf2, 0x3, 0xf8, 0x58, 0x7, 0xe5, 0x12,
    0x22, 0x91, 0x20, 0x3, 0xc5, 0x61, 0x0, 0xe,
    0x7, 0xa2, 0x0, 0x97, 0x5, 0x54, 0x0, 0x3c,
    0x15, 0xde, 0xe7, 0xd0, 0xad, 0x0, 0x63, 0xe8,
    0x30, 0x11, 0x2d, 0xd0, 0x4,

    /* U+0050 "P" */
    0x6f, 0xfe, 0xec, 0x50, 0xc, 0x26, 0x7d, 0x52,
    0x1, 0x3e, 0x65, 0xba, 0x16, 0x50, 0xf, 0x8a,
    0x82, 0x40, 0x3f, 0x20, 0x18, 0x7, 0xf8, 0x40,
    0x3f, 0x30, 0x20, 0x7, 0x85, 0xa4, 0x24, 0x0,
    0xdf, 0xf7, 0x48, 0x49, 0x80, 0x4, 0xcc, 0x8a,
    0xfa, 0xc0, 0x13, 0xe6, 0x2e, 0xa0, 0x80, 0x3f,
    0xfc, 0x40,

    /* U+0051 "Q" */
    0x0, 0xcf, 0x9d, 0xfd, 0x48, 0x1, 0xe3, 0xe8,
    0x30, 0x11, 0x2d, 0xd0, 0x6, 0x3c, 0x15, 0xde,
    0xe7, 0xc8, 0xad, 0x0, 0x5c, 0xf, 0x44, 0x1,
    0x36, 0xa, 0xa8, 0x14, 0x89, 0x0, 0x1e, 0x2b,
    0x8, 0xf, 0xb, 0x0, 0xfc, 0xa2, 0x44, 0x70,
    0x50, 0xf, 0xe4, 0x7, 0x30, 0x20, 0xf, 0xe3,
    0x3, 0x30, 0x10, 0x7, 0xf1, 0x81, 0xb8, 0x28,
    0x7, 0x5b, 0x80, 0x10, 0x1f, 0xc2, 0xc0, 0x30,
    0xac, 0x3a, 0x89, 0x11, 0x48, 0x90, 0x1, 0xf,
    0x94, 0x50, 0x40, 0x3, 0x81, 0xe8, 0x80, 0x3,
    0x40, 0x2, 0x50, 0x1, 0xe0, 0xae, 0xf7, 0x3e,
    0x0, 0x49, 0xc0, 0x23, 0xe8, 0x30, 0x11, 0x2e,
    0x60, 0x61, 0x80,

    /* U+0052 "R" */
    0x6f, 0xfe, 0xeb, 0x40, 0xe, 0x13, 0x3c, 0x96,
    0xc0, 0x19, 0xf3, 0x2d, 0xb0, 0x91, 0x0, 0xfc,
    0x8a, 0xe, 0x1, 0xfd, 0xa1, 0xc0, 0x1f, 0xd8,
    0x1a, 0x1, 0xf0, 0xc2, 0xa, 0x80, 0x4d, 0xff,
    0x73, 0x8e, 0x80, 0x62, 0x44, 0x8, 0x2f, 0x98,
    0x6, 0x4b, 0xb5, 0x3, 0x88, 0x7, 0xe4, 0x41,
    0x38, 0x7, 0xf4, 0x84, 0x8, 0x7, 0xe2, 0x60,
    0x80, 0xf, 0xe8, 0x16, 0x30, 0xf, 0xc3, 0x21,
    0xe0,

    /* U+0053 "S" */
    0x0, 0x2d, 0xf7, 0xf4, 0x88, 0x5, 0x14, 0x86,
    0x60, 0x6f, 0x20, 0x37, 0x1c, 0xdc, 0xe7, 0x19,
    0x4, 0x9, 0x30, 0xa, 0x9, 0x4, 0x1, 0xe0,
    0x1d, 0x9c, 0x28, 0xe, 0xc2, 0x1, 0x8, 0x80,
    0xe0, 0x27, 0xb2, 0xc, 0x3, 0x3e, 0x30, 0x9b,
    0xe6, 0x8, 0x2, 0x39, 0xed, 0x93, 0x36, 0x8,
    0x7, 0x13, 0x62, 0x8c, 0xc4, 0x88, 0x7, 0x70,
    0x19, 0x33, 0x0, 0x38, 0x80, 0xa4, 0x21, 0x80,
    0x24, 0x80, 0xd3, 0x90, 0x9f, 0xde, 0xb1, 0x74,
    0x6, 0xb4, 0x12, 0x4, 0xb8, 0x0,

    /* U+0054 "T" */
    0x1f, 0xff, 0xf8, 0x40, 0xcf, 0x10, 0x11, 0x9e,
    0x1, 0xcc, 0xd4, 0x15, 0x99, 0x84, 0x3, 0xff,
    0xfe, 0x1, 0xff, 0xff, 0x0, 0xf0,

    /* U+0055 "U" */
    0x6f, 0x90, 0xf, 0xf, 0xf0, 0x7, 0xff, 0xfc,
    0x3, 0xff, 0xaa, 0x40, 0x40, 0x1e, 0x20, 0x25,
    0x4, 0x20, 0xe, 0x90, 0x51, 0x50, 0xf3, 0x0,
    0xc, 0x28, 0x58, 0x51, 0x96, 0x7f, 0x71, 0xc2,
    0x88, 0x1, 0x92, 0x62, 0x22, 0x6d, 0x50,

    /* U+0056 "V" */
    0x3f, 0xd0, 0xf, 0xd7, 0xea, 0x62, 0x46, 0x1,
    0xe1, 0x40, 0x50, 0x60, 0xb0, 0xf, 0x38, 0x28,
    0x2, 0xc1, 0x80, 0x3d, 0x41, 0xc0, 0x3, 0x21,
    0x30, 0xc, 0x26, 0x28, 0x1, 0x50, 0x50, 0x6,
    0x60, 0x70, 0xc, 0xa0, 0xe0, 0x1a, 0xc2, 0x80,
    0x31, 0x18, 0xa0, 0x0, 0x8c, 0x4c, 0x3, 0xac,
    0x34, 0x0, 0xa0, 0xc0, 0x1e, 0x60, 0x70, 0x5,
    0x5, 0x80, 0x78, 0x4c, 0x50, 0x8a, 0x30, 0xf,
    0xa8, 0x3a, 0x81, 0x40, 0x3f, 0x38, 0x2a, 0x82,
    0x80, 0x3f, 0xa, 0x1, 0x19, 0x0, 0x7f, 0x70,
    0x2, 0xc0, 0x38,

    /* U+0057 "W" */
    0x1f, 0xe0, 0xf, 0x7f, 0x88, 0x3, 0xb7, 0xc8,
    0x4c, 0x4c, 0x3, 0x20, 0x1, 0x0, 0x30, 0x90,
    0x90, 0x20, 0x20, 0x6, 0xd0, 0x6, 0x0, 0x64,
    0x4, 0x0, 0x60, 0x60, 0x6, 0x40, 0x14, 0x0,
    0xd8, 0x18, 0x0, 0x40, 0x40, 0x8, 0x48, 0xd0,
    0x4c, 0x2, 0x40, 0x70, 0x8, 0xc0, 0xc0, 0xe,
    0x9, 0x80, 0x80, 0x1, 0x22, 0x8, 0x5, 0x60,
    0x80, 0xc, 0xc, 0x40, 0xb0, 0x2, 0x2, 0x0,
    0x64, 0xc, 0x0, 0x20, 0x21, 0x10, 0xc0, 0x18,
    0x18, 0x1, 0x8c, 0x10, 0x8, 0x50, 0x0, 0x80,
    0x80, 0x80, 0x80, 0x1c, 0x80, 0x6a, 0x18, 0x0,
    0xc0, 0xc1, 0x23, 0x10, 0xe, 0xc0, 0x4c, 0x5,
    0x0, 0x20, 0x2b, 0x82, 0x0, 0x79, 0x43, 0x10,
    0x48, 0x0, 0x26, 0x5a, 0x18, 0x1, 0xe2, 0x14,
    0x4, 0x0, 0xc8, 0x8, 0x8, 0x1, 0xf2, 0x0,
    0x30, 0x3, 0x60, 0x0, 0xc0, 0x3f, 0x60, 0x1,
    0xc0, 0x32, 0x0, 0x2c, 0x3, 0x0,

    /* U+0058 "X" */
    0x9f, 0xb0, 0xf, 0x2f, 0xf0, 0xc8, 0xa3, 0x0,
    0x61, 0xb0, 0xb1, 0xb, 0x8, 0x10, 0xa, 0x5,
    0x14, 0x0, 0xaa, 0x1b, 0x0, 0x1b, 0x5, 0x0,
    0x6b, 0x5, 0x40, 0xe0, 0x91, 0x0, 0xc3, 0x21,
    0x30, 0x46, 0xc0, 0x1e, 0x63, 0x27, 0xe, 0x0,
    0xfd, 0x0, 0x5, 0x20, 0xf, 0xd0, 0x0, 0x52,
    0x0, 0xf9, 0x8c, 0x9c, 0x38, 0x3, 0xc3, 0x21,
    0x30, 0x46, 0xc0, 0x1d, 0x60, 0xa8, 0x1c, 0x12,
    0x20, 0x12, 0xa8, 0x6c, 0x0, 0x6c, 0x14, 0x1,
    0x58, 0x40, 0x80, 0x50, 0x28, 0xa1, 0x22, 0x8c,
    0x1, 0x86, 0xc2, 0xc4,

    /* U+0059 "Y" */
    0x3f, 0xe0, 0xf, 0xa7, 0xe0, 0xd0, 0x58, 0x3,
    0x89, 0x86, 0x42, 0x42, 0x0, 0x3a, 0x2, 0x44,
    0x9, 0x45, 0xc0, 0x22, 0x51, 0x70, 0xa, 0xc2,
    0x44, 0x1, 0x21, 0x0, 0x18, 0x5c, 0x64, 0xd,
    0x9, 0x80, 0x3a, 0x41, 0xc6, 0x2, 0x0, 0x3c,
    0x30, 0x1a, 0x86, 0xa0, 0x1f, 0x38, 0x98, 0x40,
    0x7, 0xf4, 0x2, 0x20, 0x3, 0xf8, 0xc0, 0x40,
    0x3f, 0xfd, 0xa0,

    /* U+005A "Z" */
    0xbf, 0xff, 0xee, 0x33, 0xfc, 0x20, 0x51, 0x99,
    0xee, 0x10, 0xf0, 0xf, 0xb8, 0x20, 0xc0, 0x3c,
    0xe6, 0x67, 0x0, 0xf1, 0x40, 0x70, 0x7, 0xde,
    0x12, 0x40, 0x1e, 0x82, 0x46, 0x0, 0xf2, 0x38,
    0xd0, 0x7, 0x86, 0x82, 0x84, 0x3, 0xd6, 0x2c,
    0x80, 0x1e, 0x55, 0x14, 0x80, 0x78, 0x6c, 0x38,
    0x3, 0xeb, 0x10, 0xfc, 0xcf, 0x50, 0x80, 0xc,
    0xfe, 0x40,

    /* U+005B "[" */
    0x6f, 0xfe, 0x90, 0x1, 0x22, 0x5e, 0x0, 0x5b,
    0xb9, 0x80, 0x3f, 0xff, 0xe0, 0x1f, 0xfd, 0xb5,
    0xbb, 0x98, 0x0, 0x48, 0x97, 0x80,

    /* U+005C "\\" */
    0xbf, 0x20, 0xf, 0x70, 0x28, 0x7, 0x94, 0x28,
    0x3, 0xe5, 0x22, 0x0, 0x7b, 0x82, 0x80, 0x3c,
    0x82, 0xa0, 0x1f, 0x39, 0x18, 0x7, 0xb4, 0x2c,
    0x3, 0xc8, 0x2c, 0x1, 0xf3, 0x8a, 0x0, 0x7a,
    0x83, 0x40, 0x3c, 0x64, 0xe0, 0x1f, 0x28, 0xa0,
    0x7, 0xa8, 0x38, 0x3, 0xc4, 0x45, 0x0, 0xfa,
    0x81, 0x40, 0x3c, 0xa1, 0xe0, 0x1e, 0x23, 0x51,
    0x0, 0xf5, 0x83, 0x80, 0x79, 0x83, 0x40,

    /* U+005D "]" */
    0x6f, 0xfe, 0x92, 0x44, 0x8c, 0x0, 0x97, 0x74,
    0x80, 0x7f, 0xff, 0xc0, 0x3f, 0xfb, 0x69, 0x77,
    0x40, 0x0, 0x91, 0x22, 0x0, 0x0,

    /* U+005E "^" */
    0x0, 0x1c, 0x20, 0x6, 0xe7, 0xb2, 0x0, 0x49,
    0x69, 0x70, 0x23, 0x49, 0x49, 0xb8,

    /* U+005F "_" */
    0x6a, 0xaf, 0xcd, 0x8a, 0xbf, 0xb4,

    /* U+0060 "`" */
    0x48, 0x30, 0x67, 0xf0, 0x27, 0x34, 0x8, 0x18,

    /* U+0061 "a" */
    0x0, 0x25, 0xff, 0xac, 0x9f, 0xdc, 0x1a, 0xd0,
    0xd5, 0x5b, 0xc0, 0x1, 0x90, 0xac, 0xae, 0x56,
    0x0, 0x30, 0x32, 0x80, 0x54, 0x20, 0xc, 0xd,
    0x0, 0xe4, 0x0, 0x38, 0x30, 0x7, 0x10, 0x1,
    0xc0, 0x40, 0x38, 0x40, 0x18, 0x16, 0x1, 0xce,
    0x0, 0x60, 0x72, 0x0, 0x9c, 0x40, 0x3, 0x21,
    0xb2, 0xf7, 0x8, 0x1, 0x35, 0xa3, 0x43, 0xe6,
    0x0, 0x0,

    /* U+0062 "b" */
    0x6f, 0x80, 0xf, 0xff, 0x1, 0x5f, 0xfb, 0x10,
    0x3, 0x16, 0x2a, 0x8c, 0xd6, 0xc0, 0x12, 0xa7,
    0x56, 0x58, 0x49, 0x0, 0x6, 0x80, 0x24, 0x70,
    0xa0, 0x2, 0x0, 0x75, 0x81, 0x80, 0xc, 0x3,
    0x88, 0x18, 0x0, 0x60, 0x1c, 0x40, 0xc0, 0x4,
    0x0, 0xeb, 0x3, 0x0, 0xd, 0x0, 0x48, 0xe1,
    0x40, 0x5, 0x4e, 0xbc, 0xb0, 0x92, 0x0, 0x16,
    0x2a, 0x19, 0xad, 0x80,

    /* U+0063 "c" */
    0x0, 0x15, 0x77, 0xf4, 0x88, 0x4, 0x9a, 0xa6,
    0x86, 0xde, 0x20, 0x34, 0x15, 0xb7, 0xae, 0x36,
    0xc, 0x2e, 0xa0, 0x14, 0x23, 0x6, 0x5, 0x80,
    0x75, 0xe0, 0x38, 0x10, 0x7, 0xe7, 0x2, 0x0,
    0xfd, 0x81, 0x60, 0x1d, 0x78, 0xc, 0x2e, 0xa0,
    0x14, 0x23, 0x0, 0xd0, 0x56, 0xde, 0xb8, 0xd8,
    0x1, 0x35, 0x4d, 0xd, 0xbc, 0x40,

    /* U+0064 "d" */
    0x0, 0xfc, 0xfe, 0xe0, 0x1f, 0xfd, 0x74, 0xbf,
    0xf5, 0x90, 0x6, 0x6b, 0x43, 0x55, 0x6f, 0x0,
    0x6, 0x42, 0xf2, 0xb9, 0x58, 0x0, 0xc0, 0xc8,
    0x1, 0x50, 0x80, 0x30, 0x28, 0x3, 0x90, 0x0,
    0xe0, 0x20, 0x1c, 0x40, 0x7, 0x1, 0x0, 0xe2,
    0x0, 0x60, 0x50, 0x7, 0x20, 0x1, 0x81, 0x90,
    0x2, 0xa1, 0x0, 0xc, 0x85, 0xe5, 0xf2, 0xb0,
    0x4, 0xd6, 0x86, 0x8b, 0x9c, 0x0,

    /* U+0065 "e" */
    0x0, 0x25, 0xf7, 0xe2, 0x80, 0x4d, 0x68, 0x48,
    0x75, 0x0, 0x32, 0x3b, 0x97, 0xc6, 0xe4, 0xc1,
    0x4, 0x0, 0x18, 0xa, 0xc0, 0xf8, 0x8d, 0x80,
    0x6e, 0xc, 0xef, 0xc0, 0xee, 0xc, 0xff, 0xf6,
    0x60, 0x10, 0x3, 0xb, 0xa3, 0x4, 0x18, 0x5,
    0x50, 0x3, 0x41, 0x98, 0xae, 0x45, 0x40, 0x5c,
    0x42, 0x53, 0x8a, 0x0,

    /* U+0066 "f" */
    0x0, 0x8f, 0x3f, 0x84, 0x0, 0x3a, 0x6a, 0xe0,
    0x12, 0x8a, 0xd4, 0x88, 0x0, 0x40, 0x80, 0x21,
    0xfa, 0x7, 0xff, 0x0, 0xb2, 0x1, 0x33, 0x0,
    0x13, 0xc0, 0xb3, 0x20, 0xf, 0xff, 0xa8,

    /* U+0067 "g" */
    0x0, 0x26, 0x7f, 0xac, 0xdf, 0xdc, 0x1a, 0xcc,
    0xca, 0xac, 0xd0, 0x0, 0xc8, 0x56, 0x57, 0x32,
    0x80, 0x18, 0x19, 0x40, 0x29, 0x10, 0x6, 0x6,
    0x80, 0x73, 0x80, 0x1c, 0x18, 0x3, 0x84, 0x0,
    0xe0, 0xc0, 0x1c, 0x20, 0xc, 0xd, 0x0, 0xe7,
    0x0, 0x30, 0x32, 0x80, 0x52, 0x20, 0x1, 0x90,
    0xac, 0xbe, 0x65, 0x0, 0x9a, 0xcc, 0xc8, 0xb9,
    0xa0, 0x22, 0x57, 0xcf, 0xf5, 0x9e, 0x81, 0x5,
    0x61, 0x80, 0x48, 0xa2, 0x83, 0x21, 0x98, 0xbd,
    0xb0, 0xa0, 0x3, 0x5a, 0x12, 0x1a, 0xe2, 0x0,

    /* U+0068 "h" */
    0x6f, 0x80, 0xf, 0xfe, 0xe2, 0x6f, 0xeb, 0x80,
    0x63, 0xb1, 0x32, 0x88, 0x0, 0x49, 0x79, 0x90,
    0x38, 0x4, 0x88, 0x0, 0x1a, 0x1, 0x80, 0xc,
    0x3, 0x8, 0x38, 0x7, 0xff, 0xc0,

    /* U+0069 "i" */
    0x4f, 0x8c, 0x4, 0x98, 0xe1, 0x72, 0x4f, 0x90,
    0xf, 0xfe, 0x90,

    /* U+006A "j" */
    0x0, 0x17, 0x58, 0x4, 0xe2, 0x80, 0x12, 0xcd,
    0x80, 0x66, 0x40, 0x8, 0x7f, 0x0, 0x3f, 0xfe,
    0x66, 0x1, 0xc8, 0xa, 0x17, 0xb2, 0x14, 0xc,
    0x44, 0xa3, 0x0,

    /* U+006B "k" */
    0x6f, 0x80, 0xf, 0xfe, 0xfd, 0xfd, 0x80, 0x7a,
    0xd1, 0x16, 0x1, 0xd4, 0x88, 0xb0, 0xe, 0xa5,
    0x4b, 0x0, 0xe6, 0x53, 0xb0, 0xf, 0x8, 0x38,
    0x7, 0xce, 0x69, 0x0, 0x1f, 0x68, 0xbb, 0x0,
    0x78, 0x74, 0x24, 0xc0, 0x3c, 0x74, 0x1a, 0x40,
    0x1e, 0x57, 0x1f, 0x0,

    /* U+006C "l" */
    0x6f, 0x80, 0xf, 0xfe, 0xf0,

    /* U+006D "m" */
    0x9f, 0x47, 0xef, 0xc4, 0x3, 0xcf, 0xe9, 0x0,
    0xd3, 0x4c, 0xa7, 0x6d, 0x8c, 0xe6, 0xd4, 0x1,
    0x1e, 0xc5, 0x40, 0x4b, 0xd4, 0x69, 0x29, 0x0,
    0x18, 0x2, 0x60, 0x4, 0x80, 0x4a, 0xe, 0x0,
    0xd0, 0x8, 0x40, 0x44, 0x1, 0x78, 0x10, 0x0,
    0x40, 0x3f, 0xff, 0xe0, 0x1f, 0xfc, 0x60,

    /* U+006E "n" */
    0x9f, 0x47, 0xef, 0xd5, 0x0, 0xd1, 0x4c, 0xc2,
    0xa4, 0x0, 0x8b, 0x62, 0x6c, 0x20, 0x2, 0x90,
    0x9, 0x4, 0xc0, 0x22, 0x0, 0xc6, 0x1, 0x84,
    0x3, 0xc2, 0x1, 0xff, 0xe6,

    /* U+006F "o" */
    0x0, 0x15, 0x77, 0xec, 0x88, 0x4, 0x9a, 0xa6,
    0x86, 0xde, 0x40, 0x34, 0x13, 0xb7, 0xce, 0x3c,
    0xc, 0x2c, 0xc0, 0xa, 0xc, 0xc9, 0x81, 0xa0,
    0x1d, 0x41, 0x8e, 0xc, 0x1, 0xc6, 0x2, 0xe0,
    0xc0, 0x1c, 0x60, 0x3a, 0x1a, 0x1, 0xd4, 0x18,
    0xe2, 0xcc, 0x0, 0xa0, 0xcc, 0x83, 0x41, 0x3b,
    0x7c, 0xe3, 0xc0, 0x4, 0xd5, 0x34, 0x36, 0xf2,
    0x0,

    /* U+0070 "p" */
    0x6f, 0x83, 0xbf, 0xf6, 0x20, 0x6, 0x3c, 0x8,
    0x63, 0xb6, 0x0, 0x91, 0xed, 0xe7, 0x46, 0x48,
    0x0, 0x30, 0x1, 0x14, 0x85, 0x0, 0x10, 0x3,
    0x94, 0xc, 0x0, 0x60, 0x1c, 0x60, 0xc0, 0x3,
    0x0, 0xe2, 0x6, 0x0, 0x28, 0x80, 0x6a, 0x3,
    0x0, 0xac, 0x2, 0x46, 0xa, 0x0, 0x2a, 0x75,
    0xe5, 0x84, 0x90, 0x0, 0xb1, 0x50, 0xcd, 0x6c,
    0x1, 0x8a, 0xff, 0xd8, 0x80, 0x1f, 0xfd, 0x70,

    /* U+0071 "q" */
    0x0, 0x25, 0xff, 0xac, 0x9f, 0xdc, 0x1a, 0xd0,
    0xd5, 0x5b, 0xc0, 0x1, 0x90, 0xbc, 0xae, 0x56,
    0x0, 0x30, 0x32, 0x0, 0x54, 0x20, 0xc, 0xa,
    0x0, 0xe4, 0x0, 0x38, 0x8, 0x7, 0x10, 0x1,
    0xc0, 0x40, 0x38, 0x80, 0x18, 0x14, 0x1, 0xc8,
    0x0, 0x60, 0x64, 0x0, 0xa8, 0x40, 0x3, 0x21,
    0x79, 0x7c, 0xac, 0x1, 0x35, 0xa1, 0xa2, 0xe7,
    0x0, 0x64, 0xbf, 0xf5, 0x98, 0x7, 0xff, 0x60,

    /* U+0072 "r" */
    0x9f, 0x59, 0xef, 0x20, 0x5, 0xb1, 0x29, 0x80,
    0x5b, 0x94, 0x20, 0x6, 0x20, 0xe, 0xd0, 0xf,
    0x8, 0x7, 0xff, 0x6c,

    /* U+0073 "s" */
    0x4, 0xcf, 0xf5, 0x98, 0x1, 0x2c, 0xd5, 0x11,
    0x84, 0x1e, 0x17, 0x57, 0x41, 0x0, 0x1e, 0x5e,
    0xb0, 0xe0, 0xbc, 0x73, 0x11, 0x2, 0xda, 0x1c,
    0x66, 0x8, 0x0, 0x97, 0xd4, 0xa7, 0xe0, 0xcc,
    0x1, 0x5a, 0x32, 0x1d, 0x96, 0x0, 0x88, 0x6,
    0x2, 0x72, 0xf8, 0x5c, 0xf, 0x10, 0xd0, 0xe2,
    0x0,

    /* U+0074 "t" */
    0x0, 0x1c, 0x20, 0x7, 0x2b, 0xe0, 0x7, 0xfc,
    0x9f, 0x20, 0xff, 0xe1, 0x66, 0x18, 0x1b, 0x30,
    0x4a, 0x68, 0x12, 0x64, 0x1, 0xff, 0xdf, 0x20,
    0x30, 0xe, 0x41, 0x4d, 0xb5, 0x0, 0xb5, 0x9,
    0xc,

    /* U+0075 "u" */
    0x9f, 0x40, 0xd, 0xfc, 0x1, 0xff, 0xea, 0x10,
    0x10, 0x9, 0x0, 0x1c, 0x1c, 0x1, 0x40, 0x1,
    0x85, 0x36, 0xf9, 0xc0, 0x2c, 0x43, 0x57, 0xb0,
    0x0,

    /* U+0076 "v" */
    0x1f, 0xd0, 0xe, 0x5f, 0xa1, 0x32, 0x30, 0xd,
    0xc1, 0xc1, 0x41, 0x40, 0x10, 0xa0, 0xa0, 0x30,
    0x38, 0x4, 0xe0, 0xc0, 0x12, 0x8a, 0x0, 0x28,
    0x28, 0x2, 0xe0, 0xe0, 0x23, 0x31, 0x0, 0x48,
    0x2a, 0xa, 0x14, 0x1, 0xcc, 0xd, 0x40, 0xe0,
    0x1d, 0x41, 0x64, 0xa2, 0x1, 0xc4, 0x50, 0x78,
    0x7, 0xd4, 0x2, 0xa0, 0x10,

    /* U+0077 "w" */
    0x2f, 0xc0, 0xc, 0xbf, 0x60, 0x19, 0xbe, 0x8,
    0x86, 0x20, 0x17, 0x82, 0x8, 0x5, 0xa1, 0x60,
    0xa0, 0xe0, 0x12, 0x80, 0x1c, 0x2, 0x41, 0x30,
    0xb0, 0xd0, 0x2, 0x83, 0x6, 0x80, 0x10, 0x1c,
    0x0, 0x62, 0x80, 0xf, 0xa, 0x34, 0x0, 0x68,
    0x68, 0x4, 0xe0, 0x80, 0x82, 0x76, 0xa, 0xe,
    0x8, 0x1, 0x68, 0x6a, 0xb, 0x82, 0x87, 0x98,
    0xa8, 0x6, 0x40, 0x7d, 0xd, 0x2, 0x22, 0x58,
    0x78, 0x7, 0x28, 0xb0, 0x20, 0x1, 0x45, 0xc1,
    0x0, 0x3b, 0xc0, 0xa, 0x1, 0x58, 0x1, 0x4,
    0x3, 0x94, 0x1, 0xe0, 0x11, 0x88, 0x68, 0x4,

    /* U+0078 "x" */
    0xd, 0xf2, 0x0, 0x87, 0xbc, 0x42, 0x43, 0x80,
    0x2b, 0x19, 0x10, 0x45, 0x36, 0x4, 0x53, 0x60,
    0xa, 0xc6, 0x4a, 0x43, 0x80, 0x30, 0xd8, 0x61,
    0x41, 0x0, 0x72, 0x88, 0x81, 0xc0, 0x3c, 0xa2,
    0x20, 0x70, 0xe, 0x1b, 0xc, 0x28, 0x20, 0xd,
    0x3, 0x25, 0x21, 0x20, 0x11, 0xb1, 0xb0, 0x22,
    0xa3, 0x0, 0x38, 0x3c, 0x2, 0xb1, 0x81,

    /* U+0079 "y" */
    0xf, 0xf0, 0x7, 0x1f, 0xe0, 0x30, 0x28, 0x6,
    0xa0, 0xa0, 0xa0, 0xe0, 0xc, 0xe0, 0xc0, 0x64,
    0x82, 0x0, 0x41, 0x50, 0x9, 0x41, 0xc0, 0x1c,
    0x1c, 0x1, 0x50, 0x50, 0x1, 0x45, 0x0, 0x22,
    0x33, 0x13, 0x3, 0x0, 0x75, 0x2, 0xe8, 0x50,
    0x7, 0x38, 0x4a, 0x19, 0x0, 0x70, 0xa8, 0x85,
    0x0, 0x7d, 0xc0, 0x7, 0x0, 0xfe, 0x51, 0x0,
    0xf1, 0x48, 0x40, 0x6, 0x3a, 0xcd, 0x29, 0x20,
    0xc, 0xea, 0x49, 0x8c, 0x1, 0xc0,

    /* U+007A "z" */
    0xd, 0xff, 0xf9, 0x82, 0x99, 0xb2, 0x80, 0x8,
    0x1e, 0x67, 0x0, 0x1d, 0x0, 0x39, 0x95, 0x20,
    0x3, 0x8e, 0x46, 0x80, 0x38, 0x74, 0x34, 0x40,
    0x3a, 0x86, 0x4c, 0x3, 0xa1, 0x15, 0x80, 0x39,
    0x1c, 0xa8, 0x3, 0x86, 0x81, 0xa6, 0x78, 0xcc,
    0x20, 0x8c, 0xdc, 0xa0,

    /* U+007B "{" */
    0x0, 0x93, 0x7f, 0xd6, 0x0, 0x2b, 0x23, 0x43,
    0x0, 0x20, 0x3e, 0x5c, 0x0, 0x4, 0x3c, 0x3,
    0xff, 0xb3, 0xc0, 0x20, 0x13, 0x5b, 0xb, 0x80,
    0x5e, 0x80, 0xe2, 0x1, 0x4f, 0x9b, 0x20, 0x7,
    0x58, 0x10, 0x7, 0xc2, 0x1, 0xff, 0xd9, 0x10,
    0xe0, 0xe, 0x70, 0x6c, 0xb8, 0x0, 0xd, 0x99,
    0x90, 0xc0,

    /* U+007C "|" */
    0xcf, 0x0, 0xff, 0xf1, 0x0,

    /* U+007D "}" */
    0x3f, 0xf7, 0x50, 0x80, 0x42, 0x88, 0x5, 0xb0,
    0x8, 0xae, 0xdc, 0x8, 0x1, 0xf0, 0x88, 0x3,
    0xff, 0xbe, 0x60, 0x20, 0x1e, 0xa0, 0xfa, 0x10,
    0xc, 0x82, 0x25, 0x30, 0xd, 0xe3, 0x5e, 0x40,
    0x18, 0x81, 0x40, 0x3f, 0xfc, 0xc2, 0x30, 0x4,
    0x57, 0x6f, 0x7, 0x0, 0x85, 0x10, 0xd, 0x20,
    0x10,

    /* U+007E "~" */
    0x0, 0xf8, 0x77, 0xf0, 0xdf, 0x58, 0x7d, 0x72,
    0x15, 0x5c, 0x13, 0xba, 0x80,

    /* U+00A0 " " */

    /* U+00A1 "¡" */
    0x2e, 0xa0, 0x71, 0x50, 0x59, 0xc0, 0x2, 0x10,
    0xe, 0xd8, 0x7, 0xff, 0x24, 0xc0, 0x40, 0x3f,
    0xf8, 0xa0,

    /* U+00A2 "¢" */
    0x0, 0xc4, 0xa2, 0x1, 0xfa, 0xa8, 0x40, 0x1f,
    0x32, 0x84, 0x28, 0x6, 0x1d, 0x92, 0x4, 0xab,
    0x0, 0xb4, 0x99, 0x42, 0x91, 0xe, 0xa, 0x69,
    0x24, 0xd, 0x41, 0x21, 0xe1, 0xe0, 0x18, 0x7b,
    0x1, 0x81, 0x40, 0x38, 0x48, 0x1c, 0xc, 0x3,
    0xf1, 0x82, 0x0, 0x72, 0xb0, 0x58, 0x58, 0x80,
    0x47, 0x54, 0x3, 0x62, 0xc4, 0xa, 0xd0, 0x80,
    0x4, 0xb9, 0x18, 0x30, 0xca, 0x0, 0x51, 0xca,
    0x11, 0xcc, 0x1, 0xc2, 0x40, 0x82, 0x1, 0x0,

    /* U+00A3 "£" */
    0x0, 0x9f, 0x3b, 0xfb, 0x14, 0x0, 0x5d, 0x6,
    0x6, 0x71, 0x0, 0x38, 0x57, 0x7b, 0x37, 0xdc,
    0x0, 0x63, 0x44, 0x1, 0xe1, 0x2, 0x0, 0xfc,
    0x24, 0x64, 0x1, 0xfa, 0x2, 0x40, 0x3e, 0xea,
    0x4, 0xff, 0xc6, 0x0, 0xdc, 0xa0, 0x3c, 0xc8,
    0xc0, 0x6, 0x65, 0x1, 0x33, 0x80, 0x3e, 0x60,
    0xf, 0xcc, 0x1a, 0x1, 0xf2, 0x4a, 0x30, 0x7,
    0xae, 0xc0, 0xb, 0xbf, 0x3, 0x0, 0x11, 0x3e,
    0x10,

    /* U+00A4 "¤" */
    0x64, 0x0, 0xf2, 0xab, 0xed, 0xf3, 0xfd, 0x91,
    0x45, 0x2b, 0x1, 0x32, 0x7, 0x57, 0x7, 0x4c,
    0x66, 0x62, 0x38, 0x11, 0x3c, 0x3, 0x79, 0x10,
    0x0, 0xe0, 0x1f, 0x10, 0xd0, 0x6, 0xe1, 0x20,
    0x76, 0x93, 0x34, 0xab, 0x2, 0xb2, 0xb6, 0x61,
    0x91, 0xd3, 0xde, 0xbf, 0x31, 0xf6, 0xd9, 0x50,
    0x0, 0x33, 0x0, 0x26, 0x0,

    /* U+00A5 "¥" */
    0x3f, 0xe0, 0xf, 0xa7, 0xe0, 0xd4, 0x5c, 0x3,
    0x89, 0x86, 0x2, 0x2, 0x44, 0x3, 0x48, 0x40,
    0x0, 0x9c, 0x64, 0x2, 0x44, 0x13, 0x0, 0x50,
    0x2e, 0x40, 0x8, 0x9, 0x0, 0xe8, 0x8, 0x5,
    0x34, 0x40, 0x6, 0x24, 0x15, 0x38, 0xf, 0x21,
    0x0, 0x1e, 0xe8, 0x43, 0x48, 0x2f, 0x58, 0x0,
    0x55, 0x51, 0x8, 0x55, 0x4a, 0x0, 0x17, 0x7a,
    0x80, 0xdd, 0xe3, 0x0, 0x1e, 0xed, 0x0, 0x7b,
    0xb3, 0x0, 0xa, 0xaa, 0x70, 0x4a, 0xa9, 0x40,
    0x2, 0xab, 0x68, 0xa, 0xac, 0x40, 0x1f, 0xfc,
    0xf0,

    /* U+00A6 "¦" */
    0xcf, 0x0, 0xff, 0xe3, 0x31, 0xd6, 0x0, 0x69,
    0xb5, 0x40, 0xf, 0xfe, 0x20,

    /* U+00A7 "§" */
    0x0, 0xc, 0x6f, 0xfb, 0x18, 0x3, 0xf, 0xb9,
    0xa2, 0xe, 0x6c, 0x2, 0xa1, 0x7e, 0xbb, 0x71,
    0x23, 0x0, 0x10, 0x60, 0x2, 0x1e, 0xa, 0x1,
    0x3, 0x0, 0xe3, 0x9a, 0x1, 0x11, 0x28, 0x7,
    0x33, 0x0, 0x14, 0x15, 0x8c, 0x60, 0x1e, 0x49,
    0x3, 0x9c, 0xfa, 0x40, 0x0, 0xdc, 0xb4, 0xc2,
    0xa, 0xdd, 0x82, 0x12, 0xa5, 0x9e, 0xfa, 0x89,
    0x21, 0x1, 0x40, 0x39, 0x78, 0x14, 0x0, 0xa0,
    0x1e, 0x10, 0x1b, 0xa, 0xa2, 0x0, 0x68, 0x9,
    0x69, 0x5, 0xbf, 0xcb, 0xe7, 0xa5, 0x6, 0xfa,
    0x51, 0x34, 0x14, 0x50, 0xc, 0xb5, 0xdc, 0x92,
    0x6c, 0x0, 0xf8, 0x5b, 0x48, 0xd1, 0x71, 0x80,
    0x3c, 0x80, 0x4c, 0x76, 0x1, 0xe2, 0x2, 0x33,
    0x14, 0x80, 0x66, 0x41, 0x40, 0xe1, 0x6f, 0xbb,
    0x6c, 0x85, 0x0, 0xb, 0xa0, 0xd1, 0x0, 0xda,
    0x80,

    /* U+00A8 "¨" */
    0x5, 0x40, 0x3, 0x19, 0xaa, 0xc5, 0xe7, 0x88,
    0x4c, 0x50, 0x50,

    /* U+00A9 "©" */
    0x0, 0xf8, 0x40, 0x3f, 0xc5, 0x3d, 0xfd, 0xf8,
    0xc0, 0x1e, 0x6d, 0x76, 0xab, 0x97, 0x9c, 0x10,
    0x9, 0x65, 0xba, 0x15, 0x1a, 0xf0, 0xb0, 0x2,
    0xa5, 0x91, 0x9f, 0xfa, 0x4f, 0xa, 0x1, 0xc2,
    0xc3, 0x5a, 0x2e, 0x1a, 0x89, 0xd8, 0x31, 0x5,
    0x4e, 0xdd, 0x1e, 0x5c, 0x6c, 0x4d, 0x8c, 0x30,
    0x50, 0x2, 0x6d, 0x13, 0x6, 0x0, 0x8c, 0xc0,
    0x1f, 0xc6, 0x24, 0x18, 0x44, 0x0, 0x92, 0x84,
    0x80, 0x91, 0x41, 0x87, 0xd0, 0x52, 0x98, 0x54,
    0x12, 0x42, 0x3, 0x6, 0xfa, 0xcb, 0x46, 0x58,
    0x6, 0x1d, 0x8b, 0x37, 0x37, 0x3, 0x42, 0x0,
    0xe, 0xd3, 0x6a, 0x2, 0x28, 0xf2, 0xd1, 0x0,
    0xa6, 0xde, 0xb7, 0x58, 0xcf, 0xe6, 0x1, 0xc9,
    0x9d, 0x97, 0xbd, 0x22, 0x1, 0x0,

    /* U+00AA "ª" */
    0x0, 0xfd, 0x1f, 0xec, 0x20, 0x57, 0x8b, 0x2e,
    0x7, 0xc7, 0x72, 0x98, 0x2, 0x3f, 0x14, 0x1,
    0xb, 0xbe, 0x80, 0x1, 0x6, 0x55, 0x0, 0x24,
    0xef, 0x94, 0x0,

    /* U+00AB "«" */
    0x0, 0xcb, 0xf6, 0x0, 0x8f, 0x90, 0xc, 0xd4,
    0x96, 0x10, 0xed, 0x20, 0x13, 0x4a, 0x58, 0x43,
    0xb4, 0x80, 0x4d, 0x29, 0x61, 0xe, 0xd2, 0x1,
    0xa0, 0x20, 0x9, 0xc2, 0x0, 0x3b, 0x7, 0x4c,
    0xb0, 0x30, 0x40, 0x31, 0x79, 0xe9, 0x9b, 0xb,
    0x4, 0x3, 0xe, 0x1e, 0x19, 0xb0, 0xb0, 0x40,
    0x30, 0xe3, 0x58, 0x1e, 0x23, 0x0,

    /* U+00AC "¬" */
    0x6f, 0xff, 0xe8, 0x56, 0x6f, 0x94, 0x0, 0x73,
    0x3f, 0x58, 0x7, 0xff, 0x50, 0x7a, 0x0,

    /* U+00AD "­" */
    0x6a, 0xaf, 0x3e, 0x2a, 0xfa, 0xc0,

    /* U+00AE "®" */
    0x0, 0x2e, 0x62, 0x8c, 0x0, 0xf9, 0x94, 0x79,
    0x5, 0xc6, 0xe2, 0xf4, 0x1a, 0x0, 0xe5, 0x13,
    0x0, 0x45, 0xaa, 0x0, 0x34, 0x2, 0x92, 0x23,
    0x85, 0xc7, 0xa7, 0xf4, 0x3, 0xff, 0xb3, 0xbc,
    0xc0,

    /* U+00AF "¯" */
    0x12, 0x2e, 0xb, 0xdd, 0xe7, 0x9a, 0xae, 0x50,

    /* U+00B0 "°" */
    0x0, 0x84, 0x3, 0x93, 0x7b, 0xe4, 0x0, 0x56,
    0x32, 0xed, 0x41, 0x63, 0x8d, 0x10, 0x51, 0x54,
    0x0, 0x90, 0x15, 0x9c, 0x2, 0x60, 0x6e, 0x2a,
    0x35, 0xb3, 0x24, 0x85, 0xca, 0x2d, 0x0, 0x3f,
    0x5e, 0x60, 0x40,

    /* U+00B1 "±" */
    0x0, 0x97, 0xd0, 0x3, 0xff, 0x92, 0x55, 0x49,
    0xf, 0xaa, 0xb, 0x2a, 0x8c, 0x11, 0x54, 0x49,
    0xfe, 0xa0, 0xbf, 0xf1, 0x80, 0x7f, 0xf0, 0x19,
    0xa0, 0xf, 0x1c, 0x90, 0x4, 0x48, 0x9f, 0x14,
    0x5d, 0xfe,

    /* U+00B2 "²" */
    0x4, 0xdf, 0xd4, 0x2, 0xb0, 0x73, 0xb1, 0x72,
    0xe8, 0x90, 0x55, 0x69, 0x86, 0x2, 0x80, 0x54,
    0x90, 0x20, 0x38, 0xb2, 0xe0, 0x58, 0x68, 0x2e,
    0x68, 0x40, 0x91, 0x5,

    /* U+00B3 "³" */
    0x5, 0xdf, 0xc4, 0x3, 0xa6, 0x81, 0xb1, 0x15,
    0x51, 0x98, 0x0, 0x25, 0x8e, 0x4a, 0x10, 0x5,
    0xd8, 0xac, 0x5a, 0xcd, 0x28, 0x54, 0x92, 0x9e,
    0x41, 0x52, 0x5a, 0xb, 0x4,

    /* U+00B4 "´" */
    0x0, 0x24, 0x10, 0x2, 0x94, 0x81, 0xc6, 0x0,
    0x12, 0x8a, 0x0,

    /* U+00B5 "µ" */
    0x1f, 0xd0, 0xc, 0xfe, 0xe0, 0x1f, 0xff, 0xf0,
    0x30, 0xd, 0x80, 0x1e, 0x14, 0x0, 0x22, 0x3,
    0x40, 0x3a, 0xed, 0x96, 0xa0, 0xb9, 0x20, 0x5,
    0x44, 0x13, 0x55, 0x99, 0x94, 0x0, 0x37, 0xfd,
    0x20, 0x99, 0xf8, 0x0, 0x70, 0xf, 0xf8, 0x40,
    0x3f, 0xf9, 0x20,

    /* U+00B6 "¶" */
    0x4, 0xcf, 0xff, 0xa, 0x59, 0x80, 0x44, 0x60,
    0xf, 0x0, 0xeb, 0xf0, 0x2, 0x80, 0x7f, 0x18,
    0x7, 0xf2, 0x80, 0x7f, 0x42, 0x80, 0x7f, 0x57,
    0x5d, 0x84, 0x3, 0xc2, 0x88, 0x30, 0xf, 0xff,
    0x50,

    /* U+00B7 "·" */
    0x6, 0x80, 0x19, 0x76, 0x13, 0x14,

    /* U+00B8 "¸" */
    0x5, 0x20, 0x2, 0x50, 0x5, 0x1, 0xb4, 0x1d,
    0xcc, 0x53, 0x21, 0x60, 0x1d, 0xfa, 0x72, 0xcd,
    0xe8, 0x0,

    /* U+00B9 "¹" */
    0x0, 0x37, 0x89, 0x6c, 0x80, 0xe, 0xcc, 0x0,
    0x2c, 0xa0, 0x1f, 0xfc, 0xa0,

    /* U+00BA "º" */
    0x0, 0xfc, 0xdd, 0xfe, 0x70, 0x49, 0x5a, 0x58,
    0x6e, 0xa, 0x5a, 0x1a, 0x61, 0x10, 0x0, 0x88,
    0xc2, 0x20, 0x1, 0x12, 0x43, 0x5e, 0xc6, 0x4e,
    0xc6, 0x1a, 0x94,

    /* U+00BB "»" */
    0xa, 0xf6, 0x1, 0xcf, 0x40, 0xe, 0xa4, 0x96,
    0x1d, 0x3b, 0x40, 0xe, 0xb4, 0x97, 0x1d, 0x3b,
    0x40, 0xe, 0xb4, 0x87, 0x1d, 0x2b, 0x40, 0xe,
    0x80, 0x91, 0x14, 0x4, 0x0, 0x62, 0xd1, 0xc1,
    0x4a, 0x3d, 0x0, 0x8b, 0x3, 0x9, 0x2c, 0xf4,
    0x40, 0x5, 0x81, 0x84, 0x96, 0x7a, 0x20, 0x15,
    0x3e, 0x10, 0xeb, 0x60, 0x80, 0x40,

    /* U+00BC "¼" */
    0x5, 0xf2, 0x0, 0xf0, 0xdc, 0x80, 0x6b, 0xa0,
    0xf, 0xd0, 0x9a, 0x1, 0xa1, 0x80, 0x3e, 0x26,
    0x54, 0x0, 0xc7, 0xc0, 0x1f, 0x48, 0x40, 0x7,
    0xff, 0x5, 0x51, 0xc8, 0x3, 0xff, 0x83, 0x3,
    0x0, 0x1f, 0xfc, 0x17, 0x2b, 0x0, 0xfc, 0xd6,
    0x40, 0x1, 0x83, 0x50, 0x8, 0x4c, 0x80, 0x2,
    0x80, 0x15, 0x87, 0x0, 0x6c, 0xc4, 0x0, 0x78,
    0xd5, 0x88, 0x2, 0x93, 0x0, 0xfd, 0xe3, 0x0,
    0x12, 0x35, 0x0, 0x7c, 0xc7, 0x2, 0x1, 0x52,
    0xa8, 0x3, 0xe8, 0x26, 0x0, 0x90, 0x57, 0x81,
    0x68, 0x2, 0x81, 0x90, 0xc, 0xb7, 0x70, 0x24,
    0x0, 0x4, 0xd9, 0x0, 0x30, 0xa2, 0x47, 0x84,

    /* U+00BD "½" */
    0x0, 0x18, 0x7, 0xff, 0xc, 0xeb, 0x8, 0x3,
    0xc5, 0xf4, 0x1, 0xd2, 0x80, 0x1f, 0xa4, 0x20,
    0x3, 0xaa, 0x40, 0x3e, 0x54, 0x72, 0x0, 0xff,
    0xe1, 0x59, 0x40, 0x7, 0xff, 0xa, 0x6, 0x0,
    0x3f, 0xf8, 0x44, 0xe8, 0xa0, 0x1f, 0x88, 0xcc,
    0x1, 0x48, 0x48, 0x6, 0x10, 0xc, 0xb8, 0x20,
    0x4, 0x43, 0x90, 0x1, 0xbb, 0x9a, 0x60, 0x1f,
    0x48, 0xc0, 0x0, 0x65, 0x64, 0xfc, 0x3, 0xce,
    0x56, 0x1, 0x1a, 0xcb, 0x29, 0x0, 0x70, 0xc1,
    0xa8, 0x4, 0x54, 0x4a, 0x8e, 0x1, 0xd6, 0x1c,
    0x1, 0xe6, 0xa4, 0x90, 0xc, 0x6a, 0xc4, 0x1,
    0xd1, 0x29, 0x22, 0x1, 0xb8, 0x60, 0x3, 0x91,
    0xc1, 0x37, 0x80, 0x34, 0xe0, 0x80, 0x72, 0xdd,
    0xf0, 0x0,

    /* U+00BE "¾" */
    0x0, 0xff, 0xe4, 0x1e, 0xfe, 0x98, 0x7, 0x97,
    0x14, 0x3, 0xb4, 0x6c, 0x74, 0x3, 0xd6, 0x2a,
    0x1, 0xd5, 0xc8, 0xc0, 0x1e, 0x81, 0x80, 0xf,
    0x22, 0x3d, 0x68, 0x3, 0x13, 0xa2, 0x80, 0x78,
    0x5f, 0x12, 0x80, 0x34, 0x4, 0x80, 0x78, 0x7a,
    0x4, 0x70, 0x1, 0x15, 0x88, 0x3, 0xc3, 0xd,
    0xaa, 0xe2, 0x0, 0x91, 0x80, 0xf, 0xcf, 0xd9,
    0xd0, 0x0, 0x62, 0x81, 0x0, 0xa6, 0x8c, 0x2,
    0x13, 0x10, 0x0, 0xc1, 0x30, 0x4, 0xcc, 0x57,
    0x0, 0xfd, 0x3, 0x20, 0x10, 0xc9, 0x80, 0x7f,
    0x13, 0x2a, 0x0, 0x56, 0x52, 0x1, 0xfd, 0x21,
    0x0, 0x12, 0x2c, 0x0, 0x4, 0x3, 0xca, 0x8e,
    0x40, 0x17, 0x5, 0x50, 0x29, 0x40, 0x3a, 0x6,
    0x0, 0x34, 0x5d, 0xa0, 0x21, 0x0, 0x32, 0xd,
    0x80, 0x71, 0x22, 0x46, 0x82,

    /* U+00BF "¿" */
    0x0, 0x87, 0x70, 0x3, 0xe2, 0x21, 0x88, 0x7,
    0x8e, 0x68, 0x40, 0x3e, 0x65, 0x0, 0xfd, 0xda,
    0x1, 0xf1, 0x8, 0x7, 0xee, 0xa, 0x0, 0xe1,
    0xc3, 0x47, 0x0, 0xed, 0x34, 0xb0, 0xe, 0x83,
    0x4b, 0x0, 0xf3, 0x5, 0x0, 0x70, 0x80, 0x80,
    0x80, 0x67, 0xe6, 0x20, 0x30, 0xd, 0x60, 0xb4,
    0x1c, 0x80, 0x54, 0x67, 0x3a, 0x95, 0xfe, 0xa9,
    0x70, 0x2, 0xad, 0x4d, 0x67, 0x48, 0x0,

    /* U+00C0 "À" */
    0x0, 0xc5, 0xa, 0x1, 0xff, 0x13, 0x58, 0x7,
    0xff, 0x2, 0x5, 0x80, 0x3f, 0xe6, 0x2b, 0x0,
    0xff, 0xe0, 0x72, 0x88, 0x7, 0xfc, 0x70, 0x20,
    0x1f, 0xe1, 0xff, 0x60, 0x7, 0xf9, 0xc0, 0x6,
    0x20, 0x1f, 0xda, 0x6, 0xc, 0x1, 0xf8, 0x50,
    0xb8, 0x2c, 0x3, 0xf3, 0x2, 0x91, 0x98, 0x80,
    0x3e, 0xb0, 0xa0, 0xb0, 0x50, 0xf, 0x11, 0x98,
    0x81, 0x82, 0x80, 0x3c, 0xa1, 0x40, 0x1, 0x42,
    0x30, 0xe, 0xa0, 0x70, 0xb, 0x82, 0xc0, 0x31,
    0x10, 0x37, 0x32, 0x80, 0x60, 0xd, 0x40, 0x3,
    0x3c, 0x40, 0x26, 0x1, 0x28, 0x77, 0xff, 0x50,
    0x50, 0x0, 0xc8, 0xc4, 0x3, 0x94, 0x1c, 0x1,
    0x41, 0x60, 0x1f, 0x20, 0xa0, 0x38, 0x28, 0x7,
    0xda, 0x1c,

    /* U+00C1 "Á" */
    0x0, 0xfc, 0xce, 0x1, 0xff, 0x14, 0xe0, 0x7,
    0xfd, 0x61, 0x0, 0x1f, 0xe1, 0x65, 0x30, 0xf,
    0xf1, 0xbc, 0x0, 0x7f, 0xc5, 0x4, 0x1, 0xfe,
    0x1f, 0xf6, 0x0, 0x7f, 0x9c, 0x0, 0x62, 0x1,
    0xfd, 0xa0, 0x60, 0xc0, 0x1f, 0x85, 0xb, 0x82,
    0xc0, 0x3f, 0x30, 0x29, 0x19, 0x88, 0x3, 0xeb,
    0xa, 0xb, 0x5, 0x0, 0xf1, 0x19, 0x88, 0x18,
    0x28, 0x3, 0xca, 0x14, 0x0, 0x14, 0x23, 0x0,
    0xea, 0x7, 0x0, 0xb8, 0x2c, 0x3, 0x11, 0x3,
    0x73, 0x28, 0x6, 0x0, 0xd4, 0x0, 0x33, 0xc4,
    0x2, 0x60, 0x12, 0x87, 0x7f, 0xf5, 0x5, 0x0,
    0xc, 0x8c, 0x40, 0x39, 0x41, 0xc0, 0x14, 0x16,
    0x1, 0xf2, 0xa, 0x3, 0x82, 0x80, 0x7d, 0xa1,
    0xc0,

    /* U+00C2 "Â" */
    0x0, 0xf2, 0xc1, 0x80, 0x7f, 0x92, 0x9b, 0x44,
    0x3, 0xf1, 0x52, 0xf9, 0xe8, 0x7, 0xe7, 0x9a,
    0x1f, 0x43, 0x0, 0xf9, 0x5c, 0x0, 0x50, 0x60,
    0x1f, 0x87, 0xfd, 0x80, 0x1f, 0xe7, 0x0, 0x18,
    0x80, 0x7f, 0x68, 0x18, 0x30, 0x7, 0xe1, 0x42,
    0xe0, 0xb0, 0xf, 0xcc, 0xa, 0x46, 0x62, 0x0,
    0xfa, 0xc2, 0x82, 0xc1, 0x40, 0x3c, 0x46, 0x62,
    0x6, 0xa, 0x0, 0xf2, 0x85, 0x0, 0x5, 0x8,
    0xc0, 0x3a, 0x81, 0xc0, 0x2e, 0xb, 0x0, 0xc4,
    0x40, 0xdc, 0xca, 0x1, 0x80, 0x35, 0x0, 0xc,
    0xf1, 0x0, 0x98, 0x4, 0xa1, 0xdf, 0xfd, 0x41,
    0x40, 0x3, 0x23, 0x10, 0xe, 0x50, 0x70, 0x5,
    0x5, 0x80, 0x7c, 0x82, 0x80, 0xe0, 0xa0, 0x1f,
    0x68, 0x70,

    /* U+00C3 "Ã" */
    0x0, 0xfe, 0x10, 0xf, 0xc5, 0xde, 0x61, 0x8e,
    0x1, 0xf5, 0x9b, 0xea, 0x11, 0x0, 0x3e, 0x25,
    0x84, 0xb1, 0x50, 0xf, 0xa2, 0x82, 0xaf, 0xc0,
    0x3f, 0x19, 0x0, 0x10, 0x40, 0x3f, 0x87, 0xfd,
    0x80, 0x1f, 0xe7, 0x0, 0x18, 0x80, 0x7f, 0x68,
    0x18, 0x30, 0x7, 0xe1, 0x42, 0xe0, 0xb0, 0xf,
    0xcc, 0xa, 0x46, 0x62, 0x0, 0xfa, 0xc2, 0x82,
    0xc1, 0x40, 0x3c, 0x46, 0x62, 0x6, 0xa, 0x0,
    0xf2, 0x85, 0x0, 0x5, 0x8, 0xc0, 0x3a, 0x81,
    0xc0, 0x2e, 0xb, 0x0, 0xc4, 0x40, 0xdc, 0xca,
    0x1, 0x80, 0x35, 0x0, 0xc, 0xf1, 0x0, 0x98,
    0x4, 0xa1, 0xdf, 0xfd, 0x41, 0x40, 0x3, 0x23,
    0x10, 0xe, 0x50, 0x70, 0x5, 0x5, 0x80, 0x7c,
    0x82, 0x80, 0xe0, 0xa0, 0x1f, 0x68, 0x70,

    /* U+00C4 "Ä" */
    0x0, 0xcf, 0xea, 0x15, 0xc6, 0x1, 0xf6, 0x7,
    0x82, 0xa, 0x80, 0x7d, 0x31, 0x61, 0xb2, 0xc0,
    0x1f, 0x13, 0x88, 0x1b, 0x0, 0x7f, 0xf, 0xfb,
    0x0, 0x3f, 0xce, 0x0, 0x31, 0x0, 0xfe, 0xd0,
    0x30, 0x60, 0xf, 0xc2, 0x85, 0xc1, 0x60, 0x1f,
    0x98, 0x14, 0x8c, 0xc4, 0x1, 0xf5, 0x85, 0x5,
    0x82, 0x80, 0x78, 0x8c, 0xc4, 0xc, 0x14, 0x1,
    0xe5, 0xa, 0x0, 0xa, 0x11, 0x80, 0x75, 0x3,
    0x80, 0x5c, 0x16, 0x1, 0x88, 0x81, 0xb9, 0x94,
    0x3, 0x0, 0x6a, 0x0, 0x19, 0xe2, 0x1, 0x30,
    0x9, 0x43, 0xbf, 0xfa, 0x82, 0x80, 0x6, 0x46,
    0x20, 0x1c, 0xa0, 0xe0, 0xa, 0xb, 0x0, 0xf9,
    0x5, 0x1, 0xc1, 0x40, 0x3e, 0xd0, 0xe0,

    /* U+00C5 "Å" */
    0x0, 0xff, 0xe3, 0x9f, 0x7e, 0x0, 0x7f, 0xb5,
    0x68, 0xa8, 0x3, 0xf1, 0x8c, 0x2c, 0xa0, 0x7,
    0xe2, 0xb, 0x2b, 0x50, 0xf, 0xc3, 0x2f, 0xa5,
    0x20, 0x1f, 0xcd, 0xd9, 0xc4, 0x1, 0xfe, 0x13,
    0x0, 0xff, 0x87, 0xfd, 0x80, 0x1f, 0xe7, 0x0,
    0x18, 0x80, 0x7f, 0x68, 0x18, 0x30, 0x7, 0xe1,
    0x42, 0xe0, 0xb0, 0xf, 0xcc, 0xa, 0x46, 0x62,
    0x0, 0xfa, 0xc2, 0x82, 0xc1, 0x40, 0x3c, 0x46,
    0x62, 0x6, 0xa, 0x0, 0xf2, 0x85, 0x0, 0x5,
    0x8, 0xc0, 0x3a, 0x81, 0xc0, 0x2e, 0xb, 0x0,
    0xc4, 0x40, 0xdc, 0xca, 0x1, 0x80, 0x35, 0x0,
    0xc, 0xf1, 0x0, 0x98, 0x4, 0xa1, 0xdf, 0xfd,
    0x41, 0x40, 0x3, 0x23, 0x10, 0xe, 0x50, 0x70,
    0x5, 0x5, 0x80, 0x7c, 0x82, 0x80, 0xe0, 0xa0,
    0x1f, 0x68, 0x70,

    /* U+00C6 "Æ" */
    0x0, 0xfd, 0x7f, 0xff, 0xe0, 0xf, 0xc6, 0x80,
    0x1, 0x33, 0xf8, 0x3, 0xf7, 0x82, 0x3, 0xe6,
    0x7c, 0x1, 0xf2, 0x19, 0xb4, 0x3, 0xff, 0x89,
    0x1, 0x0, 0x1f, 0xfc, 0x44, 0x34, 0x40, 0x7,
    0xff, 0x12, 0x2, 0x40, 0x27, 0xcc, 0xf0, 0x7,
    0x90, 0xd4, 0x80, 0x21, 0x33, 0xf0, 0x80, 0x74,
    0x4, 0x0, 0x66, 0xff, 0xf0, 0x80, 0x64, 0x30,
    0xec, 0xc4, 0x0, 0x7f, 0xf0, 0x60, 0x0, 0x67,
    0x8, 0x7, 0xff, 0x1, 0x4d, 0xbf, 0xf4, 0x80,
    0x7f, 0xf0, 0x20, 0x2c, 0x3, 0xff, 0x88, 0xa4,
    0xa4, 0x1, 0xe7, 0xcc, 0xf8, 0x42, 0x2, 0x40,
    0x3e, 0x13, 0x3f, 0x80,

    /* U+00C7 "Ç" */
    0x0, 0x86, 0x37, 0xfd, 0xb2, 0x60, 0x1c, 0x9c,
    0xe4, 0x22, 0x26, 0xc7, 0x0, 0x8e, 0xc1, 0xb7,
    0xb9, 0xf2, 0x10, 0xa0, 0xe, 0x7, 0x92, 0x0,
    0x9a, 0x82, 0xc1, 0x48, 0x90, 0x1, 0xe5, 0x31,
    0x4f, 0xb, 0x0, 0xfd, 0x9c, 0x8e, 0x8, 0x1,
    0xfc, 0x20, 0x60, 0x60, 0x1f, 0xf1, 0x81, 0x80,
    0x7f, 0xce, 0x8, 0x1, 0xfc, 0x21, 0xe1, 0x40,
    0x1f, 0xaf, 0x91, 0x44, 0xdc, 0x3, 0xc8, 0x81,
    0x40, 0xa0, 0x89, 0x10, 0x9, 0xac, 0x2c, 0x0,
    0x94, 0xd, 0xdc, 0xdf, 0x90, 0x75, 0x0, 0x97,
    0x5c, 0x84, 0x85, 0x2e, 0x0, 0x38, 0xa3, 0x6,
    0xfa, 0xd0, 0x3, 0xf3, 0xc, 0xd8, 0x80, 0x7f,
    0x3f, 0x6b, 0x30, 0x3, 0xfc, 0x24, 0x62, 0x1,
    0xfd, 0x3f, 0xaa, 0xc0, 0x1f, 0xd3, 0xbd, 0x60,
    0x1c,

    /* U+00C8 "È" */
    0x0, 0x9d, 0xc0, 0x1f, 0xdd, 0x8, 0x1, 0xfa,
    0x3, 0xc0, 0x3f, 0xb, 0xa1, 0x0, 0x7e, 0x97,
    0x10, 0xf, 0xc3, 0x6, 0x1, 0x8f, 0xff, 0xf8,
    0xc0, 0x23, 0x3f, 0x84, 0x0, 0x79, 0x9f, 0x10,
    0x7, 0xff, 0x5c, 0xf3, 0x3c, 0x60, 0x18, 0xcf,
    0xce, 0x1, 0x1f, 0xff, 0x90, 0x3, 0xff, 0xc6,
    0x79, 0x9f, 0x18, 0x4, 0x67, 0xf3, 0x80,

    /* U+00C9 "É" */
    0x0, 0xf2, 0x41, 0x80, 0x7e, 0x97, 0x20, 0xf,
    0x90, 0x9c, 0x40, 0x3e, 0xf0, 0x90, 0xf, 0xd9,
    0x42, 0x1, 0xf9, 0xd4, 0x3, 0x1f, 0xff, 0xf1,
    0x80, 0x46, 0x7f, 0x8, 0x0, 0xf3, 0x3e, 0x20,
    0xf, 0xfe, 0xb9, 0xe6, 0x78, 0xc0, 0x31, 0x9f,
    0x9c, 0x2, 0x3f, 0xff, 0x20, 0x7, 0xff, 0x8c,
    0xf3, 0x3e, 0x30, 0x8, 0xcf, 0xe7,

    /* U+00CA "Ê" */
    0x0, 0xc5, 0xa, 0x1, 0xfb, 0xda, 0x94, 0x3,
    0xd6, 0x7e, 0xd4, 0x40, 0x18, 0x8f, 0x46, 0x61,
    0xc0, 0x31, 0x41, 0x80, 0x1d, 0x40, 0x7, 0xff,
    0xfc, 0x60, 0x11, 0x9f, 0xc2, 0x0, 0x3c, 0xcf,
    0x88, 0x3, 0xff, 0xae, 0x79, 0x9e, 0x30, 0xc,
    0x67, 0xe7, 0x0, 0x8f, 0xff, 0xc8, 0x1, 0xff,
    0xe3, 0x3c, 0xcf, 0x8c, 0x2, 0x33, 0xf9, 0xc0,

    /* U+00CB "Ë" */
    0x0, 0x17, 0x50, 0x2f, 0xc0, 0x6, 0x71, 0x50,
    0xc0, 0x40, 0xc, 0xb3, 0x81, 0x10, 0xe0, 0xe,
    0x63, 0x1, 0x72, 0x0, 0x1f, 0xff, 0xf1, 0x80,
    0x46, 0x7f, 0x8, 0x0, 0xf3, 0x3e, 0x20, 0xf,
    0xfe, 0xb9, 0xe6, 0x78, 0xc0, 0x31, 0x9f, 0x9c,
    0x2, 0x3f, 0xff, 0x20, 0x7, 0xff, 0x8c, 0xf3,
    0x3e, 0x30, 0x8, 0xcf, 0xe7,

    /* U+00CC "Ì" */
    0x67, 0x0, 0xc, 0x30, 0x38, 0xd8, 0x2, 0x49,
    0x1, 0xe0, 0x2, 0x74, 0x3, 0xfc, 0x0, 0xff,
    0xf6, 0x0,

    /* U+00CD "Í" */
    0x0, 0x1c, 0x20, 0x2, 0x1d, 0x80, 0x91, 0x88,
    0x2c, 0x20, 0x1, 0xd4, 0x20, 0x7, 0x50, 0x1,
    0xfe, 0x0, 0x7f, 0xff, 0x0,

    /* U+00CE "Î" */
    0x0, 0x2f, 0xf0, 0x6, 0x1a, 0x51, 0xa0, 0xa,
    0x86, 0xa5, 0x54, 0x4, 0x7a, 0xd, 0x26, 0x5,
    0x6, 0x0, 0x66, 0x0, 0x47, 0xf8, 0x1, 0xff,
    0xff, 0x0, 0xff, 0xee, 0x0,

    /* U+00CF "Ï" */
    0x1e, 0xc0, 0x4e, 0x95, 0x13, 0x13, 0x14, 0x44,
    0xd8, 0xbc, 0x78, 0x32, 0x0, 0x1c, 0x80, 0x7,
    0xf8, 0x1, 0xff, 0xff, 0x0, 0xff, 0xe6, 0x80,

    /* U+00D0 "Ð" */
    0x0, 0x1f, 0xff, 0x76, 0x30, 0x7, 0xf1, 0x9f,
    0x4e, 0x90, 0x7, 0x8f, 0x32, 0xdd, 0x21, 0x60,
    0x80, 0x7f, 0x8a, 0xd4, 0x6c, 0x3, 0xff, 0x81,
    0x60, 0xa2, 0x1, 0xff, 0xb, 0x3, 0x96, 0x70,
    0x1e, 0x62, 0xc0, 0x37, 0x87, 0x89, 0x90, 0x0,
    0xcc, 0xa0, 0x18, 0xc0, 0xcd, 0xf8, 0x7, 0xfe,
    0xe0, 0xc, 0x60, 0x60, 0x1f, 0xfc, 0xf, 0xf,
    0x0, 0xff, 0x85, 0x81, 0xc0, 0x3f, 0xeb, 0x5,
    0x10, 0xf, 0xe2, 0xb5, 0x1b, 0x0, 0xe3, 0xcc,
    0xb7, 0x48, 0x58, 0x20, 0x1e, 0x33, 0xe9, 0xd2,
    0x0, 0x0,

    /* U+00D1 "Ñ" */
    0x0, 0xfc, 0x22, 0x0, 0xf0, 0xf7, 0xa8, 0x54,
    0x0, 0x79, 0x82, 0x29, 0x17, 0x80, 0x3d, 0xc8,
    0xee, 0xb1, 0x60, 0xf, 0x54, 0x84, 0x66, 0x88,
    0x7, 0x8c, 0xc0, 0x3, 0x20, 0xc, 0x7f, 0xa0,
    0x1f, 0x5f, 0x98, 0x0, 0xa4, 0x3, 0xff, 0x80,
    0xc8, 0x1, 0xff, 0xc0, 0xa0, 0xf, 0xf1, 0xa8,
    0xc8, 0x7, 0xfa, 0xc5, 0x90, 0x3, 0xf8, 0x68,
    0x28, 0x40, 0x3f, 0x91, 0x86, 0xc0, 0x3f, 0xd2,
    0x4a, 0xa0, 0xf, 0xf4, 0x85, 0x88, 0x7, 0xf2,
    0x30, 0xd8, 0x7, 0xfa, 0x49, 0x50, 0x3, 0xfd,
    0xc0, 0x1f, 0xfc, 0x3, 0x70, 0xf, 0xfe, 0x4,
    0x10, 0x0,

    /* U+00D2 "Ò" */
    0x0, 0xc9, 0xf4, 0x1, 0xff, 0xc0, 0x44, 0x28,
    0x80, 0x7f, 0xf0, 0x20, 0x24, 0x3, 0xff, 0x80,
    0x68, 0xc0, 0x1f, 0xfc, 0x1b, 0xe0, 0xf, 0xfe,
    0x73, 0xe7, 0x7f, 0x52, 0x0, 0x78, 0xfa, 0xc,
    0x4, 0x4b, 0x74, 0x1, 0x8f, 0x5, 0x77, 0xb9,
    0xf2, 0x2b, 0x40, 0x17, 0x3, 0xd1, 0x0, 0x4d,
    0x82, 0xaa, 0x5, 0x22, 0x40, 0x7, 0x8a, 0xc2,
    0x3, 0xc2, 0xc0, 0x3f, 0x28, 0x91, 0x1c, 0x14,
    0x3, 0xf9, 0x1, 0xcc, 0x8, 0x3, 0xf8, 0xc0,
    0xcc, 0x4, 0x1, 0xfc, 0x60, 0x6e, 0xa, 0x1,
    0xfc, 0x80, 0xfe, 0x16, 0x1, 0xf9, 0x44, 0x88,
    0xa4, 0x48, 0x0, 0xf1, 0x58, 0x40, 0x3, 0x81,
    0xe8, 0x80, 0x25, 0xc1, 0x55, 0x0, 0xf, 0x5,
    0x77, 0xb9, 0xf4, 0x2b, 0x40, 0x18, 0xfa, 0xc,
    0x4, 0x4b, 0x74, 0x1, 0x0,

    /* U+00D3 "Ó" */
    0x0, 0xf8, 0x7f, 0x40, 0x3f, 0xf8, 0xc, 0x10,
    0x1, 0xff, 0xc0, 0x92, 0x50, 0xf, 0xf9, 0x46,
    0x0, 0x3f, 0xf8, 0xb, 0xea, 0x1, 0xff, 0xcd,
    0x7c, 0xef, 0xea, 0x40, 0xf, 0x1f, 0x41, 0x80,
    0x89, 0x6e, 0x80, 0x31, 0xe0, 0xae, 0xf7, 0x3e,
    0x45, 0x68, 0x2, 0xe0, 0x7a, 0x20, 0x9, 0xb0,
    0x55, 0x40, 0xa4, 0x48, 0x0, 0xf1, 0x58, 0x40,
    0x78, 0x58, 0x7, 0xe5, 0x12, 0x23, 0x82, 0x80,
    0x7f, 0x20, 0x39, 0x81, 0x0, 0x7f, 0x18, 0x19,
    0x80, 0x80, 0x3f, 0x8c, 0xd, 0xc1, 0x40, 0x3f,
    0x90, 0x1f, 0xc2, 0xc0, 0x3f, 0x28, 0x91, 0x14,
    0x89, 0x0, 0x1e, 0x2b, 0x8, 0x0, 0x70, 0x3d,
    0x10, 0x4, 0xb8, 0x2a, 0xa0, 0x1, 0xe0, 0xae,
    0xf7, 0x3e, 0x85, 0x68, 0x3, 0x1f, 0x41, 0x80,
    0x89, 0x6e, 0x80, 0x20,

    /* U+00D4 "Ô" */
    0x0, 0xe1, 0xdf, 0x70, 0xf, 0xfa, 0x8d, 0xe1,
    0x0, 0x3f, 0xa1, 0x36, 0x1a, 0xc8, 0x3, 0xf4,
    0x79, 0x84, 0xf9, 0x0, 0x7f, 0xf2, 0xdf, 0x3b,
    0xfa, 0x90, 0x3, 0xc7, 0xd0, 0x60, 0x22, 0x5b,
    0xa0, 0xc, 0x78, 0x2b, 0xbd, 0xcf, 0x91, 0x5a,
    0x0, 0xb8, 0x1e, 0x88, 0x2, 0x6c, 0x15, 0x50,
    0x29, 0x12, 0x0, 0x3c, 0x56, 0x10, 0x1e, 0x16,
    0x1, 0xf9, 0x44, 0x88, 0xe0, 0xa0, 0x1f, 0xc8,
    0xe, 0x60, 0x40, 0x1f, 0xc6, 0x6, 0x60, 0x20,
    0xf, 0xe3, 0x3, 0x70, 0x50, 0xf, 0xe4, 0x7,
    0xf0, 0xb0, 0xf, 0xca, 0x24, 0x45, 0x22, 0x40,
    0x7, 0x8a, 0xc2, 0x0, 0x1c, 0xf, 0x44, 0x1,
    0x2e, 0xa, 0xa8, 0x0, 0x78, 0x2b, 0xbd, 0xcf,
    0xa1, 0x5a, 0x0, 0xc7, 0xd0, 0x60, 0x22, 0x5b,
    0xa0, 0x8,

    /* U+00D5 "Õ" */
    0x0, 0xfe, 0x10, 0xf, 0xe5, 0xff, 0x49, 0xf2,
    0x80, 0x7e, 0x94, 0x86, 0xc1, 0x50, 0xf, 0xd1,
    0x2f, 0xd7, 0xe0, 0x1f, 0xc8, 0x40, 0x28, 0x20,
    0x1f, 0xfc, 0xc7, 0xce, 0xfe, 0xa4, 0x0, 0xf1,
    0xf4, 0x18, 0x8, 0x96, 0xe8, 0x3, 0x1e, 0xa,
    0xef, 0x73, 0xe4, 0x56, 0x80, 0x2e, 0x7, 0xa2,
    0x0, 0x9b, 0x5, 0x54, 0xa, 0x44, 0x80, 0xf,
    0x15, 0x84, 0x7, 0x85, 0x80, 0x7e, 0x51, 0x22,
    0x38, 0x28, 0x7, 0xf2, 0x3, 0x98, 0x10, 0x7,
    0xf1, 0x81, 0x98, 0x8, 0x3, 0xf8, 0xc0, 0xdc,
    0x14, 0x3, 0xf9, 0x1, 0xfc, 0x2c, 0x3, 0xf2,
    0x89, 0x11, 0x48, 0x90, 0x1, 0xe2, 0xb0, 0x80,
    0x7, 0x3, 0xd1, 0x0, 0x4b, 0x82, 0xaa, 0x0,
    0x1e, 0xa, 0xef, 0x73, 0xe8, 0x56, 0x80, 0x31,
    0xf4, 0x18, 0x8, 0x96, 0xe8, 0x2,

    /* U+00D6 "Ö" */
    0x0, 0xc4, 0xe0, 0x4, 0x60, 0xf, 0xee, 0x88,
    0x5, 0xca, 0x80, 0x7e, 0x40, 0xc0, 0x41, 0x70,
    0xf, 0xd1, 0xe8, 0x17, 0xc4, 0x1, 0xff, 0xcb,
    0x7c, 0xef, 0xea, 0x40, 0xf, 0x1f, 0x41, 0x80,
    0x89, 0x6e, 0x80, 0x31, 0xe0, 0xae, 0xf7, 0x3e,
    0x45, 0x68, 0x2, 0xe0, 0x7a, 0x20, 0x9, 0xb0,
    0x55, 0x40, 0xa4, 0x48, 0x0, 0xf1, 0x58, 0x40,
    0x78, 0x58, 0x7, 0xe5, 0x12, 0x23, 0x82, 0x80,
    0x7f, 0x20, 0x39, 0x81, 0x0, 0x7f, 0x18, 0x19,
    0x80, 0x80, 0x3f, 0x8c, 0xd, 0xc1, 0x40, 0x3f,
    0x90, 0x1f, 0xc2, 0xc0, 0x3f, 0x28, 0x91, 0x14,
    0x89, 0x0, 0x1e, 0x2b, 0x8, 0x0, 0x70, 0x3d,
    0x10, 0x4, 0xb8, 0x2a, 0xa0, 0x1, 0xe0, 0xae,
    0xf7, 0x3e, 0x85, 0x68, 0x3, 0x1f, 0x41, 0x80,
    0x89, 0x6e, 0x80, 0x20,

    /* U+00D7 "×" */
    0x9, 0x10, 0x2, 0xa8, 0x19, 0x98, 0x2b, 0x56,
    0xc, 0xe5, 0x94, 0x38, 0x0, 0x85, 0x20, 0xd2,
    0x0, 0x22, 0x80, 0x3c, 0x0, 0x96, 0x18, 0xc7,
    0x80, 0xc5, 0x87, 0x2c, 0xa0, 0x5a, 0x60, 0x9,
    0x90, 0x0,

    /* U+00D8 "Ø" */
    0x0, 0xcf, 0x9d, 0xfb, 0x2d, 0xfc, 0x20, 0x11,
    0xf4, 0x18, 0x9, 0x34, 0x85, 0x8, 0x0, 0xf0,
    0x57, 0x7b, 0x9e, 0x80, 0xd, 0x0, 0xb8, 0x1e,
    0x88, 0x0, 0x68, 0x22, 0x65, 0x5, 0x22, 0x40,
    0x6, 0xe0, 0xab, 0x9, 0xf, 0xb, 0x0, 0xce,
    0x4a, 0x8a, 0x26, 0x4e, 0xa, 0x1, 0x14, 0xd,
    0x80, 0x10, 0x1c, 0xc0, 0x80, 0x2e, 0xb, 0x10,
    0x1, 0x81, 0x90, 0x10, 0x1, 0xcd, 0x54, 0x1,
    0x18, 0x1a, 0x82, 0x81, 0x40, 0xd8, 0x6, 0x40,
    0x7d, 0xb, 0xe, 0xb, 0x10, 0x9, 0x44, 0x88,
    0x86, 0x58, 0x68, 0xa0, 0x11, 0x58, 0x40, 0x3,
    0x84, 0xc3, 0xc0, 0x26, 0xc1, 0x55, 0x0, 0x8,
    0x80, 0xb, 0xee, 0x7c, 0x8a, 0xd0, 0x4, 0xe6,
    0x92, 0x60, 0x22, 0x5b, 0xa0, 0x8,

    /* U+00D9 "Ù" */
    0x0, 0x8a, 0x14, 0x3, 0xfc, 0x4b, 0x42, 0x1,
    0xfe, 0xe0, 0x90, 0xf, 0xf1, 0xab, 0x88, 0x7,
    0xfa, 0xbc, 0x40, 0x3f, 0xf8, 0xc7, 0xf8, 0x1,
    0xf6, 0xf8, 0x80, 0x7f, 0xff, 0xc0, 0x3f, 0xfb,
    0x66, 0x0, 0x20, 0x20, 0xf, 0x84, 0x4, 0x44,
    0x2a, 0x1, 0xce, 0x6, 0x0, 0xb0, 0xb5, 0x0,
    0x9a, 0x2, 0x40, 0xc, 0xa3, 0x5f, 0xdf, 0x20,
    0xea, 0x1, 0x55, 0x10, 0x46, 0x5b, 0x80, 0x0,

    /* U+00DA "Ú" */
    0x0, 0xf9, 0x9c, 0x3, 0xfc, 0x73, 0xa0, 0x1f,
    0xe8, 0xb, 0x0, 0xfe, 0x34, 0x81, 0x0, 0xfe,
    0x3f, 0x70, 0xf, 0xfe, 0x31, 0xfe, 0x0, 0x7d,
    0xbe, 0x20, 0x1f, 0xff, 0xf0, 0xf, 0xfe, 0xd9,
    0x80, 0x8, 0x8, 0x3, 0xe1, 0x1, 0x11, 0xa,
    0x80, 0x73, 0x81, 0x80, 0x2c, 0x2d, 0x40, 0x26,
    0x80, 0x90, 0x3, 0x28, 0xd7, 0xf7, 0xc8, 0x3a,
    0x80, 0x55, 0x44, 0x11, 0x96, 0xe0, 0x0,

    /* U+00DB "Û" */
    0x0, 0xec, 0xf9, 0x0, 0xfe, 0xa2, 0x96, 0x60,
    0x7, 0xce, 0xb4, 0xcf, 0x26, 0x1, 0xe7, 0xf4,
    0x8, 0xf3, 0x0, 0xff, 0xe2, 0x1f, 0xe0, 0x7,
    0xdb, 0xe2, 0x1, 0xff, 0xff, 0x0, 0xff, 0xed,
    0x98, 0x0, 0x80, 0x80, 0x3e, 0x10, 0x11, 0x10,
    0xa8, 0x7, 0x38, 0x18, 0x2, 0xc2, 0xd4, 0x2,
    0x68, 0x9, 0x0, 0x32, 0x8d, 0x7f, 0x7c, 0x83,
    0xa8, 0x5, 0x54, 0x41, 0x19, 0x6e, 0x0, 0x0,

    /* U+00DC "Ü" */
    0x0, 0x89, 0xc4, 0xd, 0x80, 0x3e, 0x98, 0x80,
    0x6c, 0xb0, 0x7, 0xb0, 0x3c, 0x10, 0x54, 0x3,
    0xcf, 0xec, 0x15, 0xc6, 0x1, 0xff, 0xc4, 0x3f,
    0xc0, 0xf, 0xb7, 0xc4, 0x3, 0xff, 0xfe, 0x1,
    0xff, 0xdb, 0x30, 0x1, 0x1, 0x0, 0x7c, 0x20,
    0x22, 0x21, 0x50, 0xe, 0x70, 0x30, 0x5, 0x85,
    0xa8, 0x4, 0xd0, 0x12, 0x0, 0x65, 0x1a, 0xfe,
    0xf9, 0x7, 0x50, 0xa, 0xa8, 0x82, 0x32, 0xdc,
    0x0, 0x0,

    /* U+00DD "Ý" */
    0x0, 0xf8, 0xe0, 0xc0, 0x3f, 0xde, 0xe4, 0x1,
    0xfc, 0x66, 0x71, 0x0, 0xfe, 0x90, 0x90, 0xf,
    0xf6, 0xd0, 0x80, 0x7f, 0x9d, 0x40, 0x38, 0xff,
    0x80, 0x3e, 0x9f, 0x83, 0x41, 0x60, 0xe, 0x26,
    0x19, 0x9, 0x8, 0x0, 0xe8, 0x9, 0x10, 0x25,
    0x17, 0x0, 0x89, 0x45, 0xc0, 0x2b, 0x9, 0x10,
    0x4, 0x84, 0x0, 0x61, 0x71, 0x90, 0x34, 0x26,
    0x0, 0xe9, 0x7, 0x18, 0x8, 0x0, 0xf0, 0xc0,
    0x6a, 0x1a, 0x80, 0x7c, 0xe2, 0x61, 0x0, 0x1f,
    0xd0, 0x8, 0x80, 0xf, 0xe3, 0x1, 0x0, 0xff,
    0xf6, 0x80,

    /* U+00DE "Þ" */
    0x6f, 0x90, 0xf, 0xfe, 0x4b, 0xe6, 0x2e, 0x9c,
    0x40, 0x30, 0x99, 0x91, 0x63, 0x90, 0x2, 0x6f,
    0xfb, 0xa0, 0x2c, 0x80, 0x3c, 0x2e, 0xe0, 0xb0,
    0xf, 0xd2, 0x8, 0x1, 0xf8, 0x40, 0x80, 0x3f,
    0x8, 0x10, 0x7, 0xe9, 0x4, 0x0, 0xf0, 0xbb,
    0x82, 0xc0, 0xd, 0xff, 0x74, 0x5, 0x90, 0x0,
    0x4c, 0xc8, 0xb1, 0xc8, 0x1, 0x3e, 0x62, 0xe9,
    0xc4, 0x3, 0xff, 0x82,

    /* U+00DF "ß" */
    0x0, 0xc, 0xef, 0xf5, 0x18, 0x4, 0x5e, 0xc6,
    0x86, 0xb8, 0xc0, 0xe, 0x17, 0xeb, 0xdb, 0x9,
    0x12, 0x32, 0x80, 0x9, 0x14, 0x11, 0xc1, 0x0,
    0x38, 0xc0, 0x6, 0x2, 0x1, 0x89, 0xc5, 0x40,
    0x34, 0x4d, 0xe8, 0x68, 0x7, 0x2b, 0x20, 0x20,
    0x80, 0x76, 0xff, 0x52, 0x69, 0x0, 0x78, 0x56,
    0xc2, 0x40, 0x3f, 0x20, 0x28, 0x7, 0xe5, 0x3,
    0x0, 0xf8, 0xa4, 0x14, 0x2, 0x2b, 0xb6, 0xe8,
    0x92, 0x0, 0x32, 0x20, 0xd2, 0x6c, 0x0,

    /* U+00E0 "à" */
    0x0, 0xbb, 0x80, 0x1f, 0xd6, 0x2e, 0x1, 0xf9,
    0x4e, 0x40, 0x3f, 0xb9, 0x88, 0x3, 0xf1, 0x41,
    0x0, 0x78, 0xef, 0xbf, 0xd, 0x7e, 0x1, 0x31,
    0xd, 0x47, 0x30, 0x1, 0x50, 0x4e, 0xd6, 0xb3,
    0x0, 0xc, 0x28, 0xc0, 0x14, 0x90, 0x3, 0xc3,
    0x80, 0x39, 0x40, 0x6, 0xc, 0x1, 0xdc, 0x0,
    0x30, 0x60, 0xe, 0xe0, 0x7, 0x86, 0x0, 0x72,
    0x0, 0x18, 0x58, 0xc0, 0x26, 0x30, 0xa, 0x83,
    0x29, 0xea, 0x50, 0x2, 0x4c, 0x45, 0x86, 0xbe,
    0x0, 0x0,

    /* U+00E1 "á" */
    0x0, 0xf6, 0x79, 0x0, 0x7c, 0x86, 0xe4, 0x1,
    0xf4, 0xc, 0x0, 0x7c, 0x29, 0xa0, 0x1f, 0x86,
    0xc, 0x3, 0xc7, 0x7d, 0xf8, 0x6b, 0xf0, 0x9,
    0x88, 0x6a, 0x39, 0x80, 0xa, 0x82, 0x76, 0xb5,
    0x98, 0x0, 0x61, 0x46, 0x0, 0xa4, 0x80, 0x1e,
    0x1c, 0x1, 0xca, 0x0, 0x30, 0x60, 0xe, 0xe0,
    0x1, 0x83, 0x0, 0x77, 0x0, 0x3c, 0x30, 0x3,
    0x90, 0x0, 0xc2, 0xc6, 0x1, 0x31, 0x80, 0x54,
    0x19, 0x4f, 0x52, 0x80, 0x12, 0x62, 0x2c, 0x35,
    0xf0, 0x0,

    /* U+00E2 "â" */
    0x0, 0xd5, 0xf8, 0x1, 0xf4, 0x2d, 0x14, 0x80,
    0x72, 0x2d, 0x2d, 0x22, 0x80, 0x64, 0xd5, 0x4,
    0xd5, 0x0, 0xc7, 0x7d, 0xf8, 0x6b, 0xf0, 0x9,
    0x88, 0x6a, 0x39, 0x80, 0xa, 0x82, 0x76, 0xb5,
    0x98, 0x0, 0x61, 0x46, 0x0, 0xa4, 0x80, 0x1e,
    0x1c, 0x1, 0xca, 0x0, 0x30, 0x60, 0xe, 0xe0,
    0x1, 0x83, 0x0, 0x77, 0x0, 0x3c, 0x30, 0x3,
    0x90, 0x0, 0xc2, 0xc6, 0x1, 0x31, 0x80, 0x54,
    0x19, 0x4f, 0x52, 0x80, 0x12, 0x62, 0x2c, 0x35,
    0xf0, 0x0,

    /* U+00E3 "ã" */
    0x0, 0xe, 0xfd, 0x1e, 0x48, 0x6, 0x63, 0x74,
    0xc3, 0xd0, 0xc, 0xbb, 0x1d, 0x9a, 0x80, 0x18,
    0x8c, 0x0, 0x64, 0x1, 0xc7, 0x7d, 0xf8, 0x6b,
    0xf0, 0x9, 0x88, 0x6a, 0x39, 0x80, 0xa, 0x82,
    0x76, 0xb5, 0x98, 0x0, 0x61, 0x46, 0x0, 0xa4,
    0x80, 0x1e, 0x1c, 0x1, 0xca, 0x0, 0x30, 0x60,
    0xe, 0xe0, 0x1, 0x83, 0x0, 0x77, 0x0, 0x3c,
    0x30, 0x3, 0x90, 0x0, 0xc2, 0xc6, 0x1, 0x31,
    0x80, 0x54, 0x19, 0x4f, 0x52, 0x80, 0x12, 0x62,
    0x2c, 0x35, 0xf0, 0x0,

    /* U+00E4 "ä" */
    0x0, 0x27, 0xc0, 0x3f, 0xa8, 0x6, 0xc0, 0x40,
    0xc0, 0xc0, 0xd, 0x31, 0xc1, 0x31, 0x0, 0xc,
    0x2e, 0x40, 0x4e, 0x20, 0x18, 0xef, 0xbf, 0xd,
    0x7e, 0x1, 0x31, 0xd, 0x47, 0x30, 0x1, 0x50,
    0x4e, 0xd6, 0xb3, 0x0, 0xc, 0x28, 0xc0, 0x14,
    0x90, 0x3, 0xc3, 0x80, 0x39, 0x40, 0x6, 0xc,
    0x1, 0xdc, 0x0, 0x30, 0x60, 0xe, 0xe0, 0x7,
    0x86, 0x0, 0x72, 0x0, 0x18, 0x58, 0xc0, 0x26,
    0x30, 0xa, 0x83, 0x29, 0xea, 0x50, 0x2, 0x4c,
    0x45, 0x86, 0xbe, 0x0, 0x0,

    /* U+00E5 "å" */
    0x0, 0xe1, 0x0, 0xfc, 0x7b, 0xdc, 0x30, 0xf,
    0x6b, 0x52, 0xe0, 0x7, 0x84, 0x9c, 0xc0, 0x3e,
    0xa6, 0xd7, 0x90, 0xf, 0x2f, 0x5f, 0x30, 0x7,
    0xc2, 0x82, 0x1, 0xe3, 0xbe, 0xfc, 0x35, 0xf8,
    0x4, 0xc4, 0x35, 0x1c, 0xc0, 0x5, 0x41, 0x3b,
    0x5a, 0xcc, 0x0, 0x30, 0xa3, 0x0, 0x52, 0x40,
    0xf, 0xe, 0x0, 0xe5, 0x0, 0x18, 0x30, 0x7,
    0x70, 0x0, 0xc1, 0x80, 0x3b, 0x80, 0x1e, 0x18,
    0x1, 0xc8, 0x0, 0x61, 0x63, 0x0, 0x98, 0xc0,
    0x2a, 0xc, 0xa7, 0xa9, 0x40, 0x9, 0x31, 0x16,
    0x1a, 0xf8, 0x0,

    /* U+00E6 "æ" */
    0x0, 0x46, 0xff, 0x51, 0x1, 0x57, 0x7e, 0xc0,
    0x6, 0xb7, 0x6, 0x45, 0xc3, 0xc5, 0x46, 0x17,
    0xc0, 0x2, 0x25, 0xb3, 0x58, 0x38, 0x1b, 0x53,
    0x90, 0x6e, 0xf, 0x54, 0x0, 0x8c, 0x82, 0x8,
    0x2, 0x71, 0xa0, 0x35, 0x26, 0x88, 0x8c, 0x32,
    0x23, 0x80, 0x80, 0x17, 0x92, 0xef, 0x8, 0x2b,
    0xbf, 0x8, 0xc, 0x22, 0xf7, 0xfc, 0x61, 0x7f,
    0xff, 0xa, 0x5, 0x88, 0x4, 0x61, 0x80, 0x1c,
    0xee, 0x6, 0x4, 0x0, 0xa4, 0x49, 0xd0, 0x2,
    0x78, 0xe0, 0xe0, 0xaa, 0x4e, 0xb5, 0xf0, 0x5d,
    0xa7, 0x20, 0xa4, 0x12, 0xcd, 0x58, 0x6d, 0x4f,
    0x55, 0x4c, 0x4d, 0x80, 0x0,

    /* U+00E7 "ç" */
    0x0, 0x14, 0xf7, 0xf5, 0x10, 0x4, 0x7a, 0xc6,
    0x86, 0xb8, 0x40, 0xe, 0x9, 0xdb, 0xd9, 0x19,
    0x5, 0x25, 0x60, 0x9, 0x91, 0x83, 0x3, 0xc0,
    0x3a, 0xf4, 0xc, 0x18, 0x3, 0xf1, 0x83, 0x80,
    0x7e, 0xf0, 0xd0, 0xe, 0x9b, 0x6, 0x16, 0x40,
    0x9, 0x59, 0xc0, 0x14, 0x17, 0x69, 0xba, 0xf,
    0x0, 0x26, 0xa2, 0x19, 0x11, 0x86, 0x1, 0x15,
    0xb9, 0xfd, 0x98, 0x7, 0xb, 0x9e, 0xa0, 0x7,
    0x86, 0xb1, 0xe4, 0x3, 0xe5, 0x33, 0x0, 0x7c,
    0x5f, 0xe7, 0x90, 0xf, 0x16, 0xeb, 0x90, 0x2,

    /* U+00E8 "è" */
    0x0, 0x1c, 0x20, 0x7, 0xc4, 0xf2, 0x1, 0xf0,
    0xb9, 0x20, 0x7, 0xd2, 0x3e, 0x1, 0xf0, 0xd6,
    0x0, 0x7e, 0x47, 0x0, 0xf1, 0xdf, 0x7e, 0x30,
    0x4, 0x98, 0x84, 0xa5, 0x32, 0x0, 0x50, 0x66,
    0x2b, 0x91, 0x91, 0x85, 0xcc, 0x2, 0x90, 0xdf,
    0x2, 0x88, 0xd4, 0xa, 0x60, 0xae, 0xfc, 0x2,
    0x61, 0x7f, 0xfe, 0xdf, 0xd, 0x0, 0xe7, 0x56,
    0x16, 0x40, 0xa, 0xa0, 0xc2, 0x82, 0xf2, 0xb9,
    0x51, 0x81, 0x31, 0x49, 0x4d, 0xec, 0x0,

    /* U+00E9 "é" */
    0x0, 0xf3, 0xb8, 0x3, 0xe4, 0x8e, 0x0, 0xfb,
    0xc2, 0x0, 0x3c, 0x48, 0xe2, 0x1, 0xe1, 0x79,
    0x0, 0xf8, 0xe0, 0x40, 0x38, 0xef, 0xbf, 0x18,
    0x2, 0x4c, 0x42, 0x52, 0x99, 0x0, 0x28, 0x33,
    0x15, 0xc8, 0xc8, 0xc2, 0xe6, 0x1, 0x48, 0x6f,
    0x81, 0x44, 0x6a, 0x5, 0x30, 0x57, 0x7e, 0x1,
    0x30, 0xbf, 0xff, 0x6f, 0x86, 0x80, 0x73, 0xab,
    0xb, 0x20, 0x5, 0x50, 0x61, 0x41, 0x79, 0x5c,
    0xa8, 0xc0, 0x98, 0xa4, 0xa6, 0xf6, 0x0,

    /* U+00EA "ê" */
    0x0, 0x87, 0xbd, 0xc0, 0x3d, 0xa5, 0x30, 0xa0,
    0x1a, 0x7, 0x59, 0xe0, 0x80, 0x28, 0xd1, 0x8,
    0xd2, 0x0, 0x8e, 0xfb, 0xf1, 0x80, 0x24, 0xc4,
    0x25, 0x29, 0x90, 0x2, 0x83, 0x31, 0x5c, 0x8c,
    0x8c, 0x2e, 0x60, 0x14, 0x86, 0xf8, 0x14, 0x46,
    0xa0, 0x53, 0x5, 0x77, 0xe0, 0x13, 0xb, 0xff,
    0xf6, 0xf8, 0x68, 0x7, 0x3a, 0xb0, 0xb2, 0x0,
    0x55, 0x6, 0x14, 0x17, 0x95, 0xca, 0x8c, 0x9,
    0x8a, 0x4a, 0x6f, 0x60,

    /* U+00EB "ë" */
    0x0, 0x4f, 0xa0, 0x5f, 0x10, 0x4, 0x81, 0x80,
    0x82, 0xc0, 0x17, 0x44, 0x2, 0xe5, 0x0, 0x23,
    0x70, 0x2, 0x30, 0x6, 0x3b, 0xef, 0xc6, 0x0,
    0x93, 0x10, 0x94, 0xa6, 0x40, 0xa, 0xc, 0xc5,
    0x72, 0x32, 0x30, 0xb9, 0x80, 0x52, 0x1b, 0xe0,
    0x51, 0x1a, 0x81, 0x4c, 0x15, 0xdf, 0x80, 0x4c,
    0x2f, 0xff, 0xdb, 0xe1, 0xa0, 0x1c, 0xea, 0xc2,
    0xc8, 0x1, 0x54, 0x18, 0x50, 0x5e, 0x57, 0x2a,
    0x30, 0x26, 0x29, 0x29, 0xbd, 0x80,

    /* U+00EC "ì" */
    0xb, 0xf2, 0x0, 0x48, 0x40, 0x0, 0x9d, 0x48,
    0x1, 0x10, 0x60, 0x9, 0xd0, 0x0, 0x7f, 0x60,
    0x1f, 0xfe, 0x60,

    /* U+00ED "í" */
    0x0, 0x4f, 0xa8, 0xb, 0x22, 0x84, 0x4, 0x80,
    0x3a, 0x88, 0x0, 0xea, 0x0, 0x3f, 0xb0, 0xf,
    0xff, 0x40,

    /* U+00EE "î" */
    0x0, 0x3f, 0xf0, 0x80, 0x16, 0x28, 0xb0, 0x45,
    0xd0, 0xba, 0xcc, 0x1b, 0x70, 0x1b, 0x70, 0x1,
    0xfd, 0x80, 0x7f, 0xff, 0x0,

    /* U+00EF "ï" */
    0x2e, 0xb0, 0x4f, 0x86, 0x14, 0xc, 0x5, 0x49,
    0xb0, 0x88, 0x78, 0x32, 0x0, 0x1c, 0x80, 0x7,
    0xf6, 0x1, 0xff, 0xfc,

    /* U+00F0 "ð" */
    0x0, 0xff, 0xe0, 0x4c, 0x88, 0xa, 0xc8, 0x3,
    0x2b, 0x6d, 0xea, 0x30, 0x6, 0xc5, 0x4, 0xc,
    0x40, 0xd, 0x2a, 0x6a, 0x1a, 0x60, 0x1a, 0xe7,
    0x2a, 0x7, 0x48, 0x2, 0x26, 0x0, 0x3b, 0x87,
    0x80, 0x32, 0x67, 0xf8, 0x88, 0x6c, 0x0, 0x6b,
    0x35, 0x71, 0x20, 0x80, 0x19, 0xc, 0xa8, 0xb9,
    0x1, 0x36, 0x7, 0x30, 0x9, 0x8c, 0x13, 0x2,
    0xc0, 0x3a, 0xc3, 0xdc, 0x4, 0x3, 0x84, 0x0,
    0xe0, 0xc0, 0x1d, 0xc1, 0xd8, 0x1a, 0x1, 0xca,
    0x8, 0xc2, 0xca, 0x1, 0x41, 0x21, 0xd, 0x5,
    0x65, 0xeb, 0x95, 0x0, 0x13, 0x54, 0x90, 0x1f,
    0x4, 0x0,

    /* U+00F1 "ñ" */
    0x0, 0x37, 0xeb, 0x2f, 0x90, 0x5, 0x2a, 0xf3,
    0x46, 0x40, 0x15, 0xda, 0xb6, 0xf0, 0x3, 0x20,
    0x81, 0x20, 0x4, 0x9f, 0x29, 0x9f, 0xd0, 0x1,
    0x92, 0x95, 0xcd, 0xe4, 0x2, 0x2d, 0x98, 0xc1,
    0x61, 0x0, 0x19, 0x80, 0x2, 0xe0, 0xa0, 0x5,
    0x0, 0xc2, 0x2, 0x1, 0xff, 0xf0,

    /* U+00F2 "ò" */
    0x0, 0xc, 0x30, 0x7, 0xe1, 0x49, 0x20, 0xf,
    0xd0, 0x14, 0x1, 0xf9, 0x10, 0xc0, 0x1f, 0xd2,
    0xc4, 0x1, 0xf8, 0xa0, 0x80, 0x3c, 0x33, 0xbf,
    0xb2, 0x40, 0x11, 0xfb, 0x2, 0x3, 0x61, 0x80,
    0x38, 0x63, 0x6f, 0x64, 0x74, 0x14, 0x91, 0xc0,
    0x26, 0x51, 0x5c, 0xe, 0x0, 0xef, 0xc, 0x30,
    0x10, 0xe, 0x60, 0x23, 0x1, 0x0, 0xe6, 0x2,
    0xc0, 0xe0, 0xe, 0xf0, 0xc5, 0x24, 0x70, 0x9,
    0x94, 0x54, 0x38, 0x63, 0x6f, 0x64, 0x74, 0x0,
    0x78, 0xc6, 0x86, 0xd8, 0x60,

    /* U+00F3 "ó" */
    0x0, 0xf2, 0xc0, 0x80, 0x7c, 0x34, 0xa2, 0x1,
    0xf3, 0x4, 0x0, 0x7e, 0xa3, 0x50, 0xf, 0x85,
    0x7c, 0x3, 0xf0, 0xc1, 0x80, 0x78, 0x67, 0x7f,
    0x64, 0x80, 0x23, 0xf6, 0x4, 0x6, 0xc3, 0x0,
    0x70, 0xc6, 0xde, 0xc8, 0xe8, 0x29, 0x23, 0x80,
    0x4c, 0xa2, 0xb8, 0x1c, 0x1, 0xde, 0x18, 0x60,
    0x20, 0x1c, 0xc0, 0x46, 0x2, 0x1, 0xcc, 0x5,
    0x81, 0xc0, 0x1d, 0xe1, 0x8a, 0x48, 0xe0, 0x13,
    0x28, 0xa8, 0x70, 0xc6, 0xde, 0xc8, 0xe8, 0x0,
    0xf1, 0x8d, 0xd, 0xb0, 0xc0,

    /* U+00F4 "ô" */
    0x0, 0xd7, 0xf6, 0x1, 0xf4, 0xa5, 0x24, 0x80,
    0x72, 0x22, 0xd6, 0xd1, 0x40, 0x32, 0x6a, 0x2,
    0x6a, 0x80, 0x61, 0x9d, 0xfd, 0x92, 0x0, 0x8f,
    0xd8, 0x10, 0x1b, 0xc, 0x1, 0xc3, 0x1b, 0x7b,
    0x23, 0xa0, 0xa4, 0x8e, 0x1, 0x32, 0x8a, 0xe0,
    0x70, 0x7, 0x78, 0x61, 0x80, 0x80, 0x73, 0x1,
    0x18, 0x8, 0x7, 0x30, 0x16, 0x7, 0x0, 0x77,
    0x86, 0x29, 0x23, 0x80, 0x4c, 0xa2, 0xa1, 0xc3,
    0x1b, 0x7b, 0x23, 0xa0, 0x3, 0xc6, 0x34, 0x36,
    0xc3, 0x0,

    /* U+00F5 "õ" */
    0x0, 0xe, 0xfd, 0x1e, 0x48, 0x6, 0x93, 0x74,
    0xc3, 0xa0, 0xd, 0x5b, 0x1d, 0x9a, 0x60, 0x18,
    0x8c, 0x0, 0x64, 0x1, 0xc3, 0x3b, 0xfb, 0x24,
    0x1, 0x1f, 0xb0, 0x20, 0x36, 0x18, 0x3, 0x86,
    0x36, 0xf6, 0x47, 0x41, 0x49, 0x1c, 0x2, 0x65,
    0x15, 0xc0, 0xe0, 0xe, 0xf0, 0xc3, 0x1, 0x0,
    0xe6, 0x2, 0x30, 0x10, 0xe, 0x60, 0x2c, 0xe,
    0x0, 0xef, 0xc, 0x52, 0x47, 0x0, 0x99, 0x45,
    0x43, 0x86, 0x36, 0xf6, 0x47, 0x40, 0x7, 0x8c,
    0x68, 0x6d, 0x86, 0x0,

    /* U+00F6 "ö" */
    0x0, 0x2f, 0xc0, 0x47, 0xa8, 0x6, 0xc0, 0x40,
    0x40, 0xc0, 0xd, 0x10, 0xe0, 0xe8, 0x80, 0x6,
    0x17, 0x20, 0x27, 0x10, 0xc, 0x33, 0xbf, 0xb2,
    0x40, 0x11, 0xfb, 0x2, 0x3, 0x61, 0x80, 0x38,
    0x63, 0x6f, 0x64, 0x74, 0x14, 0x91, 0xc0, 0x26,
    0x51, 0x5c, 0xe, 0x0, 0xef, 0xc, 0x30, 0x10,
    0xe, 0x60, 0x23, 0x1, 0x0, 0xe6, 0x2, 0xc0,
    0xe0, 0xe, 0xf0, 0xc5, 0x24, 0x70, 0x9, 0x94,
    0x54, 0x38, 0x63, 0x6f, 0x64, 0x74, 0x0, 0x78,
    0xc6, 0x86, 0xd8, 0x60,

    /* U+00F7 "÷" */
    0x0, 0x8b, 0xac, 0x3, 0xc8, 0x28, 0x20, 0x1c,
    0xcf, 0x22, 0x1, 0xe8, 0x60, 0xa, 0xbf, 0xfe,
    0xef, 0x77, 0xf9, 0x96, 0x23, 0xf0, 0x4, 0x5d,
    0x60, 0x1e, 0x41, 0x41, 0x0, 0xe6, 0x79, 0x10,
    0x0,

    /* U+00F8 "ø" */
    0x0, 0xf8, 0x7d, 0x80, 0x22, 0xae, 0xfe, 0xd1,
    0x60, 0x2, 0x6a, 0x9a, 0x1, 0x81, 0x0, 0xd0,
    0x4e, 0xdb, 0x80, 0xf8, 0x30, 0xb3, 0x0, 0x9a,
    0xcc, 0x93, 0x3, 0x40, 0x12, 0x88, 0xb0, 0xc7,
    0x6, 0x4, 0x44, 0x81, 0x0, 0xb8, 0x30, 0x4b,
    0x10, 0x18, 0xe, 0x7, 0x31, 0x40, 0x2, 0x83,
    0x18, 0x56, 0x60, 0x42, 0xc, 0xc8, 0x34, 0x0,
    0xab, 0xe7, 0x1e, 0x0, 0x30, 0x21, 0xa1, 0xb7,
    0x90, 0x1, 0xa6, 0xfb, 0xf6, 0x44, 0x0,

    /* U+00F9 "ù" */
    0x0, 0x2c, 0x8, 0x7, 0xe7, 0x90, 0xf, 0x94,
    0x98, 0x3, 0xf4, 0xb, 0x0, 0x7c, 0xb0, 0x60,
    0x1f, 0x9d, 0x40, 0x32, 0x7c, 0x80, 0x6b, 0xf3,
    0x0, 0xff, 0xf9, 0x18, 0x6, 0x40, 0x2, 0x82,
    0x8, 0x2, 0x0, 0x21, 0x51, 0xfb, 0xd6, 0x30,
    0xa, 0x98, 0x10, 0x75, 0xc0, 0x0,

    /* U+00FA "ú" */
    0x0, 0xe2, 0x85, 0x0, 0xfa, 0xdc, 0x40, 0x3c,
    0x2c, 0x88, 0x0, 0xf3, 0x4, 0x0, 0x7c, 0x32,
    0x60, 0x1f, 0x33, 0x0, 0x32, 0x7c, 0x80, 0x6b,
    0xf3, 0x0, 0xff, 0xf9, 0x18, 0x6, 0x40, 0x2,
    0x82, 0x8, 0x2, 0x0, 0x21, 0x51, 0xfb, 0xd6,
    0x30, 0xa, 0x98, 0x10, 0x75, 0xc0, 0x0,

    /* U+00FB "û" */
    0x0, 0x97, 0xfc, 0x60, 0x1c, 0x75, 0xb, 0xa4,
    0x1, 0xa5, 0xdd, 0x49, 0x60, 0x1a, 0xa0, 0x1,
    0x52, 0x0, 0x4f, 0x90, 0xd, 0x7e, 0x60, 0x1f,
    0xff, 0x23, 0x0, 0xc8, 0x0, 0x50, 0x41, 0x0,
    0x40, 0x4, 0x2a, 0x3f, 0x7a, 0xc6, 0x1, 0x53,
    0x2, 0xe, 0xb8, 0x0,

    /* U+00FC "ü" */
    0x0, 0x6e, 0x84, 0xba, 0xc0, 0x22, 0x2c, 0xe2,
    0x80, 0x11, 0x55, 0xd, 0x67, 0x0, 0x32, 0xa8,
    0x0, 0xc6, 0x0, 0x4f, 0x90, 0xd, 0x7e, 0x60,
    0x1f, 0xff, 0x23, 0x0, 0xc8, 0x0, 0x50, 0x41,
    0x0, 0x40, 0x4, 0x2a, 0x3f, 0x7a, 0xc6, 0x1,
    0x53, 0x2, 0xe, 0xb8, 0x0,

    /* U+00FD "ý" */
    0x0, 0xf5, 0x7a, 0x0, 0x7c, 0x4a, 0xa4, 0x0,
    0xfa, 0x2, 0xc0, 0x3f, 0x6d, 0x8, 0x7, 0xe7,
    0x50, 0xe, 0xff, 0x0, 0x71, 0xfe, 0x3, 0x2,
    0x80, 0x6a, 0xa, 0xa, 0xe, 0x0, 0xce, 0xc,
    0x6, 0x48, 0x20, 0x4, 0x15, 0x0, 0x94, 0x1c,
    0x1, 0xc1, 0xc0, 0x15, 0x5, 0x0, 0x14, 0x50,
    0x2, 0x23, 0x31, 0x30, 0x30, 0x7, 0x50, 0x2e,
    0x85, 0x0, 0x73, 0x84, 0xa1, 0x90, 0x7, 0xa,
    0x88, 0x50, 0x7, 0xdc, 0x0, 0x70, 0xf, 0xe5,
    0x10, 0xf, 0x14, 0x84, 0x0, 0x63, 0xac, 0xd2,
    0x92, 0x0, 0xce, 0xa4, 0x98, 0xc0, 0x1c,

    /* U+00FE "þ" */
    0x6f, 0x80, 0xf, 0xff, 0x1, 0x5f, 0xfb, 0x10,
    0x3, 0x16, 0x2a, 0x8c, 0xd6, 0xc0, 0x12, 0xa7,
    0x56, 0x58, 0x49, 0x0, 0x6, 0x80, 0x24, 0x70,
    0xa0, 0x2, 0x0, 0x75, 0x81, 0x80, 0xc, 0x3,
    0x88, 0x18, 0x0, 0x60, 0x1c, 0x40, 0xc0, 0x4,
    0x0, 0xeb, 0x3, 0x0, 0xd, 0x0, 0x48, 0xe1,
    0x40, 0x5, 0x4e, 0xbc, 0xb0, 0x92, 0x0, 0x16,
    0x2a, 0x19, 0xad, 0x80, 0x31, 0x5f, 0xfb, 0x10,
    0x3, 0xff, 0xae,

    /* U+00FF "ÿ" */
    0x0, 0x17, 0x50, 0x2f, 0xc0, 0x6, 0x71, 0x50,
    0xc0, 0x40, 0xc, 0xb3, 0x81, 0x10, 0xe0, 0xe,
    0x63, 0x1, 0x72, 0x0, 0xbf, 0xc0, 0x1c, 0x7f,
    0x80, 0xc0, 0xa0, 0x1a, 0x82, 0x82, 0x83, 0x80,
    0x33, 0x83, 0x1, 0x92, 0x8, 0x1, 0x5, 0x40,
    0x25, 0x7, 0x0, 0x70, 0x70, 0x5, 0x41, 0x40,
    0x5, 0x14, 0x0, 0x88, 0xcc, 0x4c, 0xc, 0x1,
    0xd4, 0xb, 0xa1, 0x40, 0x1c, 0xe1, 0x28, 0x64,
    0x1, 0xc2, 0xa2, 0x14, 0x1, 0xf7, 0x0, 0x1c,
    0x3, 0xf9, 0x44, 0x3, 0xc5, 0x21, 0x0, 0x18,
    0xeb, 0x34, 0xa4, 0x80, 0x33, 0xa9, 0x26, 0x30,
    0x7, 0x0,

    /* U+0102 "Ă" */
    0x0, 0xcc, 0xa0, 0x13, 0xa0, 0x7, 0xdd, 0x48,
    0x2f, 0x0, 0x1f, 0xa5, 0x2f, 0xa1, 0xd0, 0x3,
    0xe1, 0xbd, 0xce, 0x80, 0xf, 0xf1, 0x18, 0x80,
    0x7f, 0x87, 0xfd, 0x80, 0x1f, 0xe7, 0x0, 0x18,
    0x80, 0x7f, 0x68, 0x18, 0x30, 0x7, 0xe1, 0x42,
    0xe0, 0xb0, 0xf, 0xcc, 0xa, 0x46, 0x62, 0x0,
    0xfa, 0xc2, 0x82, 0xc1, 0x40, 0x3c, 0x46, 0x62,
    0x6, 0xa, 0x0, 0xf2, 0x85, 0x0, 0x5, 0x8,
    0xc0, 0x3a, 0x81, 0xc0, 0x2e, 0xb, 0x0, 0xc4,
    0x40, 0xdc, 0xca, 0x1, 0x80, 0x35, 0x0, 0xc,
    0xf1, 0x0, 0x98, 0x4, 0xa1, 0xdf, 0xfd, 0x41,
    0x40, 0x3, 0x23, 0x10, 0xe, 0x50, 0x70, 0x5,
    0x5, 0x80, 0x7c, 0x82, 0x80, 0xe0, 0xa0, 0x1f,
    0x68, 0x70,

    /* U+0103 "ă" */
    0x0, 0x47, 0x18, 0x1f, 0x48, 0x6, 0x92, 0xcf,
    0xc2, 0x80, 0xc, 0x39, 0xb9, 0xb8, 0x20, 0x1e,
    0x23, 0x20, 0xf, 0x1d, 0xf7, 0xe1, 0xaf, 0xc0,
    0x26, 0x21, 0xa8, 0xe6, 0x0, 0x2a, 0x9, 0xda,
    0xd6, 0x60, 0x1, 0x85, 0x18, 0x2, 0x92, 0x0,
    0x78, 0x70, 0x7, 0x28, 0x0, 0xc1, 0x80, 0x3b,
    0x80, 0x6, 0xc, 0x1, 0xdc, 0x0, 0xf0, 0xc0,
    0xe, 0x40, 0x3, 0xb, 0x18, 0x4, 0xc6, 0x1,
    0x50, 0x65, 0x3d, 0x4a, 0x0, 0x49, 0x88, 0xb0,
    0xd7, 0xc0, 0x0,

    /* U+0110 "Đ" */
    0x0, 0x1f, 0xff, 0x76, 0x30, 0x7, 0xf1, 0x9f,
    0x4e, 0x90, 0x7, 0x8f, 0x32, 0xdd, 0x21, 0x60,
    0x80, 0x7f, 0x8a, 0xd4, 0x6c, 0x3, 0xff, 0x81,
    0x60, 0xa2, 0x1, 0xff, 0xb, 0x3, 0x96, 0x70,
    0x1e, 0x62, 0xc0, 0x37, 0x87, 0x89, 0x90, 0x0,
    0xcc, 0xa0, 0x18, 0xc0, 0xcd, 0xf8, 0x7, 0xfe,
    0xe0, 0xc, 0x60, 0x60, 0x1f, 0xfc, 0xf, 0xf,
    0x0, 0xff, 0x85, 0x81, 0xc0, 0x3f, 0xeb, 0x5,
    0x10, 0xf, 0xe2, 0xb5, 0x1b, 0x0, 0xe3, 0xcc,
    0xb7, 0x48, 0x58, 0x20, 0x1e, 0x33, 0xe9, 0xd2,
    0x0, 0x0,

    /* U+0111 "đ" */
    0x0, 0xfc, 0xfe, 0xe0, 0x1f, 0x14, 0x42, 0xc3,
    0x20, 0x80, 0x38, 0x5d, 0xc6, 0x8, 0xec, 0x1,
    0xc7, 0xfe, 0x80, 0x8f, 0x40, 0x2, 0x5f, 0xfa,
    0xc8, 0x3, 0xcd, 0x68, 0x6a, 0xad, 0xe0, 0xc,
    0x32, 0x17, 0x95, 0xca, 0xc0, 0x19, 0x81, 0x90,
    0x2, 0xa1, 0x0, 0xd8, 0x14, 0x1, 0xc8, 0x1,
    0x9c, 0x4, 0x3, 0x88, 0x3, 0x38, 0x8, 0x7,
    0x10, 0x6, 0xc0, 0xa0, 0xe, 0x40, 0xc, 0xc0,
    0xc8, 0x1, 0x50, 0x80, 0x61, 0x90, 0xbc, 0xbe,
    0x56, 0x0, 0xe6, 0xb4, 0x34, 0x5c, 0xe0, 0xc,

    /* U+0128 "Ĩ" */
    0x0, 0x8, 0x4, 0x21, 0x5d, 0x20, 0xd8, 0x4b,
    0xf, 0x18, 0xcc, 0x7, 0xa7, 0x5d, 0x5b, 0x4,
    0xdc, 0x61, 0x40, 0x1, 0x18, 0x4, 0x7f, 0x80,
    0x1f, 0xff, 0xf0, 0xf, 0xfe, 0x68,

    /* U+0129 "ĩ" */
    0xb, 0xfc, 0x49, 0xd4, 0x43, 0x85, 0xb5, 0x2d,
    0xc6, 0x64, 0xe2, 0x80, 0x3, 0x30, 0x4, 0x7f,
    0x60, 0x1f, 0xff, 0xc0,

    /* U+0168 "Ũ" */
    0x0, 0xfc, 0x20, 0x1f, 0x17, 0x79, 0x86, 0x38,
    0x7, 0xac, 0xdf, 0x50, 0x88, 0x1, 0xe2, 0x58,
    0x4b, 0x15, 0x0, 0xf4, 0x50, 0x55, 0xf8, 0x7,
    0xc6, 0x40, 0x4, 0x10, 0xc, 0x7f, 0x80, 0x1f,
    0x6f, 0x88, 0x7, 0xff, 0xfc, 0x3, 0xff, 0xb6,
    0x60, 0x2, 0x2, 0x0, 0xf8, 0x40, 0x44, 0x42,
    0xa0, 0x1c, 0xe0, 0x60, 0xb, 0xb, 0x50, 0x9,
    0xa0, 0x24, 0x0, 0xca, 0x35, 0xfd, 0xf2, 0xe,
    0xa0, 0x15, 0x51, 0x4, 0x65, 0xb8, 0x0, 0x0,

    /* U+0169 "ũ" */
    0x0, 0x47, 0xea, 0xbf, 0x80, 0x42, 0xec, 0xca,
    0x85, 0x0, 0x86, 0xe6, 0xf6, 0xe8, 0x3, 0x20,
    0x0, 0x90, 0x2, 0x4f, 0x90, 0xd, 0x7e, 0x60,
    0x1f, 0xff, 0x23, 0x0, 0xc8, 0x0, 0x50, 0x41,
    0x0, 0x40, 0x4, 0x2a, 0x3f, 0x7a, 0xc6, 0x1,
    0x53, 0x2, 0xe, 0xb8, 0x0,

    /* U+01A0 "Ơ" */
    0x0, 0xff, 0x89, 0x88, 0x3, 0xff, 0x80, 0xb2,
    0xe0, 0x1f, 0xfc, 0xe, 0x1, 0x0, 0xe7, 0xce,
    0xff, 0xcc, 0x88, 0x0, 0x8f, 0xa0, 0xc0, 0x40,
    0x21, 0x90, 0x8, 0xf0, 0x57, 0x7b, 0x9f, 0x22,
    0x2f, 0x0, 0xb8, 0x1e, 0x88, 0x2, 0x6c, 0x12,
    0x70, 0x52, 0x24, 0x0, 0x78, 0xac, 0x24, 0x3c,
    0x2c, 0x3, 0xf2, 0x88, 0x8d, 0xc1, 0x40, 0x3f,
    0x90, 0x18, 0xc0, 0x80, 0x3f, 0x8c, 0xc, 0xc0,
    0x40, 0x1f, 0xc6, 0x6, 0xe0, 0xa0, 0x1f, 0xc8,
    0x9, 0xe1, 0x60, 0x1f, 0x94, 0x4c, 0x54, 0x89,
    0x0, 0x1e, 0x2b, 0x9, 0x0, 0x70, 0x3d, 0x10,
    0x4, 0xb8, 0x2a, 0xa0, 0x1, 0xe0, 0xae, 0xf7,
    0x3e, 0x85, 0xa8, 0x3, 0x1f, 0x41, 0x80, 0x89,
    0x72, 0x40, 0x20,

    /* U+01A1 "ơ" */
    0x0, 0xfe, 0x42, 0x0, 0xfc, 0x37, 0x60, 0xf,
    0xca, 0x2, 0x0, 0x2a, 0xef, 0xfa, 0xca, 0x81,
    0x35, 0x4d, 0x4, 0x1, 0x24, 0x34, 0x13, 0xb7,
    0xce, 0x14, 0xc, 0x2c, 0xc0, 0xa, 0xc, 0x57,
    0x3, 0x40, 0x3a, 0x83, 0x5c, 0x18, 0x3, 0x8c,
    0x5, 0xc1, 0x80, 0x38, 0xc0, 0x74, 0x34, 0x3,
    0xa8, 0x2d, 0xc5, 0x98, 0x1, 0x41, 0x9c, 0x34,
    0x13, 0xb7, 0xce, 0x3c, 0x0, 0x4d, 0x53, 0x43,
    0x6f, 0x20,

    /* U+01AF "Ư" */
    0x0, 0xff, 0xe0, 0x14, 0x18, 0x7, 0xff, 0x1,
    0xdc, 0x80, 0x1f, 0xfc, 0xd, 0x2, 0x3f, 0xc0,
    0xf, 0xb7, 0xdc, 0x54, 0x3, 0xff, 0x81, 0x5c,
    0x1, 0xff, 0xc1, 0x40, 0xf, 0xff, 0xf8, 0x7,
    0xff, 0x3c, 0xc0, 0x31, 0x1, 0x0, 0x7c, 0x20,
    0x20, 0x1, 0x21, 0x50, 0xe, 0x70, 0x30, 0xd,
    0x61, 0x6a, 0x1, 0x34, 0x4, 0x80, 0x66, 0x51,
    0xaf, 0xef, 0x90, 0x75, 0x0, 0xea, 0xa2, 0x8,
    0xcb, 0x70, 0x1, 0x80,

    /* U+01B0 "ư" */
    0x0, 0xfe, 0x9f, 0x10, 0xf, 0xe2, 0x1, 0x9f,
    0x40, 0xd, 0xfe, 0x45, 0x0, 0xff, 0x6d, 0x0,
    0x7f, 0x9, 0x0, 0x7f, 0xf9, 0x84, 0x4, 0x2,
    0x40, 0xe, 0xe0, 0xe0, 0xa, 0x0, 0x39, 0x85,
    0x36, 0xf9, 0xc0, 0x3d, 0x88, 0x6a, 0xf6, 0x1,
    0xc0,

    /* U+1EA0 "Ạ" */
    0x0, 0xe1, 0xff, 0x60, 0x7, 0xf9, 0xc0, 0x6,
    0x20, 0x1f, 0xda, 0x6, 0xc, 0x1, 0xf8, 0x50,
    0xb8, 0x2c, 0x3, 0xf3, 0x2, 0x91, 0x98, 0x80,
    0x3e, 0xb0, 0xa0, 0xb0, 0x50, 0xf, 0x11, 0x98,
    0x81, 0x82, 0x80, 0x3c, 0xa1, 0x40, 0x1, 0x42,
    0x30, 0xe, 0xa0, 0x70, 0xb, 0x82, 0xc0, 0x31,
    0x10, 0x37, 0x32, 0x80, 0x60, 0xd, 0x40, 0x3,
    0x3c, 0x40, 0x26, 0x1, 0x28, 0x77, 0xff, 0x50,
    0x50, 0x0, 0xc8, 0xc4, 0x3, 0x94, 0x1c, 0x1,
    0x41, 0x60, 0x1f, 0x20, 0xa0, 0x38, 0x28, 0x7,
    0xda, 0x1c, 0x1d, 0xe4, 0x1, 0xf3, 0x7d, 0x0,
    0x7f, 0xf2, 0x27, 0xd4, 0x3, 0xfe, 0x70, 0xc0,
    0xf, 0xfa, 0x9a, 0xc0, 0x38,

    /* U+1EA1 "ạ" */
    0x0, 0x1d, 0xf7, 0xe1, 0xaf, 0xc0, 0x26, 0x21,
    0xa8, 0xe6, 0x0, 0x2a, 0x9, 0xda, 0xd6, 0x60,
    0x1, 0x85, 0x18, 0x2, 0x92, 0x0, 0x78, 0x70,
    0x7, 0x28, 0x0, 0xc1, 0x80, 0x3b, 0x80, 0x6,
    0xc, 0x1, 0xdc, 0x0, 0xf0, 0xc0, 0xe, 0x40,
    0x3, 0xb, 0x18, 0x4, 0xc6, 0x1, 0x50, 0x65,
    0x3d, 0x4a, 0x0, 0x49, 0x88, 0xb0, 0xd7, 0xc0,
    0x18, 0xef, 0xfd, 0x88, 0xbf, 0x0, 0x1f, 0xfc,
    0x36, 0xf7, 0x0, 0xfd, 0xa1, 0x60, 0x1f, 0xa5,
    0xbc, 0x3, 0x0,

    /* U+1EA2 "Ả" */
    0x0, 0xe1, 0xcf, 0xb1, 0x0, 0xfe, 0xb0, 0xc6,
    0x80, 0xf, 0xea, 0xc1, 0x31, 0x0, 0xff, 0x16,
    0xa4, 0x0, 0x7f, 0xcf, 0x40, 0x1f, 0xf1, 0x40,
    0x7, 0xfc, 0x3f, 0xec, 0x0, 0xff, 0x38, 0x0,
    0xc4, 0x3, 0xfb, 0x40, 0xc1, 0x80, 0x3f, 0xa,
    0x17, 0x5, 0x80, 0x7e, 0x60, 0x52, 0x33, 0x10,
    0x7, 0xd6, 0x14, 0x16, 0xa, 0x1, 0xe2, 0x33,
    0x10, 0x30, 0x50, 0x7, 0x94, 0x28, 0x0, 0x28,
    0x46, 0x1, 0xd4, 0xe, 0x1, 0x70, 0x58, 0x6,
    0x22, 0x6, 0xe6, 0x50, 0xc, 0x1, 0xa8, 0x0,
    0x67, 0x88, 0x4, 0xc0, 0x25, 0xe, 0xff, 0xea,
    0xa, 0x0, 0x19, 0x18, 0x80, 0x72, 0x83, 0x80,
    0x28, 0x2c, 0x3, 0xe4, 0x14, 0x7, 0x5, 0x0,
    0xfb, 0x43, 0x80,

    /* U+1EA3 "ả" */
    0x0, 0xd7, 0xfa, 0x60, 0x1e, 0x75, 0xb1, 0xf0,
    0xf, 0x37, 0xa0, 0x38, 0x7, 0x84, 0x5a, 0x32,
    0x1, 0xf9, 0xfc, 0x80, 0x3f, 0x51, 0x0, 0x78,
    0xef, 0xbf, 0xd, 0x7e, 0x1, 0x31, 0xd, 0x47,
    0x30, 0x1, 0x50, 0x4e, 0xd6, 0xb3, 0x0, 0xc,
    0x28, 0xc0, 0x14, 0x90, 0x3, 0xc3, 0x80, 0x39,
    0x40, 0x6, 0xc, 0x1, 0xdc, 0x0, 0x30, 0x60,
    0xe, 0xe0, 0x7, 0x86, 0x0, 0x72, 0x0, 0x18,
    0x58, 0xc0, 0x26, 0x30, 0xa, 0x83, 0x29, 0xea,
    0x50, 0x2, 0x4c, 0x45, 0x86, 0xbe, 0x0, 0x0,

    /* U+1EA4 "Ấ" */
    0x0, 0xff, 0xbb, 0xc4, 0x3, 0xfc, 0xa2, 0xe2,
    0x1, 0xfe, 0x91, 0x80, 0xf, 0x96, 0xc, 0xe9,
    0x0, 0xf9, 0x29, 0xb4, 0xbd, 0xc0, 0x3c, 0x54,
    0xbe, 0x1a, 0x1, 0xf9, 0xe6, 0x87, 0x10, 0xc0,
    0x3e, 0x57, 0x0, 0x14, 0x18, 0x7, 0xe1, 0xff,
    0x60, 0x7, 0xf9, 0xc0, 0x6, 0x20, 0x1f, 0xda,
    0x6, 0xc, 0x1, 0xf8, 0x50, 0xb8, 0x2c, 0x3,
    0xf3, 0x2, 0x91, 0x98, 0x80, 0x3e, 0xb0, 0xa0,
    0xb0, 0x50, 0xf, 0x11, 0x98, 0x81, 0x82, 0x80,
    0x3c, 0xa1, 0x40, 0x1, 0x42, 0x30, 0xe, 0xa0,
    0x70, 0xb, 0x82, 0xc0, 0x31, 0x10, 0x37, 0x32,
    0x80, 0x60, 0xd, 0x40, 0x3, 0x3c, 0x40, 0x26,
    0x1, 0x28, 0x77, 0xff, 0x50, 0x50, 0x0, 0xc8,
    0xc4, 0x3, 0x94, 0x1c, 0x1, 0x41, 0x60, 0x1f,
    0x20, 0xa0, 0x38, 0x28, 0x7, 0xda, 0x1c,

    /* U+1EA5 "ấ" */
    0x0, 0xfe, 0x48, 0x20, 0xf, 0xea, 0x62, 0x0,
    0xfc, 0xc3, 0x0, 0x1f, 0xd6, 0x4c, 0x1, 0xd7,
    0xf8, 0x31, 0xe0, 0x1d, 0x29, 0x45, 0x6a, 0x40,
    0x19, 0x16, 0xd7, 0x59, 0x40, 0x39, 0x31, 0x0,
    0xf1, 0x40, 0x38, 0xef, 0xbf, 0xd, 0x7e, 0x0,
    0x9, 0x88, 0x6a, 0x39, 0x80, 0xd, 0x41, 0x3b,
    0x5a, 0xcc, 0x0, 0x98, 0x51, 0x80, 0x29, 0x20,
    0xb, 0xc3, 0x80, 0x39, 0x40, 0x23, 0x6, 0x0,
    0xee, 0x0, 0x8c, 0x18, 0x3, 0xb8, 0x2, 0xf0,
    0xc0, 0xe, 0x40, 0x9, 0x85, 0x8c, 0x2, 0x63,
    0x0, 0xd4, 0x19, 0x4f, 0x52, 0x80, 0x19, 0x31,
    0x16, 0x1a, 0xf8, 0x2,

    /* U+1EA6 "Ầ" */
    0x0, 0xfd, 0x5e, 0x60, 0x1f, 0xf4, 0x4, 0x0,
    0x7f, 0xc4, 0xc8, 0x40, 0x1f, 0xa2, 0xd6, 0x15,
    0x0, 0x3e, 0x67, 0xa, 0x2a, 0x60, 0xf, 0x1c,
    0xc5, 0x9f, 0x8, 0x7, 0xeb, 0x70, 0xd9, 0x30,
    0xf, 0x8d, 0x0, 0x2, 0x84, 0x1, 0xf8, 0x7f,
    0xd8, 0x1, 0xfe, 0x70, 0x1, 0x88, 0x7, 0xf6,
    0x81, 0x83, 0x0, 0x7e, 0x14, 0x2e, 0xb, 0x0,
    0xfc, 0xc0, 0xa4, 0x66, 0x20, 0xf, 0xac, 0x28,
    0x2c, 0x14, 0x3, 0xc4, 0x66, 0x20, 0x60, 0xa0,
    0xf, 0x28, 0x50, 0x0, 0x50, 0x8c, 0x3, 0xa8,
    0x1c, 0x2, 0xe0, 0xb0, 0xc, 0x44, 0xd, 0xcc,
    0xa0, 0x18, 0x3, 0x50, 0x0, 0xcf, 0x10, 0x9,
    0x80, 0x4a, 0x1d, 0xff, 0xd4, 0x14, 0x0, 0x32,
    0x31, 0x0, 0xe5, 0x7, 0x0, 0x50, 0x58, 0x7,
    0xc8, 0x28, 0xe, 0xa, 0x1, 0xf6, 0x87, 0x0,

    /* U+1EA7 "ầ" */
    0x0, 0xf1, 0xa0, 0x80, 0x7e, 0x6b, 0x90, 0xf,
    0xca, 0x6e, 0x20, 0x1f, 0xbc, 0x18, 0x3, 0xab,
    0xec, 0xe8, 0x80, 0x33, 0xac, 0x24, 0xaa, 0x80,
    0x24, 0x88, 0x3d, 0x33, 0x0, 0x32, 0x7b, 0x82,
    0xfb, 0x0, 0x63, 0xbe, 0xfc, 0x35, 0xf8, 0x4,
    0xc4, 0x35, 0x1c, 0xc0, 0x5, 0x41, 0x3b, 0x5a,
    0xcc, 0x0, 0x30, 0xa3, 0x0, 0x52, 0x40, 0xf,
    0xe, 0x0, 0xe5, 0x0, 0x18, 0x30, 0x7, 0x70,
    0x0, 0xc1, 0x80, 0x3b, 0x80, 0x1e, 0x18, 0x1,
    0xc8, 0x0, 0x61, 0x63, 0x0, 0x98, 0xc0, 0x2a,
    0xc, 0xa7, 0xa9, 0x40, 0x9, 0x31, 0x16, 0x1a,
    0xf8, 0x0,

    /* U+1EA8 "Ẩ" */
    0x0, 0xfc, 0x39, 0xf8, 0x40, 0x1f, 0xd0, 0x36,
    0x30, 0x1, 0xfd, 0x18, 0xa0, 0x1f, 0xf0, 0x87,
    0x85, 0x80, 0x7d, 0x5a, 0xc6, 0xb8, 0x20, 0x1e,
    0x75, 0x69, 0x1b, 0x10, 0xf, 0x1c, 0x42, 0xcf,
    0x44, 0x3, 0xe7, 0xa7, 0xd, 0xb3, 0x0, 0xf9,
    0x14, 0x0, 0x2a, 0x40, 0x1f, 0x87, 0xfd, 0x80,
    0x1f, 0xe7, 0x0, 0x18, 0x80, 0x7f, 0x68, 0x18,
    0x30, 0x7, 0xe1, 0x42, 0xe0, 0xb0, 0xf, 0xcc,
    0xa, 0x46, 0x62, 0x0, 0xfa, 0xc2, 0x82, 0xc1,
    0x40, 0x3c, 0x46, 0x62, 0x6, 0xa, 0x0, 0xf2,
    0x85, 0x0, 0x5, 0x8, 0xc0, 0x3a, 0x81, 0xc0,
    0x2e, 0xb, 0x0, 0xc4, 0x40, 0xdc, 0xca, 0x1,
    0x80, 0x35, 0x0, 0xc, 0xf1, 0x0, 0x98, 0x4,
    0xa1, 0xdf, 0xfd, 0x41, 0x40, 0x3, 0x23, 0x10,
    0xe, 0x50, 0x70, 0x5, 0x5, 0x80, 0x7c, 0x82,
    0x80, 0xe0, 0xa0, 0x1f, 0x68, 0x70,

    /* U+1EA9 "ẩ" */
    0x0, 0xfa, 0xbf, 0x4c, 0x3, 0xcc, 0x96, 0xdc,
    0x1, 0xe6, 0xe5, 0x71, 0x0, 0xfd, 0xe1, 0xa0,
    0x1a, 0xff, 0x2, 0x78, 0x40, 0x29, 0x4a, 0x2a,
    0x72, 0x0, 0x91, 0x6d, 0x75, 0x94, 0x3, 0x26,
    0x20, 0x1e, 0x28, 0x6, 0x3b, 0xef, 0xc3, 0x5f,
    0x80, 0x4c, 0x43, 0x51, 0xcc, 0x0, 0x54, 0x13,
    0xb5, 0xac, 0xc0, 0x3, 0xa, 0x30, 0x5, 0x24,
    0x0, 0xf0, 0xe0, 0xe, 0x50, 0x1, 0x83, 0x0,
    0x77, 0x0, 0xc, 0x18, 0x3, 0xb8, 0x1, 0xe1,
    0x80, 0x1c, 0x80, 0x6, 0x16, 0x30, 0x9, 0x8c,
    0x2, 0xa0, 0xca, 0x7a, 0x94, 0x0, 0x93, 0x11,
    0x61, 0xaf, 0x80, 0x0,

    /* U+1EAA "Ẫ" */
    0x0, 0xfe, 0x10, 0xf, 0xc7, 0xfe, 0xa3, 0xf6,
    0x0, 0xfa, 0x4e, 0x53, 0x5, 0xc0, 0x3e, 0x9e,
    0x6e, 0xbe, 0x10, 0xf, 0x8c, 0xab, 0x48, 0x40,
    0x3f, 0x9d, 0x5a, 0x4c, 0x3, 0xf2, 0x44, 0x2c,
    0xf8, 0x40, 0x3f, 0x53, 0x86, 0xc1, 0x80, 0x7c,
    0x8a, 0x0, 0x15, 0x20, 0xf, 0xc3, 0xfe, 0xc0,
    0xf, 0xf3, 0x80, 0xc, 0x40, 0x3f, 0xb4, 0xc,
    0x18, 0x3, 0xf0, 0xa1, 0x70, 0x58, 0x7, 0xe6,
    0x5, 0x23, 0x31, 0x0, 0x7d, 0x61, 0x41, 0x60,
    0xa0, 0x1e, 0x23, 0x31, 0x3, 0x5, 0x0, 0x79,
    0x42, 0x80, 0x2, 0x84, 0x60, 0x1d, 0x40, 0xe0,
    0x17, 0x5, 0x80, 0x62, 0x20, 0x6e, 0x65, 0x0,
    0xc0, 0x1a, 0x80, 0x6, 0x78, 0x80, 0x4c, 0x2,
    0x50, 0xef, 0xfe, 0xa0, 0xa0, 0x1, 0x91, 0x88,
    0x7, 0x28, 0x38, 0x2, 0x82, 0xc0, 0x3e, 0x41,
    0x40, 0x70, 0x50, 0xf, 0xb4, 0x38,

    /* U+1EAB "ẫ" */
    0x0, 0xf8, 0x44, 0x1, 0xdb, 0xec, 0x17, 0x60,
    0xc, 0xc5, 0x12, 0xae, 0x40, 0x1b, 0x91, 0xe2,
    0x8a, 0x80, 0x35, 0x40, 0x3e, 0x69, 0x0, 0x62,
    0x3b, 0xff, 0x10, 0x7, 0xa5, 0x28, 0xa8, 0x3,
    0x91, 0x6d, 0x75, 0x94, 0x3, 0x26, 0x20, 0x1e,
    0x28, 0x6, 0x3b, 0xef, 0xc3, 0x5f, 0x80, 0x4c,
    0x43, 0x51, 0xcc, 0x0, 0x54, 0x13, 0xb5, 0xac,
    0xc0, 0x3, 0xa, 0x30, 0x5, 0x24, 0x0, 0xf0,
    0xe0, 0xe, 0x50, 0x1, 0x83, 0x0, 0x77, 0x0,
    0xc, 0x18, 0x3, 0xb8, 0x1, 0xe1, 0x80, 0x1c,
    0x80, 0x6, 0x16, 0x30, 0x9, 0x8c, 0x2, 0xa0,
    0xca, 0x7a, 0x94, 0x0, 0x93, 0x11, 0x61, 0xaf,
    0x80, 0x0,

    /* U+1EAC "Ậ" */
    0x0, 0xf2, 0xc1, 0x80, 0x7f, 0x92, 0x9b, 0x44,
    0x3, 0xf1, 0x52, 0xf9, 0xe8, 0x7, 0xe7, 0x9a,
    0x1f, 0x43, 0x0, 0xf9, 0x5c, 0x0, 0x50, 0x60,
    0x1f, 0x87, 0xfd, 0x80, 0x1f, 0xe7, 0x0, 0x18,
    0x80, 0x7f, 0x68, 0x18, 0x30, 0x7, 0xe1, 0x42,
    0xe0, 0xb0, 0xf, 0xcc, 0xa, 0x46, 0x62, 0x0,
    0xfa, 0xc2, 0x82, 0xc1, 0x40, 0x3c, 0x46, 0x62,
    0x6, 0xa, 0x0, 0xf2, 0x85, 0x0, 0x5, 0x8,
    0xc0, 0x3a, 0x81, 0xc0, 0x2e, 0xb, 0x0, 0xc4,
    0x40, 0xdc, 0xca, 0x1, 0x80, 0x35, 0x0, 0xc,
    0xf1, 0x0, 0x98, 0x4, 0xa1, 0xdf, 0xfd, 0x41,
    0x40, 0x3, 0x23, 0x10, 0xe, 0x50, 0x70, 0x5,
    0x5, 0x80, 0x7c, 0x82, 0x80, 0xe0, 0xa0, 0x1f,
    0x68, 0x70, 0x77, 0x90, 0x7, 0xcd, 0xf4, 0x1,
    0xff, 0xc8, 0x9f, 0x50, 0xf, 0xf9, 0xc3, 0x0,
    0x3f, 0xea, 0x6b, 0x0, 0xe0,

    /* U+1EAD "ậ" */
    0x0, 0xd5, 0xf8, 0x1, 0xf4, 0x2d, 0x14, 0x80,
    0x72, 0x2d, 0x2d, 0x22, 0x80, 0x64, 0xd5, 0x4,
    0xd5, 0x0, 0xc7, 0x7d, 0xf8, 0x6b, 0xf0, 0x9,
    0x88, 0x6a, 0x39, 0x80, 0xa, 0x82, 0x76, 0xb5,
    0x98, 0x0, 0x61, 0x46, 0x0, 0xa4, 0x80, 0x1e,
    0x1c, 0x1, 0xca, 0x0, 0x30, 0x60, 0xe, 0xe0,
    0x1, 0x83, 0x0, 0x77, 0x0, 0x3c, 0x30, 0x3,
    0x90, 0x0, 0xc2, 0xc6, 0x1, 0x31, 0x80, 0x54,
    0x19, 0x4f, 0x52, 0x80, 0x12, 0x62, 0x2c, 0x35,
    0xf0, 0x6, 0x3b, 0xff, 0x62, 0x2f, 0xc0, 0x7,
    0xff, 0xd, 0xbd, 0xc0, 0x3f, 0x68, 0x58, 0x7,
    0xe9, 0x6f, 0x0, 0xc0,

    /* U+1EAE "Ắ" */
    0x0, 0xfd, 0xdc, 0x0, 0xff, 0x98, 0x64, 0x3,
    0xfe, 0xa1, 0x70, 0xf, 0xf1, 0x9a, 0x0, 0x3f,
    0x99, 0x4f, 0xd9, 0xd0, 0x3, 0xee, 0xa4, 0x17,
    0x80, 0xf, 0xd2, 0x97, 0xd0, 0xe8, 0x1, 0xf0,
    0xde, 0xe7, 0x40, 0x7, 0xf8, 0x8c, 0x40, 0x3f,
    0xc3, 0xfe, 0xc0, 0xf, 0xf3, 0x80, 0xc, 0x40,
    0x3f, 0xb4, 0xc, 0x18, 0x3, 0xf0, 0xa1, 0x70,
    0x58, 0x7, 0xe6, 0x5, 0x23, 0x31, 0x0, 0x7d,
    0x61, 0x41, 0x60, 0xa0, 0x1e, 0x23, 0x31, 0x3,
    0x5, 0x0, 0x79, 0x42, 0x80, 0x2, 0x84, 0x60,
    0x1d, 0x40, 0xe0, 0x17, 0x5, 0x80, 0x62, 0x20,
    0x6e, 0x65, 0x0, 0xc0, 0x1a, 0x80, 0x6, 0x78,
    0x80, 0x4c, 0x2, 0x50, 0xef, 0xfe, 0xa0, 0xa0,
    0x1, 0x91, 0x88, 0x7, 0x28, 0x38, 0x2, 0x82,
    0xc0, 0x3e, 0x41, 0x40, 0x70, 0x50, 0xf, 0xb4,
    0x38,

    /* U+1EAF "ắ" */
    0x0, 0xf2, 0xc1, 0x0, 0x7c, 0x34, 0x84, 0x1,
    0xf4, 0x87, 0x80, 0x7c, 0x2e, 0xa6, 0x1, 0xf0,
    0xfd, 0x0, 0x7a, 0x3d, 0x4, 0xfa, 0x40, 0x34,
    0x25, 0xf6, 0x14, 0x0, 0x75, 0xee, 0x6e, 0x8,
    0x7, 0x88, 0xc8, 0x3, 0xc7, 0x7d, 0xf8, 0x6b,
    0xf0, 0x9, 0x88, 0x6a, 0x39, 0x80, 0xa, 0x82,
    0x76, 0xb5, 0x98, 0x0, 0x61, 0x46, 0x0, 0xa4,
    0x80, 0x1e, 0x1c, 0x1, 0xca, 0x0, 0x30, 0x60,
    0xe, 0xe0, 0x1, 0x83, 0x0, 0x77, 0x0, 0x3c,
    0x30, 0x3, 0x90, 0x0, 0xc2, 0xc6, 0x1, 0x31,
    0x80, 0x54, 0x19, 0x4f, 0x52, 0x80, 0x12, 0x62,
    0x2c, 0x35, 0xf0, 0x0,

    /* U+1EB0 "Ằ" */
    0x0, 0xc7, 0xf6, 0x1, 0xff, 0x1a, 0x20, 0x80,
    0x3f, 0xe9, 0xb, 0x0, 0xff, 0x89, 0x58, 0x3,
    0xfc, 0xc9, 0x5e, 0xe, 0x60, 0x1f, 0x7d, 0x20,
    0xbc, 0x0, 0x7e, 0x85, 0xbe, 0x88, 0x18, 0x7,
    0xc3, 0x7b, 0x9c, 0xe0, 0x1f, 0xe2, 0x31, 0x0,
    0xff, 0xf, 0xfb, 0x0, 0x3f, 0xce, 0x0, 0x31,
    0x0, 0xfe, 0xd0, 0x30, 0x60, 0xf, 0xc2, 0x85,
    0xc1, 0x60, 0x1f, 0x98, 0x14, 0x8c, 0xc4, 0x1,
    0xf5, 0x85, 0x5, 0x82, 0x80, 0x78, 0x8c, 0xc4,
    0xc, 0x14, 0x1, 0xe5, 0xa, 0x0, 0xa, 0x11,
    0x80, 0x75, 0x3, 0x80, 0x5c, 0x16, 0x1, 0x88,
    0x81, 0xb9, 0x94, 0x3, 0x0, 0x6a, 0x0, 0x19,
    0xe2, 0x1, 0x30, 0x9, 0x43, 0xbf, 0xfa, 0x82,
    0x80, 0x6, 0x46, 0x20, 0x1c, 0xa0, 0xe0, 0xa,
    0xb, 0x0, 0xf9, 0x5, 0x1, 0xc1, 0x40, 0x3e,
    0xd0, 0xe0,

    /* U+1EB1 "ằ" */
    0x0, 0xb, 0xb0, 0x7, 0xe1, 0xc9, 0x20, 0xf,
    0xd2, 0x10, 0x1, 0xf8, 0x9d, 0x48, 0x3, 0xf4,
    0x79, 0x0, 0x7a, 0x38, 0xc4, 0xfa, 0x0, 0x34,
    0xae, 0x76, 0x14, 0x80, 0x61, 0xbd, 0xcd, 0xc1,
    0x0, 0xf1, 0x19, 0x0, 0x78, 0xef, 0xbf, 0xd,
    0x7e, 0x1, 0x31, 0xd, 0x47, 0x30, 0x1, 0x50,
    0x4e, 0xd6, 0xb3, 0x0, 0xc, 0x28, 0xc0, 0x14,
    0x90, 0x3, 0xc3, 0x80, 0x39, 0x40, 0x6, 0xc,
    0x1, 0xdc, 0x0, 0x30, 0x60, 0xe, 0xe0, 0x7,
    0x86, 0x0, 0x72, 0x0, 0x18, 0x58, 0xc0, 0x26,
    0x30, 0xa, 0x83, 0x29, 0xea, 0x50, 0x2, 0x4c,
    0x45, 0x86, 0xbe, 0x0, 0x0,

    /* U+1EB2 "Ẳ" */
    0x0, 0xe2, 0xdf, 0xc1, 0x0, 0xfe, 0x86, 0xb2,
    0x80, 0xf, 0xea, 0xb1, 0x17, 0x80, 0x7f, 0x92,
    0xad, 0x80, 0x3f, 0x32, 0x23, 0x51, 0xcc, 0x3,
    0xef, 0xa4, 0x37, 0x80, 0xf, 0xd0, 0xb7, 0xd1,
    0x3, 0x0, 0xf8, 0x6f, 0x73, 0x9c, 0x3, 0xfc,
    0x46, 0x20, 0x1f, 0xe1, 0xff, 0x60, 0x7, 0xf9,
    0xc0, 0x6, 0x20, 0x1f, 0xda, 0x6, 0xc, 0x1,
    0xf8, 0x50, 0xb8, 0x2c, 0x3, 0xf3, 0x2, 0x91,
    0x98, 0x80, 0x3e, 0xb0, 0xa0, 0xb0, 0x50, 0xf,
    0x11, 0x98, 0x81, 0x82, 0x80, 0x3c, 0xa1, 0x40,
    0x1, 0x42, 0x30, 0xe, 0xa0, 0x70, 0xb, 0x82,
    0xc0, 0x31, 0x10, 0x37, 0x32, 0x80, 0x60, 0xd,
    0x40, 0x3, 0x3c, 0x40, 0x26, 0x1, 0x28, 0x77,
    0xff, 0x50, 0x50, 0x0, 0xc8, 0xc4, 0x3, 0x94,
    0x1c, 0x1, 0x41, 0x60, 0x1f, 0x20, 0xa0, 0x38,
    0x28, 0x7, 0xda, 0x1c,

    /* U+1EB3 "ẳ" */
    0x0, 0xd7, 0xf8, 0x40, 0x1e, 0x86, 0xb0, 0x90,
    0xf, 0x46, 0xa8, 0x7, 0xfb, 0xc2, 0x80, 0x3e,
    0x17, 0xd1, 0x0, 0xe8, 0xe2, 0x82, 0xe8, 0x0,
    0xd2, 0xb9, 0xd8, 0x52, 0x1, 0x86, 0xf7, 0x37,
    0x4, 0x3, 0xc4, 0x64, 0x1, 0xe3, 0xbe, 0xfc,
    0x35, 0xf8, 0x4, 0xc4, 0x35, 0x1c, 0xc0, 0x5,
    0x41, 0x3b, 0x5a, 0xcc, 0x0, 0x30, 0xa3, 0x0,
    0x52, 0x40, 0xf, 0xe, 0x0, 0xe5, 0x0, 0x18,
    0x30, 0x7, 0x70, 0x0, 0xc1, 0x80, 0x3b, 0x80,
    0x1e, 0x18, 0x1, 0xc8, 0x0, 0x61, 0x63, 0x0,
    0x98, 0xc0, 0x2a, 0xc, 0xa7, 0xa9, 0x40, 0x9,
    0x31, 0x16, 0x1a, 0xf8, 0x0,

    /* U+1EB4 "Ẵ" */
    0x0, 0xfe, 0x10, 0xf, 0xc7, 0xfe, 0xa3, 0xf6,
    0x0, 0xfa, 0x4e, 0x53, 0x5, 0xc0, 0x3e, 0x9e,
    0x6e, 0xbe, 0x10, 0xf, 0xa9, 0x40, 0x9, 0x4a,
    0x1, 0xf7, 0x42, 0x8c, 0x23, 0x0, 0x7c, 0xeb,
    0x5c, 0xf0, 0x60, 0x1f, 0xab, 0x73, 0x9c, 0x3,
    0xfc, 0x46, 0x20, 0x1f, 0xe1, 0xff, 0x60, 0x7,
    0xf9, 0xc0, 0x6, 0x20, 0x1f, 0xda, 0x6, 0xc,
    0x1, 0xf8, 0x50, 0xb8, 0x2c, 0x3, 0xf3, 0x2,
    0x91, 0x98, 0x80, 0x3e, 0xb0, 0xa0, 0xb0, 0x50,
    0xf, 0x11, 0x98, 0x81, 0x82, 0x80, 0x3c, 0xa1,
    0x40, 0x1, 0x42, 0x30, 0xe, 0xa0, 0x70, 0xb,
    0x82, 0xc0, 0x31, 0x10, 0x37, 0x32, 0x80, 0x60,
    0xd, 0x40, 0x3, 0x3c, 0x40, 0x26, 0x1, 0x28,
    0x77, 0xff, 0x50, 0x50, 0x0, 0xc8, 0xc4, 0x3,
    0x94, 0x1c, 0x1, 0x41, 0x60, 0x1f, 0x20, 0xa0,
    0x38, 0x28, 0x7, 0xda, 0x1c,

    /* U+1EB5 "ẵ" */
    0x0, 0xf8, 0x44, 0x1, 0xdb, 0xec, 0x17, 0x60,
    0xc, 0xc5, 0x12, 0xae, 0x40, 0x1b, 0x91, 0xe2,
    0x8a, 0x80, 0x35, 0x40, 0x3e, 0x69, 0x0, 0x6a,
    0xc4, 0x10, 0xc9, 0x0, 0xd0, 0x97, 0xd8, 0x50,
    0x1, 0xd7, 0xb9, 0xb8, 0x20, 0x1e, 0x23, 0x20,
    0xf, 0x1d, 0xf7, 0xe1, 0xaf, 0xc0, 0x26, 0x21,
    0xa8, 0xe6, 0x0, 0x2a, 0x9, 0xda, 0xd6, 0x60,
    0x1, 0x85, 0x18, 0x2, 0x92, 0x0, 0x78, 0x70,
    0x7, 0x28, 0x0, 0xc1, 0x80, 0x3b, 0x80, 0x6,
    0xc, 0x1, 0xdc, 0x0, 0xf0, 0xc0, 0xe, 0x40,
    0x3, 0xb, 0x18, 0x4, 0xc6, 0x1, 0x50, 0x65,
    0x3d, 0x4a, 0x0, 0x49, 0x88, 0xb0, 0xd7, 0xc0,
    0x0,

    /* U+1EB6 "Ặ" */
    0x0, 0xcc, 0xa0, 0x13, 0xa0, 0x7, 0xdd, 0x48,
    0x2f, 0x0, 0x1f, 0xa5, 0x2f, 0xa1, 0xd0, 0x3,
    0xe1, 0xbd, 0xce, 0x80, 0xf, 0xf1, 0x18, 0x80,
    0x7f, 0x87, 0xfd, 0x80, 0x1f, 0xe7, 0x0, 0x18,
    0x80, 0x7f, 0x68, 0x18, 0x30, 0x7, 0xe1, 0x42,
    0xe0, 0xb0, 0xf, 0xcc, 0xa, 0x46, 0x62, 0x0,
    0xfa, 0xc2, 0x82, 0xc1, 0x40, 0x3c, 0x46, 0x62,
    0x6, 0xa, 0x0, 0xf2, 0x85, 0x0, 0x5, 0x8,
    0xc0, 0x3a, 0x81, 0xc0, 0x2e, 0xb, 0x0, 0xc4,
    0x40, 0xdc, 0xca, 0x1, 0x80, 0x35, 0x0, 0xc,
    0xf1, 0x0, 0x98, 0x4, 0xa1, 0xdf, 0xfd, 0x41,
    0x40, 0x3, 0x23, 0x10, 0xe, 0x50, 0x70, 0x5,
    0x5, 0x80, 0x7c, 0x82, 0x80, 0xe0, 0xa0, 0x1f,
    0x68, 0x70, 0x77, 0x90, 0x7, 0xcd, 0xf4, 0x1,
    0xff, 0xc8, 0x9f, 0x50, 0xf, 0xf9, 0xc3, 0x0,
    0x3f, 0xea, 0x6b, 0x0, 0xe0,

    /* U+1EB7 "ặ" */
    0x0, 0x47, 0x18, 0x1f, 0x48, 0x6, 0x92, 0xcf,
    0xc2, 0x80, 0xc, 0x39, 0xb9, 0xb8, 0x20, 0x1e,
    0x23, 0x20, 0xf, 0x1d, 0xf7, 0xe1, 0xaf, 0xc0,
    0x26, 0x21, 0xa8, 0xe6, 0x0, 0x2a, 0x9, 0xda,
    0xd6, 0x60, 0x1, 0x85, 0x18, 0x2, 0x92, 0x0,
    0x78, 0x70, 0x7, 0x28, 0x0, 0xc1, 0x80, 0x3b,
    0x80, 0x6, 0xc, 0x1, 0xdc, 0x0, 0xf0, 0xc0,
    0xe, 0x40, 0x3, 0xb, 0x18, 0x4, 0xc6, 0x1,
    0x50, 0x65, 0x3d, 0x4a, 0x0, 0x49, 0x88, 0xb0,
    0xd7, 0xc0, 0x18, 0xef, 0xfd, 0x88, 0xbf, 0x0,
    0x1f, 0xfc, 0x36, 0xf7, 0x0, 0xfd, 0xa1, 0x60,
    0x1f, 0xa5, 0xbc, 0x3, 0x0,

    /* U+1EB8 "Ẹ" */
    0x3f, 0xff, 0xe3, 0x0, 0x8c, 0xfe, 0x10, 0x1,
    0xe6, 0x7c, 0x40, 0x1f, 0xfd, 0x73, 0xcc, 0xf1,
    0x80, 0x63, 0x3f, 0x38, 0x4, 0x7f, 0xfe, 0x40,
    0xf, 0xff, 0x19, 0xe6, 0x7c, 0x60, 0x11, 0x9f,
    0xce, 0x7f, 0xff, 0xc8, 0x1, 0xff, 0xc3, 0x4e,
    0x90, 0xf, 0xd8, 0x2c, 0x1, 0xfa, 0x5a, 0x80,
    0x30,

    /* U+1EB9 "ẹ" */
    0x0, 0x1d, 0xf7, 0xe3, 0x0, 0x49, 0x88, 0x4a,
    0x53, 0x20, 0x5, 0x6, 0x62, 0xb9, 0x19, 0x18,
    0x5c, 0xc0, 0x29, 0xd, 0xf0, 0x28, 0x8d, 0x40,
    0xa6, 0xa, 0xef, 0xc0, 0x26, 0x17, 0xff, 0xed,
    0xf0, 0xd0, 0xe, 0x75, 0x61, 0x64, 0x0, 0xaa,
    0xc, 0x28, 0x2f, 0x2b, 0x95, 0x18, 0x13, 0x14,
    0x94, 0xde, 0xc0, 0x23, 0xae, 0xfd, 0x80, 0xf,
    0xfe, 0x25, 0x71, 0x80, 0x7c, 0xa2, 0x80, 0x1f,
    0x53, 0x30, 0x2,

    /* U+1EBA "Ẻ" */
    0x0, 0xd3, 0xfa, 0x80, 0x1e, 0x46, 0xb7, 0xb0,
    0xf, 0x27, 0xa0, 0x8, 0x7, 0xec, 0x7c, 0x0,
    0xfd, 0x7e, 0x40, 0x1f, 0x9c, 0x80, 0x31, 0xff,
    0xff, 0x18, 0x4, 0x67, 0xf0, 0x80, 0xf, 0x33,
    0xe2, 0x0, 0xff, 0xeb, 0x9e, 0x67, 0x8c, 0x3,
    0x19, 0xf9, 0xc0, 0x23, 0xff, 0xf2, 0x0, 0x7f,
    0xf8, 0xcf, 0x33, 0xe3, 0x0, 0x8c, 0xfe, 0x70,

    /* U+1EBB "ẻ" */
    0x0, 0x8b, 0x7e, 0x80, 0x3d, 0xcd, 0x8a, 0xe0,
    0x1d, 0xb6, 0x20, 0x1f, 0x9, 0xea, 0xb8, 0x7,
    0x9d, 0xa8, 0x3, 0xe4, 0x90, 0xf, 0x1d, 0xf7,
    0xe3, 0x0, 0x49, 0x88, 0x4a, 0x53, 0x20, 0x5,
    0x6, 0x62, 0xb9, 0x19, 0x18, 0x5c, 0xc0, 0x29,
    0xd, 0xf0, 0x28, 0x8d, 0x40, 0xa6, 0xa, 0xef,
    0xc0, 0x26, 0x17, 0xff, 0xed, 0xf0, 0xd0, 0xe,
    0x75, 0x61, 0x64, 0x0, 0xaa, 0xc, 0x28, 0x2f,
    0x2b, 0x95, 0x18, 0x13, 0x14, 0x94, 0xde, 0xc0,

    /* U+1EBC "Ẽ" */
    0x0, 0xfc, 0x20, 0x1d, 0x7f, 0x0, 0xfa, 0x1,
    0x8d, 0x25, 0xdd, 0x8c, 0x1, 0x98, 0x5a, 0xa1,
    0x38, 0x3, 0x3d, 0x2, 0xee, 0x20, 0x6, 0x24,
    0x0, 0x11, 0x80, 0x47, 0xff, 0xfc, 0x60, 0x11,
    0x9f, 0xc2, 0x0, 0x3c, 0xcf, 0x88, 0x3, 0xff,
    0xae, 0x79, 0x9e, 0x30, 0xc, 0x67, 0xe7, 0x0,
    0x8f, 0xff, 0xc8, 0x1, 0xff, 0xe3, 0x3c, 0xcf,
    0x8c, 0x2, 0x33, 0xf9, 0xc0,

    /* U+1EBD "ẽ" */
    0x0, 0x27, 0x72, 0xf, 0xd0, 0x2, 0x82, 0x77,
    0x60, 0xa0, 0x5, 0x1d, 0x3d, 0x7e, 0x1, 0x90,
    0x80, 0x50, 0x40, 0x31, 0xdf, 0x7e, 0x30, 0x4,
    0x98, 0x84, 0xa5, 0x32, 0x0, 0x50, 0x66, 0x2b,
    0x91, 0x91, 0x85, 0xcc, 0x2, 0x90, 0xdf, 0x2,
    0x88, 0xd4, 0xa, 0x60, 0xae, 0xfc, 0x2, 0x61,
    0x7f, 0xfe, 0xdf, 0xd, 0x0, 0xe7, 0x56, 0x16,
    0x40, 0xa, 0xa0, 0xc2, 0x82, 0xf2, 0xb9, 0x51,
    0x81, 0x31, 0x49, 0x4d, 0xec, 0x0,

    /* U+1EBE "Ế" */
    0x0, 0xfe, 0x9f, 0x50, 0xf, 0xe6, 0x25, 0x0,
    0xfc, 0xc1, 0x0, 0x1c, 0x50, 0xa1, 0x64, 0xa0,
    0x1d, 0xed, 0x4b, 0xba, 0x0, 0xeb, 0x3c, 0x6a,
    0x20, 0xe, 0x23, 0xd2, 0x98, 0x70, 0xe, 0x28,
    0x30, 0x3, 0xa8, 0x4, 0x7f, 0xff, 0xc6, 0x1,
    0x8c, 0xfe, 0x10, 0x8, 0xf3, 0x3e, 0x20, 0xf,
    0xfe, 0xd9, 0xe6, 0x78, 0xc0, 0x38, 0xcf, 0xce,
    0x1, 0x8f, 0xff, 0xc8, 0x1, 0xff, 0xe8, 0x3c,
    0xcf, 0x8c, 0x3, 0x19, 0xfc, 0xe0,

    /* U+1EBF "ế" */
    0x0, 0xfe, 0xfe, 0x0, 0xfe, 0x60, 0x90, 0xf,
    0xea, 0x17, 0x0, 0xfc, 0x47, 0x20, 0x1c, 0x3d,
    0xee, 0x14, 0xc0, 0x1d, 0x85, 0x30, 0x8a, 0x20,
    0x19, 0xdb, 0x5a, 0x34, 0x80, 0x39, 0xec, 0x41,
    0xec, 0x80, 0x38, 0xef, 0xbf, 0x18, 0x3, 0x93,
    0x10, 0x94, 0xa6, 0x40, 0x1a, 0x83, 0x31, 0x5c,
    0x8c, 0x80, 0x6, 0x17, 0x30, 0xa, 0x43, 0x40,
    0x1e, 0x5, 0x11, 0xa8, 0x14, 0x0, 0x60, 0xae,
    0xfc, 0x2, 0x0, 0x30, 0xbf, 0xff, 0x68, 0x3,
    0xc3, 0x40, 0x39, 0xd4, 0x0, 0xc2, 0xc8, 0x1,
    0x54, 0x18, 0x5, 0x41, 0x79, 0x5c, 0xa8, 0xc0,
    0x12, 0x62, 0x92, 0x9b, 0xd8, 0x4,

    /* U+1EC0 "Ề" */
    0x0, 0xf2, 0xfc, 0x80, 0x7e, 0x53, 0x61, 0x0,
    0xfd, 0xe1, 0x20, 0x1c, 0x97, 0x6, 0xe2, 0x1,
    0x8a, 0x81, 0xdd, 0x12, 0x1, 0xbc, 0xae, 0x61,
    0x0, 0x30, 0xce, 0x83, 0x5b, 0x80, 0x61, 0x41,
    0x0, 0x21, 0x80, 0xf, 0xff, 0xf8, 0xc0, 0x23,
    0x3f, 0x84, 0x0, 0x79, 0x9f, 0x10, 0x7, 0xff,
    0x5c, 0xf3, 0x3c, 0x60, 0x18, 0xcf, 0xce, 0x1,
    0x1f, 0xff, 0x90, 0x3, 0xff, 0xc6, 0x79, 0x9f,
    0x18, 0x4, 0x67, 0xf3, 0x80,

    /* U+1EC1 "ề" */
    0x0, 0xf6, 0xf8, 0x80, 0x7d, 0x0, 0xc0, 0x1f,
    0x29, 0x50, 0x7, 0xeb, 0x24, 0x0, 0x8b, 0xbe,
    0x5a, 0xd8, 0x0, 0x78, 0xfa, 0xf4, 0x84, 0x1,
    0x54, 0x97, 0xf0, 0x80, 0x46, 0x80, 0x1, 0x41,
    0x0, 0x8e, 0xfb, 0xf1, 0x80, 0x24, 0xc4, 0x25,
    0x29, 0x90, 0x2, 0x83, 0x31, 0x5c, 0x8c, 0x8c,
    0x2e, 0x60, 0x14, 0x86, 0xf8, 0x14, 0x46, 0xa0,
    0x53, 0x5, 0x77, 0xe0, 0x13, 0xb, 0xff, 0xf6,
    0xf8, 0x68, 0x7, 0x3a, 0xb0, 0xb2, 0x0, 0x55,
    0x6, 0x14, 0x17, 0x95, 0xca, 0x8c, 0x9, 0x8a,
    0x4a, 0x6f, 0x60,

    /* U+1EC2 "Ể" */
    0x0, 0xfa, 0x3f, 0x94, 0x3, 0xe3, 0x7a, 0x7a,
    0x0, 0xf8, 0xf9, 0x40, 0x3f, 0xc3, 0x4d, 0x40,
    0x1c, 0xbb, 0x60, 0xa, 0x50, 0xc, 0x54, 0xc9,
    0x14, 0xa0, 0x1d, 0xe7, 0x72, 0xe8, 0x1, 0xc5,
    0x1a, 0xd, 0x40, 0x1e, 0x25, 0x10, 0x2, 0xa0,
    0x4, 0x7f, 0xff, 0xc6, 0x1, 0x8c, 0xfe, 0x10,
    0x8, 0xf3, 0x3e, 0x20, 0xf, 0xfe, 0xd9, 0xe6,
    0x78, 0xc0, 0x38, 0xcf, 0xce, 0x1, 0x8f, 0xff,
    0xc8, 0x1, 0xff, 0xe8, 0x3c, 0xcf, 0x8c, 0x3,
    0x19, 0xfc, 0xe0,

    /* U+1EC3 "ể" */
    0x0, 0xf0, 0xe7, 0xd0, 0x7, 0xd6, 0x16, 0x8e,
    0x1, 0xef, 0xf2, 0x1f, 0x0, 0x79, 0x4e, 0x8b,
    0x40, 0x3e, 0x45, 0x94, 0x0, 0x87, 0xbd, 0xda,
    0x18, 0x3, 0x61, 0x4c, 0x23, 0x80, 0x67, 0x6d,
    0x68, 0xd2, 0x0, 0xcf, 0x62, 0xf, 0x64, 0x1,
    0x8e, 0xfb, 0xf1, 0x80, 0x32, 0x62, 0x12, 0x94,
    0xc8, 0x2, 0xa0, 0xcc, 0x57, 0x23, 0x20, 0x30,
    0xb9, 0x80, 0x52, 0x1a, 0x1e, 0x5, 0x11, 0xa8,
    0x14, 0xc, 0x15, 0xdf, 0x80, 0x40, 0xc2, 0xff,
    0xfd, 0xa1, 0xe1, 0xa0, 0x1c, 0xea, 0xc, 0x2c,
    0x80, 0x15, 0x41, 0x80, 0x28, 0x2f, 0x2b, 0x95,
    0x18, 0x0, 0x98, 0xa4, 0xa6, 0xf6, 0x0,

    /* U+1EC4 "Ễ" */
    0x0, 0xc2, 0x1, 0x8, 0x7, 0x6f, 0x6a, 0x56,
    0x80, 0x65, 0x29, 0x1b, 0x5a, 0x0, 0xc9, 0x6d,
    0x99, 0x30, 0x6, 0x14, 0x6d, 0x83, 0x0, 0xf1,
    0x4b, 0x24, 0x0, 0x7b, 0xce, 0xe1, 0xd0, 0x3,
    0x14, 0x68, 0x3d, 0x0, 0x71, 0x28, 0x80, 0x15,
    0x0, 0x7, 0xff, 0xfc, 0x60, 0x11, 0x9f, 0xc2,
    0x0, 0x3c, 0xcf, 0x88, 0x3, 0xff, 0xae, 0x79,
    0x9e, 0x30, 0xc, 0x67, 0xe7, 0x0, 0x8f, 0xff,
    0xc8, 0x1, 0xff, 0xe3, 0x3c, 0xcf, 0x8c, 0x2,
    0x33, 0xf9, 0xc0,

    /* U+1EC5 "ễ" */
    0x0, 0xf8, 0x40, 0x32, 0xff, 0xa4, 0xf9, 0x0,
    0x29, 0x48, 0x6c, 0x14, 0x0, 0xa2, 0x9f, 0xaf,
    0xc0, 0x32, 0x8, 0xa, 0x8, 0x7, 0xf, 0x7b,
    0x80, 0x7b, 0xa, 0x61, 0x40, 0x34, 0x36, 0xb4,
    0x70, 0x80, 0x51, 0x62, 0xf, 0x62, 0x1, 0x1d,
    0xf7, 0xe3, 0x0, 0x49, 0x88, 0x4a, 0x53, 0x20,
    0x5, 0x6, 0x62, 0xb9, 0x19, 0x18, 0x5c, 0xc0,
    0x29, 0xd, 0xf0, 0x28, 0x8d, 0x40, 0xa6, 0xa,
    0xef, 0xc0, 0x26, 0x17, 0xff, 0xed, 0xf0, 0xd0,
    0xe, 0x75, 0x61, 0x64, 0x0, 0xaa, 0xc, 0x28,
    0x2f, 0x2b, 0x95, 0x18, 0x13, 0x14, 0x94, 0xde,
    0xc0,

    /* U+1EC6 "Ệ" */
    0x0, 0xc5, 0xa, 0x1, 0xfb, 0xda, 0x94, 0x3,
    0xd6, 0x7e, 0xd4, 0x40, 0x18, 0x8f, 0x46, 0x61,
    0xc0, 0x31, 0x41, 0x80, 0x1d, 0x40, 0x7, 0xff,
    0xfc, 0x60, 0x11, 0x9f, 0xc2, 0x0, 0x3c, 0xcf,
    0x88, 0x3, 0xff, 0xae, 0x79, 0x9e, 0x30, 0xc,
    0x67, 0xe7, 0x0, 0x8f, 0xff, 0xc8, 0x1, 0xff,
    0xe3, 0x3c, 0xcf, 0x8c, 0x2, 0x33, 0xf9, 0xcf,
    0xff, 0xf9, 0x0, 0x3f, 0xf8, 0x69, 0xd2, 0x1,
    0xfb, 0x5, 0x80, 0x3f, 0x4b, 0x50, 0x6,

    /* U+1EC7 "ệ" */
    0x0, 0x87, 0xbd, 0xc0, 0x3d, 0xa5, 0x30, 0xa0,
    0x1a, 0x7, 0x59, 0xe0, 0x80, 0x28, 0xd1, 0x8,
    0xd2, 0x0, 0x8e, 0xfb, 0xf1, 0x80, 0x24, 0xc4,
    0x25, 0x29, 0x90, 0x2, 0x83, 0x31, 0x5c, 0x8c,
    0x8c, 0x2e, 0x60, 0x14, 0x86, 0xf8, 0x14, 0x46,
    0xa0, 0x53, 0x5, 0x77, 0xe0, 0x13, 0xb, 0xff,
    0xf6, 0xf8, 0x68, 0x7, 0x3a, 0xb0, 0xb2, 0x0,
    0x55, 0x6, 0x14, 0x17, 0x95, 0xca, 0x8c, 0x9,
    0x8a, 0x4a, 0x6f, 0x60, 0x11, 0xd7, 0x7e, 0xc0,
    0x7, 0xff, 0x12, 0xb8, 0xc0, 0x3e, 0x51, 0x40,
    0xf, 0xa9, 0x98, 0x1, 0x0,

    /* U+1EC8 "Ỉ" */
    0x8, 0xfe, 0x50, 0x37, 0xa7, 0xa0, 0x3f, 0x50,
    0x10, 0xa, 0xd3, 0x40, 0x2c, 0xe3, 0x0, 0x9c,
    0xc0, 0x23, 0xfc, 0x0, 0xff, 0xff, 0x80, 0x7f,
    0xc0,

    /* U+1EC9 "ỉ" */
    0x8, 0xfe, 0x50, 0x37, 0xa7, 0xa0, 0x3f, 0x53,
    0x10, 0xa, 0xdf, 0x40, 0x2c, 0xe3, 0x0, 0x9c,
    0xc0, 0x23, 0xfb, 0x0, 0xff, 0xf9, 0x0,

    /* U+1ECA "Ị" */
    0x3f, 0xc0, 0xf, 0xff, 0x69, 0xfe, 0x0, 0x71,
    0xf5, 0x82, 0xa, 0x3, 0x32, 0x80,

    /* U+1ECB "ị" */
    0x3e, 0xa0, 0x51, 0x40, 0x69, 0xd0, 0x3, 0x18,
    0x1f, 0xd8, 0x7, 0xff, 0x74, 0xfe, 0xc0, 0x38,
    0xfa, 0x81, 0x5, 0x41, 0x99, 0x40,

    /* U+1ECC "Ọ" */
    0x0, 0xcf, 0x9d, 0xfd, 0x48, 0x1, 0xe3, 0xe8,
    0x30, 0x11, 0x2d, 0xd0, 0x6, 0x3c, 0x15, 0xde,
    0xe7, 0xc8, 0xad, 0x0, 0x5c, 0xf, 0x44, 0x1,
    0x36, 0xa, 0xa8, 0x14, 0x89, 0x0, 0x1e, 0x2b,
    0x8, 0xf, 0xb, 0x0, 0xfc, 0xa2, 0x44, 0x70,
    0x50, 0xf, 0xe4, 0x7, 0x30, 0x20, 0xf, 0xe3,
    0x3, 0x30, 0x10, 0x7, 0xf1, 0x81, 0xb8, 0x28,
    0x7, 0xf2, 0x3, 0xf8, 0x58, 0x7, 0xe5, 0x12,
    0x22, 0x91, 0x20, 0x3, 0xc5, 0x61, 0x0, 0xe,
    0x7, 0xa2, 0x0, 0x97, 0x5, 0x54, 0x0, 0x3c,
    0x15, 0xde, 0xe7, 0xd0, 0xad, 0x0, 0x63, 0xe8,
    0x30, 0x11, 0x2d, 0xd0, 0x7, 0xcf, 0x9d, 0xfd,
    0x48, 0x1, 0xff, 0xcd, 0xae, 0x30, 0xf, 0xfe,
    0x2, 0x8d, 0x80, 0x7f, 0xf0, 0x29, 0xa4, 0x3,
    0xc0,

    /* U+1ECD "ọ" */
    0x0, 0xc, 0xef, 0xec, 0x90, 0x4, 0x7e, 0xc0,
    0x80, 0xd8, 0x60, 0xe, 0x18, 0xdb, 0xd9, 0x1d,
    0x5, 0x24, 0x70, 0x9, 0x94, 0x57, 0x3, 0x80,
    0x3b, 0xc3, 0xc, 0x4, 0x3, 0x98, 0x8, 0xc0,
    0x40, 0x39, 0x80, 0xb0, 0x38, 0x3, 0xbc, 0x31,
    0x49, 0x1c, 0x2, 0x65, 0x15, 0xe, 0x18, 0xdb,
    0xd9, 0x1d, 0x0, 0x1e, 0x31, 0xa1, 0xb6, 0x18,
    0x4, 0x53, 0xdf, 0xd2, 0x40, 0x1f, 0xfc, 0x56,
    0xf7, 0x0, 0xfd, 0xa1, 0x60, 0x1f, 0xa1, 0xbc,
    0x3, 0x0,

    /* U+1ECE "Ỏ" */
    0x0, 0xe2, 0xdf, 0xb0, 0xf, 0xfa, 0x5a, 0xd5,
    0xc0, 0x3f, 0xd7, 0x67, 0x11, 0x0, 0x7f, 0xc7,
    0x8c, 0xc0, 0xf, 0xfe, 0x4, 0x48, 0x7, 0xff,
    0x0, 0xdc, 0x3, 0xfe, 0x7c, 0xef, 0xea, 0x40,
    0xf, 0x1f, 0x41, 0x80, 0x89, 0x6e, 0x80, 0x31,
    0xe0, 0xae, 0xf7, 0x3e, 0x45, 0x68, 0x2, 0xe0,
    0x7a, 0x20, 0x9, 0xb0, 0x55, 0x40, 0xa4, 0x48,
    0x0, 0xf1, 0x58, 0x40, 0x78, 0x58, 0x7, 0xe5,
    0x12, 0x23, 0x82, 0x80, 0x7f, 0x20, 0x39, 0x81,
    0x0, 0x7f, 0x18, 0x19, 0x80, 0x80, 0x3f, 0x8c,
    0xd, 0xc1, 0x40, 0x3f, 0x90, 0x1f, 0xc2, 0xc0,
    0x3f, 0x28, 0x91, 0x14, 0x89, 0x0, 0x1e, 0x2b,
    0x8, 0x0, 0x70, 0x3d, 0x10, 0x4, 0xb8, 0x2a,
    0xa0, 0x1, 0xe0, 0xae, 0xf7, 0x3e, 0x85, 0x68,
    0x3, 0x1f, 0x41, 0x80, 0x89, 0x6e, 0x80, 0x20,

    /* U+1ECF "ỏ" */
    0x0, 0xd7, 0xf8, 0x40, 0x1e, 0x85, 0xb0, 0x90,
    0xf, 0x47, 0xa0, 0x7, 0xf0, 0xe8, 0xc8, 0x7,
    0xc2, 0xf8, 0x40, 0x1f, 0xd, 0x8, 0x7, 0x86,
    0x77, 0xf6, 0x48, 0x2, 0x3f, 0x60, 0x40, 0x6c,
    0x30, 0x7, 0xc, 0x6d, 0xec, 0x8e, 0x82, 0x92,
    0x38, 0x4, 0xca, 0x2b, 0x81, 0xc0, 0x1d, 0xe1,
    0x86, 0x2, 0x1, 0xcc, 0x4, 0x60, 0x20, 0x1c,
    0xc0, 0x58, 0x1c, 0x1, 0xde, 0x18, 0xa4, 0x8e,
    0x1, 0x32, 0x8a, 0x87, 0xc, 0x6d, 0xec, 0x8e,
    0x80, 0xf, 0x18, 0xd0, 0xdb, 0xc, 0x0,

    /* U+1ED0 "Ố" */
    0x0, 0xff, 0x9d, 0xc0, 0x1f, 0xfc, 0x3, 0x8d,
    0x0, 0xff, 0xe0, 0x48, 0x40, 0x7, 0xfc, 0x2a,
    0xa2, 0x0, 0xf8, 0x77, 0xdc, 0x9e, 0x0, 0x3f,
    0x51, 0xb4, 0x3c, 0x10, 0x7, 0xd0, 0x9b, 0x2b,
    0x64, 0x1, 0xfa, 0x3c, 0xc2, 0xbc, 0x80, 0x3f,
    0xf9, 0x6f, 0x9d, 0xfd, 0x48, 0x1, 0xe3, 0xe8,
    0x30, 0x11, 0x2d, 0xd0, 0x6, 0x3c, 0x15, 0xde,
    0xe7, 0xc8, 0xad, 0x0, 0x5c, 0xf, 0x44, 0x1,
    0x36, 0xa, 0xa8, 0x14, 0x89, 0x0, 0x1e, 0x2b,
    0x8, 0xf, 0xb, 0x0, 0xfc, 0xa2, 0x44, 0x70,
    0x50, 0xf, 0xe4, 0x7, 0x30, 0x20, 0xf, 0xe3,
    0x3, 0x30, 0x10, 0x7, 0xf1, 0x81, 0xb8, 0x28,
    0x7, 0xf2, 0x3, 0xf8, 0x58, 0x7, 0xe5, 0x12,
    0x22, 0x91, 0x20, 0x3, 0xc5, 0x61, 0x0, 0xe,
    0x7, 0xa2, 0x0, 0x97, 0x5, 0x54, 0x0, 0x3c,
    0x15, 0xde, 0xe7, 0xd0, 0xad, 0x0, 0x63, 0xe8,
    0x30, 0x11, 0x2d, 0xd0, 0x4,

    /* U+1ED1 "ố" */
    0x0, 0xfe, 0xbf, 0x20, 0xf, 0xc4, 0x88, 0x20,
    0xf, 0xd4, 0x10, 0x1, 0xfc, 0xc6, 0x60, 0xe,
    0xbf, 0xb1, 0xbe, 0x0, 0xe9, 0x5a, 0x5b, 0x52,
    0x0, 0xc8, 0x5a, 0xba, 0x28, 0x1, 0xc9, 0x66,
    0x7, 0x68, 0x1, 0xc3, 0x3b, 0xfb, 0x24, 0x1,
    0x8f, 0xd8, 0x10, 0x1b, 0xc, 0x2, 0xe1, 0x8d,
    0xbd, 0x91, 0xd0, 0x2, 0x92, 0x38, 0x4, 0xca,
    0x2a, 0x18, 0x1c, 0x1, 0xde, 0x18, 0x6, 0x2,
    0x1, 0xcc, 0x4, 0x6, 0x2, 0x1, 0xcc, 0x4,
    0x18, 0x1c, 0x1, 0xde, 0x18, 0xa, 0x48, 0xe0,
    0x13, 0x28, 0xa8, 0x3, 0x86, 0x36, 0xf6, 0x47,
    0x40, 0x23, 0xc6, 0x34, 0x36, 0xc3, 0x0, 0x0,

    /* U+1ED2 "Ồ" */
    0x0, 0xfc, 0x88, 0x0, 0xff, 0xe0, 0xed, 0xa0,
    0x7, 0xff, 0x2, 0x3, 0xc0, 0x3f, 0xf8, 0x2,
    0xe8, 0x60, 0x1f, 0x87, 0x7d, 0xe2, 0x40, 0x3f,
    0xa8, 0xde, 0x11, 0x8c, 0x3, 0xe8, 0x4d, 0x86,
    0xb2, 0x0, 0xfd, 0x1e, 0x61, 0x3e, 0x40, 0x1f,
    0xfc, 0xb7, 0xce, 0xfe, 0xa4, 0x0, 0xf1, 0xf4,
    0x18, 0x8, 0x96, 0xe8, 0x3, 0x1e, 0xa, 0xef,
    0x73, 0xe4, 0x56, 0x80, 0x2e, 0x7, 0xa2, 0x0,
    0x9b, 0x5, 0x54, 0xa, 0x44, 0x80, 0xf, 0x15,
    0x84, 0x7, 0x85, 0x80, 0x7e, 0x51, 0x22, 0x38,
    0x28, 0x7, 0xf2, 0x3, 0x98, 0x10, 0x7, 0xf1,
    0x81, 0x98, 0x8, 0x3, 0xf8, 0xc0, 0xdc, 0x14,
    0x3, 0xf9, 0x1, 0xfc, 0x2c, 0x3, 0xf2, 0x89,
    0x11, 0x48, 0x90, 0x1, 0xe2, 0xb0, 0x80, 0x7,
    0x3, 0xd1, 0x0, 0x4b, 0x82, 0xaa, 0x0, 0x1e,
    0xa, 0xef, 0x73, 0xe8, 0x56, 0x80, 0x31, 0xf4,
    0x18, 0x8, 0x96, 0xe8, 0x2,

    /* U+1ED3 "ồ" */
    0x0, 0xf4, 0xfa, 0x80, 0x7e, 0x80, 0xe0, 0xf,
    0xc2, 0xa8, 0x40, 0x1f, 0xa0, 0x28, 0x3, 0xb3,
    0xf0, 0xf2, 0xc0, 0x21, 0xc0, 0xe0, 0xd2, 0x30,
    0x8, 0xe3, 0x7, 0x20, 0xc0, 0x31, 0x20, 0x4,
    0x84, 0x1, 0x86, 0x77, 0xf6, 0x48, 0x2, 0x3f,
    0x60, 0x40, 0x6c, 0x30, 0x7, 0xc, 0x6d, 0xec,
    0x8e, 0x82, 0x92, 0x38, 0x4, 0xca, 0x2b, 0x81,
    0xc0, 0x1d, 0xe1, 0x86, 0x2, 0x1, 0xcc, 0x4,
    0x60, 0x20, 0x1c, 0xc0, 0x58, 0x1c, 0x1, 0xde,
    0x18, 0xa4, 0x8e, 0x1, 0x32, 0x8a, 0x87, 0xc,
    0x6d, 0xec, 0x8e, 0x80, 0xf, 0x18, 0xd0, 0xdb,
    0xc, 0x0,

    /* U+1ED4 "Ổ" */
    0x0, 0xfc, 0x59, 0xf6, 0x20, 0x1f, 0xe8, 0xb,
    0x59, 0x0, 0xff, 0x5e, 0x28, 0x7, 0xff, 0x0,
    0x4b, 0xca, 0x40, 0x3f, 0x5e, 0xa8, 0xae, 0x8,
    0x7, 0xd2, 0x8d, 0x43, 0x60, 0x1f, 0x95, 0xa6,
    0xcb, 0xc0, 0x3f, 0x86, 0xd8, 0x32, 0x8, 0x3,
    0xf2, 0x20, 0x0, 0x2a, 0x40, 0x1f, 0x9f, 0x3b,
    0xfa, 0x90, 0x3, 0xc7, 0xd0, 0x60, 0x22, 0x5b,
    0xa0, 0xc, 0x78, 0x2b, 0xbd, 0xcf, 0x91, 0x5a,
    0x0, 0xb8, 0x1e, 0x88, 0x2, 0x6c, 0x15, 0x50,
    0x29, 0x12, 0x0, 0x3c, 0x56, 0x10, 0x1e, 0x16,
    0x1, 0xf9, 0x44, 0x88, 0xe0, 0xa0, 0x1f, 0xc8,
    0xe, 0x60, 0x40, 0x1f, 0xc6, 0x6, 0x60, 0x20,
    0xf, 0xe3, 0x3, 0x70, 0x50, 0xf, 0xe4, 0x7,
    0xf0, 0xb0, 0xf, 0xca, 0x24, 0x45, 0x22, 0x40,
    0x7, 0x8a, 0xc2, 0x0, 0x1c, 0xf, 0x44, 0x1,
    0x2e, 0xa, 0xa8, 0x0, 0x78, 0x2b, 0xbd, 0xcf,
    0xa1, 0x5a, 0x0, 0xc7, 0xd0, 0x60, 0x22, 0x5b,
    0xa0, 0x8,

    /* U+1ED5 "ổ" */
    0x0, 0xfa, 0xbf, 0x8, 0x3, 0xcc, 0xb6, 0x12,
    0x1, 0xe5, 0xb4, 0x56, 0x0, 0xf1, 0xa3, 0x31,
    0x40, 0x3f, 0x4b, 0x40, 0x6, 0xbf, 0xb0, 0x88,
    0x0, 0x69, 0x5a, 0x5a, 0x71, 0x0, 0x90, 0xb5,
    0x74, 0x50, 0x3, 0x25, 0x98, 0x1d, 0xa0, 0x6,
    0x19, 0xdf, 0xd9, 0x20, 0x8, 0xfd, 0x81, 0x1,
    0xb0, 0xc0, 0x1c, 0x31, 0xb7, 0xb2, 0x3a, 0xa,
    0x48, 0xe0, 0x13, 0x28, 0xae, 0x7, 0x0, 0x77,
    0x86, 0x18, 0x8, 0x7, 0x30, 0x11, 0x80, 0x80,
    0x73, 0x1, 0x60, 0x70, 0x7, 0x78, 0x62, 0x92,
    0x38, 0x4, 0xca, 0x2a, 0x1c, 0x31, 0xb7, 0xb2,
    0x3a, 0x0, 0x3c, 0x63, 0x43, 0x6c, 0x30,

    /* U+1ED6 "Ỗ" */
    0x0, 0xfe, 0x10, 0xf, 0xe4, 0xff, 0x49, 0xf2,
    0x80, 0x7e, 0x84, 0x86, 0xc1, 0x50, 0xf, 0xd1,
    0x2f, 0xd7, 0xe0, 0x1f, 0xc8, 0x57, 0x82, 0x20,
    0xf, 0xf4, 0xa3, 0x51, 0x0, 0x7f, 0x2b, 0x55,
    0x97, 0x0, 0x7f, 0xd, 0xa8, 0x7c, 0x88, 0x7,
    0xe4, 0x40, 0x0, 0x94, 0x40, 0x3f, 0x3e, 0x77,
    0xf5, 0x20, 0x7, 0x8f, 0xa0, 0xc0, 0x44, 0xb7,
    0x40, 0x18, 0xf0, 0x57, 0x7b, 0x9f, 0x22, 0xb4,
    0x1, 0x70, 0x3d, 0x10, 0x4, 0xd8, 0x2a, 0xa0,
    0x52, 0x24, 0x0, 0x78, 0xac, 0x20, 0x3c, 0x2c,
    0x3, 0xf2, 0x89, 0x11, 0xc1, 0x40, 0x3f, 0x90,
    0x1c, 0xc0, 0x80, 0x3f, 0x8c, 0xc, 0xc0, 0x40,
    0x1f, 0xc6, 0x6, 0xe0, 0xa0, 0x1f, 0xc8, 0xf,
    0xe1, 0x60, 0x1f, 0x94, 0x48, 0x8a, 0x44, 0x80,
    0xf, 0x15, 0x84, 0x0, 0x38, 0x1e, 0x88, 0x2,
    0x5c, 0x15, 0x50, 0x0, 0xf0, 0x57, 0x7b, 0x9f,
    0x42, 0xb4, 0x1, 0x8f, 0xa0, 0xc0, 0x44, 0xb7,
    0x40, 0x10,

    /* U+1ED7 "ỗ" */
    0x0, 0xf8, 0x44, 0x1, 0x8b, 0xbe, 0xcf, 0x64,
    0x3, 0x51, 0xcb, 0x61, 0xd8, 0x6, 0xae, 0x6d,
    0xcd, 0x30, 0xc, 0x46, 0x0, 0x32, 0x0, 0xfa,
    0xfe, 0xc0, 0x3e, 0xa5, 0xb5, 0x90, 0xe, 0x41,
    0xd4, 0xd2, 0x40, 0xc, 0x96, 0x60, 0x76, 0x80,
    0x18, 0x67, 0x7f, 0x64, 0x80, 0x23, 0xf6, 0x4,
    0x6, 0xc3, 0x0, 0x70, 0xc6, 0xde, 0xc8, 0xe8,
    0x29, 0x23, 0x80, 0x4c, 0xa2, 0xb8, 0x1c, 0x1,
    0xde, 0x18, 0x60, 0x20, 0x1c, 0xc0, 0x46, 0x2,
    0x1, 0xcc, 0x5, 0x81, 0xc0, 0x1d, 0xe1, 0x8a,
    0x48, 0xe0, 0x13, 0x28, 0xa8, 0x70, 0xc6, 0xde,
    0xc8, 0xe8, 0x0, 0xf1, 0x8d, 0xd, 0xb0, 0xc0,

    /* U+1ED8 "Ộ" */
    0x0, 0xe1, 0xdf, 0x70, 0xf, 0xfa, 0x8d, 0xe1,
    0x0, 0x3f, 0xa1, 0x36, 0x1a, 0xc8, 0x3, 0xf4,
    0x79, 0x84, 0xf9, 0x0, 0x7f, 0xf2, 0xdf, 0x3b,
    0xfa, 0x90, 0x3, 0xc7, 0xd0, 0x60, 0x22, 0x5b,
    0xa0, 0xc, 0x78, 0x2b, 0xbd, 0xcf, 0x91, 0x5a,
    0x0, 0xb8, 0x1e, 0x88, 0x2, 0x6c, 0x15, 0x50,
    0x29, 0x12, 0x0, 0x3c, 0x56, 0x10, 0x1e, 0x16,
    0x1, 0xf9, 0x44, 0x88, 0xe0, 0xa0, 0x1f, 0xc8,
    0xe, 0x60, 0x40, 0x1f, 0xc6, 0x6, 0x60, 0x20,
    0xf, 0xe3, 0x3, 0x70, 0x50, 0xf, 0xe4, 0x7,
    0xf0, 0xb0, 0xf, 0xca, 0x24, 0x45, 0x22, 0x40,
    0x7, 0x8a, 0xc2, 0x0, 0x1c, 0xf, 0x44, 0x1,
    0x2e, 0xa, 0xa8, 0x0, 0x78, 0x2b, 0xbd, 0xcf,
    0xa1, 0x5a, 0x0, 0xc7, 0xd0, 0x60, 0x22, 0x5b,
    0xa0, 0xf, 0x9f, 0x3b, 0xfa, 0x90, 0x3, 0xff,
    0x9b, 0x5c, 0x60, 0x1f, 0xfc, 0x5, 0x1b, 0x0,
    0xff, 0xe0, 0x53, 0x48, 0x7, 0x80,

    /* U+1ED9 "ộ" */
    0x0, 0xd7, 0xf6, 0x1, 0xf4, 0xa5, 0x24, 0x80,
    0x72, 0x22, 0xd6, 0xd1, 0x40, 0x32, 0x6a, 0x2,
    0x6a, 0x80, 0x61, 0x9d, 0xfd, 0x92, 0x0, 0x8f,
    0xd8, 0x10, 0x1b, 0xc, 0x1, 0xc3, 0x1b, 0x7b,
    0x23, 0xa0, 0xa4, 0x8e, 0x1, 0x32, 0x8a, 0xe0,
    0x70, 0x7, 0x78, 0x61, 0x80, 0x80, 0x73, 0x1,
    0x18, 0x8, 0x7, 0x30, 0x16, 0x7, 0x0, 0x77,
    0x86, 0x29, 0x23, 0x80, 0x4c, 0xa2, 0xa1, 0xc3,
    0x1b, 0x7b, 0x23, 0xa0, 0x3, 0xc6, 0x34, 0x36,
    0xc3, 0x0, 0x8a, 0x7b, 0xfa, 0x48, 0x3, 0xff,
    0x8a, 0xde, 0xe0, 0x1f, 0xb4, 0x2c, 0x3, 0xf4,
    0x37, 0x80, 0x60,

    /* U+1EDA "Ớ" */
    0x0, 0xfc, 0xee, 0x0, 0xff, 0xe0, 0x24, 0x70,
    0x7, 0xff, 0x3, 0xc2, 0x0, 0x3f, 0xe2, 0x47,
    0x10, 0x26, 0x20, 0xf, 0xd5, 0x0, 0x5, 0x97,
    0x0, 0xf8, 0x94, 0x2, 0xe0, 0x10, 0xe, 0x7c,
    0xef, 0xfc, 0xc8, 0x80, 0x8, 0xfa, 0xc, 0x4,
    0x2, 0x19, 0x0, 0x8f, 0x5, 0x77, 0xb9, 0xf2,
    0x22, 0xf0, 0xb, 0x81, 0xe8, 0x80, 0x26, 0xc1,
    0x27, 0x5, 0x22, 0x40, 0x7, 0x8a, 0xc2, 0x43,
    0xc2, 0xc0, 0x3f, 0x28, 0x88, 0xdc, 0x14, 0x3,
    0xf9, 0x1, 0x8c, 0x8, 0x3, 0xf8, 0xc0, 0xcc,
    0x4, 0x1, 0xfc, 0x60, 0x6e, 0xa, 0x1, 0xfc,
    0x80, 0x9e, 0x16, 0x1, 0xf9, 0x44, 0xc5, 0x48,
    0x90, 0x1, 0xe2, 0xb0, 0x90, 0x7, 0x3, 0xd1,
    0x0, 0x4b, 0x82, 0xaa, 0x0, 0x1e, 0xa, 0xef,
    0x73, 0xe8, 0x5a, 0x80, 0x31, 0xf4, 0x18, 0x8,
    0x97, 0x24, 0x2,

    /* U+1EDB "ớ" */
    0x0, 0xf2, 0xc0, 0x80, 0x7c, 0x34, 0xa2, 0x1,
    0xf3, 0x4, 0x0, 0x7e, 0x93, 0x50, 0x43, 0x0,
    0xc3, 0x1c, 0x0, 0xb8, 0x0, 0xc2, 0xc4, 0x4,
    0x4, 0x0, 0x19, 0xdf, 0xfb, 0x4a, 0xc0, 0xfd,
    0x81, 0x8, 0x1, 0x4, 0x1c, 0x31, 0xb7, 0xb2,
    0x14, 0x2a, 0x48, 0xe0, 0x13, 0x28, 0x3e, 0x7,
    0x0, 0x77, 0x86, 0x18, 0x8, 0x7, 0x30, 0x9,
    0x80, 0x80, 0x73, 0x1, 0x60, 0x70, 0x7, 0x78,
    0x62, 0x92, 0x38, 0x4, 0xca, 0x4a, 0x1c, 0x31,
    0xb7, 0xb2, 0x3c, 0x0, 0x3c, 0x63, 0x43, 0x6c,
    0x30,

    /* U+1EDC "Ờ" */
    0x0, 0xc7, 0x8, 0x1, 0xff, 0xc0, 0x36, 0x90,
    0xf, 0xfe, 0xc, 0x92, 0x80, 0x7f, 0xf0, 0x1c,
    0x64, 0x2, 0x26, 0x20, 0xf, 0xb6, 0x40, 0x25,
    0x97, 0x0, 0xf8, 0xd4, 0x2, 0xe0, 0x10, 0xe,
    0x7c, 0xef, 0xfc, 0xc8, 0x80, 0x8, 0xfa, 0xc,
    0x4, 0x2, 0x19, 0x0, 0x8f, 0x5, 0x77, 0xb9,
    0xf2, 0x22, 0xf0, 0xb, 0x81, 0xe8, 0x80, 0x26,
    0xc1, 0x27, 0x5, 0x22, 0x40, 0x7, 0x8a, 0xc2,
    0x43, 0xc2, 0xc0, 0x3f, 0x28, 0x88, 0xdc, 0x14,
    0x3, 0xf9, 0x1, 0x8c, 0x8, 0x3, 0xf8, 0xc0,
    0xcc, 0x4, 0x1, 0xfc, 0x60, 0x6e, 0xa, 0x1,
    0xfc, 0x80, 0x9e, 0x16, 0x1, 0xf9, 0x44, 0xc5,
    0x48, 0x90, 0x1, 0xe2, 0xb0, 0x90, 0x7, 0x3,
    0xd1, 0x0, 0x4b, 0x82, 0xaa, 0x0, 0x1e, 0xa,
    0xef, 0x73, 0xe8, 0x5a, 0x80, 0x31, 0xf4, 0x18,
    0x8, 0x97, 0x24, 0x2,

    /* U+1EDD "ờ" */
    0x0, 0xc, 0x30, 0x7, 0xe1, 0x39, 0x20, 0xf,
    0xd0, 0x16, 0x1, 0xf8, 0xd1, 0x84, 0x0, 0x86,
    0x1, 0xa6, 0x46, 0x0, 0xb8, 0x0, 0xc4, 0xc4,
    0x4, 0x4, 0x0, 0x19, 0xdf, 0xfb, 0x4a, 0xc0,
    0xfd, 0x81, 0x8, 0x1, 0x4, 0x1c, 0x31, 0xb7,
    0xb2, 0x14, 0x2a, 0x48, 0xe0, 0x13, 0x28, 0x3e,
    0x7, 0x0, 0x77, 0x86, 0x18, 0x8, 0x7, 0x30,
    0x9, 0x80, 0x80, 0x73, 0x1, 0x60, 0x70, 0x7,
    0x78, 0x62, 0x92, 0x38, 0x4, 0xca, 0x4a, 0x1c,
    0x31, 0xb7, 0xb2, 0x3c, 0x0, 0x3c, 0x63, 0x43,
    0x6c, 0x30,

    /* U+1EDE "Ở" */
    0x0, 0xe2, 0xdf, 0xb0, 0xf, 0xfb, 0x9a, 0xd5,
    0xc0, 0x3f, 0xd9, 0x6e, 0x22, 0x0, 0xff, 0x8f,
    0x1d, 0x80, 0x98, 0x80, 0x3f, 0x44, 0x0, 0xb,
    0x2e, 0x1, 0xf1, 0xb8, 0x5, 0xc0, 0x20, 0x1c,
    0xf9, 0xdf, 0xf9, 0x91, 0x0, 0x11, 0xf4, 0x18,
    0x8, 0x4, 0x32, 0x1, 0x1e, 0xa, 0xef, 0x73,
    0xe4, 0x45, 0xe0, 0x17, 0x3, 0xd1, 0x0, 0x4d,
    0x82, 0x4e, 0xa, 0x44, 0x80, 0xf, 0x15, 0x84,
    0x87, 0x85, 0x80, 0x7e, 0x51, 0x11, 0xb8, 0x28,
    0x7, 0xf2, 0x3, 0x18, 0x10, 0x7, 0xf1, 0x81,
    0x98, 0x8, 0x3, 0xf8, 0xc0, 0xdc, 0x14, 0x3,
    0xf9, 0x1, 0x3c, 0x2c, 0x3, 0xf2, 0x89, 0x8a,
    0x91, 0x20, 0x3, 0xc5, 0x61, 0x20, 0xe, 0x7,
    0xa2, 0x0, 0x97, 0x5, 0x54, 0x0, 0x3c, 0x15,
    0xde, 0xe7, 0xd0, 0xb5, 0x0, 0x63, 0xe8, 0x30,
    0x11, 0x2e, 0x48, 0x4,

    /* U+1EDF "ở" */
    0x0, 0xd7, 0xf8, 0x60, 0x1e, 0x75, 0xb0, 0xf0,
    0xf, 0x3f, 0x20, 0x38, 0x7, 0xee, 0xa, 0x4,
    0x30, 0xc, 0x2f, 0xa2, 0x17, 0x0, 0x18, 0x64,
    0x40, 0x80, 0x80, 0x3, 0x3b, 0xff, 0x69, 0x58,
    0x1f, 0xb0, 0x21, 0x0, 0x20, 0x83, 0x86, 0x36,
    0xf6, 0x42, 0x85, 0x49, 0x1c, 0x2, 0x65, 0x7,
    0xc0, 0xe0, 0xe, 0xf0, 0xc3, 0x1, 0x0, 0xe6,
    0x1, 0x30, 0x10, 0xe, 0x60, 0x2c, 0xe, 0x0,
    0xef, 0xc, 0x52, 0x47, 0x0, 0x99, 0x49, 0x43,
    0x86, 0x36, 0xf6, 0x47, 0x80, 0x7, 0x8c, 0x68,
    0x6d, 0x86, 0x0,

    /* U+1EE0 "Ỡ" */
    0x0, 0xfe, 0x10, 0xf, 0xe3, 0xfe, 0x20, 0xf5,
    0x0, 0xfd, 0x26, 0xfe, 0x82, 0xc0, 0x1f, 0x9a,
    0xe5, 0xac, 0x8c, 0x98, 0x80, 0x3a, 0x14, 0x2e,
    0xd8, 0xb, 0x2e, 0x1, 0xc8, 0x40, 0x4, 0x10,
    0xe0, 0x10, 0xe, 0x7c, 0xef, 0xfc, 0xc8, 0x80,
    0x8, 0xfa, 0xc, 0x4, 0x2, 0x19, 0x0, 0x8f,
    0x5, 0x77, 0xb9, 0xf2, 0x22, 0xf0, 0xb, 0x81,
    0xe8, 0x80, 0x26, 0xc1, 0x27, 0x5, 0x22, 0x40,
    0x7, 0x8a, 0xc2, 0x43, 0xc2, 0xc0, 0x3f, 0x28,
    0x88, 0xdc, 0x14, 0x3, 0xf9, 0x1, 0x8c, 0x8,
    0x3, 0xf8, 0xc0, 0xcc, 0x4, 0x1, 0xfc, 0x60,
    0x6e, 0xa, 0x1, 0xfc, 0x80, 0x9e, 0x16, 0x1,
    0xf9, 0x44, 0xc5, 0x48, 0x90, 0x1, 0xe2, 0xb0,
    0x90, 0x7, 0x3, 0xd1, 0x0, 0x4b, 0x82, 0xaa,
    0x0, 0x1e, 0xa, 0xef, 0x73, 0xe8, 0x5a, 0x80,
    0x31, 0xf4, 0x18, 0x8, 0x97, 0x24, 0x2,

    /* U+1EE1 "ỡ" */
    0x0, 0xe, 0xfd, 0x16, 0x40, 0x6, 0x63, 0x97,
    0xd3, 0xa4, 0x30, 0x2, 0xe3, 0x6e, 0x71, 0x5c,
    0x0, 0x8, 0x80, 0x3, 0x12, 0x2, 0x0, 0xc,
    0xef, 0xfd, 0xa5, 0x60, 0x7e, 0xc0, 0x84, 0x0,
    0x82, 0xe, 0x18, 0xdb, 0xd9, 0xa, 0x15, 0x24,
    0x70, 0x9, 0x94, 0x1f, 0x3, 0x80, 0x3b, 0xc3,
    0xc, 0x4, 0x3, 0x98, 0x4, 0xc0, 0x40, 0x39,
    0x80, 0xb0, 0x38, 0x3, 0xbc, 0x31, 0x49, 0x1c,
    0x2, 0x65, 0x25, 0xe, 0x18, 0xdb, 0xd9, 0x1e,
    0x0, 0x1e, 0x31, 0xa1, 0xb6, 0x18, 0x0,

    /* U+1EE2 "Ợ" */
    0x0, 0xff, 0x89, 0x88, 0x3, 0xff, 0x80, 0xb2,
    0xe0, 0x1f, 0xfc, 0xe, 0x1, 0x0, 0xe7, 0xce,
    0xff, 0xcc, 0x88, 0x0, 0x8f, 0xa0, 0xc0, 0x40,
    0x21, 0x90, 0x8, 0xf0, 0x57, 0x7b, 0x9f, 0x22,
    0x2f, 0x0, 0xb8, 0x1e, 0x88, 0x2, 0x6c, 0x12,
    0x70, 0x52, 0x24, 0x0, 0x78, 0xac, 0x24, 0x3c,
    0x2c, 0x3, 0xf2, 0x88, 0x8d, 0xc1, 0x40, 0x3f,
    0x90, 0x18, 0xc0, 0x80, 0x3f, 0x8c, 0xc, 0xc0,
    0x40, 0x1f, 0xc6, 0x6, 0xe0, 0xa0, 0x1f, 0xc8,
    0x9, 0xe1, 0x60, 0x1f, 0x94, 0x4c, 0x54, 0x89,
    0x0, 0x1e, 0x2b, 0x9, 0x0, 0x70, 0x3d, 0x10,
    0x4, 0xb8, 0x2a, 0xa0, 0x1, 0xe0, 0xae, 0xf7,
    0x3e, 0x85, 0xa8, 0x3, 0x1f, 0x41, 0x80, 0x89,
    0x72, 0x40, 0x3e, 0x7c, 0xef, 0xea, 0x30, 0xf,
    0xfe, 0x6d, 0x71, 0x80, 0x7f, 0xf0, 0x14, 0x6c,
    0x3, 0xff, 0x81, 0x4d, 0x20, 0x1e,

    /* U+1EE3 "ợ" */
    0x0, 0xfe, 0x43, 0x0, 0xfe, 0xb8, 0x0, 0xfc,
    0x40, 0x40, 0x1, 0x9d, 0xff, 0xb4, 0xac, 0xf,
    0xd8, 0x10, 0x80, 0x10, 0x41, 0xc3, 0x1b, 0x7b,
    0x21, 0x42, 0xa4, 0x8e, 0x1, 0x32, 0x83, 0xe0,
    0x70, 0x7, 0x78, 0x61, 0x80, 0x80, 0x73, 0x0,
    0x98, 0x8, 0x7, 0x30, 0x16, 0x7, 0x0, 0x77,
    0x86, 0x29, 0x23, 0x80, 0x4c, 0xa4, 0xa1, 0xc3,
    0x1b, 0x7b, 0x23, 0xc0, 0x3, 0xc6, 0x34, 0x36,
    0xc3, 0x0, 0x8a, 0x7b, 0xfa, 0x48, 0x3, 0xff,
    0x8a, 0xde, 0xe0, 0x1f, 0xb4, 0x2c, 0x3, 0xf4,
    0x37, 0x80, 0x60,

    /* U+1EE4 "Ụ" */
    0x3f, 0xc0, 0xf, 0xb7, 0xc4, 0x3, 0xff, 0xfe,
    0x1, 0xff, 0xdb, 0x30, 0x1, 0x1, 0x0, 0x7c,
    0x20, 0x22, 0x21, 0x50, 0xe, 0x70, 0x30, 0x5,
    0x85, 0xa8, 0x4, 0xd0, 0x12, 0x0, 0x65, 0x1a,
    0xfe, 0xf9, 0x7, 0x50, 0xa, 0xa8, 0x82, 0x32,
    0xdc, 0x0, 0x72, 0xdf, 0x7f, 0x52, 0x0, 0x7f,
    0xf2, 0x63, 0xd4, 0x3, 0xfc, 0xa1, 0xe0, 0x1f,
    0xe9, 0x68, 0x0, 0xe0,

    /* U+1EE5 "ụ" */
    0x4f, 0x90, 0xd, 0x7e, 0x60, 0x1f, 0xff, 0x23,
    0x0, 0xc8, 0x0, 0x50, 0x41, 0x0, 0x40, 0x4,
    0x2a, 0x3f, 0x7a, 0xc6, 0x1, 0x53, 0x2, 0xe,
    0xb8, 0x6, 0x9e, 0xfc, 0x3b, 0xf3, 0x0, 0xff,
    0xe0, 0x8f, 0x60, 0x7, 0xc8, 0x26, 0x40, 0x1e,
    0x57, 0x82, 0x0, 0x80,

    /* U+1EE6 "Ủ" */
    0x0, 0xc3, 0x9f, 0x62, 0x1, 0xfa, 0xc3, 0x1a,
    0x0, 0x3f, 0x56, 0x9, 0x88, 0x7, 0xf1, 0x6a,
    0x40, 0x7, 0xf9, 0xe8, 0x3, 0xfc, 0x50, 0x1,
    0xe3, 0xfc, 0x0, 0xfb, 0x7c, 0x40, 0x3f, 0xff,
    0xe0, 0x1f, 0xfd, 0xb3, 0x0, 0x10, 0x10, 0x7,
    0xc2, 0x2, 0x22, 0x15, 0x0, 0xe7, 0x3, 0x0,
    0x58, 0x5a, 0x80, 0x4d, 0x1, 0x20, 0x6, 0x51,
    0xaf, 0xef, 0x90, 0x75, 0x0, 0xaa, 0x88, 0x23,
    0x2d, 0xc0, 0x0,

    /* U+1EE7 "ủ" */
    0x0, 0x9b, 0xb8, 0xe0, 0x1c, 0x33, 0x34, 0x10,
    0x6, 0x1e, 0x70, 0x1, 0x80, 0x70, 0xc4, 0xd0,
    0x80, 0x7b, 0x69, 0x40, 0x3e, 0x54, 0x0, 0xc9,
    0xf2, 0x1, 0xaf, 0xcc, 0x3, 0xff, 0xe4, 0x60,
    0x19, 0x0, 0xa, 0x8, 0x20, 0x8, 0x0, 0x85,
    0x47, 0xef, 0x58, 0xc0, 0x2a, 0x60, 0x41, 0xd7,
    0x0, 0x0,

    /* U+1EE8 "Ứ" */
    0x0, 0xf9, 0x20, 0x80, 0x3f, 0xf8, 0x14, 0xc4,
    0x1, 0xff, 0x30, 0xd8, 0x7, 0xff, 0x2, 0x11,
    0x40, 0x22, 0x83, 0x0, 0xf7, 0x58, 0x6, 0x77,
    0x20, 0x7, 0xff, 0x3, 0x40, 0x8f, 0xf0, 0x3,
    0xed, 0xf7, 0x15, 0x0, 0xff, 0xe0, 0x57, 0x0,
    0x7f, 0xf0, 0x50, 0x3, 0xff, 0xfe, 0x1, 0xff,
    0xcf, 0x30, 0xc, 0x40, 0x40, 0x1f, 0x8, 0x8,
    0x0, 0x48, 0x54, 0x3, 0x9c, 0xc, 0x3, 0x58,
    0x5a, 0x80, 0x4d, 0x1, 0x20, 0x19, 0x94, 0x6b,
    0xfb, 0xe4, 0x1d, 0x40, 0x3a, 0xa8, 0x82, 0x32,
    0xdc, 0x0, 0x60,

    /* U+1EE9 "ứ" */
    0x0, 0xe3, 0x83, 0x0, 0xfe, 0xf7, 0x10, 0xf,
    0xc6, 0x66, 0x20, 0xf, 0xd2, 0x10, 0x1, 0xfd,
    0xb4, 0x20, 0x4, 0xf6, 0x0, 0xce, 0xa0, 0x11,
    0x81, 0xa7, 0xc8, 0x6, 0xbf, 0x81, 0x40, 0xf,
    0xe9, 0xe1, 0x0, 0xfe, 0x50, 0xf, 0xff, 0x41,
    0x80, 0x64, 0x0, 0xca, 0x8, 0x20, 0x8, 0x0,
    0xe1, 0x51, 0xfb, 0xd6, 0x30, 0xe, 0xa6, 0x4,
    0x1d, 0x70, 0xc,

    /* U+1EEA "Ừ" */
    0x0, 0xce, 0xe0, 0xf, 0xfe, 0xf, 0xc2, 0x80,
    0x7f, 0xf0, 0x20, 0x60, 0x3, 0xff, 0x83, 0x64,
    0xa0, 0x18, 0xa0, 0xc0, 0x39, 0x7d, 0x40, 0x33,
    0xb9, 0x0, 0x3f, 0xf8, 0x1a, 0x4, 0x7f, 0x80,
    0x1f, 0x6f, 0xb8, 0xa8, 0x7, 0xff, 0x2, 0xb8,
    0x3, 0xff, 0x82, 0x80, 0x1f, 0xff, 0xf0, 0xf,
    0xfe, 0x79, 0x80, 0x62, 0x2, 0x0, 0xf8, 0x40,
    0x40, 0x2, 0x42, 0xa0, 0x1c, 0xe0, 0x60, 0x1a,
    0xc2, 0xd4, 0x2, 0x68, 0x9, 0x0, 0xcc, 0xa3,
    0x5f, 0xdf, 0x20, 0xea, 0x1, 0xd5, 0x44, 0x11,
    0x96, 0xe0, 0x3, 0x0,

    /* U+1EEB "ừ" */
    0x0, 0x3b, 0x80, 0x3f, 0xdf, 0xa, 0x1, 0xfd,
    0x3, 0x20, 0x1f, 0xe9, 0x33, 0x0, 0x7f, 0x3c,
    0x38, 0x4, 0x9e, 0xc0, 0x19, 0xd0, 0x2, 0x30,
    0x34, 0xf9, 0x0, 0xd7, 0xf0, 0x28, 0x1, 0xfd,
    0x3c, 0x20, 0x1f, 0xca, 0x1, 0xff, 0xe8, 0x30,
    0xc, 0x80, 0x19, 0x41, 0x4, 0x1, 0x0, 0x1c,
    0x2a, 0x3f, 0x7a, 0xc6, 0x1, 0xd4, 0xc0, 0x83,
    0xae, 0x1, 0x80,

    /* U+1EEC "Ử" */
    0x0, 0xe9, 0xfd, 0x40, 0xf, 0xf2, 0xb5, 0xbd,
    0x0, 0x7f, 0x97, 0xd0, 0x4c, 0x3, 0xff, 0x81,
    0xaf, 0xe0, 0x18, 0x40, 0x3e, 0x5e, 0x20, 0x9,
    0x79, 0xc0, 0x3d, 0x4, 0x1, 0xb4, 0x4, 0xff,
    0x0, 0x3e, 0xdf, 0x71, 0x70, 0xf, 0xfe, 0x5,
    0x78, 0x80, 0x7f, 0xf0, 0x10, 0x40, 0x3f, 0xff,
    0xe0, 0x1f, 0xfc, 0xe3, 0x0, 0xc4, 0x4, 0x1,
    0xf0, 0x80, 0x80, 0x4, 0x85, 0x40, 0x39, 0xc0,
    0xc0, 0x35, 0x85, 0xa8, 0x4, 0xd0, 0x12, 0x1,
    0x99, 0x46, 0xbf, 0xbe, 0x41, 0xd4, 0x3, 0xaa,
    0x88, 0x23, 0x2d, 0xc0, 0x6,

    /* U+1EED "ử" */
    0x0, 0xa3, 0xf9, 0x40, 0x3e, 0x37, 0xa7, 0xa0,
    0xf, 0x8f, 0xd4, 0xc4, 0x3, 0xfa, 0xdf, 0x40,
    0x21, 0x0, 0xec, 0xe3, 0x0, 0x27, 0x30, 0x6,
    0x73, 0x0, 0x8c, 0xd, 0x3e, 0x40, 0x35, 0xfc,
    0xa, 0x0, 0x7f, 0x4f, 0x8, 0x7, 0xf2, 0x80,
    0x7f, 0xfa, 0xc, 0x3, 0x20, 0x6, 0x50, 0x41,
    0x0, 0x40, 0x7, 0xa, 0x8f, 0xde, 0xb1, 0x80,
    0x75, 0x30, 0x20, 0xeb, 0x80, 0x60,

    /* U+1EEE "Ữ" */
    0x0, 0xfe, 0x10, 0xf, 0xec, 0xf8, 0x8, 0xa0,
    0xf, 0xc8, 0x72, 0xec, 0x64, 0x1, 0xf8, 0x88,
    0xd5, 0x29, 0xa0, 0x11, 0x0, 0x64, 0x90, 0x5d,
    0xd2, 0x0, 0x17, 0x5c, 0x2, 0x24, 0x0, 0x11,
    0x0, 0x2d, 0x1, 0x3f, 0xc0, 0xf, 0xb7, 0xdc,
    0x5c, 0x3, 0xff, 0x81, 0x5e, 0x20, 0x1f, 0xfc,
    0x4, 0x10, 0xf, 0xff, 0xf8, 0x7, 0xff, 0x38,
    0xc0, 0x31, 0x1, 0x0, 0x7c, 0x20, 0x20, 0x1,
    0x21, 0x50, 0xe, 0x70, 0x30, 0xd, 0x61, 0x6a,
    0x1, 0x34, 0x4, 0x80, 0x66, 0x51, 0xaf, 0xef,
    0x90, 0x75, 0x0, 0xea, 0xa2, 0x8, 0xcb, 0x70,
    0x1, 0x80,

    /* U+1EEF "ữ" */
    0x0, 0x5f, 0xe2, 0x4e, 0x80, 0x72, 0x21, 0xc2,
    0xda, 0x80, 0x39, 0x6e, 0x33, 0x27, 0x4, 0xe5,
    0x1, 0x40, 0x1, 0x98, 0x0, 0x42, 0x9, 0xf2,
    0x1, 0xaf, 0xe4, 0x50, 0x3, 0xfa, 0x78, 0x40,
    0x3f, 0x94, 0x3, 0xff, 0xd0, 0x60, 0x19, 0x0,
    0x32, 0x82, 0x8, 0x2, 0x0, 0x38, 0x54, 0x7e,
    0xf5, 0x8c, 0x3, 0xa9, 0x81, 0x7, 0x5c, 0x3,
    0x0,

    /* U+1EF0 "Ự" */
    0x0, 0xff, 0xe0, 0x14, 0x18, 0x7, 0xff, 0x1,
    0xdc, 0x80, 0x1f, 0xfc, 0xd, 0x2, 0x3f, 0xc0,
    0xf, 0xb7, 0xdc, 0x54, 0x3, 0xff, 0x81, 0x5c,
    0x1, 0xff, 0xc1, 0x40, 0xf, 0xff, 0xf8, 0x7,
    0xff, 0x3c, 0xc0, 0x31, 0x1, 0x0, 0x7c, 0x20,
    0x20, 0x1, 0x21, 0x50, 0xe, 0x70, 0x30, 0xd,
    0x61, 0x6a, 0x1, 0x34, 0x4, 0x80, 0x66, 0x51,
    0xaf, 0xef, 0x90, 0x75, 0x0, 0xea, 0xa2, 0x8,
    0xcb, 0x70, 0x1, 0xf2, 0xdf, 0x7f, 0x52, 0x0,
    0x7f, 0xf3, 0x53, 0xe4, 0x3, 0xff, 0x81, 0xa0,
    0xe0, 0x1f, 0xfc, 0x8, 0x6a, 0x0, 0xf8,

    /* U+1EF1 "ự" */
    0x0, 0xfe, 0x4f, 0x60, 0xf, 0xe3, 0x3, 0x4f,
    0x90, 0xd, 0x7f, 0x2, 0x80, 0x1f, 0xd3, 0xc2,
    0x1, 0xfc, 0xa0, 0x1f, 0xfe, 0x83, 0x0, 0xc8,
    0x1, 0x94, 0x10, 0x40, 0x10, 0x1, 0xc2, 0xa3,
    0xf7, 0xac, 0x60, 0x1d, 0x4c, 0x8, 0x3a, 0xe0,
    0x1e, 0x9e, 0xfc, 0x3b, 0xf3, 0x0, 0xff, 0xe2,
    0x9f, 0x50, 0x7, 0xf2, 0xa, 0x80, 0x7f, 0x33,
    0x28, 0x3, 0xc0,

    /* U+1EF2 "Ỳ" */
    0x0, 0xce, 0xe0, 0xf, 0xfb, 0xe1, 0x40, 0x3f,
    0xd2, 0x12, 0x1, 0xfe, 0x17, 0x33, 0x0, 0x7f,
    0xa5, 0xdc, 0x1, 0xfe, 0x18, 0x40, 0xe, 0x3f,
    0xe0, 0xf, 0xa7, 0xe0, 0xd0, 0x58, 0x3, 0x89,
    0x86, 0x42, 0x42, 0x0, 0x3a, 0x2, 0x44, 0x9,
    0x45, 0xc0, 0x22, 0x51, 0x70, 0xa, 0xc2, 0x44,
    0x1, 0x21, 0x0, 0x18, 0x5c, 0x64, 0xd, 0x9,
    0x80, 0x3a, 0x41, 0xc6, 0x2, 0x0, 0x3c, 0x30,
    0x1a, 0x86, 0xa0, 0x1f, 0x38, 0x98, 0x40, 0x7,
    0xf4, 0x2, 0x20, 0x3, 0xf8, 0xc0, 0x40, 0x3f,
    0xfd, 0xa0,

    /* U+1EF3 "ỳ" */
    0x0, 0xb3, 0xc8, 0x3, 0xf7, 0x85, 0x80, 0x7e,
    0x36, 0x60, 0x80, 0x7e, 0x87, 0x20, 0xf, 0xc3,
    0x6, 0x1, 0xdf, 0xe0, 0xe, 0x3f, 0xc0, 0x60,
    0x50, 0xd, 0x41, 0x41, 0x41, 0xc0, 0x19, 0xc1,
    0x80, 0xc9, 0x4, 0x0, 0x82, 0xa0, 0x12, 0x83,
    0x80, 0x38, 0x38, 0x2, 0xa0, 0xa0, 0x2, 0x8a,
    0x0, 0x44, 0x66, 0x26, 0x6, 0x0, 0xea, 0x5,
    0xd0, 0xa0, 0xe, 0x70, 0x94, 0x32, 0x0, 0xe1,
    0x51, 0xa, 0x0, 0xfb, 0x80, 0xe, 0x1, 0xfc,
    0xa2, 0x1, 0xe2, 0x90, 0x80, 0xc, 0x75, 0x9a,
    0x52, 0x40, 0x19, 0xd4, 0x93, 0x18, 0x3, 0x80,

    /* U+1EF4 "Ỵ" */
    0x3f, 0xe0, 0xf, 0xa7, 0xe0, 0xd0, 0x58, 0x3,
    0x89, 0x86, 0x42, 0x42, 0x0, 0x3a, 0x2, 0x44,
    0x9, 0x45, 0xc0, 0x22, 0x51, 0x70, 0xa, 0xc2,
    0x44, 0x1, 0x21, 0x0, 0x18, 0x5c, 0x64, 0xd,
    0x9, 0x80, 0x3a, 0x41, 0xc6, 0x2, 0x0, 0x3c,
    0x30, 0x1a, 0x86, 0xa0, 0x1f, 0x38, 0x98, 0x40,
    0x7, 0xf4, 0x2, 0x20, 0x3, 0xf8, 0xc0, 0x40,
    0x3f, 0xfe, 0x4b, 0xf4, 0x1, 0xff, 0xcb, 0x4e,
    0xa0, 0xf, 0xf6, 0xa, 0x80, 0x7f, 0xa5, 0xa8,
    0x3, 0x80,

    /* U+1EF5 "ỵ" */
    0xf, 0xf0, 0x7, 0x1f, 0xe0, 0x30, 0x28, 0x6,
    0xa0, 0xa0, 0xa0, 0xe0, 0xc, 0xe0, 0xc0, 0x64,
    0x82, 0x0, 0x41, 0x50, 0x9, 0x41, 0xc0, 0x1c,
    0x1c, 0x1, 0x50, 0x50, 0x1, 0x45, 0x0, 0x22,
    0x33, 0x13, 0x3, 0x0, 0x75, 0x2, 0xe8, 0x50,
    0x7, 0x38, 0x4a, 0x19, 0x0, 0x70, 0xa8, 0x85,
    0x0, 0x7d, 0xc0, 0x7, 0x0, 0xfe, 0x51, 0x0,
    0xf1, 0x48, 0x40, 0x6, 0x3a, 0xcd, 0x29, 0x26,
    0xf7, 0x7, 0x52, 0x4c, 0x60, 0xc0, 0xb0, 0x4f,
    0xeb, 0x30, 0x4, 0x37, 0x80,

    /* U+1EF6 "Ỷ" */
    0x0, 0xe9, 0xfd, 0x50, 0xf, 0xc8, 0xd6, 0x94,
    0x1, 0xf9, 0x39, 0xc, 0x40, 0x3f, 0x86, 0xdf,
    0x40, 0x3f, 0xc7, 0xc6, 0x1, 0xfe, 0x83, 0x0,
    0xe3, 0xfe, 0x0, 0xfa, 0x7e, 0xd, 0x5, 0x80,
    0x38, 0x98, 0x64, 0x24, 0x20, 0x3, 0xa0, 0x24,
    0x40, 0x94, 0x5c, 0x2, 0x25, 0x17, 0x0, 0xac,
    0x24, 0x40, 0x12, 0x10, 0x1, 0x85, 0xc6, 0x40,
    0xd0, 0x98, 0x3, 0xa4, 0x1c, 0x60, 0x20, 0x3,
    0xc3, 0x1, 0xa8, 0x6a, 0x1, 0xf3, 0x89, 0x84,
    0x0, 0x7f, 0x40, 0x22, 0x0, 0x3f, 0x8c, 0x4,
    0x3, 0xff, 0xda,

    /* U+1EF7 "ỷ" */
    0x0, 0xd3, 0xfa, 0x80, 0x1e, 0x46, 0xb7, 0xb0,
    0xf, 0x27, 0xa0, 0x8, 0x7, 0xec, 0x7c, 0x0,
    0xfd, 0x7e, 0x40, 0x1f, 0x9c, 0x80, 0x3b, 0xfc,
    0x1, 0xc7, 0xf8, 0xc, 0xa, 0x1, 0xa8, 0x28,
    0x28, 0x38, 0x3, 0x38, 0x30, 0x19, 0x20, 0x80,
    0x10, 0x54, 0x2, 0x50, 0x70, 0x7, 0x7, 0x0,
    0x54, 0x14, 0x0, 0x51, 0x40, 0x8, 0x8c, 0xc4,
    0xc0, 0xc0, 0x1d, 0x40, 0xba, 0x14, 0x1, 0xce,
    0x12, 0x86, 0x40, 0x1c, 0x2a, 0x21, 0x40, 0x1f,
    0x70, 0x1, 0xc0, 0x3f, 0x94, 0x40, 0x3c, 0x52,
    0x10, 0x1, 0x8e, 0xb3, 0x4a, 0x48, 0x3, 0x3a,
    0x92, 0x63, 0x0, 0x70,

    /* U+1EF8 "Ỹ" */
    0x0, 0xe1, 0x0, 0x84, 0x3, 0xec, 0xed, 0x49,
    0xd0, 0xf, 0x29, 0xc8, 0xdb, 0x50, 0x7, 0x92,
    0xdb, 0x32, 0x60, 0xf, 0xa, 0x0, 0xc, 0xc0,
    0x18, 0xff, 0x80, 0x3e, 0x9f, 0x83, 0x41, 0x60,
    0xe, 0x26, 0x19, 0x9, 0x8, 0x0, 0xe8, 0x9,
    0x10, 0x25, 0x17, 0x0, 0x89, 0x45, 0xc0, 0x2b,
    0x9, 0x10, 0x4, 0x84, 0x0, 0x61, 0x71, 0x90,
    0x34, 0x26, 0x0, 0xe9, 0x7, 0x18, 0x8, 0x0,
    0xf0, 0xc0, 0x6a, 0x1a, 0x80, 0x7c, 0xe2, 0x61,
    0x0, 0x1f, 0xd0, 0x8, 0x80, 0xf, 0xe3, 0x1,
    0x0, 0xff, 0xf6, 0x80,

    /* U+1EF9 "ỹ" */
    0x0, 0xaf, 0xed, 0x2b, 0x0, 0x32, 0xa3, 0xb5,
    0xad, 0x80, 0x64, 0xb8, 0xdc, 0xc3, 0x80, 0x61,
    0x40, 0x1, 0x98, 0x3, 0x7f, 0x80, 0x38, 0xff,
    0x1, 0x81, 0x40, 0x35, 0x5, 0x5, 0x7, 0x0,
    0x67, 0x6, 0x3, 0x24, 0x10, 0x2, 0xa, 0x80,
    0x4a, 0xe, 0x0, 0xe0, 0xe0, 0xa, 0x82, 0x80,
    0xa, 0x28, 0x1, 0x11, 0x98, 0x98, 0x18, 0x3,
    0xa8, 0x17, 0x42, 0x80, 0x39, 0xc2, 0x50, 0xc8,
    0x3, 0x85, 0x44, 0x28, 0x3, 0xee, 0x0, 0x38,
    0x7, 0xf2, 0x88, 0x7, 0x8a, 0x42, 0x0, 0x31,
    0xd6, 0x69, 0x49, 0x0, 0x67, 0x52, 0x4c, 0x60,
    0xe
};


/*---------------------
 *  GLYPH DESCRIPTION
 *--------------------*/

static const lv_font_fmt_txt_glyph_dsc_t glyph_dsc[] = {
    {.bitmap_index = 0, .adv_w = 0, .box_w = 0, .box_h = 0, .ofs_x = 0, .ofs_y = 0} /* id = 0 reserved */,
    {.bitmap_index = 0, .adv_w = 74, .box_w = 0, .box_h = 0, .ofs_x = 0, .ofs_y = 0},
    {.bitmap_index = 0, .adv_w = 90, .box_w = 4, .box_h = 15, .ofs_x = 1, .ofs_y = 0},
    {.bitmap_index = 18, .adv_w = 102, .box_w = 5, .box_h = 5, .ofs_x = 1, .ofs_y = 10},
    {.bitmap_index = 31, .adv_w = 258, .box_w = 16, .box_h = 15, .ofs_x = 0, .ofs_y = 0},
    {.bitmap_index = 133, .adv_w = 206, .box_w = 11, .box_h = 19, .ofs_x = 1, .ofs_y = -2},
    {.bitmap_index = 224, .adv_w = 272, .box_w = 15, .box_h = 15, .ofs_x = 1, .ofs_y = 0},
    {.bitmap_index = 322, .adv_w = 237, .box_w = 13, .box_h = 15, .ofs_x = 1, .ofs_y = 0},
    {.bitmap_index = 412, .adv_w = 57, .box_w = 3, .box_h = 5, .ofs_x = 1, .ofs_y = 10},
    {.bitmap_index = 420, .adv_w = 140, .box_w = 7, .box_h = 23, .ofs_x = 1, .ofs_y = -5},
    {.bitmap_index = 489, .adv_w = 140, .box_w = 8, .box_h = 23, .ofs_x = 0, .ofs_y = -5},
    {.bitmap_index = 561, .adv_w = 159, .box_w = 10, .box_h = 9, .ofs_x = 0, .ofs_y = 6},
    {.bitmap_index = 599, .adv_w = 195, .box_w = 8, .box_h = 8, .ofs_x = 2, .ofs_y = 3},
    {.bitmap_index = 622, .adv_w = 97, .box_w = 4, .box_h = 5, .ofs_x = 1, .ofs_y = -2},
    {.bitmap_index = 633, .adv_w = 195, .box_w = 8, .box_h = 2, .ofs_x = 2, .ofs_y = 6},
    {.bitmap_index = 639, .adv_w = 92, .box_w = 4, .box_h = 3, .ofs_x = 1, .ofs_y = 0},
    {.bitmap_index = 645, .adv_w = 161, .box_w = 10, .box_h = 20, .ofs_x = 0, .ofs_y = -3},
    {.bitmap_index = 712, .adv_w = 216, .box_w = 12, .box_h = 15, .ofs_x = 1, .ofs_y = 0},
    {.bitmap_index = 791, .adv_w = 123, .box_w = 6, .box_h = 15, .ofs_x = 0, .ofs_y = 0},
    {.bitmap_index = 809, .adv_w = 208, .box_w = 11, .box_h = 15, .ofs_x = 1, .ofs_y = 0},
    {.bitmap_index = 878, .adv_w = 211, .box_w = 11, .box_h = 15, .ofs_x = 1, .ofs_y = 0},
    {.bitmap_index = 954, .adv_w = 227, .box_w = 12, .box_h = 15, .ofs_x = 1, .ofs_y = 0},
    {.bitmap_index = 1010, .adv_w = 211, .box_w = 11, .box_h = 15, .ofs_x = 1, .ofs_y = 0},
    {.bitmap_index = 1082, .adv_w = 218, .box_w = 12, .box_h = 15, .ofs_x = 1, .ofs_y = 0},
    {.bitmap_index = 1163, .adv_w = 190, .box_w = 11, .box_h = 15, .ofs_x = 1, .ofs_y = 0},
    {.bitmap_index = 1217, .adv_w = 203, .box_w = 11, .box_h = 15, .ofs_x = 1, .ofs_y = 0},
    {.bitmap_index = 1296, .adv_w = 218, .box_w = 12, .box_h = 15, .ofs_x = 1, .ofs_y = 0},
    {.bitmap_index = 1378, .adv_w = 92, .box_w = 4, .box_h = 11, .ofs_x = 1, .ofs_y = 0},
    {.bitmap_index = 1395, .adv_w = 97, .box_w = 4, .box_h = 14, .ofs_x = 1, .ofs_y = -3},
    {.bitmap_index = 1418, .adv_w = 178, .box_w = 9, .box_h = 10, .ofs_x = 1, .ofs_y = 2},
    {.bitmap_index = 1457, .adv_w = 232, .box_w = 11, .box_h = 6, .ofs_x = 2, .ofs_y = 3},
    {.bitmap_index = 1475, .adv_w = 178, .box_w = 9, .box_h = 10, .ofs_x = 1, .ofs_y = 2},
    {.bitmap_index = 1514, .adv_w = 183, .box_w = 10, .box_h = 15, .ofs_x = 1, .ofs_y = 0},
    {.bitmap_index = 1575, .adv_w = 322, .box_w = 18, .box_h = 18, .ofs_x = 1, .ofs_y = -3},
    {.bitmap_index = 1723, .adv_w = 236, .box_w = 14, .box_h = 15, .ofs_x = 0, .ofs_y = 0},
    {.bitmap_index = 1805, .adv_w = 216, .box_w = 12, .box_h = 15, .ofs_x = 1, .ofs_y = 0},
    {.bitmap_index = 1873, .adv_w = 248, .box_w = 14, .box_h = 15, .ofs_x = 1, .ofs_y = 0},
    {.bitmap_index = 1958, .adv_w = 233, .box_w = 13, .box_h = 15, .ofs_x = 1, .ofs_y = 0},
    {.bitmap_index = 2024, .adv_w = 198, .box_w = 11, .box_h = 15, .ofs_x = 1, .ofs_y = 0},
    {.bitmap_index = 2057, .adv_w = 203, .box_w = 11, .box_h = 15, .ofs_x = 1, .ofs_y = 0},
    {.bitmap_index = 2085, .adv_w = 251, .box_w = 14, .box_h = 15, .ofs_x = 1, .ofs_y = 0},
    {.bitmap_index = 2175, .adv_w = 227, .box_w = 12, .box_h = 15, .ofs_x = 1, .ofs_y = 0},
    {.bitmap_index = 2197, .adv_w = 83, .box_w = 3, .box_h = 15, .ofs_x = 1, .ofs_y = 0},
    {.bitmap_index = 2202, .adv_w = 149, .box_w = 8, .box_h = 15, .ofs_x = 0, .ofs_y = 0},
    {.bitmap_index = 2226, .adv_w = 217, .box_w = 12, .box_h = 15, .ofs_x = 1, .ofs_y = 0},
    {.bitmap_index = 2290, .adv_w = 200, .box_w = 11, .box_h = 15, .ofs_x = 1, .ofs_y = 0},
    {.bitmap_index = 2305, .adv_w = 273, .box_w = 15, .box_h = 15, .ofs_x = 1, .ofs_y = 0},
    {.bitmap_index = 2376, .adv_w = 234, .box_w = 13, .box_h = 15, .ofs_x = 1, .ofs_y = 0},
    {.bitmap_index = 2436, .adv_w = 264, .box_w = 15, .box_h = 15, .ofs_x = 1, .ofs_y = 0},
    {.bitmap_index = 2529, .adv_w = 206, .box_w = 11, .box_h = 15, .ofs_x = 1, .ofs_y = 0},
    {.bitmap_index = 2579, .adv_w = 263, .box_w = 15, .box_h = 15, .ofs_x = 1, .ofs_y = 0},
    {.bitmap_index = 2678, .adv_w = 214, .box_w = 12, .box_h = 15, .ofs_x = 1, .ofs_y = 0},
    {.bitmap_index = 2743, .adv_w = 203, .box_w = 11, .box_h = 15, .ofs_x = 1, .ofs_y = 0},
    {.bitmap_index = 2821, .adv_w = 208, .box_w = 13, .box_h = 15, .ofs_x = 0, .ofs_y = 0},
    {.bitmap_index = 2843, .adv_w = 232, .box_w = 12, .box_h = 15, .ofs_x = 1, .ofs_y = 0},
    {.bitmap_index = 2882, .adv_w = 226, .box_w = 14, .box_h = 15, .ofs_x = 0, .ofs_y = 0},
    {.bitmap_index = 2965, .adv_w = 322, .box_w = 20, .box_h = 15, .ofs_x = 0, .ofs_y = 0},
    {.bitmap_index = 3099, .adv_w = 230, .box_w = 13, .box_h = 15, .ofs_x = 1, .ofs_y = 0},
    {.bitmap_index = 3183, .adv_w = 213, .box_w = 13, .box_h = 15, .ofs_x = 0, .ofs_y = 0},
    {.bitmap_index = 3242, .adv_w = 211, .box_w = 11, .box_h = 15, .ofs_x = 1, .ofs_y = 0},
    {.bitmap_index = 3300, .adv_w = 147, .box_w = 7, .box_h = 21, .ofs_x = 1, .ofs_y = -4},
    {.bitmap_index = 3322, .adv_w = 155, .box_w = 9, .box_h = 20, .ofs_x = 0, .ofs_y = -3},
    {.bitmap_index = 3385, .adv_w = 147, .box_w = 7, .box_h = 21, .ofs_x = 1, .ofs_y = -4},
    {.bitmap_index = 3407, .adv_w = 179, .box_w = 7, .box_h = 4, .ofs_x = 2, .ofs_y = 12},
    {.bitmap_index = 3421, .adv_w = 225, .box_w = 10, .box_h = 2, .ofs_x = 2, .ofs_y = -2},
    {.bitmap_index = 3427, .adv_w = 65, .box_w = 4, .box_h = 4, .ofs_x = 0, .ofs_y = 12},
    {.bitmap_index = 3435, .adv_w = 205, .box_w = 11, .box_h = 11, .ofs_x = 1, .ofs_y = 0},
    {.bitmap_index = 3493, .adv_w = 209, .box_w = 11, .box_h = 15, .ofs_x = 1, .ofs_y = 0},
    {.bitmap_index = 3553, .adv_w = 196, .box_w = 11, .box_h = 11, .ofs_x = 1, .ofs_y = 0},
    {.bitmap_index = 3607, .adv_w = 209, .box_w = 11, .box_h = 15, .ofs_x = 1, .ofs_y = 0},
    {.bitmap_index = 3669, .adv_w = 192, .box_w = 10, .box_h = 11, .ofs_x = 1, .ofs_y = 0},
    {.bitmap_index = 3721, .adv_w = 124, .box_w = 8, .box_h = 15, .ofs_x = 0, .ofs_y = 0},
    {.bitmap_index = 3752, .adv_w = 206, .box_w = 11, .box_h = 15, .ofs_x = 1, .ofs_y = -4},
    {.bitmap_index = 3832, .adv_w = 187, .box_w = 10, .box_h = 15, .ofs_x = 1, .ofs_y = 0},
    {.bitmap_index = 3862, .adv_w = 84, .box_w = 3, .box_h = 15, .ofs_x = 1, .ofs_y = 0},
    {.bitmap_index = 3873, .adv_w = 88, .box_w = 6, .box_h = 19, .ofs_x = -1, .ofs_y = -4},
    {.bitmap_index = 3900, .adv_w = 178, .box_w = 10, .box_h = 15, .ofs_x = 1, .ofs_y = 0},
    {.bitmap_index = 3944, .adv_w = 82, .box_w = 3, .box_h = 15, .ofs_x = 1, .ofs_y = 0},
    {.bitmap_index = 3949, .adv_w = 286, .box_w = 16, .box_h = 11, .ofs_x = 1, .ofs_y = 0},
    {.bitmap_index = 3996, .adv_w = 183, .box_w = 10, .box_h = 11, .ofs_x = 1, .ofs_y = 0},
    {.bitmap_index = 4025, .adv_w = 205, .box_w = 11, .box_h = 11, .ofs_x = 1, .ofs_y = 0},
    {.bitmap_index = 4082, .adv_w = 209, .box_w = 11, .box_h = 15, .ofs_x = 1, .ofs_y = -4},
    {.bitmap_index = 4146, .adv_w = 209, .box_w = 11, .box_h = 15, .ofs_x = 1, .ofs_y = -4},
    {.bitmap_index = 4210, .adv_w = 125, .box_w = 7, .box_h = 11, .ofs_x = 1, .ofs_y = 0},
    {.bitmap_index = 4230, .adv_w = 163, .box_w = 9, .box_h = 11, .ofs_x = 1, .ofs_y = 0},
    {.bitmap_index = 4279, .adv_w = 137, .box_w = 8, .box_h = 14, .ofs_x = 0, .ofs_y = 0},
    {.bitmap_index = 4312, .adv_w = 181, .box_w = 9, .box_h = 11, .ofs_x = 1, .ofs_y = 0},
    {.bitmap_index = 4337, .adv_w = 184, .box_w = 11, .box_h = 11, .ofs_x = 0, .ofs_y = 0},
    {.bitmap_index = 4390, .adv_w = 278, .box_w = 17, .box_h = 11, .ofs_x = 0, .ofs_y = 0},
    {.bitmap_index = 4478, .adv_w = 179, .box_w = 11, .box_h = 11, .ofs_x = 0, .ofs_y = 0},
    {.bitmap_index = 4533, .adv_w = 187, .box_w = 11, .box_h = 15, .ofs_x = 0, .ofs_y = -4},
    {.bitmap_index = 4603, .adv_w = 161, .box_w = 10, .box_h = 11, .ofs_x = 0, .ofs_y = 0},
    {.bitmap_index = 4647, .adv_w = 136, .box_w = 8, .box_h = 21, .ofs_x = 0, .ofs_y = -4},
    {.bitmap_index = 4697, .adv_w = 131, .box_w = 2, .box_h = 24, .ofs_x = 3, .ofs_y = -5},
    {.bitmap_index = 4702, .adv_w = 136, .box_w = 9, .box_h = 21, .ofs_x = 0, .ofs_y = -4},
    {.bitmap_index = 4751, .adv_w = 150, .box_w = 7, .box_h = 4, .ofs_x = 1, .ofs_y = 6},
    {.bitmap_index = 4764, .adv_w = 74, .box_w = 0, .box_h = 0, .ofs_x = 0, .ofs_y = 0},
    {.bitmap_index = 4764, .adv_w = 90, .box_w = 4, .box_h = 15, .ofs_x = 1, .ofs_y = -4},
    {.bitmap_index = 4782, .adv_w = 196, .box_w = 11, .box_h = 15, .ofs_x = 1, .ofs_y = -2},
    {.bitmap_index = 4854, .adv_w = 194, .box_w = 11, .box_h = 15, .ofs_x = 1, .ofs_y = 0},
    {.bitmap_index = 4919, .adv_w = 190, .box_w = 10, .box_h = 11, .ofs_x = 1, .ofs_y = 1},
    {.bitmap_index = 4972, .adv_w = 213, .box_w = 13, .box_h = 15, .ofs_x = 0, .ofs_y = 0},
    {.bitmap_index = 5053, .adv_w = 131, .box_w = 2, .box_h = 24, .ofs_x = 3, .ofs_y = -5},
    {.bitmap_index = 5066, .adv_w = 221, .box_w = 12, .box_h = 22, .ofs_x = 1, .ofs_y = -5},
    {.bitmap_index = 5187, .adv_w = 85, .box_w = 7, .box_h = 3, .ofs_x = 0, .ofs_y = 12},
    {.bitmap_index = 5198, .adv_w = 264, .box_w = 15, .box_h = 16, .ofs_x = 1, .ofs_y = -1},
    {.bitmap_index = 5308, .adv_w = 135, .box_w = 7, .box_h = 8, .ofs_x = 1, .ofs_y = 8},
    {.bitmap_index = 5335, .adv_w = 206, .box_w = 13, .box_h = 9, .ofs_x = 0, .ofs_y = 2},
    {.bitmap_index = 5389, .adv_w = 210, .box_w = 11, .box_h = 6, .ofs_x = 1, .ofs_y = 5},
    {.bitmap_index = 5404, .adv_w = 192, .box_w = 8, .box_h = 2, .ofs_x = 2, .ofs_y = 6},
    {.bitmap_index = 5410, .adv_w = 139, .box_w = 8, .box_h = 8, .ofs_x = 0, .ofs_y = 8},
    {.bitmap_index = 5443, .adv_w = 109, .box_w = 7, .box_h = 3, .ofs_x = 0, .ofs_y = 12},
    {.bitmap_index = 5451, .adv_w = 152, .box_w = 8, .box_h = 9, .ofs_x = 1, .ofs_y = 7},
    {.bitmap_index = 5486, .adv_w = 207, .box_w = 9, .box_h = 11, .ofs_x = 2, .ofs_y = 0},
    {.bitmap_index = 5520, .adv_w = 139, .box_w = 7, .box_h = 8, .ofs_x = 1, .ofs_y = 8},
    {.bitmap_index = 5548, .adv_w = 142, .box_w = 7, .box_h = 8, .ofs_x = 1, .ofs_y = 8},
    {.bitmap_index = 5577, .adv_w = 65, .box_w = 5, .box_h = 4, .ofs_x = -1, .ofs_y = 12},
    {.bitmap_index = 5588, .adv_w = 193, .box_w = 12, .box_h = 15, .ofs_x = 0, .ofs_y = -4},
    {.bitmap_index = 5631, .adv_w = 161, .box_w = 10, .box_h = 14, .ofs_x = 0, .ofs_y = 0},
    {.bitmap_index = 5664, .adv_w = 82, .box_w = 4, .box_h = 3, .ofs_x = 1, .ofs_y = 7},
    {.bitmap_index = 5670, .adv_w = 75, .box_w = 5, .box_h = 7, .ofs_x = 0, .ofs_y = -6},
    {.bitmap_index = 5688, .adv_w = 100, .box_w = 5, .box_h = 8, .ofs_x = 0, .ofs_y = 8},
    {.bitmap_index = 5701, .adv_w = 146, .box_w = 7, .box_h = 8, .ofs_x = 1, .ofs_y = 8},
    {.bitmap_index = 5728, .adv_w = 206, .box_w = 13, .box_h = 9, .ofs_x = 0, .ofs_y = 2},
    {.bitmap_index = 5782, .adv_w = 250, .box_w = 17, .box_h = 15, .ofs_x = 0, .ofs_y = 0},
    {.bitmap_index = 5878, .adv_w = 256, .box_w = 18, .box_h = 16, .ofs_x = 0, .ofs_y = -1},
    {.bitmap_index = 5984, .adv_w = 255, .box_w = 19, .box_h = 16, .ofs_x = 0, .ofs_y = 0},
    {.bitmap_index = 6101, .adv_w = 183, .box_w = 10, .box_h = 16, .ofs_x = 1, .ofs_y = -5},
    {.bitmap_index = 6164, .adv_w = 236, .box_w = 14, .box_h = 21, .ofs_x = 0, .ofs_y = 0},
    {.bitmap_index = 6270, .adv_w = 236, .box_w = 14, .box_h = 21, .ofs_x = 0, .ofs_y = 0},
    {.bitmap_index = 6375, .adv_w = 236, .box_w = 14, .box_h = 20, .ofs_x = 0, .ofs_y = 0},
    {.bitmap_index = 6481, .adv_w = 236, .box_w = 14, .box_h = 21, .ofs_x = 0, .ofs_y = 0},
    {.bitmap_index = 6592, .adv_w = 236, .box_w = 14, .box_h = 19, .ofs_x = 0, .ofs_y = 0},
    {.bitmap_index = 6695, .adv_w = 236, .box_w = 14, .box_h = 23, .ofs_x = 0, .ofs_y = 0},
    {.bitmap_index = 6810, .adv_w = 326, .box_w = 20, .box_h = 15, .ofs_x = 0, .ofs_y = 0},
    {.bitmap_index = 6902, .adv_w = 248, .box_w = 14, .box_h = 21, .ofs_x = 1, .ofs_y = -6},
    {.bitmap_index = 7015, .adv_w = 202, .box_w = 11, .box_h = 21, .ofs_x = 1, .ofs_y = 0},
    {.bitmap_index = 7070, .adv_w = 202, .box_w = 11, .box_h = 21, .ofs_x = 1, .ofs_y = 0},
    {.bitmap_index = 7124, .adv_w = 202, .box_w = 11, .box_h = 20, .ofs_x = 1, .ofs_y = 0},
    {.bitmap_index = 7180, .adv_w = 202, .box_w = 11, .box_h = 19, .ofs_x = 1, .ofs_y = 0},
    {.bitmap_index = 7233, .adv_w = 89, .box_w = 4, .box_h = 21, .ofs_x = 0, .ofs_y = 0},
    {.bitmap_index = 7251, .adv_w = 89, .box_w = 5, .box_h = 21, .ofs_x = 1, .ofs_y = 0},
    {.bitmap_index = 7272, .adv_w = 89, .box_w = 8, .box_h = 20, .ofs_x = -1, .ofs_y = 0},
    {.bitmap_index = 7301, .adv_w = 89, .box_w = 7, .box_h = 19, .ofs_x = -1, .ofs_y = 0},
    {.bitmap_index = 7325, .adv_w = 252, .box_w = 15, .box_h = 15, .ofs_x = 0, .ofs_y = 0},
    {.bitmap_index = 7407, .adv_w = 241, .box_w = 13, .box_h = 21, .ofs_x = 1, .ofs_y = 0},
    {.bitmap_index = 7497, .adv_w = 264, .box_w = 15, .box_h = 21, .ofs_x = 1, .ofs_y = 0},
    {.bitmap_index = 7614, .adv_w = 264, .box_w = 15, .box_h = 21, .ofs_x = 1, .ofs_y = 0},
    {.bitmap_index = 7730, .adv_w = 264, .box_w = 15, .box_h = 20, .ofs_x = 1, .ofs_y = 0},
    {.bitmap_index = 7844, .adv_w = 264, .box_w = 15, .box_h = 21, .ofs_x = 1, .ofs_y = 0},
    {.bitmap_index = 7962, .adv_w = 264, .box_w = 15, .box_h = 20, .ofs_x = 1, .ofs_y = 0},
    {.bitmap_index = 8078, .adv_w = 185, .box_w = 8, .box_h = 8, .ofs_x = 2, .ofs_y = 2},
    {.bitmap_index = 8112, .adv_w = 264, .box_w = 15, .box_h = 15, .ofs_x = 1, .ofs_y = 0},
    {.bitmap_index = 8222, .adv_w = 238, .box_w = 13, .box_h = 21, .ofs_x = 1, .ofs_y = 0},
    {.bitmap_index = 8286, .adv_w = 238, .box_w = 13, .box_h = 21, .ofs_x = 1, .ofs_y = 0},
    {.bitmap_index = 8349, .adv_w = 238, .box_w = 13, .box_h = 20, .ofs_x = 1, .ofs_y = 0},
    {.bitmap_index = 8413, .adv_w = 238, .box_w = 13, .box_h = 20, .ofs_x = 1, .ofs_y = 0},
    {.bitmap_index = 8479, .adv_w = 213, .box_w = 13, .box_h = 21, .ofs_x = 0, .ofs_y = 0},
    {.bitmap_index = 8561, .adv_w = 206, .box_w = 11, .box_h = 15, .ofs_x = 1, .ofs_y = 0},
    {.bitmap_index = 8621, .adv_w = 216, .box_w = 11, .box_h = 15, .ofs_x = 1, .ofs_y = 0},
    {.bitmap_index = 8692, .adv_w = 209, .box_w = 11, .box_h = 16, .ofs_x = 1, .ofs_y = 0},
    {.bitmap_index = 8766, .adv_w = 209, .box_w = 11, .box_h = 16, .ofs_x = 1, .ofs_y = 0},
    {.bitmap_index = 8840, .adv_w = 209, .box_w = 11, .box_h = 15, .ofs_x = 1, .ofs_y = 0},
    {.bitmap_index = 8914, .adv_w = 209, .box_w = 11, .box_h = 15, .ofs_x = 1, .ofs_y = 0},
    {.bitmap_index = 8990, .adv_w = 209, .box_w = 11, .box_h = 15, .ofs_x = 1, .ofs_y = 0},
    {.bitmap_index = 9067, .adv_w = 209, .box_w = 11, .box_h = 18, .ofs_x = 1, .ofs_y = 0},
    {.bitmap_index = 9150, .adv_w = 309, .box_w = 18, .box_h = 11, .ofs_x = 1, .ofs_y = 0},
    {.bitmap_index = 9243, .adv_w = 199, .box_w = 11, .box_h = 17, .ofs_x = 1, .ofs_y = -6},
    {.bitmap_index = 9323, .adv_w = 195, .box_w = 10, .box_h = 17, .ofs_x = 1, .ofs_y = 0},
    {.bitmap_index = 9394, .adv_w = 195, .box_w = 10, .box_h = 17, .ofs_x = 1, .ofs_y = 0},
    {.bitmap_index = 9465, .adv_w = 195, .box_w = 10, .box_h = 15, .ofs_x = 1, .ofs_y = 0},
    {.bitmap_index = 9533, .adv_w = 195, .box_w = 10, .box_h = 15, .ofs_x = 1, .ofs_y = 0},
    {.bitmap_index = 9603, .adv_w = 88, .box_w = 5, .box_h = 16, .ofs_x = -1, .ofs_y = 0},
    {.bitmap_index = 9622, .adv_w = 88, .box_w = 5, .box_h = 16, .ofs_x = 1, .ofs_y = 0},
    {.bitmap_index = 9640, .adv_w = 88, .box_w = 7, .box_h = 15, .ofs_x = -1, .ofs_y = 0},
    {.bitmap_index = 9661, .adv_w = 88, .box_w = 7, .box_h = 15, .ofs_x = -1, .ofs_y = 0},
    {.bitmap_index = 9681, .adv_w = 205, .box_w = 11, .box_h = 18, .ofs_x = 1, .ofs_y = 0},
    {.bitmap_index = 9771, .adv_w = 191, .box_w = 10, .box_h = 15, .ofs_x = 1, .ofs_y = 0},
    {.bitmap_index = 9817, .adv_w = 209, .box_w = 11, .box_h = 17, .ofs_x = 1, .ofs_y = 0},
    {.bitmap_index = 9894, .adv_w = 209, .box_w = 11, .box_h = 17, .ofs_x = 1, .ofs_y = 0},
    {.bitmap_index = 9971, .adv_w = 209, .box_w = 11, .box_h = 15, .ofs_x = 1, .ofs_y = 0},
    {.bitmap_index = 10045, .adv_w = 209, .box_w = 11, .box_h = 15, .ofs_x = 1, .ofs_y = 0},
    {.bitmap_index = 10121, .adv_w = 209, .box_w = 11, .box_h = 15, .ofs_x = 1, .ofs_y = 0},
    {.bitmap_index = 10197, .adv_w = 212, .box_w = 9, .box_h = 10, .ofs_x = 2, .ofs_y = 1},
    {.bitmap_index = 10230, .adv_w = 205, .box_w = 11, .box_h = 13, .ofs_x = 1, .ofs_y = -1},
    {.bitmap_index = 10301, .adv_w = 189, .box_w = 10, .box_h = 17, .ofs_x = 1, .ofs_y = 0},
    {.bitmap_index = 10347, .adv_w = 189, .box_w = 10, .box_h = 17, .ofs_x = 1, .ofs_y = 0},
    {.bitmap_index = 10394, .adv_w = 189, .box_w = 10, .box_h = 15, .ofs_x = 1, .ofs_y = 0},
    {.bitmap_index = 10438, .adv_w = 189, .box_w = 10, .box_h = 15, .ofs_x = 1, .ofs_y = 0},
    {.bitmap_index = 10483, .adv_w = 187, .box_w = 11, .box_h = 20, .ofs_x = 0, .ofs_y = -4},
    {.bitmap_index = 10570, .adv_w = 209, .box_w = 11, .box_h = 19, .ofs_x = 1, .ofs_y = -4},
    {.bitmap_index = 10637, .adv_w = 187, .box_w = 11, .box_h = 19, .ofs_x = 0, .ofs_y = -4},
    {.bitmap_index = 10727, .adv_w = 236, .box_w = 14, .box_h = 20, .ofs_x = 0, .ofs_y = 0},
    {.bitmap_index = 10833, .adv_w = 209, .box_w = 11, .box_h = 15, .ofs_x = 1, .ofs_y = 0},
    {.bitmap_index = 10908, .adv_w = 252, .box_w = 15, .box_h = 15, .ofs_x = 0, .ofs_y = 0},
    {.bitmap_index = 10990, .adv_w = 212, .box_w = 13, .box_h = 15, .ofs_x = 1, .ofs_y = 0},
    {.bitmap_index = 11070, .adv_w = 89, .box_w = 7, .box_h = 21, .ofs_x = -1, .ofs_y = 0},
    {.bitmap_index = 11100, .adv_w = 88, .box_w = 7, .box_h = 15, .ofs_x = -1, .ofs_y = 0},
    {.bitmap_index = 11120, .adv_w = 238, .box_w = 13, .box_h = 21, .ofs_x = 1, .ofs_y = 0},
    {.bitmap_index = 11192, .adv_w = 189, .box_w = 10, .box_h = 15, .ofs_x = 1, .ofs_y = 0},
    {.bitmap_index = 11237, .adv_w = 264, .box_w = 15, .box_h = 18, .ofs_x = 1, .ofs_y = 0},
    {.bitmap_index = 11344, .adv_w = 205, .box_w = 11, .box_h = 14, .ofs_x = 1, .ofs_y = 0},
    {.bitmap_index = 11410, .adv_w = 238, .box_w = 15, .box_h = 18, .ofs_x = 1, .ofs_y = 0},
    {.bitmap_index = 11478, .adv_w = 184, .box_w = 12, .box_h = 13, .ofs_x = 1, .ofs_y = 0},
    {.bitmap_index = 11519, .adv_w = 236, .box_w = 14, .box_h = 20, .ofs_x = 0, .ofs_y = -5},
    {.bitmap_index = 11620, .adv_w = 209, .box_w = 11, .box_h = 16, .ofs_x = 1, .ofs_y = -5},
    {.bitmap_index = 11695, .adv_w = 236, .box_w = 14, .box_h = 21, .ofs_x = 0, .ofs_y = 0},
    {.bitmap_index = 11802, .adv_w = 209, .box_w = 11, .box_h = 17, .ofs_x = 1, .ofs_y = 0},
    {.bitmap_index = 11882, .adv_w = 236, .box_w = 14, .box_h = 23, .ofs_x = 0, .ofs_y = 0},
    {.bitmap_index = 12001, .adv_w = 209, .box_w = 12, .box_h = 19, .ofs_x = 1, .ofs_y = 0},
    {.bitmap_index = 12093, .adv_w = 236, .box_w = 14, .box_h = 23, .ofs_x = 0, .ofs_y = 0},
    {.bitmap_index = 12213, .adv_w = 209, .box_w = 11, .box_h = 19, .ofs_x = 1, .ofs_y = 0},
    {.bitmap_index = 12303, .adv_w = 236, .box_w = 14, .box_h = 24, .ofs_x = 0, .ofs_y = 0},
    {.bitmap_index = 12429, .adv_w = 209, .box_w = 11, .box_h = 19, .ofs_x = 1, .ofs_y = 0},
    {.bitmap_index = 12521, .adv_w = 236, .box_w = 14, .box_h = 24, .ofs_x = 0, .ofs_y = 0},
    {.bitmap_index = 12647, .adv_w = 209, .box_w = 11, .box_h = 20, .ofs_x = 1, .ofs_y = 0},
    {.bitmap_index = 12745, .adv_w = 236, .box_w = 14, .box_h = 25, .ofs_x = 0, .ofs_y = -5},
    {.bitmap_index = 12870, .adv_w = 209, .box_w = 11, .box_h = 20, .ofs_x = 1, .ofs_y = -5},
    {.bitmap_index = 12962, .adv_w = 236, .box_w = 14, .box_h = 24, .ofs_x = 0, .ofs_y = 0},
    {.bitmap_index = 13083, .adv_w = 209, .box_w = 11, .box_h = 20, .ofs_x = 1, .ofs_y = 0},
    {.bitmap_index = 13175, .adv_w = 236, .box_w = 14, .box_h = 24, .ofs_x = 0, .ofs_y = 0},
    {.bitmap_index = 13297, .adv_w = 209, .box_w = 11, .box_h = 20, .ofs_x = 1, .ofs_y = 0},
    {.bitmap_index = 13390, .adv_w = 236, .box_w = 14, .box_h = 24, .ofs_x = 0, .ofs_y = 0},
    {.bitmap_index = 13514, .adv_w = 209, .box_w = 11, .box_h = 20, .ofs_x = 1, .ofs_y = 0},
    {.bitmap_index = 13607, .adv_w = 236, .box_w = 14, .box_h = 24, .ofs_x = 0, .ofs_y = 0},
    {.bitmap_index = 13732, .adv_w = 209, .box_w = 11, .box_h = 20, .ofs_x = 1, .ofs_y = 0},
    {.bitmap_index = 13829, .adv_w = 236, .box_w = 14, .box_h = 25, .ofs_x = 0, .ofs_y = -5},
    {.bitmap_index = 13954, .adv_w = 209, .box_w = 11, .box_h = 20, .ofs_x = 1, .ofs_y = -5},
    {.bitmap_index = 14047, .adv_w = 202, .box_w = 11, .box_h = 20, .ofs_x = 1, .ofs_y = -5},
    {.bitmap_index = 14096, .adv_w = 195, .box_w = 10, .box_h = 16, .ofs_x = 1, .ofs_y = -5},
    {.bitmap_index = 14163, .adv_w = 202, .box_w = 11, .box_h = 21, .ofs_x = 1, .ofs_y = 0},
    {.bitmap_index = 14219, .adv_w = 195, .box_w = 10, .box_h = 17, .ofs_x = 1, .ofs_y = 0},
    {.bitmap_index = 14291, .adv_w = 202, .box_w = 11, .box_h = 21, .ofs_x = 1, .ofs_y = 0},
    {.bitmap_index = 14352, .adv_w = 195, .box_w = 10, .box_h = 15, .ofs_x = 1, .ofs_y = 0},
    {.bitmap_index = 14422, .adv_w = 202, .box_w = 12, .box_h = 23, .ofs_x = 1, .ofs_y = 0},
    {.bitmap_index = 14492, .adv_w = 195, .box_w = 12, .box_h = 19, .ofs_x = 1, .ofs_y = 0},
    {.bitmap_index = 14586, .adv_w = 202, .box_w = 11, .box_h = 23, .ofs_x = 1, .ofs_y = 0},
    {.bitmap_index = 14655, .adv_w = 195, .box_w = 10, .box_h = 19, .ofs_x = 1, .ofs_y = 0},
    {.bitmap_index = 14738, .adv_w = 202, .box_w = 12, .box_h = 24, .ofs_x = 1, .ofs_y = 0},
    {.bitmap_index = 14813, .adv_w = 195, .box_w = 11, .box_h = 20, .ofs_x = 1, .ofs_y = 0},
    {.bitmap_index = 14908, .adv_w = 202, .box_w = 11, .box_h = 24, .ofs_x = 1, .ofs_y = 0},
    {.bitmap_index = 14983, .adv_w = 195, .box_w = 10, .box_h = 20, .ofs_x = 1, .ofs_y = 0},
    {.bitmap_index = 15072, .adv_w = 202, .box_w = 11, .box_h = 25, .ofs_x = 1, .ofs_y = -5},
    {.bitmap_index = 15143, .adv_w = 195, .box_w = 10, .box_h = 20, .ofs_x = 1, .ofs_y = -5},
    {.bitmap_index = 15228, .adv_w = 89, .box_w = 6, .box_h = 21, .ofs_x = 0, .ofs_y = 0},
    {.bitmap_index = 15253, .adv_w = 88, .box_w = 6, .box_h = 17, .ofs_x = 0, .ofs_y = 0},
    {.bitmap_index = 15276, .adv_w = 89, .box_w = 4, .box_h = 20, .ofs_x = 1, .ofs_y = -5},
    {.bitmap_index = 15290, .adv_w = 88, .box_w = 4, .box_h = 20, .ofs_x = 1, .ofs_y = -5},
    {.bitmap_index = 15312, .adv_w = 264, .box_w = 15, .box_h = 20, .ofs_x = 1, .ofs_y = -5},
    {.bitmap_index = 15425, .adv_w = 209, .box_w = 11, .box_h = 16, .ofs_x = 1, .ofs_y = -5},
    {.bitmap_index = 15499, .adv_w = 264, .box_w = 15, .box_h = 21, .ofs_x = 1, .ofs_y = 0},
    {.bitmap_index = 15619, .adv_w = 209, .box_w = 11, .box_h = 17, .ofs_x = 1, .ofs_y = 0},
    {.bitmap_index = 15698, .adv_w = 264, .box_w = 15, .box_h = 24, .ofs_x = 1, .ofs_y = 0},
    {.bitmap_index = 15831, .adv_w = 209, .box_w = 12, .box_h = 19, .ofs_x = 1, .ofs_y = 0},
    {.bitmap_index = 15927, .adv_w = 264, .box_w = 15, .box_h = 24, .ofs_x = 1, .ofs_y = 0},
    {.bitmap_index = 16060, .adv_w = 209, .box_w = 11, .box_h = 19, .ofs_x = 1, .ofs_y = 0},
    {.bitmap_index = 16150, .adv_w = 264, .box_w = 15, .box_h = 24, .ofs_x = 1, .ofs_y = 0},
    {.bitmap_index = 16288, .adv_w = 209, .box_w = 11, .box_h = 20, .ofs_x = 1, .ofs_y = 0},
    {.bitmap_index = 16383, .adv_w = 264, .box_w = 15, .box_h = 24, .ofs_x = 1, .ofs_y = 0},
    {.bitmap_index = 16521, .adv_w = 209, .box_w = 11, .box_h = 20, .ofs_x = 1, .ofs_y = 0},
    {.bitmap_index = 16617, .adv_w = 264, .box_w = 15, .box_h = 25, .ofs_x = 1, .ofs_y = -5},
    {.bitmap_index = 16751, .adv_w = 209, .box_w = 11, .box_h = 20, .ofs_x = 1, .ofs_y = -5},
    {.bitmap_index = 16842, .adv_w = 264, .box_w = 15, .box_h = 21, .ofs_x = 1, .ofs_y = 0},
    {.bitmap_index = 16965, .adv_w = 209, .box_w = 11, .box_h = 17, .ofs_x = 1, .ofs_y = 0},
    {.bitmap_index = 17046, .adv_w = 264, .box_w = 15, .box_h = 21, .ofs_x = 1, .ofs_y = 0},
    {.bitmap_index = 17170, .adv_w = 209, .box_w = 11, .box_h = 17, .ofs_x = 1, .ofs_y = 0},
    {.bitmap_index = 17252, .adv_w = 264, .box_w = 15, .box_h = 21, .ofs_x = 1, .ofs_y = 0},
    {.bitmap_index = 17376, .adv_w = 209, .box_w = 11, .box_h = 17, .ofs_x = 1, .ofs_y = 0},
    {.bitmap_index = 17459, .adv_w = 264, .box_w = 15, .box_h = 21, .ofs_x = 1, .ofs_y = 0},
    {.bitmap_index = 17586, .adv_w = 209, .box_w = 11, .box_h = 15, .ofs_x = 1, .ofs_y = 0},
    {.bitmap_index = 17665, .adv_w = 264, .box_w = 15, .box_h = 23, .ofs_x = 1, .ofs_y = -5},
    {.bitmap_index = 17791, .adv_w = 209, .box_w = 11, .box_h = 19, .ofs_x = 1, .ofs_y = -5},
    {.bitmap_index = 17874, .adv_w = 238, .box_w = 13, .box_h = 20, .ofs_x = 1, .ofs_y = -5},
    {.bitmap_index = 17934, .adv_w = 189, .box_w = 10, .box_h = 16, .ofs_x = 1, .ofs_y = -5},
    {.bitmap_index = 17978, .adv_w = 238, .box_w = 13, .box_h = 21, .ofs_x = 1, .ofs_y = 0},
    {.bitmap_index = 18045, .adv_w = 189, .box_w = 10, .box_h = 17, .ofs_x = 1, .ofs_y = 0},
    {.bitmap_index = 18095, .adv_w = 238, .box_w = 15, .box_h = 21, .ofs_x = 1, .ofs_y = 0},
    {.bitmap_index = 18178, .adv_w = 189, .box_w = 12, .box_h = 17, .ofs_x = 1, .ofs_y = 0},
    {.bitmap_index = 18237, .adv_w = 238, .box_w = 15, .box_h = 21, .ofs_x = 1, .ofs_y = 0},
    {.bitmap_index = 18321, .adv_w = 189, .box_w = 12, .box_h = 17, .ofs_x = 1, .ofs_y = 0},
    {.bitmap_index = 18380, .adv_w = 238, .box_w = 15, .box_h = 21, .ofs_x = 1, .ofs_y = 0},
    {.bitmap_index = 18465, .adv_w = 189, .box_w = 12, .box_h = 17, .ofs_x = 1, .ofs_y = 0},
    {.bitmap_index = 18527, .adv_w = 238, .box_w = 15, .box_h = 21, .ofs_x = 1, .ofs_y = 0},
    {.bitmap_index = 18617, .adv_w = 189, .box_w = 12, .box_h = 15, .ofs_x = 1, .ofs_y = 0},
    {.bitmap_index = 18674, .adv_w = 238, .box_w = 15, .box_h = 23, .ofs_x = 1, .ofs_y = -5},
    {.bitmap_index = 18761, .adv_w = 189, .box_w = 12, .box_h = 18, .ofs_x = 1, .ofs_y = -5},
    {.bitmap_index = 18820, .adv_w = 213, .box_w = 13, .box_h = 21, .ofs_x = 0, .ofs_y = 0},
    {.bitmap_index = 18902, .adv_w = 187, .box_w = 11, .box_h = 20, .ofs_x = 0, .ofs_y = -4},
    {.bitmap_index = 18990, .adv_w = 213, .box_w = 13, .box_h = 20, .ofs_x = 0, .ofs_y = -5},
    {.bitmap_index = 19064, .adv_w = 187, .box_w = 11, .box_h = 16, .ofs_x = 0, .ofs_y = -5},
    {.bitmap_index = 19141, .adv_w = 213, .box_w = 13, .box_h = 21, .ofs_x = 0, .ofs_y = 0},
    {.bitmap_index = 19224, .adv_w = 187, .box_w = 11, .box_h = 21, .ofs_x = 0, .ofs_y = -4},
    {.bitmap_index = 19316, .adv_w = 213, .box_w = 13, .box_h = 20, .ofs_x = 0, .ofs_y = 0},
    {.bitmap_index = 19400, .adv_w = 187, .box_w = 11, .box_h = 19, .ofs_x = 0, .ofs_y = -4}
};

/*---------------------
 *  CHARACTER MAPPING
 *--------------------*/

static const uint16_t unicode_list_2[] = {
    0x0, 0x1, 0xe, 0xf, 0x26, 0x27, 0x66, 0x67,
    0x9e, 0x9f, 0xad, 0xae
};

/*Collect the unicode lists and glyph_id offsets*/
static const lv_font_fmt_txt_cmap_t cmaps[] =
{
    {
        .range_start = 32, .range_length = 95, .glyph_id_start = 1,
        .unicode_list = NULL, .glyph_id_ofs_list = NULL, .list_length = 0, .type = LV_FONT_FMT_TXT_CMAP_FORMAT0_TINY
    },
    {
        .range_start = 160, .range_length = 96, .glyph_id_start = 96,
        .unicode_list = NULL, .glyph_id_ofs_list = NULL, .list_length = 0, .type = LV_FONT_FMT_TXT_CMAP_FORMAT0_TINY
    },
    {
        .range_start = 258, .range_length = 175, .glyph_id_start = 192,
        .unicode_list = unicode_list_2, .glyph_id_ofs_list = NULL, .list_length = 12, .type = LV_FONT_FMT_TXT_CMAP_SPARSE_TINY
    },
    {
        .range_start = 7840, .range_length = 90, .glyph_id_start = 204,
        .unicode_list = NULL, .glyph_id_ofs_list = NULL, .list_length = 0, .type = LV_FONT_FMT_TXT_CMAP_FORMAT0_TINY
    }
};

/*-----------------
 *    KERNING
 *----------------*/


/*Map glyph_ids to kern left classes*/
static const uint8_t kern_left_class_mapping[] =
{
    0, 0, 0, 1, 2, 3, 4, 0,
    1, 0, 4, 0, 0, 5, 0, 5,
    6, 4, 0, 7, 8, 9, 10, 11,
    12, 13, 14, 0, 0, 0, 0, 15,
    0, 0, 16, 8, 17, 4, 18, 19,
    0, 20, 20, 21, 22, 23, 20, 20,
    4, 24, 0, 25, 3, 26, 21, 27,
    27, 28, 29, 30, 0, 31, 0, 0,
    0, 0, 32, 33, 34, 20, 33, 35,
    36, 37, 0, 38, 39, 20, 37, 37,
    33, 33, 40, 41, 42, 43, 44, 45,
    45, 46, 47, 48, 0, 0, 0, 0,
    0, 0, 0, 3, 0, 29, 0, 3,
    0, 0, 0, 0, 0, 0, 0, 0,
    0, 0, 0, 0, 0, 49, 0, 0,
    0, 0, 0, 0, 0, 0, 0, 0,
    16, 16, 16, 16, 16, 16, 18, 4,
    18, 18, 18, 18, 20, 20, 20, 20,
    4, 20, 4, 4, 4, 4, 4, 0,
    4, 21, 21, 21, 21, 29, 0, 8,
    32, 32, 32, 32, 32, 32, 33, 50,
    33, 33, 33, 33, 0, 0, 0, 0,
    51, 37, 33, 33, 33, 33, 33, 0,
    0, 44, 44, 44, 44, 47, 33, 47,
    16, 32, 4, 51, 20, 0, 21, 44,
    4, 0, 52, 53, 16, 32, 16, 32,
    16, 32, 16, 32, 16, 32, 16, 32,
    16, 32, 16, 32, 16, 32, 16, 32,
    16, 32, 16, 32, 18, 33, 18, 33,
    18, 33, 18, 33, 18, 33, 18, 33,
    18, 33, 18, 33, 20, 0, 20, 0,
    4, 33, 4, 33, 4, 33, 4, 33,
    4, 33, 4, 33, 4, 33, 4, 0,
    4, 0, 4, 0, 4, 0, 4, 0,
    21, 44, 21, 44, 52, 53, 52, 53,
    52, 53, 52, 53, 52, 53, 29, 47,
    29, 47, 29, 47, 29, 47
};

/*Map glyph_ids to kern right classes*/
static const uint8_t kern_right_class_mapping[] =
{
    0, 0, 1, 2, 3, 4, 5, 0,
    6, 5, 7, 8, 0, 9, 0, 9,
    10, 5, 11, 12, 13, 14, 15, 16,
    17, 18, 19, 0, 0, 0, 0, 20,
    21, 0, 22, 23, 5, 24, 23, 23,
    5, 23, 23, 25, 23, 23, 23, 23,
    5, 23, 5, 23, 4, 26, 27, 28,
    28, 29, 30, 31, 0, 32, 0, 0,
    0, 0, 16, 23, 16, 16, 16, 33,
    16, 23, 34, 35, 23, 23, 36, 36,
    16, 36, 16, 37, 38, 39, 40, 41,
    41, 42, 43, 44, 0, 0, 45, 0,
    0, 0, 0, 4, 0, 30, 0, 4,
    0, 0, 0, 0, 0, 0, 0, 0,
    0, 0, 0, 0, 0, 40, 0, 0,
    0, 0, 0, 0, 0, 0, 0, 0,
    22, 22, 22, 22, 22, 22, 22, 5,
    23, 23, 23, 23, 23, 23, 23, 23,
    0, 23, 5, 5, 5, 5, 5, 0,
    5, 27, 27, 27, 27, 30, 23, 23,
    16, 16, 16, 16, 16, 16, 46, 16,
    16, 16, 16, 16, 47, 34, 34, 34,
    16, 34, 16, 16, 16, 16, 16, 0,
    0, 40, 40, 40, 40, 43, 23, 43,
    22, 16, 0, 16, 23, 48, 27, 40,
    5, 16, 27, 40, 22, 16, 22, 16,
    22, 16, 22, 16, 22, 16, 22, 16,
    22, 16, 22, 16, 22, 16, 22, 16,
    22, 16, 22, 16, 23, 16, 23, 16,
    23, 16, 23, 16, 23, 16, 23, 16,
    23, 16, 23, 16, 23, 34, 23, 34,
    5, 16, 5, 16, 5, 16, 5, 16,
    5, 16, 5, 16, 5, 16, 5, 16,
    5, 16, 5, 16, 5, 16, 5, 16,
    27, 40, 27, 40, 27, 40, 27, 40,
    27, 40, 27, 40, 27, 40, 30, 43,
    30, 43, 30, 43, 30, 43
};

/*Kern values between classes*/
static const int8_t kern_class_values[] =
{
    0, 0, 0, 0, 0, 0, 0, 0,
    0, 0, 0, 0, 0, 0, 0, 0,
    10, 0, 0, 0, 0, -13, 0, 0,
    0, 0, 0, 0, 0, 16, 0, 0,
    0, 0, 0, 0, 0, 0, 0, 0,
    0, 0, 0, 0, 0, 0, 0, 0,
    0, 0, 0, 0, 0, 0, 0, 0,
    0, 0, 0, 0, 0, 0, 0, 0,
    0, 0, 0, 0, 0, -19, 0, 0,
    0, 0, 0, 0, 0, 0, 0, 0,
    0, 0, 0, 0, 0, 0, 0, 0,
    0, 0, 0, 0, 0, 0, 0, 0,
    0, 0, 0, 0, 5, 0, 0, 0,
    0, 0, 0, 0, 0, 0, 0, 0,
    0, 0, 0, 0, 0, -6, 0, 0,
    0, -6, 0, -3, 0, -6, 0, 0,
    0, 0, 0, 0, 0, 0, 0, 0,
    0, -2, -2, 0, 0, 0, 0, 0,
    0, 0, 0, 0, 0, 0, 0, 0,
    0, 0, 0, 0, 0, 0, 0, 0,
    -3, 0, 0, 0, 0, -13, 0, 0,
    -13, -22, 0, -6, -10, -16, 0, 0,
    0, 0, -14, 0, 0, 0, 0, 0,
    0, 0, 0, 0, 0, 0, 0, 0,
    0, 0, 0, 0, 0, 0, 0, 0,
    -6, 0, 0, 0, 0, 0, 0, 0,
    0, 0, 0, 10, 0, 0, 0, 0,
    0, -29, 0, 0, 0, 0, 0, 0,
    0, 0, 0, 0, 0, 0, 0, 0,
    0, 0, 0, 0, 0, 0, 0, 0,
    0, 0, 0, 0, 0, 0, 0, 0,
    0, -42, 0, -16, -16, -19, 0, -19,
    26, -13, 0, 0, 0, 0, 0, 0,
    0, 13, 0, 16, 0, 19, 0, 0,
    0, 0, 0, 0, 0, 0, 0, 0,
    0, 0, 0, 0, 0, 0, 0, 0,
    0, 0, 0, 0, 0, 0, 0, 0,
    0, 0, 0, 0, 0, -10, 0, 0,
    -3, 0, 0, 0, 0, 0, 0, 0,
    0, 0, 0, 0, 0, 0, 0, 0,
    0, 0, 0, 0, 0, 0, 0, 0,
    0, 0, 0, 0, 0, 0, 0, 0,
    0, 0, 0, 0, -3, 0, 0, 0,
    0, -3, 0, 0, 0, 0, 0, 0,
    0, 0, 0, 0, 0, 0, 0, 0,
    0, -13, 0, -10, -6, -13, 0, 0,
    0, 0, -19, 0, 0, 0, 0, 0,
    0, -5, -3, 0, 0, 0, 0, 0,
    0, 0, 0, 0, 0, 0, 0, 0,
    0, 0, 0, -6, 0, 0, 0, 0,
    -13, 6, 0, 0, 0, -6, 6, 0,
    0, -26, 0, -16, -13, -16, 0, 0,
    0, 0, 0, 0, 0, 0, 0, 0,
    0, 0, 0, 0, 0, 0, 0, 0,
    0, 0, 0, 0, 0, 0, 0, 0,
    0, 0, 0, 0, 0, 0, 0, 0,
    0, 0, -6, 0, 0, 0, 0, 0,
    0, 0, 0, 0, 0, 0, 0, 0,
    0, 0, 0, 0, 0, 0, 0, 0,
    0, 0, 0, 0, 0, 0, 0, 0,
    0, 0, 0, 0, 0, 0, 0, 0,
    0, 0, 0, 0, 0, 0, 0, 0,
    -10, 0, -6, 0, 0, 0, 0, 0,
    0, 0, 0, 0, 0, 0, 0, 0,
    0, 0, 0, 0, 0, 0, 0, 0,
    0, 0, 0, 0, 0, 0, 0, 0,
    0, 0, 0, 0, -16, 0, 0, 0,
    0, -13, 6, -6, -10, -26, 0, -16,
    3, 0, 3, 0, 0, -22, 0, 8,
    -32, 6, 0, 0, 0, 10, 0, 0,
    0, -16, 0, 0, -16, -16, 0, -16,
    -16, -16, -16, -16, 0, -16, -16, -16,
    0, 0, 0, 0, 0, 0, 0, 0,
    0, 0, 0, 0, 0, 0, 0, 0,
    -3, 0, 0, 0, 0, 0, 0, 0,
    0, 0, 0, 0, 0, 0, 0, 0,
    0, 0, 0, 0, 0, 0, 0, 0,
    0, 0, 0, 0, 0, 0, 0, 0,
    0, 0, 0, 0, 0, 0, 0, 0,
    0, 0, 0, 0, 0, 0, 0, 0,
    6, 0, 0, 0, 0, -16, 0, 6,
    0, 0, 0, 0, 0, 0, 0, 0,
    0, 0, 0, 0, 0, 0, 0, 0,
    0, 0, 0, 0, 0, 0, 0, 0,
    0, 0, 0, 0, 0, 0, 0, 0,
    -13, 0, 0, 0, 0, 0, 0, 0,
    0, 0, 0, 0, 0, 0, 0, 0,
    -29, 0, 0, 0, 0, 0, 0, 0,
    0, 0, 0, 0, 0, 0, 0, 0,
    0, 0, 0, 0, 0, 0, 0, 0,
    0, -13, -6, -6, -13, -13, 0, 0,
    0, 0, 0, 0, 0, 0, 0, -6,
    0, 0, 0, 0, 0, 0, 0, 0,
    0, -29, 0, -29, 0, -26, 0, 0,
    -13, 0, 0, 0, 0, 0, -3, -6,
    -19, 0, -21, 0, 0, -3, 0, 0,
    0, 0, 0, 0, 0, 0, 0, 0,
    0, 0, 0, 0, 0, 0, 0, 0,
    -3, 0, 0, 0, 0, -13, 0, 0,
    -13, -22, 0, 0, -10, -16, 0, 0,
    0, 0, -14, 0, 0, 0, 0, 0,
    0, 0, 0, 0, 0, 0, 0, 0,
    0, 0, 0, -3, 0, 0, 0, 0,
    0, 0, 0, 0, 0, 0, 0, -3,
    0, 0, 0, 0, 0, 0, 0, 0,
    0, 0, 0, 0, 0, 0, 0, 0,
    0, 0, 0, 0, 0, 0, 0, 0,
    0, 0, 0, 0, 0, 0, 0, 0,
    0, 0, 0, 0, -6, 0, 0, 0,
    0, 0, 0, -13, 0, -19, 0, -16,
    0, 0, 0, 0, 0, -26, 0, 0,
    -35, 0, 0, 0, 0, 0, 0, 0,
    0, 0, 0, 0, -16, 0, 0, 0,
    0, 0, 0, -16, 0, -16, 0, 0,
    0, 0, 0, 0, 0, 0, 0, 0,
    0, 0, 0, 3, 13, 13, 0, 0,
    0, 6, 10, 0, 0, 0, 0, 0,
    0, 0, 0, 0, 0, 0, 0, 0,
    0, 0, -6, 0, 0, 0, 0, 0,
    0, 0, 0, 0, 0, 0, 0, 0,
    0, 0, 0, 0, 0, 0, 0, 0,
    0, 0, 0, 0, 0, 0, 0, 0,
    0, 0, 0, 0, 0, -5, 0, 0,
    0, 0, 0, 6, 0, 10, 0, 0,
    0, 0, 0, 0, 0, 0, 0, 0,
    0, 0, 0, 0, 0, 0, 0, 0,
    0, 0, 0, -10, -19, 0, 0, 0,
    0, 0, 0, 0, 0, -19, 0, -16,
    0, 0, 0, 0, 0, 0, 0, 0,
    0, 0, 0, 0, 0, 0, 0, 0,
    0, 0, 0, 0, 0, 0, -13, -16,
    -22, 0, -22, 0, 0, -13, 0, 0,
    0, 0, 0, 0, -22, 0, 0, 0,
    0, 0, 0, 0, 0, -29, 0, -13,
    0, 0, 0, 0, 0, 0, 0, 0,
    0, -51, 0, -38, 0, -48, 0, 0,
    0, 0, 0, 0, 0, 0, 0, -10,
    -22, 0, -19, 0, 0, 0, 0, 0,
    0, 0, 0, 0, 0, 0, 0, 0,
    0, 0, 0, 0, 0, 0, 0, -6,
    0, 0, 0, 0, 0, -22, 0, 0,
    -29, -10, 0, 0, 0, 0, 0, 0,
    0, 0, -3, 0, 0, 0, 0, 0,
    0, 0, 0, 0, 0, 0, 0, 0,
    0, 0, 0, -3, -6, 0, 0, 0,
    0, 0, 0, 0, 0, -16, 0, -16,
    -10, 0, 0, 0, 0, 0, 0, 0,
    0, -10, -10, -10, 0, -13, 0, 0,
    0, 0, 0, 0, 0, 0, 0, -16,
    -10, 0, -10, 0, 0, 0, 0, 0,
    0, 0, 0, -6, -22, 0, 0, 0,
    -29, -16, 0, 0, 0, -35, 0, -29,
    6, 0, 0, 0, 0, -26, 0, -3,
    -42, 0, 0, 0, 0, 3, 0, 0,
    0, 0, 0, -19, -22, 0, 0, -32,
    -35, -26, -29, -26, 0, -29, 0, 10,
    0, 0, 0, 0, -6, 0, 0, 0,
    0, -35, 0, 0, 0, -22, 0, -14,
    0, 0, 0, 0, 0, -29, 0, 0,
    -35, 0, 0, 6, 0, 6, 0, 0,
    0, 0, 0, -10, 0, -16, 0, -13,
    0, 0, -6, 0, 0, -19, 16, 0,
    0, 0, 0, 0, -10, 0, 0, 0,
    0, 0, 0, 0, 0, -13, 0, -13,
    0, 0, 0, 0, 0, 0, 0, 0,
    0, 0, 0, 0, 0, 0, 0, 0,
    0, 0, 0, 0, 0, 0, 0, -10,
    0, 0, -19, 0, 0, 0, 0, 0,
    0, 0, 0, -6, -16, 0, 0, 0,
    0, -29, 0, 0, 0, -32, 0, -32,
    0, 0, -13, 0, 0, -26, 0, 0,
    -35, 3, 0, 6, 0, 0, 0, 0,
    0, 0, -3, -22, 0, 0, 0, -26,
    -16, 0, 0, 0, 0, -29, 0, 0,
    0, 0, 0, 0, 0, 0, 0, 0,
    0, 0, 0, 0, 0, 0, 0, 0,
    0, 0, 0, 0, 0, 0, 0, 0,
    0, 0, 0, 0, 0, 0, 0, 0,
    0, 0, 0, 0, 0, 0, 0, -10,
    0, 0, 0, 0, 0, 0, 0, 0,
    0, 0, 0, 0, 0, 0, 0, 0,
    0, 0, 0, 0, 0, 0, 0, 0,
    0, 0, 0, 0, 0, 0, 0, 0,
    0, 0, 0, 0, 0, 0, 0, -42,
    0, 0, 0, 0, 0, 0, 0, 0,
    0, 0, 0, 0, 0, 0, 0, 0,
    0, 0, 0, 0, 0, 0, 0, 0,
    0, 0, 0, 0, 0, 0, 0, 0,
    0, 0, 0, 0, 0, 0, 0, 0,
    0, -26, 0, -10, 0, -13, 0, 0,
    -3, 0, 0, 0, 0, 0, -6, 0,
    -6, 0, -5, 0, 0, 0, 0, 0,
    0, 0, 0, 0, 0, 0, 0, 0,
    0, 0, 0, 0, 0, 0, 0, -2,
    -13, 0, 0, 0, 0, -6, 0, 0,
    0, -29, 0, -11, -13, -26, 0, 0,
    0, 0, -6, 0, 0, 0, -3, 0,
    -6, -10, -11, 0, 0, -3, 0, 0,
    0, 0, 0, 0, 0, 0, 0, 0,
    0, 0, 0, 0, 0, 0, 0, 0,
    0, 0, 0, 0, 0, 0, 0, 0,
    0, -29, 0, 0, 0, -29, 0, 0,
    0, 0, -19, 0, 0, 0, 0, 0,
    -6, 0, -10, 0, 0, -6, 0, 0,
    0, 0, 0, 0, 0, 0, 0, 0,
    0, 0, 0, 0, 0, 0, 0, -10,
    0, 0, 0, 0, 0, 0, 0, 0,
    0, 0, 0, 0, 0, 0, 0, 0,
    0, 0, 0, 0, 0, 0, 0, 0,
    0, 0, 0, 0, 0, -13, 0, 0,
    0, 0, 0, 0, 0, 0, 0, 0,
    0, 0, 0, 0, 0, 0, 0, -6,
    0, 0, 0, 0, 0, 0, 0, 0,
    0, 0, 0, 0, 0, -22, 0, 0,
    0, 0, 10, 0, 0, 0, 0, 0,
    0, 0, 0, 0, 0, 0, 0, 0,
    0, 0, 0, 0, 0, 0, 0, 0,
    0, 0, 0, 0, 0, 0, 0, 0,
    -19, 0, 0, 0, 0, 0, 0, 0,
    0, -29, 0, 0, 0, -22, 0, 0,
    0, 0, -3, 0, 0, 0, -6, 0,
    -6, 0, -10, 0, 0, 0, 0, 0,
    0, 0, 0, 0, 0, 0, 0, 0,
    0, 0, 0, 0, 0, 0, 0, -6,
    0, 0, 0, 0, 0, 0, 0, 0,
    0, 0, 0, 0, 0, -10, 0, 0,
    0, 0, 10, 0, 0, 0, 0, 0,
    0, 0, 0, 0, 0, 0, 0, 0,
    0, 0, 0, 0, 0, 0, 0, 0,
    0, 0, 0, 0, 0, 0, 0, -14,
    0, 0, 0, 0, 0, -3, 0, 0,
    0, -10, 0, -6, 0, -22, 0, 0,
    0, 0, 0, 0, 0, -6, 0, 0,
    0, 0, 0, 0, 0, -8, 0, 0,
    0, 0, 0, 0, 0, 0, 0, 0,
    0, 0, 0, 0, 0, 0, 0, 0,
    0, 0, 0, 0, 0, 0, 0, 0,
    0, 0, 0, 0, 0, -22, 0, 0,
    0, 0, 0, 0, 0, 0, 0, 0,
    0, 0, 0, 0, 0, 0, 0, 0,
    0, 0, 0, 0, 0, 0, 0, 0,
    0, 0, 0, 0, 0, 0, 0, -13,
    0, 0, 0, 0, 0, 0, 0, 0,
    -19, -13, 0, 0, 0, -6, 0, 0,
    3, 6, 0, 0, 0, 0, 0, 0,
    0, 13, 0, 0, 0, -10, 6, 6,
    0, 0, 0, 0, 0, 0, 0, 0,
    0, 0, 0, 0, 0, 0, 0, -3,
    0, 0, 0, 0, 0, 0, 0, 0,
    0, 0, 0, 0, 0, -26, 0, 0,
    0, 0, 0, 0, 0, 0, -3, 0,
    -6, 0, -6, 0, 0, 0, 0, 0,
    0, 0, 0, 0, -3, 0, 0, 0,
    0, 0, 0, 0, 0, 0, 0, -6,
    0, 0, 0, 0, 0, 0, 0, 3,
    0, 0, 0, 0, 0, -26, 0, 0,
    -13, 0, 0, 0, 0, 0, -3, 0,
    0, 0, -3, 0, 0, 0, 0, 0,
    0, 0, 0, 0, 0, 0, 0, 0,
    0, 0, 0, 0, 0, 0, 0, 0,
    0, 0, 0, 0, 0, 0, 0, 0,
    0, 0, 0, 0, 0, -16, 0, 0,
    0, 0, 0, 0, 0, 0, 0, 0,
    3, 0, 0, 0, 0, 0, 0, 0,
    0, 0, 0, 0, 0, 0, 0, 0,
    0, 0, 0, 0, 0, 0, 0, -6,
    0, 0, 0, 0, 0, 0, 0, 0,
    -16, 0, 0, 0, 0, -19, 0, 0,
    0, 0, 0, 0, 0, -3, 3, 0,
    10, 6, 0, -10, 0, -8, 0, 0,
    0, 0, 0, 0, 0, 0, 0, 0,
    0, 0, 0, 0, 0, 0, 0, -10,
    0, 0, 0, 0, 0, 0, 0, 0,
    0, -26, 0, 0, 0, -13, 0, 0,
    0, 0, 0, 0, 0, 0, 0, 0,
    0, 0, 0, 0, 0, -6, 0, 0,
    0, 0, 0, 0, 0, 0, 0, 0,
    0, 0, 0, 0, 0, 0, 0, -11,
    0, 0, 0, 0, 0, 0, 0, 0,
    0, 0, 0, 0, 0, 0, 0, 0,
    0, 0, 0, 0, 0, -3, 6, 0,
    0, 0, 0, 0, 0, 0, 0, 0,
    0, 0, 0, 0, 0, 0, 0, 0,
    0, 0, 0, 0, 0, 0, 0, -3,
    0, 0, 0, 0, 0, 0, 0, 0,
    0, 0, 0, 0, 0, -16, 0, 0,
    0, 0, 10, 0, 0, 0, 0, 0,
    10, 0, 0, 0, 0, 0, 0, 0,
    0, 0, 0, 0, -3, 0, 0, 0,
    0, 0, 0, 0, 0, 0, 0, -6,
    0, 0, 0, 0, 0, 0, 0, 0,
    0, 0, 0, 0, 0, -26, 0, 0,
    -13, 0, 0, 0, 0, 0, -3, 0,
    0, 0, -10, 0, 0, 0, 0, 0,
    0, 0, 0, 0, 0, 0, 0, 0,
    0, 0, 0, 0, 0, 0, 0, 0,
    0, 0, 0, 0, 0, 0, 0, 0,
    0, -29, 0, 0, 0, -29, 0, 0,
    0, 0, -19, 0, 0, 0, 0, 0,
    -6, 0, 0, 0, 0, -6, 0, 0,
    0, 0, 0, 0, 0, 0, 0, 6,
    0, 0, 0, 0, 0, 0, 0, 6,
    0, 0, 0, 0, 0, 0, 13, 0,
    0, 0, 0, 10, 0, 0, 0, 0,
    3, 13, 0, 0, 0, 0, 0, 0,
    0, 0, 0, 0, 0, 0, 6, 13,
    0, 22, 0, 0, 0, 22, 10, 0,
    0, 0, 0, 0, 0, 0, 0, 0,
    13, 0, 0, 0, 0, 0, 13, 10,
    0, 19, 10, 26, 19, 22, 19, 0,
    0, 16, 19, 0, 0, 0, 16, 0,
    0, 0, 0, 0, 13, 0, 16, 16,
    26, 26, 0, 19, 19, 29, 26, 19,
    0, 0, 0, 0, 0, 0, 13, 5,
    0, 0, 0, 0, 32, 0, 19, 13,
    0, 19, 10, 16, 0, 0, 16, 0,
    16, 21, 0, 13, 0, 6, 16, 10,
    19, 24, 19, 26, 0, 10, 21, 21
};


/*Collect the kern class' data in one place*/
static const lv_font_fmt_txt_kern_classes_t kern_classes =
{
    .class_pair_values   = kern_class_values,
    .left_class_mapping  = kern_left_class_mapping,
    .right_class_mapping = kern_right_class_mapping,
    .left_class_cnt      = 53,
    .right_class_cnt     = 48,
};

/*--------------------
 *  ALL CUSTOM DATA
 *--------------------*/

#if LVGL_VERSION_MAJOR == 8
/*Store all the custom data of the font*/
static  lv_font_fmt_txt_glyph_cache_t cache;
#endif

#if LVGL_VERSION_MAJOR >= 8
static const lv_font_fmt_txt_dsc_t font_dsc = {
#else
static lv_font_fmt_txt_dsc_t font_dsc = {
#endif
    .glyph_bitmap = glyph_bitmap,
    .glyph_dsc = glyph_dsc,
    .cmaps = cmaps,
    .kern_dsc = &kern_classes,
    .kern_scale = 16,
    .cmap_num = 4,
    .bpp = 4,
    .kern_classes = 1,
    .bitmap_format = 1,
#if LVGL_VERSION_MAJOR == 8
    .cache = &cache
#endif
};



/*-----------------
 *  PUBLIC FONT
 *----------------*/

/*Initialize a public general font descriptor*/
#if LVGL_VERSION_MAJOR >= 8
const lv_font_t lv_font_vi_20 = {
#else
lv_font_t lv_font_vi_20 = {
#endif
    .get_glyph_dsc = lv_font_get_glyph_dsc_fmt_txt,    /*Function pointer to get glyph's data*/
    .get_glyph_bitmap = lv_font_get_bitmap_fmt_txt,    /*Function pointer to get glyph's bitmap*/
    .line_height = 30,          /*The maximum line height required by the font*/
    .base_line = 6,             /*Baseline measured from the bottom of the line*/
#if !(LVGL_VERSION_MAJOR == 6 && LVGL_VERSION_MINOR == 0)
    .subpx = LV_FONT_SUBPX_NONE,
#endif
#if LV_VERSION_CHECK(7, 4, 0) || LVGL_VERSION_MAJOR >= 8
    .underline_position = -2,
    .underline_thickness = 1,
#endif
    .dsc = &font_dsc,          /*The custom font data. Will be accessed by `get_glyph_bitmap/dsc` */
#if LV_VERSION_CHECK(8, 2, 0) || LVGL_VERSION_MAJOR >= 9
    .fallback = NULL,
#endif
    .user_data = NULL,
};



#endif /*#if LV_FONT_VI_20*/

