/*******************************************************************************
 * Size: 14 px
 * Bpp: 4
 * Opts: --font BeVietnamPro-Regular.ttf -r 0x20-0x7E,0xA0-0xFF,0x102-0x103,0x110-0x111,0x128-0x129,0x168-0x169,0x1A0-0x1A1,0x1AF-0x1B0,0x1EA0-0x1EF9 --size 14 --format lvgl --bpp 4 --lv-include lvgl.h -o lv_font_vi_14.c
 ******************************************************************************/

#ifdef LV_LVGL_H_INCLUDE_SIMPLE
#include "lvgl.h"
#else
#include "lvgl.h"
#endif

#ifndef LV_FONT_VI_14
#define LV_FONT_VI_14 1
#endif

#if LV_FONT_VI_14

/*-----------------
 *    BITMAPS
 *----------------*/

/*Store the image of the glyphs*/
static LV_ATTRIBUTE_LARGE_CONST const uint8_t glyph_bitmap[] = {
    /* U+0020 " " */

    /* U+0021 "!" */
    0xb9, 0x0, 0xfc, 0x22, 0x0, 0xd7, 0x12, 0xe7,
    0xc0,

    /* U+0022 "\"" */
    0xf, 0x3f, 0x11, 0x0, 0x8c, 0x66, 0x15, 0x2,
    0xc3, 0xb0,

    /* U+0023 "#" */
    0x0, 0xd6, 0xe0, 0x9c, 0x1, 0xe5, 0x30, 0x35,
    0x0, 0xe1, 0x12, 0x86, 0x98, 0x4, 0xdf, 0xc1,
    0xde, 0xaf, 0xf0, 0x9, 0x6a, 0x77, 0x41, 0x37,
    0x20, 0x48, 0xa, 0x8c, 0xc, 0x82, 0x2, 0x27,
    0xe1, 0x52, 0x10, 0x1, 0x77, 0xa, 0x3a, 0x4b,
    0xb0, 0xe, 0xe4, 0x2e, 0xc4, 0xd7, 0xc0, 0x28,
    0x4, 0x88, 0x2d, 0x42, 0x0, 0xbd, 0x0, 0x81,
    0x0, 0x20,

    /* U+0024 "$" */
    0x0, 0xdc, 0x60, 0x1c, 0x50, 0x32, 0x60, 0x12,
    0x6a, 0x3, 0x62, 0x80, 0x21, 0x70, 0x7d, 0xec,
    0x0, 0x5a, 0x1, 0x4b, 0x8, 0x2c, 0xa0, 0x0,
    0x60, 0x42, 0x8a, 0xc6, 0x14, 0x2, 0x1c, 0xd1,
    0x6a, 0xa0, 0x6, 0x20, 0xea, 0x53, 0x2f, 0x30,
    0x9, 0x41, 0x88, 0x90, 0x1, 0x38, 0x38, 0x4a,
    0x70, 0xf4, 0x40, 0x81, 0x36, 0x41, 0x31, 0xc0,
    0x22, 0x71, 0xa3, 0x0, 0x0,

    /* U+0025 "%" */
    0x6, 0xee, 0x30, 0x0, 0xfc, 0x40, 0x3, 0x3b,
    0xa9, 0x10, 0x86, 0x10, 0xc, 0x22, 0x0, 0x1a,
    0x40, 0x4, 0x33, 0x98, 0x81, 0x86, 0x10, 0xc,
    0xdd, 0xc7, 0x34, 0x80, 0xf, 0xe8, 0x61, 0x0,
    0xfc, 0x69, 0x0, 0x1f, 0xd0, 0xc2, 0xdb, 0x86,
    0x1, 0x8d, 0x20, 0xe3, 0xab, 0x40, 0x34, 0xb0,
    0x80, 0xd, 0x4, 0x2, 0x25, 0xb0, 0x36, 0xdf,
    0xa0,

    /* U+0026 "&" */
    0x0, 0x1e, 0xfd, 0x88, 0x7, 0x6a, 0xe8, 0x58,
    0x7, 0xd, 0x16, 0xb0, 0x7, 0x1d, 0x8d, 0xd0,
    0x7, 0x7b, 0x75, 0x30, 0x38, 0x0, 0x78, 0xc0,
    0xc0, 0xa0, 0x1, 0xa9, 0x8f, 0x64, 0xc2, 0x2,
    0x76, 0x10, 0x9f, 0xc8, 0x2, 0xc, 0x0, 0xb0,
    0x5e, 0x0, 0x2d, 0x31, 0xb1, 0x86, 0x80, 0x29,
    0xa3, 0x2e, 0x69, 0x94,

    /* U+0027 "'" */
    0xf, 0x21, 0x2, 0x33, 0x1, 0x60, 0x0,

    /* U+0028 "(" */
    0x0, 0xc2, 0x40, 0x13, 0xf5, 0x0, 0x1e, 0x26,
    0x0, 0xa2, 0x58, 0x1, 0x64, 0xc0, 0x13, 0xa8,
    0x4, 0x22, 0xc0, 0x8, 0x81, 0xc0, 0x38, 0x40,
    0x21, 0x1, 0x0, 0x88, 0x18, 0x3, 0x1f, 0x80,
    0x6a, 0x51, 0x0, 0x98, 0xa8, 0x3, 0x72, 0xe1,
    0x80, 0xf, 0x19, 0x0,

    /* U+0029 ")" */
    0x11, 0x0, 0x64, 0xe9, 0x0, 0x96, 0xde, 0x40,
    0x24, 0xa6, 0x40, 0x9, 0x11, 0xe0, 0x1b, 0x50,
    0x3, 0x20, 0x18, 0x4, 0x60, 0xc0, 0x10, 0x80,
    0x70, 0x80, 0x80, 0x44, 0xc, 0x1, 0x58, 0x90,
    0x4, 0xcc, 0x0, 0xa4, 0x24, 0xa, 0xda, 0x84,
    0x1c, 0x31, 0x0, 0x0,

    /* U+002A "*" */
    0x0, 0xbc, 0x2, 0x13, 0x0, 0x8c, 0x17, 0x74,
    0x1b, 0xa3, 0x4e, 0x70, 0x4e, 0x30, 0x25, 0xa6,
    0x20, 0x3, 0x4a, 0xc3, 0x0,

    /* U+002B "+" */
    0x0, 0x13, 0x0, 0x66, 0xb0, 0xf, 0xcb, 0xf6,
    0x5f, 0xa9, 0x92, 0x59, 0xe2, 0x64, 0x6, 0x40,

    /* U+002C "," */
    0x25, 0xb, 0xa1, 0xb4, 0x1b, 0x90,

    /* U+002D "-" */
    0x5f, 0xfd, 0xa9, 0x99, 0xbc,

    /* U+002E "." */
    0x9a, 0x31,

    /* U+002F "/" */
    0x0, 0xe5, 0x40, 0xe, 0xb1, 0x0, 0xc8, 0x2a,
    0x1, 0xb5, 0x40, 0x39, 0xfc, 0x3, 0x20, 0xa8,
    0x6, 0xd5, 0x0, 0xe7, 0xf0, 0xc, 0x82, 0xa0,
    0x1b, 0x54, 0x3, 0x9f, 0xc0, 0x32, 0xa, 0x80,
    0x6d, 0x50, 0xe, 0x7f, 0x0, 0xc8, 0x2a, 0x1,
    0x80,

    /* U+0030 "0" */
    0x0, 0x1e, 0x7f, 0x38, 0x4, 0x58, 0x12, 0xd1,
    0x0, 0x5, 0x96, 0x34, 0x4b, 0x88, 0x35, 0x0,
    0x4c, 0xe, 0x20, 0x60, 0x18, 0xbc, 0x81, 0xc0,
    0x33, 0x19, 0x3, 0x80, 0x66, 0x31, 0x3, 0x0,
    0xc5, 0xe0, 0xd4, 0x1, 0x30, 0x38, 0x59, 0x63,
    0x44, 0xb8, 0x81, 0x60, 0x4b, 0x44, 0x0,

    /* U+0031 "1" */
    0x0, 0x36, 0x95, 0xc8, 0xe, 0x20, 0x1b, 0x98,
    0x7, 0xff, 0x44,

    /* U+0032 "2" */
    0x5, 0xdf, 0xd6, 0x0, 0x25, 0x3d, 0x3c, 0xb8,
    0x7a, 0xd2, 0xd2, 0xd0, 0x1f, 0x0, 0x58, 0x41,
    0x8, 0x1, 0x61, 0x80, 0x72, 0xaa, 0x0, 0x32,
    0x54, 0xa0, 0x4, 0xb7, 0x2c, 0x1, 0x2d, 0x4b,
    0x0, 0x4b, 0x4a, 0x6a, 0xb0, 0xc0, 0x2d, 0x56,
    0x20,

    /* U+0033 "3" */
    0x0, 0x26, 0x7e, 0xb0, 0x4, 0x96, 0x96, 0xb2,
    0xc0, 0xe, 0x58, 0x48, 0x7b, 0x0, 0x64, 0x80,
    0x5e, 0x1, 0x31, 0x80, 0xa, 0x94, 0x3, 0x4f,
    0xe8, 0xc0, 0x6, 0x8d, 0xb1, 0xa0, 0x1, 0x88,
    0x89, 0x25, 0x44, 0x35, 0x80, 0x21, 0x1, 0x6,
    0x87, 0x47, 0xa6, 0x0, 0x44, 0x2a, 0xe5, 0xe4,
    0x0,

    /* U+0034 "4" */
    0x0, 0xec, 0xf3, 0x0, 0xf4, 0x18, 0x7, 0xc6,
    0xf2, 0x1, 0xf7, 0x32, 0x0, 0x7a, 0x42, 0x40,
    0x3c, 0x8d, 0xc0, 0x1e, 0x1a, 0x73, 0x0, 0xf1,
    0xb, 0xff, 0xb4, 0x33, 0xc0, 0xf3, 0x35, 0x4,
    0xe0, 0x0, 0xcf, 0x38, 0x29, 0x80, 0x7f, 0xc0,

    /* U+0035 "5" */
    0x1, 0xff, 0xe9, 0x0, 0x10, 0x5d, 0xf0, 0x1,
    0x89, 0x13, 0x10, 0x3, 0x46, 0xff, 0xa0, 0x2,
    0x23, 0x35, 0xc3, 0xc0, 0x0, 0xa2, 0x8, 0xd2,
    0xe0, 0x8, 0x70, 0x9, 0xc0, 0xc2, 0x4, 0x3,
    0xe6, 0x60, 0x4, 0xe0, 0x61, 0x11, 0x23, 0xcc,
    0x0, 0x1a, 0x56, 0xe6, 0x4e, 0x0,

    /* U+0036 "6" */
    0x0, 0x25, 0xff, 0xa8, 0x0, 0xb6, 0x13, 0x5e,
    0x3, 0x4f, 0x6c, 0xaa, 0x6, 0x18, 0x0, 0xeb,
    0x49, 0xff, 0x58, 0x81, 0x29, 0x55, 0x1b, 0x0,
    0x5, 0x6a, 0xac, 0x25, 0x27, 0x0, 0x84, 0x45,
    0x6e, 0x1, 0x8, 0x8d, 0x8f, 0x15, 0x58, 0x48,
    0x38, 0xf5, 0x6f, 0x80,

    /* U+0037 "7" */
    0x3f, 0xff, 0x71, 0x5d, 0xf0, 0xb0, 0xa2, 0x6c,
    0x28, 0x0, 0xc4, 0xfe, 0x1, 0xd2, 0xa6, 0x1,
    0x89, 0x20, 0x3, 0xa8, 0xc8, 0x3, 0x96, 0xc0,
    0x38, 0x88, 0x80, 0x1c, 0xc0, 0x40, 0x1c, 0x40,
    0x20, 0x10,

    /* U+0038 "8" */
    0x0, 0x3e, 0xfe, 0xb0, 0x4, 0xf3, 0x19, 0x72,
    0xa0, 0xa, 0x65, 0x36, 0x5e, 0x0, 0xa, 0x90,
    0x1a, 0x10, 0x2, 0xb, 0x7f, 0x2, 0xc0, 0xa,
    0x95, 0x92, 0x84, 0x0, 0xdd, 0x29, 0xb1, 0x50,
    0x9, 0xa8, 0x5, 0x8a, 0x1, 0x28, 0x5, 0x80,
    0x1, 0x59, 0x52, 0x67, 0x70, 0x2, 0x9e, 0xf6,
    0xe2, 0x0,

    /* U+0039 "9" */
    0x5, 0xdf, 0xe7, 0x0, 0x25, 0x25, 0xcc, 0x40,
    0x21, 0x65, 0x1e, 0x5c, 0x4b, 0x0, 0x24, 0x5,
    0x3e, 0x0, 0x98, 0xa, 0x9d, 0x44, 0xe4, 0x0,
    0xed, 0x5d, 0x8a, 0x4, 0x13, 0xdb, 0xda, 0x8,
    0x0, 0x12, 0xb, 0x60, 0x16, 0x57, 0xf3, 0x90,
    0x28, 0xaa, 0x36, 0x80, 0x0,

    /* U+003A ":" */
    0xab, 0x31, 0x9a, 0x0, 0xf4, 0xd1, 0x88,

    /* U+003B ";" */
    0x9d, 0x1, 0x60, 0x8b, 0x0, 0xff, 0x2d, 0x6,
    0x28, 0xda, 0x8d, 0x58, 0x0,

    /* U+003C "<" */
    0x0, 0xfe, 0x19, 0xa0, 0x19, 0xe3, 0x88, 0x71,
    0xed, 0x10, 0x81, 0x98, 0x1, 0x3a, 0x7d, 0x24,
    0x5, 0x5a, 0x70, 0x1, 0x15, 0x58,

    /* U+003D "=" */
    0x0, 0xfc, 0xbf, 0xfe, 0x84, 0xcc, 0xf4, 0x89,
    0x9f, 0x85, 0x7f, 0xfd, 0x9, 0x99, 0xe9,

    /* U+003E ">" */
    0x0, 0xf6, 0x38, 0x6, 0x8b, 0xe7, 0x0, 0x26,
    0x55, 0xf2, 0x80, 0x1d, 0xc2, 0x66, 0xbc, 0x3e,
    0x6e, 0x3e, 0x81, 0xd, 0x81, 0x0, 0x80,

    /* U+003F "?" */
    0x1, 0x9e, 0xfa, 0x10, 0x6, 0xa4, 0x4b, 0xe0,
    0x11, 0xf3, 0x33, 0xc9, 0xe, 0x4c, 0x0, 0x60,
    0x1, 0x60, 0xa, 0x89, 0x0, 0x35, 0xaf, 0x80,
    0x68, 0x5c, 0x20, 0xc, 0x8c, 0x40, 0x1d, 0xb0,
    0x1, 0xe8, 0x60, 0xf, 0x2f, 0x0, 0x40,

    /* U+0040 "@" */
    0x0, 0xcf, 0x9f, 0xed, 0x82, 0x0, 0xe2, 0xda,
    0xbc, 0xc4, 0x1e, 0xa8, 0x6, 0xf7, 0xd7, 0x33,
    0x2d, 0xcd, 0x20, 0x2, 0x2, 0x8b, 0x3e, 0xe6,
    0xd9, 0xe4, 0x0, 0xd6, 0x1c, 0x39, 0xac, 0x0,
    0xa2, 0x28, 0x50, 0x4e, 0x4d, 0x8c, 0x0, 0x40,
    0xc2, 0x4, 0x1, 0xce, 0xe0, 0x9, 0xc4, 0x4,
    0x45, 0xe0, 0x6a, 0x64, 0xa0, 0x64, 0x8, 0x1c,
    0xbf, 0xba, 0x4d, 0xaa, 0x0, 0x16, 0x40, 0xfb,
    0xa3, 0xbe, 0xf5, 0x0, 0x41, 0xc0, 0x0, 0x40,
    0x21, 0x0, 0xc5, 0x6f, 0x68, 0x20, 0x4c, 0xe0,
    0x1c, 0x9a, 0x37, 0xdf, 0xb0, 0x1, 0xf1, 0x57,
    0xee, 0xbb, 0x8e, 0x1, 0x0,

    /* U+0041 "A" */
    0x0, 0xdd, 0xe4, 0x1, 0xe3, 0x10, 0x50, 0xf,
    0x59, 0x3d, 0x0, 0x79, 0x96, 0xc8, 0x80, 0x18,
    0xc6, 0xcc, 0x68, 0x3, 0x59, 0x18, 0x32, 0x80,
    0x66, 0x50, 0x6, 0x11, 0x0, 0x6, 0x2f, 0xfe,
    0xb0, 0xa0, 0x5, 0x96, 0x66, 0x55, 0x0, 0x15,
    0x46, 0x7b, 0x88, 0x86, 0x56, 0x1, 0x90, 0x68,

    /* U+0042 "B" */
    0xef, 0xfd, 0x64, 0x0, 0x6b, 0xb5, 0x37, 0x80,
    0x39, 0x10, 0xbc, 0x46, 0x1, 0xc2, 0x1, 0xf4,
    0x19, 0x82, 0x3f, 0xe5, 0xf0, 0x3, 0x6e, 0xb1,
    0xb0, 0x83, 0x88, 0x87, 0x25, 0x60, 0x1f, 0xdc,
    0x89, 0x51, 0x50, 0x35, 0xdc, 0xd4, 0x60,

    /* U+0043 "C" */
    0x0, 0x9f, 0x7f, 0xa8, 0x80, 0x35, 0xc2, 0x54,
    0xbe, 0x10, 0x1, 0xd2, 0xe5, 0x5f, 0x4e, 0x0,
    0x12, 0xa8, 0x1, 0xa4, 0x40, 0x87, 0xc0, 0x39,
    0x2c, 0x4, 0x18, 0x3, 0xf0, 0x83, 0x0, 0x7e,
    0x21, 0xc0, 0xe, 0x4b, 0x0, 0x4b, 0x20, 0x6,
    0x90, 0x9, 0xd2, 0xe5, 0x5f, 0x4e, 0x40, 0x2b,
    0x84, 0xa9, 0x7c, 0x20,

    /* U+0044 "D" */
    0xef, 0xfb, 0xa0, 0x40, 0x26, 0xbb, 0x4b, 0x60,
    0x80, 0x39, 0x10, 0xf8, 0x76, 0x1, 0xe2, 0x85,
    0x10, 0xf, 0x38, 0x20, 0x7, 0x84, 0xc, 0x3,
    0xc2, 0x6, 0x1, 0xe7, 0x4, 0x0, 0xe2, 0x85,
    0x10, 0xd4, 0x43, 0xe1, 0xd8, 0x1, 0x6e, 0xd2,
    0xf8, 0x20,

    /* U+0045 "E" */
    0xef, 0xfe, 0xb0, 0x6b, 0xbd, 0x21, 0xc8, 0x98,
    0x80, 0x3f, 0x78, 0x7, 0x9f, 0xff, 0x8, 0x36,
    0x66, 0x10, 0xe3, 0x3c, 0x1, 0xfd, 0xa8, 0x98,
    0xc1, 0x6e, 0xf7, 0x80,

    /* U+0046 "F" */
    0xef, 0xff, 0x3, 0x5d, 0xf0, 0x72, 0x27, 0x0,
    0x7e, 0xf0, 0xf, 0x3f, 0xfe, 0x50, 0x6c, 0xcc,
    0x81, 0xc6, 0x78, 0x40, 0x3f, 0xf9, 0x20,

    /* U+0047 "G" */
    0x0, 0x9f, 0x7f, 0xd6, 0x40, 0x1a, 0xe1, 0x2a,
    0x5f, 0x4c, 0x0, 0xe9, 0x72, 0xad, 0x89, 0xc0,
    0x9, 0x64, 0x0, 0xd3, 0x60, 0x43, 0xa0, 0x1c,
    0x4c, 0x2, 0xe, 0x0, 0x2f, 0xfc, 0x82, 0xe,
    0x0, 0x2c, 0xc5, 0x83, 0x90, 0xe8, 0x4, 0x66,
    0x10, 0x20, 0x66, 0x20, 0x6, 0x84, 0x10, 0x83,
    0xb8, 0x57, 0xd3, 0x90, 0xb, 0x21, 0x6a, 0x5f,
    0xc8, 0x0,

    /* U+0048 "H" */
    0xe7, 0x0, 0xd3, 0xa0, 0x1f, 0xfc, 0xdf, 0x0,
    0xf9, 0xff, 0xf3, 0x0, 0x1b, 0x33, 0x28, 0x3,
    0x8c, 0xf8, 0x3, 0xff, 0x9a,

    /* U+0049 "I" */
    0xe7, 0x0, 0xff, 0xe4, 0x0,

    /* U+004A "J" */
    0x0, 0xde, 0xc0, 0x1f, 0xfd, 0xd3, 0x0, 0x90,
    0x18, 0x95, 0xe8, 0xcc, 0x95, 0x9, 0xa0,

    /* U+004B "K" */
    0xe7, 0x0, 0x9f, 0xd4, 0x3, 0x34, 0x4a, 0x80,
    0x49, 0x30, 0xc0, 0x11, 0xdb, 0x38, 0x5, 0xba,
    0x59, 0x0, 0xca, 0x30, 0x1, 0xce, 0x78, 0x20,
    0x1b, 0xf4, 0xf0, 0x3, 0x87, 0xce, 0xc0, 0x38,
    0xb5, 0x28, 0x3, 0x8e, 0x96, 0x0,

    /* U+004C "L" */
    0xe7, 0x0, 0xff, 0xf9, 0x6a, 0x26, 0x30, 0x5b,
    0xbd, 0xc0,

    /* U+004D "M" */
    0xef, 0x20, 0xc, 0x7f, 0xa0, 0x8, 0x0, 0xd2,
    0x1, 0x12, 0x88, 0x0, 0x94, 0x80, 0x14, 0x50,
    0x0, 0xb2, 0x50, 0xa, 0xd8, 0x44, 0xd0, 0x1,
    0x98, 0x66, 0x44, 0xa0, 0x1d, 0x2c, 0xf6, 0x1,
    0xe7, 0x11, 0x30, 0x7, 0xdb, 0xe0, 0x1f, 0x88,
    0x40, 0x3f, 0xf8, 0x40,

    /* U+004E "N" */
    0xea, 0x0, 0xc9, 0xe4, 0xa, 0xa0, 0xf, 0xd6,
    0x20, 0x1e, 0x70, 0x80, 0xf, 0x7d, 0xb2, 0x0,
    0x79, 0x55, 0x20, 0x1f, 0x59, 0xc0, 0x7, 0x86,
    0x1c, 0xc0, 0x3c, 0xc9, 0x0, 0x1f, 0x48, 0x7,
    0xe2, 0x90, 0x0,

    /* U+004F "O" */
    0x0, 0x9b, 0x7f, 0xa8, 0x80, 0x35, 0xca, 0x4c,
    0x9f, 0x50, 0x0, 0xe9, 0x52, 0xcf, 0xa9, 0x42,
    0x12, 0xaa, 0x0, 0xd4, 0x2c, 0x43, 0xe0, 0x1c,
    0x27, 0x82, 0xc, 0x1, 0xe6, 0x71, 0x6, 0x0,
    0xf3, 0x39, 0xf, 0x80, 0x70, 0x9e, 0x4, 0xaa,
    0x0, 0x6a, 0x16, 0x7, 0x4b, 0x96, 0x66, 0xa5,
    0x8, 0x2, 0xe1, 0x26, 0x1b, 0x10, 0x0,

    /* U+0050 "P" */
    0xef, 0xfb, 0xa4, 0x2, 0x6b, 0xb4, 0x3d, 0x80,
    0x39, 0x10, 0xd4, 0x86, 0x1, 0xc8, 0xc, 0x1,
    0xc6, 0x2, 0x1e, 0x0, 0x2f, 0x24, 0x7, 0xff,
    0x68, 0x78, 0x1, 0xb3, 0x1b, 0x84, 0x0, 0xe3,
    0x31, 0x0, 0x7f, 0xf1, 0xc0,

    /* U+0051 "Q" */
    0x0, 0x9b, 0x7f, 0xa8, 0xc0, 0x3a, 0xe5, 0x26,
    0x4f, 0x88, 0x1, 0x3a, 0x54, 0xb3, 0xea, 0x50,
    0x80, 0x25, 0x54, 0x1, 0xa8, 0x58, 0x8, 0x7c,
    0x3, 0x84, 0xf0, 0x4, 0x18, 0x3, 0xcc, 0xe0,
    0x20, 0xc0, 0x11, 0x0, 0x19, 0xc0, 0x87, 0xc0,
    0x29, 0xc2, 0x3c, 0x0, 0x4a, 0xa0, 0x2, 0x87,
    0x45, 0x80, 0xe, 0x97, 0x2c, 0xc0, 0x1, 0x8,
    0x5, 0x70, 0x93, 0x27, 0xb2, 0xa0,

    /* U+0052 "R" */
    0xef, 0xfb, 0xa0, 0x2, 0x6b, 0xb4, 0x3c, 0x80,
    0x39, 0x10, 0xd0, 0xc0, 0x1e, 0x10, 0xf, 0x15,
    0xa0, 0x2, 0x3f, 0xda, 0xd4, 0x0, 0x6c, 0x70,
    0xa1, 0x0, 0x71, 0xc0, 0xc0, 0x7, 0xa1, 0x88,
    0x3, 0x98, 0xa0, 0x3, 0xd0, 0xa4,

    /* U+0053 "S" */
    0x0, 0x47, 0x7e, 0xa8, 0x5, 0xf, 0x34, 0x94,
    0x80, 0x6, 0x87, 0x59, 0x5f, 0x0, 0xb8, 0x2,
    0xab, 0x0, 0x43, 0x63, 0x90, 0x6, 0x6b, 0x68,
    0xdc, 0x20, 0x9, 0x2b, 0xec, 0x70, 0x5, 0x44,
    0x0, 0x9c, 0x24, 0x14, 0xc0, 0x13, 0x1, 0x8b,
    0xc4, 0x15, 0xed, 0x44, 0x22, 0x56, 0xa5, 0xa8,
    0x0,

    /* U+0054 "T" */
    0x6f, 0xff, 0x9d, 0xd7, 0x6a, 0x8, 0xbb, 0x30,
    0xa2, 0x1c, 0x11, 0x21, 0x0, 0xff, 0xfe, 0x0,

    /* U+0055 "U" */
    0xe7, 0x0, 0xcb, 0xe0, 0x1f, 0xfe, 0xb3, 0xe0,
    0xc, 0x60, 0x4, 0x70, 0xd, 0x46, 0x16, 0x3a,
    0xee, 0xc3, 0x80, 0x2c, 0x68, 0x80, 0x5a, 0x0,

    /* U+0056 "V" */
    0x6f, 0x10, 0xc, 0x5e, 0x8e, 0x8, 0x1, 0x94,
    0x10, 0x53, 0x80, 0x35, 0xa8, 0x3, 0x50, 0x2,
    0x23, 0xe0, 0x3, 0x82, 0x80, 0x14, 0x10, 0x0,
    0x27, 0xe0, 0xb, 0x50, 0xd, 0x4a, 0x4, 0x7c,
    0x1, 0x9c, 0x15, 0x40, 0x80, 0x18, 0x4f, 0xed,
    0x40, 0x3d, 0x4a, 0x7c, 0x1, 0xe7, 0x0, 0x20,
    0x4,

    /* U+0057 "W" */
    0x5f, 0x10, 0xb, 0x34, 0x3, 0x7b, 0x20, 0x20,
    0x4, 0x64, 0x20, 0x4, 0x4, 0x12, 0xc0, 0x2,
    0x0, 0x10, 0x1, 0x82, 0x40, 0x88, 0x0, 0x61,
    0xa6, 0x0, 0x11, 0x0, 0xc, 0x21, 0x4, 0x46,
    0x20, 0x0, 0xf0, 0x0, 0x80, 0xa0, 0x78, 0x84,
    0x26, 0x8, 0x0, 0x12, 0xc4, 0x4, 0x30, 0x44,
    0x9, 0x0, 0x48, 0x8c, 0x30, 0x2, 0x7e, 0x20,
    0x6, 0xc3, 0x54, 0x0, 0x62, 0x23, 0x0, 0x32,
    0x1, 0x60, 0x1, 0x4, 0x10, 0x3, 0x9, 0x2,
    0x0, 0xc, 0x44, 0x40, 0x0,

    /* U+0058 "X" */
    0xe, 0xb0, 0xd, 0x5c, 0x21, 0x68, 0x80, 0x1,
    0xac, 0x8, 0x2a, 0x48, 0x3, 0xcd, 0x80, 0x29,
    0x27, 0x63, 0xf0, 0xc, 0x4f, 0x10, 0x63, 0x0,
    0xe8, 0x1, 0x80, 0xf, 0x40, 0xc, 0x0, 0x71,
    0x3c, 0x41, 0x88, 0x3, 0x49, 0x3b, 0x1f, 0x0,
    0x4a, 0x92, 0x0, 0xf3, 0x60, 0x5, 0xa2, 0x0,
    0x6, 0xb0, 0x20,

    /* U+0059 "Y" */
    0x6f, 0x10, 0xd, 0x96, 0xc5, 0x0, 0x12, 0x1c,
    0x5, 0xb0, 0x80, 0x21, 0x4c, 0x18, 0xa0, 0x10,
    0xe0, 0x2, 0x86, 0x18, 0x52, 0x0, 0x94, 0xb0,
    0xe0, 0x3, 0xa0, 0x94, 0x80, 0x39, 0x43, 0xc0,
    0x3f, 0xfa, 0x40,

    /* U+005A "Z" */
    0x1f, 0xff, 0x94, 0x6e, 0xf9, 0x1, 0x1, 0x13,
    0x3a, 0x48, 0x80, 0x77, 0x23, 0x0, 0x74, 0x15,
    0x0, 0x71, 0xbc, 0x88, 0x7, 0x72, 0x30, 0x7,
    0x41, 0x50, 0x7, 0x1b, 0xc8, 0x80, 0x77, 0x11,
    0x11, 0x30, 0x88, 0x89, 0x77, 0xc8,

    /* U+005B "[" */
    0x0, 0xee, 0xff, 0x94, 0x1b, 0x30, 0x81, 0xc6,
    0x61, 0x0, 0xff, 0xf3, 0xf2, 0x20, 0x41, 0xae,
    0xc8,

    /* U+005C "\\" */
    0x63, 0x0, 0xef, 0x80, 0xe, 0xa4, 0x10, 0xc,
    0x62, 0xe0, 0x1c, 0xfa, 0x1, 0xd4, 0x82, 0x1,
    0x8c, 0x5c, 0x3, 0x9f, 0x40, 0x3a, 0x90, 0x40,
    0x31, 0x8b, 0x80, 0x73, 0x68, 0x7, 0x5a, 0x8,
    0x6, 0x31, 0x70, 0xe, 0x6d, 0x0, 0xeb, 0x41,

    /* U+005D "]" */
    0x0, 0xee, 0xff, 0x97, 0x32, 0x0, 0x11, 0x98,
    0x3, 0xff, 0xd0, 0x68, 0x80, 0x6, 0xdd, 0x80,
    0x0,

    /* U+005E "^" */
    0x0, 0x32, 0x80, 0x4b, 0x76, 0x20, 0x1b, 0xeb,
    0xe0,

    /* U+005F "_" */
    0x5f, 0xff, 0x12, 0x66, 0x78, 0x80,

    /* U+0060 "`" */
    0x55, 0x3, 0x50, 0x9b, 0x48,

    /* U+0061 "a" */
    0x0, 0x3f, 0x72, 0x5b, 0xc0, 0xd, 0x13, 0xa1,
    0x0, 0x14, 0x33, 0x9c, 0x90, 0x0, 0x45, 0xa0,
    0x15, 0x80, 0x7e, 0x10, 0x0, 0x8b, 0x0, 0x2c,
    0x0, 0xa1, 0xd4, 0x59, 0x40, 0x26, 0x8b, 0xec,
    0x90, 0x0,

    /* U+0062 "b" */
    0xe7, 0x0, 0xff, 0xe6, 0x4f, 0x72, 0x0, 0x29,
    0x3d, 0x87, 0x80, 0x1, 0xd1, 0xb4, 0xb8, 0x1,
    0x0, 0x24, 0x3, 0x0, 0xfe, 0x40, 0x9, 0x0,
    0xc0, 0xe8, 0xda, 0x5c, 0x1, 0x27, 0xb0, 0xf0,
    0x0,

    /* U+0063 "c" */
    0x0, 0x2e, 0xfe, 0xa8, 0x1, 0x6a, 0x96, 0xb4,
    0x61, 0xe, 0xe4, 0x87, 0x41, 0x2b, 0x0, 0xa1,
    0xc0, 0x3f, 0x8, 0xac, 0x2, 0x87, 0xb, 0x77,
    0x1c, 0x39, 0x82, 0xd5, 0x31, 0x69, 0x0,

    /* U+0064 "d" */
    0x0, 0xf2, 0xf8, 0x7, 0xff, 0x25, 0xfb, 0x92,
    0x60, 0x13, 0x44, 0xe8, 0x40, 0x5, 0xc, 0xe7,
    0x2a, 0x0, 0x11, 0x68, 0x5, 0x80, 0x1f, 0x84,
    0x0, 0x22, 0xc0, 0xb, 0x40, 0x28, 0x77, 0x1c,
    0x28, 0x4, 0xd1, 0x38, 0x50, 0x0,

    /* U+0065 "e" */
    0x0, 0x37, 0x7e, 0x18, 0x1, 0xa2, 0x16, 0xda,
    0x21, 0x16, 0xc9, 0x40, 0xe2, 0x2a, 0xff, 0x87,
    0x80, 0x13, 0xbb, 0xa4, 0x45, 0xc4, 0x55, 0x90,
    0x43, 0xb1, 0xd3, 0x90, 0x34, 0xc6, 0x36, 0x8,

    /* U+0066 "f" */
    0x0, 0x37, 0x70, 0x1, 0x2d, 0x80, 0x41, 0x44,
    0xda, 0x1b, 0xcd, 0x61, 0x78, 0xc, 0xc, 0x40,
    0x1f, 0xfc, 0xd0,

    /* U+0067 "g" */
    0x0, 0x3f, 0x72, 0x9b, 0xc0, 0xd, 0x13, 0xa5,
    0x0, 0x14, 0x3b, 0x8e, 0x14, 0x0, 0x22, 0xc0,
    0xb, 0x0, 0x3f, 0xe1, 0x16, 0x80, 0x58, 0x1,
    0x43, 0x39, 0xc2, 0x80, 0x4d, 0x13, 0x85, 0x0,
    0x13, 0x17, 0x7d, 0x71, 0x0, 0x54, 0xe8, 0xcf,
    0x60, 0x6, 0x99, 0x5d, 0xa1, 0x80,

    /* U+0068 "h" */
    0xe7, 0x0, 0xff, 0xe4, 0x7d, 0x7e, 0x98, 0x1,
    0xf6, 0xc7, 0x80, 0xa, 0xe9, 0xe4, 0x40, 0xd0,
    0x0, 0x80, 0x80, 0x7f, 0xf4, 0x0,

    /* U+0069 "i" */
    0xd, 0x80, 0x7e, 0xa, 0x60, 0xd8, 0x0, 0xff,
    0xe4, 0x80,

    /* U+006A "j" */
    0x0, 0x55, 0x0, 0x4, 0x40, 0x4, 0x40, 0x1,
    0x54, 0x0, 0xff, 0xe9, 0x9, 0x92, 0xa7, 0xdd,
    0x2b, 0x0,

    /* U+006B "k" */
    0xe7, 0x0, 0xff, 0xe5, 0x17, 0x50, 0x4, 0x3e,
    0xb4, 0x0, 0xfc, 0x1b, 0x0, 0x9c, 0xf0, 0x3,
    0x20, 0xb0, 0x6, 0xc8, 0x93, 0x0, 0xce, 0xba,
    0x20, 0x1a, 0x8f, 0x40,

    /* U+006C "l" */
    0xd7, 0x0, 0xff, 0xe2, 0x18, 0x4,

    /* U+006D "m" */
    0xf, 0x7c, 0xfb, 0x17, 0xee, 0x30, 0x5, 0x3f,
    0xad, 0xfb, 0xf1, 0x24, 0x0, 0x93, 0x2a, 0x1b,
    0x16, 0x14, 0x0, 0x10, 0x0, 0x40, 0x40, 0x7,
    0xc0, 0x1e, 0x10, 0xf, 0xfe, 0xe8,

    /* U+006E "n" */
    0xf, 0x7c, 0xfc, 0x10, 0xa, 0x7f, 0x42, 0x80,
    0x29, 0x32, 0x94, 0x0, 0x88, 0x0, 0x20, 0x1f,
    0xfd, 0x60,

    /* U+006F "o" */
    0x0, 0x2e, 0xfe, 0xa8, 0x4, 0xb4, 0xb6, 0xb4,
    0xa0, 0x8, 0x68, 0x48, 0x68, 0x1, 0x2d, 0x0,
    0xb4, 0x84, 0x3, 0xf8, 0x45, 0xa0, 0x16, 0x90,
    0x84, 0x34, 0x24, 0x34, 0x0, 0x1a, 0x56, 0xd6,
    0x54, 0x0,

    /* U+0070 "p" */
    0xe7, 0x9e, 0xe4, 0x0, 0x50, 0x3f, 0xad, 0x0,
    0x3, 0x81, 0x3b, 0x70, 0x2, 0x0, 0x4e, 0x6,
    0x2, 0x1, 0xf2, 0x0, 0x48, 0x6, 0x7, 0x46,
    0xd2, 0xe0, 0x9, 0x3d, 0x87, 0x80, 0xa, 0x7b,
    0x90, 0x1, 0xff, 0xc6,

    /* U+0071 "q" */
    0x0, 0x3f, 0x72, 0x5b, 0xc0, 0xd, 0x13, 0xa1,
    0x0, 0x14, 0x33, 0x9c, 0xa8, 0x0, 0x45, 0xa0,
    0x16, 0x0, 0x7e, 0x10, 0x0, 0x8b, 0x0, 0x2d,
    0x0, 0xa1, 0xdc, 0x70, 0xa0, 0x13, 0x44, 0xe1,
    0x40, 0x6, 0x7e, 0xfa, 0x30, 0xf, 0xfe, 0x40,

    /* U+0072 "r" */
    0xf, 0x8d, 0xf0, 0x3, 0xde, 0x0, 0x1d, 0x8c,
    0x1, 0xa0, 0x1f, 0xfc, 0xa0,

    /* U+0073 "s" */
    0x4, 0xdf, 0xc3, 0x0, 0x5a, 0xe3, 0x68, 0x8,
    0x69, 0xd5, 0x0, 0x5a, 0xb6, 0x14, 0x1, 0x38,
    0xaa, 0xf1, 0x27, 0x38, 0xd1, 0x42, 0x9a, 0x36,
    0x6, 0xd, 0x6c, 0x89, 0x30,

    /* U+0074 "t" */
    0x3, 0xf2, 0x0, 0xfd, 0x18, 0x1b, 0xe1, 0x34,
    0x17, 0xa0, 0x2c, 0xc, 0x40, 0x1f, 0xfc, 0x21,
    0x0, 0xe2, 0xb, 0x31, 0x0, 0x4b, 0xe1, 0x0,

    /* U+0075 "u" */
    0xf, 0x50, 0x3, 0x78, 0x7, 0xff, 0x57, 0x0,
    0x7, 0x28, 0xca, 0x0, 0xe0, 0xbd, 0x80,

    /* U+0076 "v" */
    0x5f, 0x10, 0xb, 0xd9, 0x41, 0xc0, 0xa, 0xe,
    0xb, 0xa0, 0xf, 0x51, 0xe, 0x41, 0x5, 0xf0,
    0x2, 0xb, 0xa8, 0x28, 0x4, 0xf5, 0xcc, 0x1,
    0xa8, 0xd3, 0x40, 0x31, 0x90, 0xa0, 0x0,

    /* U+0077 "w" */
    0x5f, 0x0, 0xaf, 0x40, 0x2d, 0x84, 0x4, 0x0,
    0x21, 0x10, 0x4, 0xac, 0x4f, 0x41, 0x0, 0xd4,
    0x1c, 0x4c, 0x2d, 0x3, 0x56, 0xec, 0x1a, 0x80,
    0x5, 0x22, 0x3f, 0xa1, 0x8a, 0x78, 0x0, 0x89,
    0x2, 0x86, 0x36, 0xa, 0x1, 0x22, 0x98, 0x83,
    0xaa, 0x0, 0x6d, 0xb, 0x0, 0x68, 0x68, 0x0,

    /* U+0078 "x" */
    0x2f, 0x40, 0x3, 0xf0, 0x13, 0xc8, 0xc, 0x58,
    0x2, 0xe, 0x29, 0x14, 0x2, 0xb7, 0x49, 0x0,
    0xc2, 0x0, 0x30, 0xd, 0x2e, 0x94, 0x1, 0x41,
    0xc4, 0xa2, 0x81, 0x3d, 0x81, 0x45, 0x80,

    /* U+0079 "y" */
    0x3f, 0x20, 0xb, 0x9c, 0xc5, 0x40, 0x8, 0x2a,
    0xd, 0x40, 0xd, 0x32, 0xa, 0x22, 0x3, 0xd0,
    0x0, 0x88, 0xa8, 0x2e, 0x1, 0x55, 0x35, 0x4,
    0x2, 0x52, 0x6e, 0x0, 0xc4, 0x60, 0xa0, 0x1c,
    0xec, 0x1, 0xa, 0x4a, 0xc0, 0x4, 0xd6, 0x5a,
    0x20, 0x10,

    /* U+007A "z" */
    0x2f, 0xfe, 0x92, 0xdd, 0xa0, 0x28, 0x8, 0x87,
    0x30, 0x60, 0x16, 0xab, 0x80, 0x50, 0x54, 0x1,
    0x23, 0xe8, 0x80, 0x6, 0x98, 0x48, 0x82, 0xe2,
    0xdb, 0xb4, 0x0,

    /* U+007B "{" */
    0x0, 0xfc, 0xff, 0xe6, 0x1, 0x87, 0xc7, 0x2,
    0x9, 0x31, 0x0, 0xff, 0xe3, 0xa0, 0x8, 0x2,
    0xe1, 0x80, 0x29, 0x66, 0x0, 0x45, 0x40, 0x20,
    0x1f, 0xfc, 0x92, 0x9, 0x41, 0x1, 0x86, 0xb7,

    /* U+007C "|" */
    0x63, 0xa4, 0x0, 0xff, 0xea, 0x0,

    /* U+007D "}" */
    0x0, 0xf3, 0xff, 0x9c, 0x0, 0xd8, 0xf0, 0x20,
    0x27, 0x40, 0x40, 0x1f, 0xfc, 0x92, 0x5, 0x0,
    0xcd, 0x36, 0x1, 0x33, 0x24, 0x0, 0x41, 0x44,
    0x1, 0xff, 0xc6, 0x14, 0xb0, 0x20, 0x6b, 0x78,
    0x10,

    /* U+007E "~" */
    0x8, 0xe6, 0x64, 0x3, 0x7e, 0xc5, 0x0,

    /* U+00A0 " " */

    /* U+00A1 "¡" */
    0xb9, 0x3e, 0x96, 0xb9, 0x0, 0xc2, 0x20, 0xf,
    0xc0,

    /* U+00A2 "¢" */
    0x0, 0x85, 0x80, 0x3c, 0xb2, 0x40, 0x1a, 0xac,
    0x36, 0x40, 0x10, 0x92, 0x16, 0xcc, 0x7, 0x84,
    0x4, 0xa3, 0x20, 0x50, 0x9, 0x54, 0x60, 0xe0,
    0x1c, 0x25, 0xa0, 0x15, 0xc8, 0x4b, 0x48, 0x52,
    0x58, 0x25, 0x80, 0x7, 0x8, 0x0, 0x92, 0x16,
    0x60,

    /* U+00A3 "£" */
    0x0, 0x25, 0xff, 0xb5, 0x1, 0x2c, 0x26, 0xad,
    0x83, 0x8e, 0xd9, 0x58, 0x80, 0xdc, 0x3, 0xd4,
    0x86, 0x1, 0x8f, 0x43, 0x3b, 0x8c, 0x7, 0xd6,
    0x1d, 0xc6, 0x0, 0x9c, 0x3, 0xeb, 0x40, 0xe,
    0x87, 0xd4, 0x48, 0xc9, 0xc2, 0x6e, 0xef,

    /* U+00A4 "¤" */
    0x2, 0x0, 0xc2, 0x37, 0xbe, 0x74, 0xea, 0xc,
    0x4c, 0x61, 0x3a, 0x87, 0xda, 0x15, 0xa8, 0x80,
    0x4, 0x3, 0xd9, 0x22, 0x10, 0x42, 0x14, 0xdd,
    0xe8, 0x46, 0x15, 0x7f, 0xec, 0xd0,

    /* U+00A5 "¥" */
    0x6f, 0x10, 0xd, 0x94, 0xc5, 0x0, 0x12, 0x1c,
    0x4, 0x31, 0x0, 0x25, 0x48, 0x14, 0xe0, 0x14,
    0xac, 0x2, 0x85, 0x38, 0x61, 0x0, 0x5d, 0x83,
    0x49, 0xbc, 0x1, 0x5b, 0x62, 0xfb, 0xa0, 0x5,
    0x6d, 0x83, 0xee, 0x80, 0x15, 0xba, 0x9, 0xdd,
    0x0, 0x4, 0x88, 0x6, 0x44, 0x0, 0xff, 0x0,

    /* U+00A6 "¦" */
    0xc7, 0x0, 0xff, 0xe0, 0x30, 0xd3, 0x0, 0x31,
    0xc0, 0x3f, 0xf8, 0x0,

    /* U+00A7 "§" */
    0x0, 0xff, 0xe0, 0x26, 0x7f, 0xa8, 0x40, 0x23,
    0xb5, 0xca, 0x7d, 0x0, 0xa8, 0xe4, 0xd7, 0xcc,
    0xc0, 0x3, 0x0, 0xc5, 0x84, 0x0, 0xe3, 0x93,
    0x0, 0x18, 0x80, 0x11, 0x99, 0x9d, 0x48, 0x1,
    0x51, 0x66, 0x25, 0xad, 0xc0, 0x96, 0x4c, 0xcf,
    0x8d, 0x20, 0x12, 0x0, 0x6f, 0x0, 0x13, 0x4e,
    0x39, 0xac, 0x40, 0x1, 0x34, 0xf1, 0x95, 0xc,
    0x1, 0x2d, 0xfe, 0x2c, 0xa0, 0x1, 0x8, 0x0,
    0x74, 0x7c, 0x0, 0x88, 0x0, 0x7e, 0x95, 0x71,
    0x13, 0x9f, 0x0, 0x16, 0x65, 0xdc, 0x99, 0x20,
    0x4, 0xdd, 0xba, 0xe6, 0x0, 0x0,

    /* U+00A8 "¨" */
    0x3b, 0x18, 0x83, 0x28, 0x11, 0x0,

    /* U+00A9 "©" */
    0x0, 0x9f, 0x7f, 0xac, 0xc0, 0x35, 0xdb, 0xbf,
    0xdb, 0x8a, 0x0, 0x70, 0xcb, 0xec, 0xc, 0xb1,
    0x9, 0x87, 0x4f, 0xf4, 0x3, 0xb1, 0x1, 0xd4,
    0x9, 0x68, 0x66, 0x4, 0x80, 0x94, 0x0, 0x66,
    0x67, 0x12, 0x2, 0x50, 0x1, 0x99, 0x9c, 0x80,
    0xea, 0x4, 0xb8, 0x33, 0x1, 0x30, 0xe9, 0xf9,
    0x40, 0xec, 0xe, 0x19, 0x7d, 0xe3, 0x96, 0x20,
    0xb, 0xb7, 0x7f, 0xb7, 0x14, 0x0,

    /* U+00AA "ª" */
    0x5, 0xdd, 0x20, 0x67, 0xc4, 0x87, 0x7c, 0x18,
    0xc6, 0x58, 0xa, 0x66, 0x80,

    /* U+00AB "«" */
    0x0, 0xe, 0xc8, 0x46, 0x88, 0x3, 0x5e, 0x5d,
    0xbc, 0x43, 0x1a, 0x9e, 0x70, 0x80, 0x89, 0xa1,
    0x84, 0x40, 0x1, 0x6c, 0xb5, 0xbd, 0x80, 0x47,
    0xb0, 0xb6, 0x16, 0x1, 0x1e, 0x30, 0x5f, 0x88,

    /* U+00AC "¬" */
    0xef, 0xff, 0x6, 0x6e, 0xec, 0x0, 0x11, 0x71,
    0x80, 0x7e, 0x50,

    /* U+00AD "­" */
    0x5f, 0xfd, 0xa9, 0x99, 0xbc,

    /* U+00AE "®" */
    0x3, 0x99, 0x20, 0x15, 0x18, 0xe1, 0xad, 0x9f,
    0xdd, 0x80, 0xb, 0x84, 0xb, 0x73, 0xd1, 0x65,
    0xb9, 0x8d, 0x30,

    /* U+00AF "¯" */
    0xbf, 0xf9, 0xeb, 0x76, 0x60,

    /* U+00B0 "°" */
    0x2, 0xce, 0x90, 0x7, 0xde, 0x14, 0x11, 0xb9,
    0x7a, 0x10, 0x20, 0x6a, 0x85, 0x53, 0xd6, 0x41,
    0x3b, 0x98, 0x0,

    /* U+00B1 "±" */
    0x0, 0xbc, 0x40, 0x3f, 0x87, 0xfc, 0x1d, 0xe4,
    0x39, 0x80, 0xbc, 0x20, 0x33, 0x2, 0x98, 0x6,
    0x71, 0x0, 0xe8, 0x0, 0x97, 0xbb, 0x94,

    /* U+00B2 "²" */
    0x4d, 0xe8, 0xe, 0x8a, 0x71, 0xa5, 0xe4, 0x12,
    0xc3, 0xb0, 0xf3, 0x6f, 0x30,

    /* U+00B3 "³" */
    0x5, 0xee, 0x38, 0x3, 0x75, 0x70, 0x0, 0x8a,
    0xa3, 0x80, 0x26, 0xad, 0xc0, 0x1d, 0xb4, 0xe0,

    /* U+00B4 "´" */
    0x0, 0x39, 0x3, 0x51, 0x5, 0xc8, 0x0,

    /* U+00B5 "µ" */
    0x5f, 0x0, 0xae, 0x80, 0x3f, 0xfb, 0xea, 0x1,
    0xd2, 0x74, 0x2e, 0x82, 0x2, 0xb8, 0x3a, 0x36,
    0xa0, 0xc, 0xfb, 0x2c, 0xf4, 0x1, 0x0, 0xff,
    0xe2, 0x0,

    /* U+00B6 "¶" */
    0x0, 0xf8, 0x6f, 0xff, 0x2d, 0x20, 0x1, 0x94,
    0x10, 0x2, 0xe2, 0x2, 0x0, 0xf7, 0x8, 0x7,
    0x1f, 0x6b, 0x80, 0x71, 0x70, 0x7, 0xff, 0x30,

    /* U+00B7 "·" */
    0x7c, 0xf, 0x10,

    /* U+00B8 "¸" */
    0x68, 0x0, 0x6a, 0xd0, 0x5e, 0x20, 0x5e, 0x40,
    0x0,

    /* U+00B9 "¹" */
    0x17, 0xd2, 0xd0, 0x3f, 0x0, 0xf8,

    /* U+00BA "º" */
    0x3, 0xde, 0x80, 0x6, 0xc7, 0xb2, 0x90, 0xa8,
    0xa6, 0x90, 0xa8, 0xa6, 0x86, 0xc7, 0x3a, 0x80,

    /* U+00BB "»" */
    0x1d, 0x80, 0x9d, 0x10, 0x0, 0xe3, 0x3c, 0xa6,
    0x88, 0x0, 0x72, 0x5e, 0x5b, 0x40, 0x22, 0x26,
    0x6, 0x11, 0x0, 0x16, 0xf6, 0xb1, 0xa4, 0x14,
    0xf6, 0xb7, 0xa6, 0x3, 0xd8, 0xd, 0x86, 0x0,

    /* U+00BC "¼" */
    0x8, 0x20, 0xc, 0x4e, 0x1, 0x63, 0x88, 0x6,
    0xef, 0x0, 0xb0, 0x40, 0x32, 0x94, 0x0, 0x7f,
    0x44, 0x0, 0x3f, 0x9c, 0x18, 0x3, 0xa4, 0x80,
    0x62, 0x40, 0x3c, 0xe2, 0x10, 0x88, 0x0, 0x67,
    0x80, 0x62, 0x69, 0x0, 0x38, 0x7, 0xa5, 0xc8,
    0xa, 0xa0, 0x3, 0x22, 0xc8, 0x2, 0x8a, 0xc2,
    0x80, 0x11, 0x1, 0x0, 0x47, 0xe0, 0xd0,

    /* U+00BD "½" */
    0x1, 0x0, 0xff, 0x3f, 0x18, 0x6, 0x8c, 0x0,
    0x8c, 0x3, 0x89, 0xfc, 0x2, 0x41, 0x0, 0xd0,
    0xc6, 0x1, 0xf9, 0x11, 0x0, 0x1f, 0xd3, 0x2,
    0x1, 0xdc, 0x60, 0xe0, 0xc0, 0x59, 0xa8, 0x1,
    0xc, 0x70, 0x2, 0x52, 0xa4, 0x2, 0xb5, 0x30,
    0x5, 0xc6, 0x28, 0x0, 0xd6, 0xc0, 0x21, 0xc3,
    0x80, 0x7, 0xc0, 0x80, 0x5a, 0x6f, 0xc0,

    /* U+00BE "¾" */
    0x9, 0xe8, 0x0, 0xc9, 0xc2, 0x0, 0x34, 0xf7,
    0x20, 0xa, 0x64, 0x20, 0x2, 0xf1, 0x0, 0xca,
    0x6e, 0x1, 0x8, 0x71, 0x90, 0x2, 0x20, 0x1,
    0x92, 0xfc, 0x90, 0x1c, 0x18, 0x3, 0x21, 0xeb,
    0xa0, 0x4c, 0x80, 0x21, 0x0, 0x56, 0x48, 0x41,
    0x20, 0x2, 0xb8, 0x40, 0x30, 0xbf, 0x80, 0x11,
    0x80, 0x3d, 0xa, 0x60, 0x9, 0xe0, 0xe, 0x26,
    0x80, 0x2, 0x96, 0x86, 0x0, 0x50, 0xc4, 0x0,
    0x5f, 0xf0, 0x60,

    /* U+00BF "¿" */
    0x0, 0xa3, 0x0, 0x3d, 0xcc, 0x1, 0xe6, 0xa0,
    0xf, 0x46, 0x80, 0x70, 0xaa, 0x0, 0x61, 0xc0,
    0x90, 0xd, 0xa1, 0x80, 0x18, 0xcd, 0xc2, 0x0,
    0x31, 0x70, 0x10, 0x0, 0xe1, 0x20, 0xc9, 0x13,
    0x44, 0xc3, 0x57, 0x74, 0x3a, 0x0, 0x3e, 0xdd,
    0x8c, 0x0,

    /* U+00C0 "À" */
    0x0, 0xa3, 0x0, 0x3f, 0x49, 0x90, 0x7, 0xc2,
    0xd6, 0x1, 0xfa, 0x64, 0x1, 0xfb, 0xbc, 0x80,
    0x3c, 0x62, 0xa, 0x1, 0xeb, 0x27, 0xa0, 0xf,
    0x32, 0xd9, 0x10, 0x3, 0x18, 0xd9, 0x8d, 0x0,
    0x6b, 0x23, 0x6, 0x50, 0xc, 0xca, 0x0, 0xc2,
    0x20, 0x0, 0xc5, 0xff, 0xd6, 0x14, 0x0, 0xb2,
    0xcc, 0xca, 0xa0, 0x2, 0xa8, 0xcf, 0x71, 0x10,
    0xca, 0xc0, 0x32, 0xd, 0x0,

    /* U+00C1 "Á" */
    0x0, 0xe6, 0xe0, 0xf, 0xd7, 0x0, 0x1f, 0x19,
    0x98, 0x3, 0xe3, 0xe0, 0xf, 0xdd, 0xe4, 0x1,
    0xe3, 0x10, 0x50, 0xf, 0x59, 0x3d, 0x0, 0x79,
    0x96, 0xc8, 0x80, 0x18, 0xc6, 0xcc, 0x68, 0x3,
    0x59, 0x18, 0x32, 0x80, 0x66, 0x50, 0x6, 0x11,
    0x0, 0x6, 0x2f, 0xfe, 0xb0, 0xa0, 0x5, 0x96,
    0x66, 0x55, 0x0, 0x15, 0x46, 0x7b, 0x88, 0x86,
    0x56, 0x1, 0x90, 0x68,

    /* U+00C2 "Â" */
    0x0, 0xc8, 0xe0, 0x1f, 0x15, 0x51, 0x80, 0x3d,
    0xd3, 0xf0, 0x40, 0x1d, 0x8e, 0x5c, 0x40, 0x1e,
    0xef, 0x20, 0xf, 0x18, 0x82, 0x80, 0x7a, 0xc9,
    0xe8, 0x3, 0xcc, 0xb6, 0x44, 0x0, 0xc6, 0x36,
    0x63, 0x40, 0x1a, 0xc8, 0xc1, 0x94, 0x3, 0x32,
    0x80, 0x30, 0x88, 0x0, 0x31, 0x7f, 0xf5, 0x85,
    0x0, 0x2c, 0xb3, 0x32, 0xa8, 0x0, 0xaa, 0x33,
    0xdc, 0x44, 0x32, 0xb0, 0xc, 0x83, 0x40,

    /* U+00C3 "Ã" */
    0x0, 0xa3, 0x52, 0x50, 0x3, 0x9a, 0x69, 0xd4,
    0x3, 0xbd, 0x3b, 0x82, 0x1, 0xc3, 0xde, 0x40,
    0x1e, 0x31, 0x5, 0x0, 0xf5, 0x93, 0xd0, 0x7,
    0x99, 0x6c, 0x88, 0x1, 0x8c, 0x6c, 0xc6, 0x80,
    0x35, 0x91, 0x83, 0x28, 0x6, 0x65, 0x0, 0x61,
    0x10, 0x0, 0x62, 0xff, 0xeb, 0xa, 0x0, 0x59,
    0x66, 0x65, 0x50, 0x1, 0x54, 0x67, 0xb8, 0x88,
    0x65, 0x60, 0x19, 0x6, 0x80,

    /* U+00C4 "Ä" */
    0x0, 0xb5, 0xcf, 0x88, 0x3, 0x9c, 0x84, 0x8c,
    0x3, 0xa9, 0x4b, 0x4, 0x3, 0xdd, 0xe4, 0x1,
    0xe3, 0x10, 0x50, 0xf, 0x59, 0x3d, 0x0, 0x79,
    0x96, 0xc8, 0x80, 0x18, 0xc6, 0xcc, 0x68, 0x3,
    0x59, 0x18, 0x32, 0x80, 0x66, 0x50, 0x6, 0x11,
    0x0, 0x6, 0x2f, 0xfe, 0xb0, 0xa0, 0x5, 0x96,
    0x66, 0x55, 0x0, 0x15, 0x46, 0x7b, 0x88, 0x86,
    0x56, 0x1, 0x90, 0x68,

    /* U+00C5 "Å" */
    0x0, 0x87, 0x79, 0x0, 0x3d, 0x2b, 0xb2, 0x1,
    0xfc, 0x20, 0x1e, 0x95, 0xd8, 0x0, 0xf0, 0xef,
    0x20, 0x7, 0xdd, 0xe4, 0x1, 0xe3, 0x10, 0x50,
    0xf, 0x59, 0x3d, 0x0, 0x79, 0x96, 0xc8, 0x80,
    0x18, 0xc6, 0xcc, 0x68, 0x3, 0x59, 0x18, 0x32,
    0x80, 0x66, 0x50, 0x6, 0x11, 0x0, 0x6, 0x2f,
    0xfe, 0xb0, 0xa0, 0x5, 0x96, 0x66, 0x55, 0x0,
    0x15, 0x46, 0x7b, 0x88, 0x86, 0x56, 0x1, 0x90,
    0x68,

    /* U+00C6 "Æ" */
    0x0, 0xe4, 0xff, 0xf9, 0x0, 0x3a, 0x4, 0x2a,
    0xef, 0x28, 0x6, 0x33, 0x48, 0x22, 0x70, 0x80,
    0x68, 0x43, 0x0, 0xff, 0x1a, 0x40, 0x7, 0xfd,
    0x8, 0x60, 0xe, 0xff, 0xa8, 0x2, 0x34, 0xf0,
    0x10, 0xbc, 0xca, 0x0, 0x29, 0xb, 0xfa, 0x5,
    0x33, 0x88, 0x0, 0x4b, 0x39, 0x88, 0x0, 0xfd,
    0x6, 0xc6, 0x70, 0x22, 0x70, 0x92, 0xc8, 0x7,
    0x55, 0xde, 0x70,

    /* U+00C7 "Ç" */
    0x0, 0x9f, 0x7f, 0xa8, 0x80, 0x35, 0xc2, 0x54,
    0xbe, 0x10, 0x1, 0xd2, 0xe5, 0x5f, 0x4e, 0x0,
    0x12, 0xa8, 0x1, 0xa4, 0x40, 0x87, 0xc0, 0x39,
    0x2c, 0x4, 0x18, 0x3, 0xf0, 0x83, 0x80, 0x7e,
    0x21, 0xd0, 0xe, 0x4b, 0x0, 0x4b, 0x20, 0x6,
    0x90, 0x9, 0xce, 0xe1, 0x5b, 0x4a, 0x40, 0x2c,
    0x75, 0xa9, 0x6d, 0x20, 0xd, 0x1e, 0x7f, 0x64,
    0x1, 0xe4, 0x7a, 0x10, 0xf, 0x9a, 0xc1, 0x0,
    0x3e, 0x6d, 0x5, 0x0, 0x80,

    /* U+00C8 "È" */
    0x1, 0xf4, 0x0, 0xc2, 0xfe, 0x1, 0xd2, 0x82,
    0x1, 0x87, 0xc4, 0x1, 0x7f, 0xfd, 0xa0, 0x97,
    0x7b, 0x80, 0x51, 0x31, 0x80, 0x7f, 0xf0, 0xd7,
    0xff, 0x18, 0x26, 0x66, 0x30, 0x13, 0x3c, 0x1,
    0xfc, 0x28, 0x9c, 0x9, 0x77, 0xa8,

    /* U+00C9 "É" */
    0x0, 0xdc, 0xe0, 0x19, 0x1, 0xc0, 0x37, 0xc8,
    0x7, 0x5b, 0x80, 0x2f, 0xff, 0xb4, 0x12, 0xef,
    0x70, 0xa, 0x26, 0x30, 0xf, 0xfe, 0x1a, 0xff,
    0xe3, 0x4, 0xcc, 0xc6, 0x2, 0x67, 0x80, 0x3f,
    0x85, 0x13, 0x81, 0x2e, 0xf5, 0x0,

    /* U+00CA "Ê" */
    0x0, 0x9c, 0xc0, 0x34, 0x5e, 0x80, 0x46, 0xda,
    0xf2, 0x0, 0x3e, 0x19, 0x90, 0x5f, 0xff, 0x68,
    0x25, 0xde, 0xe0, 0x14, 0x4c, 0x60, 0x1f, 0xfc,
    0x35, 0xff, 0xc6, 0x9, 0x99, 0x8c, 0x4, 0xcf,
    0x0, 0x7f, 0xa, 0x27, 0x2, 0x5d, 0xea,

    /* U+00CB "Ë" */
    0x5, 0xe1, 0xaa, 0x0, 0x19, 0x40, 0x88, 0x0,
    0x3b, 0x18, 0x80, 0x5f, 0xff, 0x68, 0x25, 0xde,
    0xe0, 0x14, 0x4c, 0x60, 0x1f, 0xfc, 0x35, 0xff,
    0xc6, 0x9, 0x99, 0x8c, 0x4, 0xcf, 0x0, 0x7f,
    0xa, 0x27, 0x2, 0x5d, 0xea,

    /* U+00CC "Ì" */
    0xc9, 0x8, 0x70, 0x42, 0x60, 0xc6, 0xb, 0xa0,
    0xf, 0xfe, 0x90,

    /* U+00CD "Í" */
    0xa, 0xb1, 0x58, 0x74, 0x36, 0xb0, 0xba, 0x0,
    0xff, 0xe9, 0x80,

    /* U+00CE "Î" */
    0x0, 0x32, 0x80, 0x49, 0x76, 0x30, 0x1a, 0xeb,
    0xe0, 0x1e, 0x35, 0xd0, 0xa, 0xe8, 0x3, 0xff,
    0xe4,

    /* U+00CF "Ï" */
    0x1e, 0x46, 0xe0, 0x1, 0x39, 0x28, 0xe, 0x1a,
    0x58, 0x5, 0x74, 0x1, 0xff, 0xf2,

    /* U+00D0 "Ð" */
    0x0, 0x7f, 0xed, 0x70, 0xf, 0x3d, 0xd9, 0x63,
    0x0, 0x3b, 0x51, 0x11, 0x86, 0xe0, 0x1f, 0x8d,
    0xa4, 0x0, 0x20, 0x1e, 0xd1, 0x27, 0xe0, 0xaf,
    0x80, 0x3, 0x0, 0xb5, 0x84, 0x64, 0x80, 0x18,
    0x4, 0x48, 0x4, 0x62, 0x0, 0xd1, 0x20, 0xf,
    0x8d, 0x98, 0x1, 0xb5, 0x11, 0x18, 0x70, 0x1,
    0x9e, 0xec, 0xb1, 0x80, 0x0,

    /* U+00D1 "Ñ" */
    0x0, 0x3e, 0xac, 0x28, 0x6, 0x99, 0x43, 0xa0,
    0x6, 0xf4, 0xdf, 0x10, 0x5, 0xe0, 0x80, 0x43,
    0xe8, 0x6, 0xe0, 0x1f, 0xa0, 0x80, 0x3c, 0xa7,
    0x20, 0x1f, 0x7a, 0x30, 0x7, 0x8d, 0xe0, 0x40,
    0x3d, 0x7, 0x60, 0x1f, 0x72, 0xb8, 0x7, 0x8d,
    0xa4, 0x3, 0xe9, 0x10, 0xf, 0xd4, 0x0,

    /* U+00D2 "Ò" */
    0x0, 0xda, 0xe0, 0x1f, 0xd3, 0x20, 0xf, 0xe4,
    0x82, 0x0, 0xfe, 0x62, 0x0, 0xf9, 0xb7, 0xfa,
    0x88, 0x3, 0x5c, 0xa4, 0xc9, 0xf5, 0x0, 0xe,
    0x95, 0x2c, 0xfa, 0x94, 0x21, 0x2a, 0xa0, 0xd,
    0x42, 0xc4, 0x3e, 0x1, 0xc2, 0x78, 0x20, 0xc0,
    0x1e, 0x67, 0x10, 0x60, 0xf, 0x33, 0x90, 0xf8,
    0x7, 0x9, 0xe0, 0x4a, 0xa0, 0x6, 0xa1, 0x60,
    0x74, 0xb9, 0x66, 0x6a, 0x50, 0x80, 0x2e, 0x12,
    0x61, 0xb1, 0x0,

    /* U+00D3 "Ó" */
    0x0, 0xf6, 0xb8, 0x7, 0xe5, 0x37, 0x0, 0xfe,
    0xd0, 0xf, 0xe5, 0x30, 0xf, 0x9b, 0x7f, 0xa8,
    0x80, 0x35, 0xca, 0x4c, 0x9f, 0x50, 0x0, 0xe9,
    0x52, 0xcf, 0xa9, 0x42, 0x12, 0xaa, 0x0, 0xd4,
    0x2c, 0x43, 0xe0, 0x1c, 0x27, 0x82, 0xc, 0x1,
    0xe6, 0x71, 0x6, 0x0, 0xf3, 0x39, 0xf, 0x80,
    0x70, 0x9e, 0x4, 0xaa, 0x0, 0x6a, 0x16, 0x7,
    0x4b, 0x96, 0x66, 0xa5, 0x8, 0x2, 0xe1, 0x26,
    0x1b, 0x10, 0x0,

    /* U+00D4 "Ô" */
    0x0, 0xe7, 0x40, 0xf, 0xd5, 0xb2, 0x60, 0x1e,
    0x2d, 0xaf, 0x50, 0xf, 0x13, 0x81, 0x30, 0x7,
    0x9b, 0x7f, 0xa8, 0x80, 0x35, 0xca, 0x4c, 0x9f,
    0x50, 0x0, 0xe9, 0x52, 0xcf, 0xa9, 0x42, 0x12,
    0xaa, 0x0, 0xd4, 0x2c, 0x43, 0xe0, 0x1c, 0x27,
    0x82, 0xc, 0x1, 0xe6, 0x71, 0x6, 0x0, 0xf3,
    0x39, 0xf, 0x80, 0x70, 0x9e, 0x4, 0xaa, 0x0,
    0x6a, 0x16, 0x7, 0x4b, 0x96, 0x66, 0xa5, 0x8,
    0x2, 0xe1, 0x26, 0x1b, 0x10, 0x0,

    /* U+00D5 "Õ" */
    0x0, 0xd9, 0x43, 0xa0, 0x1e, 0x56, 0xde, 0x70,
    0xf, 0x2d, 0x3f, 0xd0, 0x7, 0xff, 0x15, 0xb7,
    0xfa, 0x88, 0x3, 0x5c, 0xa4, 0xc9, 0xf5, 0x0,
    0xe, 0x95, 0x2c, 0xfa, 0x94, 0x21, 0x2a, 0xa0,
    0xd, 0x42, 0xc4, 0x3e, 0x1, 0xc2, 0x78, 0x20,
    0xc0, 0x1e, 0x67, 0x10, 0x60, 0xf, 0x33, 0x90,
    0xf8, 0x7, 0x9, 0xe0, 0x4a, 0xa0, 0x6, 0xa1,
    0x60, 0x74, 0xb9, 0x66, 0x6a, 0x50, 0x80, 0x2e,
    0x12, 0x61, 0xb1, 0x0,

    /* U+00D6 "Ö" */
    0x0, 0x8f, 0x8a, 0x30, 0x3, 0xc2, 0xa7, 0xca,
    0x1, 0xe2, 0xb1, 0x69, 0x0, 0xf3, 0x6f, 0xf5,
    0x10, 0x6, 0xb9, 0x49, 0x93, 0xea, 0x0, 0x1d,
    0x2a, 0x59, 0xf5, 0x28, 0x42, 0x55, 0x40, 0x1a,
    0x85, 0x88, 0x7c, 0x3, 0x84, 0xf0, 0x41, 0x80,
    0x3c, 0xce, 0x20, 0xc0, 0x1e, 0x67, 0x21, 0xf0,
    0xe, 0x13, 0xc0, 0x95, 0x40, 0xd, 0x42, 0xc0,
    0xe9, 0x72, 0xcc, 0xd4, 0xa1, 0x0, 0x5c, 0x24,
    0xc3, 0x62, 0x0,

    /* U+00D7 "×" */
    0x0, 0xf0, 0xf1, 0x8e, 0x90, 0xbe, 0xe3, 0x90,
    0x40, 0x94, 0x0, 0x34, 0xd3, 0xc4, 0x4d, 0x96,
    0xe0,

    /* U+00D8 "Ø" */
    0x0, 0x9f, 0x7f, 0xab, 0x6c, 0x2, 0xb8, 0x49,
    0x92, 0x17, 0x0, 0x1d, 0x2a, 0x59, 0x44, 0xac,
    0x1, 0x2a, 0xa0, 0x4, 0x9e, 0xb, 0x90, 0xf8,
    0x1, 0x53, 0x85, 0x30, 0x41, 0x80, 0x6d, 0xc8,
    0x5, 0xc4, 0x18, 0x20, 0xe0, 0x0, 0xce, 0x43,
    0xe6, 0xd2, 0x0, 0x13, 0xc0, 0x85, 0xe5, 0x40,
    0x5, 0xb, 0x3, 0x19, 0x3, 0x33, 0x52, 0xc4,
    0x8, 0xd9, 0xe6, 0x1b, 0x14, 0x0,

    /* U+00D9 "Ù" */
    0x0, 0x46, 0x80, 0x7d, 0x6, 0x80, 0x1f, 0x50,
    0x80, 0x7c, 0x8a, 0x1, 0xae, 0x80, 0x31, 0xf9,
    0x0, 0x7f, 0xfa, 0x84, 0x40, 0x19, 0xc0, 0xf5,
    0x4, 0x2, 0xe1, 0x13, 0xf, 0xbb, 0x5a, 0xc0,
    0xe, 0x24, 0xc9, 0xe9, 0x80,

    /* U+00DA "Ú" */
    0x0, 0xcf, 0xa0, 0x1f, 0x4c, 0x80, 0x3c, 0x50,
    0x80, 0x1e, 0x26, 0x0, 0xd7, 0x40, 0x18, 0xfc,
    0x80, 0x3f, 0xfd, 0x42, 0x20, 0xc, 0xe0, 0x7a,
    0x82, 0x1, 0x70, 0x89, 0x87, 0xdd, 0xad, 0x60,
    0x7, 0x12, 0x64, 0xf4, 0xc0,

    /* U+00DB "Û" */
    0x0, 0x91, 0xc0, 0x3c, 0x55, 0x6c, 0x1, 0xdd,
    0x1d, 0x4, 0x1, 0xb1, 0x8b, 0x88, 0x1, 0x74,
    0x1, 0x8f, 0xc8, 0x3, 0xff, 0xd4, 0x22, 0x0,
    0xce, 0x7, 0xa8, 0x20, 0x17, 0x8, 0x98, 0x7d,
    0xda, 0xd6, 0x0, 0x71, 0x26, 0x4f, 0x4c, 0x0,

    /* U+00DC "Ü" */
    0x0, 0x6b, 0x9f, 0x10, 0x6, 0x72, 0x12, 0x30,
    0xd, 0x4a, 0x58, 0x20, 0xb, 0xa0, 0xc, 0x7e,
    0x40, 0x1f, 0xfe, 0xa1, 0x10, 0x6, 0x70, 0x3d,
    0x41, 0x0, 0xb8, 0x44, 0xc3, 0xee, 0xd6, 0xb0,
    0x3, 0x89, 0x32, 0x7a, 0x60,

    /* U+00DD "Ý" */
    0x0, 0xed, 0x70, 0xf, 0x21, 0xb8, 0x7, 0xb9,
    0x80, 0x3e, 0xa8, 0x0, 0x9b, 0xc4, 0x3, 0x65,
    0xb1, 0x40, 0x4, 0x87, 0x1, 0x6c, 0x20, 0x8,
    0x53, 0x6, 0x28, 0x4, 0x38, 0x0, 0xa1, 0x86,
    0x14, 0x80, 0x25, 0x2c, 0x38, 0x0, 0xe8, 0x25,
    0x20, 0xe, 0x50, 0xf0, 0xf, 0xfe, 0x90,

    /* U+00DE "Þ" */
    0xe7, 0x0, 0xfb, 0xc0, 0x3e, 0x7f, 0xfa, 0x40,
    0x26, 0xcc, 0x53, 0xe0, 0x3, 0x8c, 0xcb, 0x46,
    0x60, 0xe, 0x40, 0x60, 0xe, 0x30, 0x10, 0xf0,
    0x1, 0x71, 0x20, 0x3f, 0xfb, 0x43, 0xc0, 0xd,
    0x98, 0xdd, 0x10, 0x3, 0x8c, 0xc4, 0x1, 0x0,

    /* U+00DF "ß" */
    0x5, 0xdf, 0xd7, 0x0, 0x25, 0x25, 0xd4, 0x40,
    0x3d, 0x25, 0x1d, 0xcc, 0xc, 0x60, 0x17, 0x0,
    0xf, 0xc0, 0x5, 0x6c, 0x1, 0x37, 0xe8, 0xc0,
    0x4, 0xfb, 0x61, 0x60, 0x10, 0x92, 0x72, 0x18,
    0x7, 0x8, 0x38, 0x0, 0x8d, 0xb8, 0x50, 0x1,
    0x79, 0xf, 0xe0,

    /* U+00E0 "à" */
    0x0, 0xc, 0x0, 0x7c, 0x28, 0xe0, 0x1f, 0x7c,
    0x80, 0x7c, 0x7c, 0x1, 0xe6, 0xee, 0x52, 0xf8,
    0x82, 0xcb, 0x69, 0x58, 0x5, 0xb, 0x7, 0x8,
    0x1, 0x17, 0x80, 0x58, 0x1, 0xf8, 0xc0, 0x22,
    0xc0, 0xb, 0x0, 0x28, 0x65, 0x15, 0x70, 0x9,
    0x66, 0xfb, 0x96, 0x0,

    /* U+00E1 "á" */
    0x0, 0xe7, 0x30, 0xf, 0x24, 0x90, 0x7, 0xa2,
    0x2, 0x1, 0xec, 0x60, 0xe, 0x6e, 0xe5, 0x2f,
    0x88, 0x2c, 0xb6, 0x95, 0x80, 0x50, 0xb0, 0x70,
    0x80, 0x11, 0x78, 0x5, 0x80, 0x1f, 0x8c, 0x2,
    0x2c, 0x0, 0xb0, 0x2, 0x86, 0x51, 0x57, 0x0,
    0x96, 0x6f, 0xb9, 0x60, 0x0,

    /* U+00E2 "â" */
    0x0, 0x9b, 0xe0, 0x3, 0x8e, 0x35, 0x54, 0x1,
    0x8b, 0xcb, 0x10, 0x3, 0x3f, 0xf5, 0xa7, 0x88,
    0x2c, 0xb6, 0x95, 0x80, 0x50, 0xb0, 0x70, 0x80,
    0x11, 0x78, 0x5, 0x80, 0x1f, 0x8c, 0x2, 0x2c,
    0x0, 0xb0, 0x2, 0x86, 0x51, 0x57, 0x0, 0x96,
    0x6f, 0xb9, 0x60, 0x0,

    /* U+00E3 "ã" */
    0x0, 0x1f, 0x49, 0xd8, 0x6, 0xb8, 0xc, 0xd0,
    0xd, 0x2d, 0x3e, 0xc0, 0x19, 0xfb, 0x94, 0xbe,
    0x20, 0xb2, 0xda, 0x56, 0x1, 0x42, 0xc1, 0xc2,
    0x0, 0x45, 0xe0, 0x16, 0x0, 0x7e, 0x30, 0x8,
    0xb0, 0x2, 0xc0, 0xa, 0x19, 0x45, 0x5c, 0x2,
    0x59, 0xbe, 0xe5, 0x80, 0x0,

    /* U+00E4 "ä" */
    0x0, 0x36, 0x86, 0x48, 0x6, 0x36, 0x5, 0xe0,
    0xc, 0xb6, 0x12, 0xe0, 0x19, 0xbb, 0x94, 0xbe,
    0x20, 0xb2, 0xda, 0x56, 0x1, 0x42, 0xc1, 0xc2,
    0x0, 0x45, 0xe0, 0x16, 0x0, 0x7e, 0x30, 0x8,
    0xb0, 0x2, 0xc0, 0xa, 0x19, 0x45, 0x5c, 0x2,
    0x59, 0xbe, 0xe5, 0x80, 0x0,

    /* U+00E5 "å" */
    0x0, 0xa3, 0xe8, 0x3, 0x85, 0xb9, 0x90, 0x3,
    0xf3, 0x80, 0x61, 0x6e, 0x63, 0x0, 0xe8, 0xfa,
    0x0, 0xe6, 0xee, 0x52, 0xf8, 0x82, 0xcb, 0x69,
    0x58, 0x5, 0xb, 0x7, 0x8, 0x1, 0x17, 0x80,
    0x58, 0x1, 0xf8, 0xc0, 0x22, 0xc0, 0xb, 0x0,
    0x28, 0x65, 0x15, 0x70, 0x9, 0x66, 0xfb, 0x96,
    0x0,

    /* U+00E6 "æ" */
    0x1, 0xaf, 0xf4, 0x83, 0x6f, 0xe1, 0x80, 0x29,
    0xb3, 0xb, 0x97, 0x3a, 0x98, 0x41, 0xfa, 0x66,
    0x83, 0x94, 0x28, 0x4a, 0x6, 0xae, 0xfb, 0xb,
    0xff, 0x90, 0x83, 0xb, 0x36, 0x42, 0xb7, 0x75,
    0x88, 0xac, 0x89, 0xc0, 0x45, 0xa9, 0x4, 0x50,
    0x4a, 0xd1, 0x6, 0x38, 0x77, 0x5, 0x3e, 0xc5,
    0x3c, 0xc6, 0x26, 0x10,

    /* U+00E7 "ç" */
    0x0, 0x26, 0xfe, 0xa8, 0x1, 0x2d, 0x6d, 0x69,
    0x2, 0x16, 0x12, 0x1f, 0x40, 0xf8, 0x2, 0x89,
    0x10, 0xf, 0x84, 0x46, 0x1, 0x23, 0x3, 0x41,
    0x81, 0x50, 0x84, 0x26, 0x76, 0xab, 0x80, 0x2e,
    0xc7, 0x76, 0x0, 0xd8, 0x7e, 0x1, 0xd1, 0xce,
    0x60, 0x1a, 0x35, 0x4c, 0x0,

    /* U+00E8 "è" */
    0x0, 0x2f, 0x80, 0x79, 0x49, 0x80, 0x3d, 0x74,
    0x1, 0xe6, 0xc0, 0xe, 0x6d, 0xfc, 0x30, 0x2,
    0xcd, 0xd9, 0x70, 0x42, 0x25, 0x92, 0x49, 0x80,
    0xa7, 0xfe, 0x2e, 0x0, 0x4e, 0xee, 0x80, 0x2f,
    0x22, 0xad, 0x42, 0x19, 0xce, 0x59, 0x41, 0x66,
    0xb1, 0x70, 0x40,

    /* U+00E9 "é" */
    0x0, 0xc7, 0xe4, 0x1, 0xd4, 0xa4, 0x1, 0xcd,
    0x0, 0x1e, 0xf2, 0x0, 0xcd, 0xbf, 0x86, 0x0,
    0x59, 0xbb, 0x2e, 0x8, 0x44, 0xb2, 0x49, 0x30,
    0x14, 0xff, 0xc5, 0xc0, 0x9, 0xdd, 0xd0, 0x5,
    0xe4, 0x55, 0xa8, 0x43, 0x39, 0xcb, 0x28, 0x2c,
    0xd6, 0x2e, 0x8,

    /* U+00EA "ê" */
    0x0, 0xa7, 0xd4, 0x3, 0x2a, 0xb6, 0xc8, 0x2,
    0x7d, 0x2f, 0x30, 0x9, 0x33, 0xf4, 0x80, 0xb,
    0x37, 0x65, 0xc1, 0x8, 0x96, 0x49, 0x26, 0x2,
    0x9f, 0xf8, 0xb8, 0x1, 0x3b, 0xba, 0x0, 0xbc,
    0x8a, 0xb5, 0x8, 0x67, 0x39, 0x65, 0x5, 0x9a,
    0xc5, 0xc1,

    /* U+00EB "ë" */
    0x0, 0x55, 0x87, 0x28, 0x5, 0xa6, 0xa, 0x20,
    0x13, 0xc0, 0x5a, 0x0, 0x4d, 0xbf, 0x86, 0x0,
    0x59, 0xbb, 0x2e, 0x8, 0x44, 0xb2, 0x49, 0x30,
    0x14, 0xff, 0xc5, 0xc0, 0x9, 0xdd, 0xd0, 0x5,
    0xe4, 0x55, 0xa8, 0x43, 0x39, 0xcb, 0x28, 0x2c,
    0xd6, 0x2e, 0x8,

    /* U+00EC "ì" */
    0x6, 0x30, 0x0, 0xf0, 0x1, 0xc1, 0x40, 0x1a,
    0xa0, 0xb, 0x90, 0xf, 0xfe, 0x80,

    /* U+00ED "í" */
    0x4, 0x60, 0xa3, 0x62, 0x56, 0xc0, 0xb9, 0x0,
    0xff, 0xe5, 0x0,

    /* U+00EE "î" */
    0x1, 0xdd, 0x8, 0x3, 0x22, 0xa8, 0x0, 0xd5,
    0x7a, 0x0, 0xae, 0x44, 0x3, 0xff, 0xbe,

    /* U+00EF "ï" */
    0x1e, 0x46, 0xe0, 0x1, 0x39, 0x28, 0xe, 0x1a,
    0x58, 0x5, 0x72, 0x1, 0xff, 0xe0,

    /* U+00F0 "ð" */
    0x1, 0x10, 0x0, 0x40, 0x33, 0x74, 0x5e, 0x80,
    0x67, 0x37, 0x4e, 0x0, 0xc6, 0x16, 0x7e, 0x20,
    0x11, 0xe2, 0x60, 0x68, 0x6, 0x7e, 0xe0, 0x9a,
    0x80, 0x1e, 0x21, 0x94, 0x12, 0x0, 0x97, 0x62,
    0x66, 0x18, 0x8, 0xb0, 0x2, 0xc0, 0x10, 0xf,
    0xc2, 0x22, 0xd0, 0xb, 0xc, 0x1, 0xc, 0xe6,
    0xed, 0x0, 0x5, 0xaa, 0x65, 0x51, 0x0,

    /* U+00F1 "ñ" */
    0x8, 0xe5, 0x86, 0x0, 0x36, 0xc3, 0xb8, 0x1,
    0xe7, 0xbe, 0x21, 0xb1, 0x5f, 0xa6, 0x0, 0x6f,
    0xe7, 0xd0, 0x2, 0x28, 0xc0, 0x98, 0x18, 0x0,
    0xc1, 0xc0, 0x3f, 0xfa, 0x0,

    /* U+00F2 "ò" */
    0x0, 0x17, 0x90, 0x7, 0x89, 0x6c, 0x3, 0xe9,
    0x60, 0xf, 0x8f, 0xc0, 0x3c, 0xbb, 0xfa, 0xc0,
    0x12, 0x52, 0x5d, 0x4b, 0x0, 0x25, 0x65, 0x1d,
    0xd0, 0x0, 0x2f, 0x0, 0xac, 0x48, 0x3, 0xfc,
    0x5e, 0x1, 0x58, 0x90, 0x42, 0xc2, 0x3b, 0xa0,
    0x0, 0xb4, 0xb7, 0x52, 0xc0,

    /* U+00F3 "ó" */
    0x0, 0xef, 0x40, 0xf, 0x31, 0x20, 0x7, 0xae,
    0x0, 0x3e, 0xd5, 0x0, 0xe5, 0xdf, 0xd6, 0x0,
    0x92, 0x92, 0xea, 0x58, 0x1, 0x2b, 0x28, 0xee,
    0x80, 0x1, 0x78, 0x5, 0x62, 0x40, 0x1f, 0xe2,
    0xf0, 0xa, 0xc4, 0x82, 0x16, 0x11, 0xdd, 0x0,
    0x5, 0xa5, 0xba, 0x96, 0x0,

    /* U+00F4 "ô" */
    0x0, 0x9b, 0xe0, 0x3, 0x8e, 0x35, 0x50, 0x3,
    0x17, 0x96, 0x28, 0x6, 0x4c, 0xfc, 0x70, 0x9,
    0x29, 0x2e, 0xa5, 0x80, 0x12, 0xb2, 0x8e, 0xe8,
    0x0, 0x17, 0x80, 0x56, 0x24, 0x1, 0xfe, 0x2f,
    0x0, 0xac, 0x48, 0x21, 0x61, 0x1d, 0xd0, 0x0,
    0x5a, 0x5b, 0xa9, 0x60,

    /* U+00F5 "õ" */
    0x0, 0x1f, 0x49, 0xd8, 0x6, 0xa8, 0xc, 0xe0,
    0xd, 0xd, 0x3e, 0xa0, 0x19, 0x37, 0xf5, 0x80,
    0x24, 0xa4, 0xba, 0x96, 0x0, 0x4a, 0xca, 0x3b,
    0xa0, 0x0, 0x5e, 0x1, 0x58, 0x90, 0x7, 0xf8,
    0xbc, 0x2, 0xb1, 0x20, 0x85, 0x84, 0x77, 0x40,
    0x1, 0x69, 0x6e, 0xa5, 0x80,

    /* U+00F6 "ö" */
    0x0, 0x3e, 0x86, 0x40, 0x6, 0x26, 0x5, 0xe0,
    0xc, 0xb6, 0x12, 0xc0, 0x19, 0x77, 0xf5, 0x80,
    0x24, 0xa4, 0xba, 0x96, 0x0, 0x4a, 0xca, 0x3b,
    0xa0, 0x0, 0x5e, 0x1, 0x58, 0x90, 0x7, 0xf8,
    0xbc, 0x2, 0xb1, 0x20, 0x85, 0x84, 0x77, 0x40,
    0x1, 0x69, 0x6e, 0xa5, 0x80,

    /* U+00F7 "÷" */
    0x0, 0xb6, 0x0, 0x38, 0x7c, 0x3, 0xb1, 0xc0,
    0xb, 0xff, 0xd2, 0xbb, 0xbd, 0x0, 0x44, 0xe5,
    0x21, 0x0, 0x87, 0xc0, 0x0,

    /* U+00F8 "ø" */
    0x0, 0xf2, 0x90, 0x4, 0xdb, 0xfb, 0x64, 0x0,
    0x59, 0x5b, 0x1, 0x50, 0x5, 0xb4, 0x38, 0xb4,
    0x0, 0x8b, 0x42, 0x21, 0xa4, 0x20, 0x12, 0x2,
    0x0, 0x42, 0x2d, 0x88, 0x6, 0x90, 0x84, 0x30,
    0xbc, 0x34, 0x0, 0x18, 0x42, 0xd6, 0x54, 0x0,
    0x57, 0xbf, 0xac, 0x0,

    /* U+00F9 "ù" */
    0x8, 0xc0, 0xe, 0x93, 0x20, 0xc, 0x2d, 0x60,
    0x1d, 0x32, 0x0, 0xb6, 0x0, 0x5, 0xe4, 0x1,
    0xff, 0xcd, 0x10, 0x0, 0x88, 0x0, 0xa0, 0x5,
    0x75, 0x54, 0x0, 0x21, 0x6a, 0x2c, 0x0,

    /* U+00FA "ú" */
    0x0, 0x9b, 0x80, 0x3a, 0xe0, 0x3, 0x19, 0x98,
    0x3, 0x1f, 0x0, 0x5b, 0x0, 0x2, 0xf2, 0x0,
    0xff, 0xe6, 0x88, 0x0, 0x44, 0x0, 0x50, 0x2,
    0xba, 0xaa, 0x0, 0x10, 0xb5, 0x16, 0x0,

    /* U+00FB "û" */
    0x0, 0x67, 0x10, 0x5, 0x49, 0x5e, 0x20, 0xb,
    0x84, 0xd1, 0xd, 0x90, 0x1, 0x79, 0x0, 0x7f,
    0xf3, 0x44, 0x0, 0x22, 0x0, 0x28, 0x1, 0x5d,
    0x55, 0x0, 0x8, 0x5a, 0x8b, 0x0, 0x0,

    /* U+00FC "ü" */
    0xd, 0x83, 0xf2, 0x0, 0x3f, 0x9, 0x98, 0x1,
    0x4c, 0x58, 0x21, 0xb0, 0x0, 0x2f, 0x20, 0xf,
    0xfe, 0x68, 0x80, 0x4, 0x40, 0x5, 0x0, 0x2b,
    0xaa, 0xa0, 0x1, 0xb, 0x51, 0x60, 0x0,

    /* U+00FD "ý" */
    0x0, 0xc6, 0xc0, 0x1e, 0xe0, 0xf, 0x28, 0x30,
    0x7, 0x2e, 0x80, 0x47, 0xe4, 0x1, 0x73, 0x98,
    0xa8, 0x1, 0x5, 0x41, 0xa8, 0x1, 0xa6, 0x41,
    0x44, 0x40, 0x7a, 0x0, 0x11, 0x15, 0x5, 0xc0,
    0x2a, 0xa6, 0xa0, 0x80, 0x4a, 0x4d, 0xc0, 0x18,
    0x8c, 0x14, 0x3, 0x9d, 0x80, 0x21, 0x49, 0x58,
    0x0, 0x9a, 0xcb, 0x44, 0x2,

    /* U+00FE "þ" */
    0xe7, 0x0, 0xff, 0xe6, 0x4f, 0x72, 0x0, 0x29,
    0x3d, 0x87, 0x80, 0x1, 0xd1, 0xb4, 0xb8, 0x1,
    0x0, 0x24, 0x3, 0x0, 0xfe, 0x40, 0x9, 0x0,
    0xc0, 0xe8, 0xda, 0x5c, 0x1, 0x27, 0xb0, 0xf0,
    0x1, 0x4f, 0x72, 0x0, 0x3f, 0xf8, 0xc0,

    /* U+00FF "ÿ" */
    0x1, 0xe5, 0x57, 0x0, 0x42, 0xac, 0x2a, 0x1,
    0xac, 0xd2, 0xc0, 0x7, 0xe4, 0x1, 0x73, 0x98,
    0xa8, 0x1, 0x5, 0x41, 0xa8, 0x1, 0xa6, 0x41,
    0x44, 0x40, 0x7a, 0x0, 0x11, 0x15, 0x5, 0xc0,
    0x2a, 0xa6, 0xa0, 0x80, 0x4a, 0x4d, 0xc0, 0x18,
    0x8c, 0x14, 0x3, 0x9d, 0x80, 0x21, 0x49, 0x58,
    0x0, 0x9a, 0xcb, 0x44, 0x2,

    /* U+0102 "Ă" */
    0x0, 0xb8, 0xc7, 0x50, 0x3, 0xaf, 0xbd, 0x50,
    0x3, 0x97, 0x7a, 0x0, 0x3e, 0xef, 0x20, 0xf,
    0x18, 0x82, 0x80, 0x7a, 0xc9, 0xe8, 0x3, 0xcc,
    0xb6, 0x44, 0x0, 0xc6, 0x36, 0x63, 0x40, 0x1a,
    0xc8, 0xc1, 0x94, 0x3, 0x32, 0x80, 0x30, 0x88,
    0x0, 0x31, 0x7f, 0xf5, 0x85, 0x0, 0x2c, 0xb3,
    0x32, 0xa8, 0x0, 0xaa, 0x33, 0xdc, 0x44, 0x32,
    0xb0, 0xc, 0x83, 0x40,

    /* U+0103 "ă" */
    0x0, 0x44, 0x83, 0x58, 0x6, 0x92, 0xea, 0x90,
    0xc, 0x37, 0xd8, 0x40, 0x19, 0xbb, 0x94, 0xbe,
    0x20, 0xb2, 0xda, 0x56, 0x1, 0x42, 0xc1, 0xc2,
    0x0, 0x45, 0xe0, 0x16, 0x0, 0x7e, 0x30, 0x8,
    0xb0, 0x2, 0xc0, 0xa, 0x19, 0x45, 0x5c, 0x2,
    0x59, 0xbe, 0xe5, 0x80, 0x0,

    /* U+0110 "Đ" */
    0x0, 0x7f, 0xed, 0x70, 0xf, 0x3d, 0xd9, 0x63,
    0x0, 0x3b, 0x51, 0x11, 0x86, 0xe0, 0x1f, 0x8d,
    0xa4, 0x0, 0x20, 0x1e, 0xd1, 0x27, 0xe0, 0xaf,
    0x80, 0x3, 0x0, 0xb5, 0x84, 0x64, 0x80, 0x18,
    0x4, 0x48, 0x4, 0x62, 0x0, 0xd1, 0x20, 0xf,
    0x8d, 0x98, 0x1, 0xb5, 0x11, 0x18, 0x70, 0x1,
    0x9e, 0xec, 0xb1, 0x80, 0x0,

    /* U+0111 "đ" */
    0x0, 0xf2, 0xf8, 0x7, 0x93, 0xe8, 0x3d, 0x0,
    0x32, 0x6c, 0x86, 0xa0, 0x1, 0xfb, 0x96, 0x0,
    0x20, 0x3, 0x44, 0xe8, 0x40, 0x6, 0x86, 0x73,
    0x95, 0x0, 0x84, 0x5a, 0x1, 0x60, 0x7, 0xf0,
    0x80, 0x42, 0x2c, 0x0, 0xb4, 0x3, 0x43, 0xb8,
    0xe1, 0x40, 0x33, 0x44, 0xe1, 0x40, 0x4,

    /* U+0128 "Ĩ" */
    0xb, 0xc2, 0xc1, 0x27, 0x9d, 0x1, 0x2d, 0x5f,
    0xc0, 0x0, 0xdd, 0x0, 0x7f, 0xfc, 0x80,

    /* U+0129 "ĩ" */
    0xc, 0xd2, 0xd1, 0x37, 0x8d, 0x11, 0x1d, 0x2f,
    0xe0, 0x0, 0x6e, 0x40, 0x3f, 0xfc, 0x0,

    /* U+0168 "Ũ" */
    0x0, 0x5f, 0x74, 0x40, 0x1a, 0xbf, 0xdc, 0x40,
    0x18, 0x46, 0x0, 0xd7, 0x40, 0x18, 0xfc, 0x80,
    0x3f, 0xfd, 0x42, 0x20, 0xc, 0xe0, 0x7a, 0x82,
    0x1, 0x70, 0x89, 0x87, 0xdd, 0xad, 0x60, 0x7,
    0x12, 0x64, 0xf4, 0xc0,

    /* U+0169 "ũ" */
    0x9, 0xe4, 0xa4, 0x0, 0x3e, 0xd2, 0x20, 0x1,
    0xe7, 0xdc, 0x0, 0x6c, 0x80, 0xb, 0xc8, 0x3,
    0xff, 0x9a, 0x20, 0x1, 0x10, 0x1, 0x40, 0xa,
    0xea, 0xa8, 0x0, 0x42, 0xd4, 0x58, 0x0,

    /* U+01A0 "Ơ" */
    0x0, 0xfc, 0x7e, 0x1, 0xfc, 0xc0, 0x1c, 0xdb,
    0xff, 0x55, 0x80, 0x57, 0x29, 0x30, 0x41, 0xc0,
    0x7, 0x4a, 0x96, 0x7d, 0x45, 0x30, 0x95, 0x50,
    0x6, 0xa0, 0xb2, 0x1f, 0x0, 0xe1, 0x33, 0x8,
    0x30, 0x7, 0x99, 0xc4, 0x18, 0x3, 0xcc, 0xc2,
    0x1f, 0x0, 0xe1, 0x3c, 0x9, 0x54, 0x0, 0xd4,
    0x2c, 0xe, 0x97, 0x2c, 0xcd, 0x4a, 0x0, 0xae,
    0x12, 0x61, 0xf5, 0x0,

    /* U+01A1 "ơ" */
    0x0, 0xf9, 0x80, 0x3e, 0x29, 0x10, 0x2, 0xef,
    0xfb, 0x4c, 0x41, 0x69, 0x6d, 0xc2, 0x0, 0x10,
    0xd0, 0x90, 0xd2, 0x2, 0x5a, 0x1, 0x69, 0x8,
    0x7, 0xf0, 0x8b, 0x40, 0x2d, 0x11, 0x4, 0x34,
    0x24, 0x34, 0x0, 0x1a, 0x56, 0xd6, 0x58, 0x0,

    /* U+01AF "Ư" */
    0x0, 0xfc, 0x6c, 0x1, 0xfa, 0xea, 0xe8, 0x3,
    0x1f, 0xb4, 0x80, 0x7e, 0xc5, 0x0, 0xff, 0xf3,
    0x8, 0x80, 0x33, 0x81, 0x86, 0xa0, 0x80, 0x5c,
    0x22, 0x6, 0x1f, 0x76, 0xb5, 0x80, 0x0, 0xe2,
    0x4c, 0x9e, 0x98, 0x0,

    /* U+01B0 "ư" */
    0x0, 0xf9, 0x4c, 0x3, 0xe9, 0x40, 0xf5, 0x0,
    0x37, 0x82, 0x80, 0x7d, 0x84, 0x1, 0xff, 0xd4,
    0xc0, 0xc, 0x72, 0x8c, 0xa0, 0x1b, 0x82, 0xf6,
    0x0, 0x20,

    /* U+1EA0 "Ạ" */
    0x0, 0xdd, 0xe4, 0x1, 0xe3, 0x10, 0x50, 0xf,
    0x59, 0x3d, 0x0, 0x79, 0x96, 0xc8, 0x80, 0x18,
    0xc6, 0xcc, 0x68, 0x3, 0x59, 0x18, 0x32, 0x80,
    0x66, 0x50, 0x6, 0x11, 0x0, 0x6, 0x2f, 0xfe,
    0xb0, 0xa0, 0x5, 0x96, 0x66, 0x55, 0x0, 0x15,
    0x46, 0x7b, 0x88, 0x86, 0x56, 0x1, 0x90, 0x68,
    0xfc, 0xc0, 0x3b, 0xa0, 0x3, 0x46, 0x0, 0x7e,
    0x11, 0x0, 0x60,

    /* U+1EA1 "ạ" */
    0x0, 0x37, 0x72, 0x97, 0xc4, 0x16, 0x5b, 0x4a,
    0xc0, 0x28, 0x58, 0x38, 0x40, 0x8, 0xbc, 0x2,
    0xc0, 0xf, 0xc6, 0x1, 0x16, 0x0, 0x58, 0x1,
    0x43, 0x28, 0xab, 0x80, 0x4b, 0x37, 0xdc, 0xb0,
    0xc, 0xdd, 0xf6, 0xbe, 0x20, 0x11, 0x6a, 0x0,
    0x7c, 0x60, 0x18,

    /* U+1EA2 "Ả" */
    0x0, 0xd7, 0xaa, 0x1, 0xe2, 0xe8, 0xe0, 0xf,
    0x13, 0x4c, 0x80, 0x3e, 0x3c, 0x20, 0xf, 0xbb,
    0xc8, 0x3, 0xc6, 0x20, 0xa0, 0x1e, 0xb2, 0x7a,
    0x0, 0xf3, 0x2d, 0x91, 0x0, 0x31, 0x8d, 0x98,
    0xd0, 0x6, 0xb2, 0x30, 0x65, 0x0, 0xcc, 0xa0,
    0xc, 0x22, 0x0, 0xc, 0x5f, 0xfd, 0x61, 0x40,
    0xb, 0x2c, 0xcc, 0xaa, 0x0, 0x2a, 0x8c, 0xf7,
    0x11, 0xc, 0xac, 0x3, 0x20, 0xd0,

    /* U+1EA3 "ả" */
    0x0, 0x9b, 0x68, 0x3, 0xec, 0x72, 0x0, 0xe6,
    0xaa, 0x10, 0x7, 0xa9, 0xc0, 0x39, 0xbb, 0xe9,
    0x7c, 0x41, 0x65, 0xb4, 0xac, 0x2, 0x85, 0x83,
    0x84, 0x0, 0x8b, 0xc0, 0x2c, 0x0, 0xfc, 0x60,
    0x11, 0x60, 0x5, 0x80, 0x14, 0x32, 0x8a, 0xb8,
    0x4, 0xb3, 0x7d, 0xcb, 0x0, 0x0,

    /* U+1EA4 "Ấ" */
    0x0, 0xf8, 0x60, 0x40, 0x3e, 0x93, 0x10, 0xc,
    0x8e, 0x2f, 0x20, 0x18, 0xaa, 0x5f, 0xc8, 0x3,
    0x74, 0xe4, 0x10, 0x7, 0x63, 0x97, 0x10, 0x7,
    0xbb, 0xc8, 0x3, 0xc6, 0x20, 0xa0, 0x1e, 0xb2,
    0x7a, 0x0, 0xf3, 0x2d, 0x91, 0x0, 0x31, 0x8d,
    0x98, 0xd0, 0x6, 0xb2, 0x30, 0x65, 0x0, 0xcc,
    0xa0, 0xc, 0x22, 0x0, 0xc, 0x5f, 0xfd, 0x61,
    0x40, 0xb, 0x2c, 0xcc, 0xaa, 0x0, 0x2a, 0x8c,
    0xf7, 0x11, 0xc, 0xac, 0x3, 0x20, 0xd0,

    /* U+1EA5 "ấ" */
    0x0, 0xf9, 0x90, 0x3, 0xc3, 0x2e, 0x1, 0xe9,
    0x53, 0x0, 0x9b, 0xe2, 0xec, 0x1, 0x1d, 0xea,
    0x30, 0x80, 0x47, 0xa5, 0x88, 0x1, 0x9b, 0xb9,
    0x49, 0xe2, 0xb, 0x2d, 0xa5, 0x60, 0x14, 0x2c,
    0x1c, 0x20, 0x4, 0x5e, 0x1, 0x60, 0x7, 0xe3,
    0x0, 0x8b, 0x0, 0x2c, 0x0, 0xa1, 0x94, 0x55,
    0xc0, 0x25, 0x9b, 0xee, 0x58, 0x0,

    /* U+1EA6 "Ầ" */
    0x0, 0xe2, 0x91, 0x0, 0xf8, 0x95, 0x80, 0x3c,
    0x25, 0x12, 0x1, 0xc3, 0x98, 0xf, 0x0, 0xea,
    0xa6, 0xd0, 0x7, 0xad, 0xcf, 0x84, 0x3, 0xdd,
    0xe4, 0x1, 0xe3, 0x10, 0x50, 0xf, 0x59, 0x3d,
    0x0, 0x79, 0x96, 0xc8, 0x80, 0x18, 0xc6, 0xcc,
    0x68, 0x3, 0x59, 0x18, 0x32, 0x80, 0x66, 0x50,
    0x6, 0x11, 0x0, 0x6, 0x2f, 0xfe, 0xb0, 0xa0,
    0x5, 0x96, 0x66, 0x55, 0x0, 0x15, 0x46, 0x7b,
    0x88, 0x86, 0x56, 0x1, 0x90, 0x68,

    /* U+1EA7 "ầ" */
    0x0, 0xe7, 0x50, 0xf, 0x86, 0x0, 0x3e, 0x60,
    0x40, 0xc, 0xdf, 0x3e, 0xc0, 0x12, 0x5f, 0x2a,
    0x10, 0x4, 0x9a, 0x38, 0xc0, 0x19, 0xbb, 0x94,
    0xbe, 0x20, 0xb2, 0xda, 0x56, 0x1, 0x42, 0xc1,
    0xc2, 0x0, 0x45, 0xe0, 0x16, 0x0, 0x7e, 0x30,
    0x8, 0xb0, 0x2, 0xc0, 0xa, 0x19, 0x45, 0x5c,
    0x2, 0x59, 0xbe, 0xe5, 0x80, 0x0,

    /* U+1EA8 "Ẩ" */
    0x0, 0xf5, 0x6b, 0x0, 0x78, 0x73, 0xe0, 0x3,
    0x84, 0x1f, 0xec, 0x3, 0xe, 0x7a, 0xfa, 0x80,
    0x6b, 0xac, 0x93, 0x0, 0xea, 0x72, 0xd1, 0x0,
    0xf7, 0x79, 0x0, 0x78, 0xc4, 0x14, 0x3, 0xd6,
    0x4f, 0x40, 0x1e, 0x65, 0xb2, 0x20, 0x6, 0x31,
    0xb3, 0x1a, 0x0, 0xd6, 0x46, 0xc, 0xa0, 0x19,
    0x94, 0x1, 0x84, 0x40, 0x1, 0x8b, 0xff, 0xac,
    0x28, 0x1, 0x65, 0x99, 0x95, 0x40, 0x5, 0x51,
    0x9e, 0xe2, 0x21, 0x95, 0x80, 0x64, 0x1a,

    /* U+1EA9 "ẩ" */
    0x0, 0xe4, 0xdb, 0x0, 0xf1, 0x78, 0x20, 0x7,
    0x32, 0x82, 0x0, 0x4d, 0xf0, 0x74, 0x1, 0x1d,
    0xea, 0x8, 0x80, 0x23, 0xd2, 0xc4, 0x0, 0xcd,
    0xdc, 0xa4, 0xf1, 0x5, 0x96, 0xd2, 0xb0, 0xa,
    0x16, 0xe, 0x10, 0x2, 0x2f, 0x0, 0xb0, 0x3,
    0xf1, 0x80, 0x45, 0x80, 0x16, 0x0, 0x50, 0xca,
    0x2a, 0xe0, 0x12, 0xcd, 0xf7, 0x2c, 0x0,

    /* U+1EAA "Ẫ" */
    0x0, 0xa3, 0x52, 0x50, 0x3, 0x9a, 0x69, 0xd4,
    0x3, 0xbd, 0xab, 0x84, 0x3, 0xd9, 0x2a, 0x1,
    0xeb, 0xb7, 0xc8, 0x80, 0x75, 0x29, 0x60, 0x80,
    0x7b, 0xbc, 0x80, 0x3c, 0x62, 0xa, 0x1, 0xeb,
    0x27, 0xa0, 0xf, 0x32, 0xd9, 0x10, 0x3, 0x18,
    0xd9, 0x8d, 0x0, 0x6b, 0x23, 0x6, 0x50, 0xc,
    0xca, 0x0, 0xc2, 0x20, 0x0, 0xc5, 0xff, 0xd6,
    0x14, 0x0, 0xb2, 0xcc, 0xca, 0xa0, 0x2, 0xa8,
    0xcf, 0x71, 0x10, 0xca, 0xc0, 0x32, 0xd, 0x0,

    /* U+1EAB "ẫ" */
    0x0, 0x16, 0xc9, 0xd0, 0x6, 0xaa, 0x1e, 0x60,
    0x3, 0x4b, 0xd7, 0xb0, 0x6, 0x16, 0xf8, 0x0,
    0xe3, 0xbd, 0x45, 0x0, 0xc7, 0xa5, 0x8a, 0x1,
    0x9b, 0xb9, 0x4b, 0xe2, 0xb, 0x2d, 0xa5, 0x60,
    0x14, 0x2c, 0x1c, 0x20, 0x4, 0x5e, 0x1, 0x60,
    0x7, 0xe3, 0x0, 0x8b, 0x0, 0x2c, 0x0, 0xa1,
    0x94, 0x55, 0xc0, 0x25, 0x9b, 0xee, 0x58, 0x0,

    /* U+1EAC "Ậ" */
    0x0, 0xc8, 0xe0, 0x1f, 0x15, 0x51, 0x80, 0x3d,
    0xd3, 0xf0, 0x40, 0x1d, 0x8e, 0x5c, 0x40, 0x1e,
    0xef, 0x20, 0xf, 0x18, 0x82, 0x80, 0x7a, 0xc9,
    0xe8, 0x3, 0xcc, 0xb6, 0x44, 0x0, 0xc6, 0x36,
    0x63, 0x40, 0x1a, 0xc8, 0xc1, 0x94, 0x3, 0x32,
    0x80, 0x30, 0x88, 0x0, 0x31, 0x7f, 0xf5, 0x85,
    0x0, 0x2c, 0xb3, 0x32, 0xa8, 0x0, 0xaa, 0x33,
    0xdc, 0x44, 0x32, 0xb0, 0xc, 0x83, 0x47, 0xe6,
    0x1, 0xdd, 0x0, 0x1a, 0x30, 0x3, 0xf0, 0x88,
    0x3, 0x0,

    /* U+1EAD "ậ" */
    0x0, 0x9b, 0xe0, 0x3, 0x8e, 0x35, 0x54, 0x1,
    0x8b, 0xcb, 0x10, 0x3, 0x3f, 0xf5, 0xa7, 0x88,
    0x2c, 0xb6, 0x95, 0x80, 0x50, 0xb0, 0x70, 0x80,
    0x11, 0x78, 0x5, 0x80, 0x1f, 0x8c, 0x2, 0x2c,
    0x0, 0xb0, 0x2, 0x86, 0x51, 0x57, 0x0, 0x96,
    0x6f, 0xb9, 0x60, 0x19, 0xbb, 0xed, 0x7c, 0x40,
    0x22, 0xd4, 0x0, 0xf8, 0xc0, 0x30,

    /* U+1EAE "Ắ" */
    0x0, 0xe2, 0x70, 0xf, 0xd7, 0xa0, 0x1f, 0x9a,
    0x40, 0x3e, 0x29, 0x30, 0xf, 0x70, 0xbe, 0xa0,
    0x7, 0x5f, 0x7a, 0xa0, 0x7, 0x2e, 0xf4, 0x0,
    0x7d, 0xde, 0x40, 0x1e, 0x31, 0x5, 0x0, 0xf5,
    0x93, 0xd0, 0x7, 0x99, 0x6c, 0x88, 0x1, 0x8c,
    0x6c, 0xc6, 0x80, 0x35, 0x91, 0x83, 0x28, 0x6,
    0x65, 0x0, 0x61, 0x10, 0x0, 0x62, 0xff, 0xeb,
    0xa, 0x0, 0x59, 0x66, 0x65, 0x50, 0x1, 0x54,
    0x67, 0xb8, 0x88, 0x65, 0x60, 0x19, 0x6, 0x80,

    /* U+1EAF "ắ" */
    0x0, 0xc3, 0xe8, 0x1, 0xe9, 0x44, 0x0, 0x7b,
    0xe4, 0x3, 0xa2, 0x5d, 0x68, 0x3, 0x49, 0x75,
    0xc0, 0x6, 0x1b, 0xec, 0x20, 0xc, 0xdd, 0xca,
    0x5f, 0x10, 0x59, 0x6d, 0x2b, 0x0, 0xa1, 0x60,
    0xe1, 0x0, 0x22, 0xf0, 0xb, 0x0, 0x3f, 0x18,
    0x4, 0x58, 0x1, 0x60, 0x5, 0xc, 0xa2, 0xae,
    0x1, 0x2c, 0xdf, 0x72, 0xc0, 0x0,

    /* U+1EB0 "Ằ" */
    0x0, 0x95, 0x40, 0x1f, 0xd6, 0x1, 0xf9, 0x4d,
    0x40, 0x3f, 0x70, 0x7, 0xee, 0x14, 0xd3, 0x0,
    0xeb, 0xff, 0x29, 0x80, 0x72, 0xef, 0x40, 0x7,
    0xdd, 0xe4, 0x1, 0xe3, 0x10, 0x50, 0xf, 0x59,
    0x3d, 0x0, 0x79, 0x96, 0xc8, 0x80, 0x18, 0xc6,
    0xcc, 0x68, 0x3, 0x59, 0x18, 0x32, 0x80, 0x66,
    0x50, 0x6, 0x11, 0x0, 0x6, 0x2f, 0xfe, 0xb0,
    0xa0, 0x5, 0x96, 0x66, 0x55, 0x0, 0x15, 0x46,
    0x7b, 0x88, 0x86, 0x56, 0x1, 0x90, 0x68,

    /* U+1EB1 "ằ" */
    0x0, 0x17, 0x98, 0x7, 0x89, 0xe0, 0x3, 0xe8,
    0xc0, 0xf, 0x4c, 0x3b, 0xa8, 0x3, 0x41, 0xf5,
    0xc0, 0x6, 0x1b, 0xec, 0x20, 0xc, 0xdd, 0xca,
    0x5f, 0x10, 0x59, 0x6d, 0x2b, 0x0, 0xa1, 0x60,
    0xe1, 0x0, 0x22, 0xf0, 0xb, 0x0, 0x3f, 0x18,
    0x4, 0x58, 0x1, 0x60, 0x5, 0xc, 0xa2, 0xae,
    0x1, 0x2c, 0xdf, 0x72, 0xc0, 0x0,

    /* U+1EB2 "Ẳ" */
    0x0, 0xd7, 0xa8, 0x1, 0xe2, 0xd9, 0xf0, 0xf,
    0x12, 0x4f, 0x80, 0x78, 0x82, 0x58, 0x40, 0x3b,
    0x5, 0x7c, 0x80, 0x3a, 0xbb, 0xe8, 0xc0, 0x39,
    0x37, 0x9c, 0x3, 0xee, 0xf2, 0x0, 0xf1, 0x88,
    0x28, 0x7, 0xac, 0x9e, 0x80, 0x3c, 0xcb, 0x64,
    0x40, 0xc, 0x63, 0x66, 0x34, 0x1, 0xac, 0x8c,
    0x19, 0x40, 0x33, 0x28, 0x3, 0x8, 0x80, 0x3,
    0x17, 0xff, 0x58, 0x50, 0x2, 0xcb, 0x33, 0x2a,
    0x80, 0xa, 0xa3, 0x3d, 0xc4, 0x43, 0x2b, 0x0,
    0xc8, 0x34,

    /* U+1EB3 "ẳ" */
    0x0, 0x9b, 0x64, 0x3, 0xdf, 0xae, 0x40, 0x1d,
    0x30, 0x44, 0x0, 0xf0, 0xe0, 0x7, 0x4c, 0x4b,
    0xd0, 0x6, 0x83, 0xeb, 0x80, 0xc, 0x37, 0xd8,
    0x40, 0x19, 0xbb, 0x94, 0xbe, 0x20, 0xb2, 0xda,
    0x56, 0x1, 0x42, 0xc1, 0xc2, 0x0, 0x45, 0xe0,
    0x16, 0x0, 0x7e, 0x30, 0x8, 0xb0, 0x2, 0xc0,
    0xa, 0x19, 0x45, 0x5c, 0x2, 0x59, 0xbe, 0xe5,
    0x80, 0x0,

    /* U+1EB4 "Ẵ" */
    0x0, 0xa3, 0x52, 0x50, 0x3, 0x9a, 0x69, 0xd4,
    0x3, 0xa9, 0x3b, 0x0, 0x3d, 0x46, 0x3e, 0x40,
    0x1d, 0x5d, 0xea, 0x60, 0x1c, 0x9b, 0xd0, 0x1,
    0xf7, 0x79, 0x0, 0x78, 0xc4, 0x14, 0x3, 0xd6,
    0x4f, 0x40, 0x1e, 0x65, 0xb2, 0x20, 0x6, 0x31,
    0xb3, 0x1a, 0x0, 0xd6, 0x46, 0xc, 0xa0, 0x19,
    0x94, 0x1, 0x84, 0x40, 0x1, 0x8b, 0xff, 0xac,
    0x28, 0x1, 0x65, 0x99, 0x95, 0x40, 0x5, 0x51,
    0x9e, 0xe2, 0x21, 0x95, 0x80, 0x64, 0x1a,

    /* U+1EB5 "ẵ" */
    0x0, 0x16, 0xc9, 0xd0, 0x6, 0xaa, 0x1e, 0x60,
    0x3, 0x4b, 0xd7, 0xb0, 0x6, 0x99, 0x3, 0xd0,
    0x6, 0x92, 0xeb, 0x80, 0xc, 0x37, 0xd8, 0x40,
    0x19, 0xbb, 0x94, 0xbe, 0x20, 0xb2, 0xda, 0x56,
    0x1, 0x42, 0xc1, 0xc2, 0x0, 0x45, 0xe0, 0x16,
    0x0, 0x7e, 0x30, 0x8, 0xb0, 0x2, 0xc0, 0xa,
    0x19, 0x45, 0x5c, 0x2, 0x59, 0xbe, 0xe5, 0x80,
    0x0,

    /* U+1EB6 "Ặ" */
    0x0, 0xb8, 0xc7, 0x50, 0x3, 0xaf, 0xbd, 0x50,
    0x3, 0x97, 0x7a, 0x0, 0x3e, 0xef, 0x20, 0xf,
    0x18, 0x82, 0x80, 0x7a, 0xc9, 0xe8, 0x3, 0xcc,
    0xb6, 0x44, 0x0, 0xc6, 0x36, 0x63, 0x40, 0x1a,
    0xc8, 0xc1, 0x94, 0x3, 0x32, 0x80, 0x30, 0x88,
    0x0, 0x31, 0x7f, 0xf5, 0x85, 0x0, 0x2c, 0xb3,
    0x32, 0xa8, 0x0, 0xaa, 0x33, 0xdc, 0x44, 0x32,
    0xb0, 0xc, 0x83, 0x47, 0xe6, 0x1, 0xdd, 0x0,
    0x1a, 0x30, 0x3, 0xf0, 0x88, 0x3, 0x0,

    /* U+1EB7 "ặ" */
    0x0, 0x44, 0x83, 0x58, 0x6, 0x92, 0xea, 0x90,
    0xc, 0x37, 0xd8, 0x40, 0x19, 0xbb, 0x94, 0xbe,
    0x20, 0xb2, 0xda, 0x56, 0x1, 0x42, 0xc1, 0xc2,
    0x0, 0x45, 0xe0, 0x16, 0x0, 0x7e, 0x30, 0x8,
    0xb0, 0x2, 0xc0, 0xa, 0x19, 0x45, 0x5c, 0x2,
    0x59, 0xbe, 0xe5, 0x80, 0x66, 0xef, 0xb5, 0xf1,
    0x0, 0x8b, 0x50, 0x3, 0xe3, 0x0, 0xc0,

    /* U+1EB8 "Ẹ" */
    0xbf, 0xfe, 0xd0, 0x4b, 0xbd, 0xc0, 0x28, 0x98,
    0xc0, 0x3f, 0xf8, 0x6b, 0xff, 0x8c, 0x13, 0x33,
    0x18, 0x9, 0x9e, 0x0, 0xfe, 0x14, 0x4e, 0x4,
    0xbb, 0xd5, 0x7f, 0xfd, 0xc0, 0x16, 0xa8, 0x6,
    0x13, 0x30, 0x0,

    /* U+1EB9 "ẹ" */
    0x0, 0x36, 0xfe, 0x18, 0x1, 0x66, 0xec, 0xb8,
    0x21, 0x12, 0xc9, 0x24, 0xc0, 0x53, 0xff, 0x17,
    0x0, 0x27, 0x77, 0x40, 0x17, 0x91, 0x56, 0xa1,
    0xc, 0xe7, 0x2c, 0xa0, 0xb3, 0x58, 0xb8, 0x20,
    0x6, 0xdf, 0xc3, 0x0, 0xc9, 0xa2, 0x1, 0xc2,
    0x66, 0x0, 0x0,

    /* U+1EBA "Ẻ" */
    0x0, 0x2e, 0xd8, 0x80, 0x6c, 0x75, 0x0, 0x96,
    0xec, 0x80, 0x1a, 0x9c, 0x1, 0x7f, 0xfd, 0xa0,
    0x97, 0x7b, 0x80, 0x51, 0x31, 0x80, 0x7f, 0xf0,
    0xd7, 0xff, 0x18, 0x26, 0x66, 0x30, 0x13, 0x3c,
    0x1, 0xfc, 0x28, 0x9c, 0x9, 0x77, 0xa8,

    /* U+1EBB "ẻ" */
    0x0, 0xa7, 0x60, 0x3, 0xbb, 0x18, 0x3, 0x9f,
    0x28, 0x3, 0xd8, 0x80, 0x19, 0xb7, 0xb0, 0xc0,
    0xb, 0x37, 0x65, 0xc1, 0x8, 0x96, 0x49, 0x26,
    0x2, 0x9f, 0xf8, 0xb8, 0x1, 0x3b, 0xba, 0x0,
    0xbc, 0x8a, 0xb5, 0x8, 0x67, 0x39, 0x65, 0x5,
    0x9a, 0xc5, 0xc1,

    /* U+1EBC "Ẽ" */
    0x1, 0xda, 0x2c, 0x0, 0x32, 0x96, 0xa0, 0x1,
    0xe2, 0x1f, 0x1, 0x7f, 0xfd, 0xa0, 0x97, 0x7b,
    0x80, 0x51, 0x31, 0x80, 0x7f, 0xf0, 0xd7, 0xff,
    0x18, 0x26, 0x66, 0x30, 0x13, 0x3c, 0x1, 0xfc,
    0x28, 0x9c, 0x9, 0x77, 0xa8,

    /* U+1EBD "ẽ" */
    0x0, 0x37, 0xbb, 0x40, 0x5, 0x57, 0x69, 0xb0,
    0xb, 0x53, 0x3c, 0xc0, 0x27, 0xdf, 0xc3, 0x0,
    0x2c, 0xdd, 0x97, 0x4, 0x22, 0x59, 0x24, 0x98,
    0xa, 0x7f, 0xe2, 0xe0, 0x4, 0xee, 0xe8, 0x2,
    0xf2, 0x2a, 0xd4, 0x21, 0x9c, 0xe5, 0x94, 0x16,
    0x6b, 0x17, 0x4,

    /* U+1EBE "Ế" */
    0x0, 0xf2, 0xa8, 0x3, 0x86, 0x84, 0x2, 0x73,
    0x65, 0x40, 0x4, 0x56, 0xbd, 0x0, 0xd, 0xb1,
    0xe4, 0x2, 0x3e, 0x19, 0x90, 0x2, 0xff, 0xfb,
    0x40, 0x9, 0x77, 0xb8, 0x0, 0x28, 0x98, 0xc0,
    0x3f, 0xf8, 0xcb, 0xff, 0x8c, 0x0, 0x99, 0x98,
    0xc0, 0x2, 0x67, 0x80, 0x3f, 0xe1, 0x44, 0xe0,
    0x2, 0x5d, 0xea, 0x0,

    /* U+1EBF "ế" */
    0x0, 0xf9, 0xcc, 0x3, 0xc9, 0x26, 0x1, 0xef,
    0x90, 0xd, 0x3e, 0xbe, 0xe0, 0x13, 0x2e, 0xdb,
    0x80, 0x67, 0xc2, 0xe3, 0x0, 0xcf, 0xbf, 0x86,
    0x1, 0x2c, 0xdd, 0x97, 0x4, 0x1, 0x12, 0xc9,
    0x24, 0xc0, 0x2, 0x9f, 0xf8, 0xb8, 0x2, 0x9d,
    0xdd, 0x0, 0x2, 0xf2, 0x2a, 0xd4, 0x1, 0xc,
    0xe7, 0x2c, 0xa0, 0x5, 0x9a, 0xc5, 0xc1, 0x0,

    /* U+1EC0 "Ề" */
    0x0, 0xcc, 0xc0, 0xe, 0x29, 0x10, 0x8, 0x95,
    0x18, 0x0, 0xd9, 0xb6, 0xc0, 0x71, 0xed, 0x22,
    0x7, 0xc3, 0x52, 0x17, 0xff, 0xda, 0x9, 0x77,
    0xb8, 0x5, 0x13, 0x18, 0x7, 0xff, 0xd, 0x7f,
    0xf1, 0x82, 0x66, 0x63, 0x1, 0x33, 0xc0, 0x1f,
    0xc2, 0x89, 0xc0, 0x97, 0x7a, 0x80,

    /* U+1EC1 "ề" */
    0x0, 0xe8, 0x30, 0xf, 0xc, 0x80, 0x7a, 0x14,
    0x40, 0x29, 0xf4, 0xc0, 0x9, 0xcb, 0xa0, 0x4,
    0x0, 0xf6, 0x3a, 0x60, 0x13, 0x6f, 0xe1, 0x80,
    0x16, 0x6e, 0xcb, 0x82, 0x11, 0x2c, 0x92, 0x4c,
    0x5, 0x3f, 0xf1, 0x70, 0x2, 0x77, 0x74, 0x1,
    0x79, 0x15, 0x6a, 0x10, 0xce, 0x72, 0xca, 0xb,
    0x35, 0x8b, 0x82,

    /* U+1EC2 "Ể" */
    0x0, 0xc7, 0x98, 0x10, 0xc, 0xdc, 0xce, 0x1,
    0x12, 0xa0, 0xb0, 0x1, 0xb3, 0x9, 0x40, 0x3,
    0xbf, 0x5a, 0x10, 0x1, 0xe8, 0xcc, 0x0, 0x2f,
    0xff, 0xb4, 0x0, 0x97, 0x7b, 0x80, 0x2, 0x89,
    0x8c, 0x3, 0xff, 0x8c, 0xbf, 0xf8, 0xc0, 0x9,
    0x99, 0x8c, 0x0, 0x26, 0x78, 0x3, 0xfe, 0x14,
    0x4e, 0x0, 0x25, 0xde, 0xa0,

    /* U+1EC3 "ể" */
    0x0, 0xe7, 0xd9, 0x0, 0xf7, 0xeb, 0x88, 0x7,
    0x45, 0xb8, 0x80, 0x53, 0xeb, 0xd2, 0x1, 0x32,
    0xed, 0xb0, 0x6, 0x7c, 0x2e, 0x30, 0xc, 0xfb,
    0xf8, 0x60, 0x12, 0xcd, 0xd9, 0x70, 0x40, 0x11,
    0x2c, 0x92, 0x4c, 0x0, 0x29, 0xff, 0x8b, 0x80,
    0x29, 0xdd, 0xd0, 0x0, 0x2f, 0x22, 0xad, 0x40,
    0x10, 0xce, 0x72, 0xca, 0x0, 0x59, 0xac, 0x5c,
    0x10,

    /* U+1EC4 "Ễ" */
    0x1, 0xda, 0x2c, 0x0, 0x32, 0x96, 0xa0, 0x1,
    0xe3, 0x36, 0x0, 0x28, 0x87, 0x80, 0x46, 0x98,
    0xb0, 0x0, 0x3c, 0x8, 0x80, 0x5f, 0xff, 0x68,
    0x25, 0xde, 0xe0, 0x14, 0x4c, 0x60, 0x1f, 0xfc,
    0x35, 0xff, 0xc6, 0x9, 0x99, 0x8c, 0x4, 0xcf,
    0x0, 0x7f, 0xa, 0x27, 0x2, 0x5d, 0xea,

    /* U+1EC5 "ễ" */
    0x0, 0x2e, 0xb3, 0x1c, 0x2, 0x98, 0xa9, 0x40,
    0xb, 0x57, 0x3c, 0xc0, 0x21, 0x9f, 0x50, 0xc,
    0xcb, 0xb6, 0x40, 0x13, 0xe1, 0x71, 0x0, 0x4f,
    0xbf, 0x86, 0x0, 0x59, 0xbb, 0x2e, 0x8, 0x44,
    0xb2, 0x49, 0x30, 0x14, 0xff, 0xc5, 0xc0, 0x9,
    0xdd, 0xd0, 0x5, 0xe4, 0x55, 0xa8, 0x43, 0x39,
    0xcb, 0x28, 0x2c, 0xd6, 0x2e, 0x8,

    /* U+1EC6 "Ệ" */
    0x0, 0x9c, 0xc0, 0x34, 0x5e, 0x80, 0x46, 0xda,
    0xf2, 0x0, 0x3e, 0x19, 0x90, 0x5f, 0xff, 0x68,
    0x25, 0xde, 0xe0, 0x14, 0x4c, 0x60, 0x1f, 0xfc,
    0x35, 0xff, 0xc6, 0x9, 0x99, 0x8c, 0x4, 0xcf,
    0x0, 0x7f, 0xa, 0x27, 0x2, 0x5d, 0xea, 0xbf,
    0xfe, 0xe0, 0xb, 0x54, 0x3, 0x9, 0x98, 0x0,

    /* U+1EC7 "ệ" */
    0x0, 0xa7, 0xd4, 0x3, 0x2a, 0xb6, 0xc8, 0x2,
    0x7d, 0x2f, 0x30, 0x9, 0x33, 0xf4, 0x80, 0xb,
    0x37, 0x65, 0xc1, 0x8, 0x96, 0x49, 0x26, 0x2,
    0x9f, 0xf8, 0xb8, 0x1, 0x3b, 0xba, 0x0, 0xbc,
    0x8a, 0xb5, 0x8, 0x67, 0x39, 0x65, 0x5, 0x9a,
    0xc5, 0xc1, 0x0, 0x36, 0xfe, 0x18, 0x6, 0x4d,
    0x10, 0xe, 0x13, 0x30, 0x0,

    /* U+1EC8 "Ỉ" */
    0x2c, 0xd3, 0x1f, 0x5b, 0x35, 0x38, 0x6, 0xb0,
    0x5, 0xd0, 0x7, 0xff, 0x74,

    /* U+1EC9 "ỉ" */
    0x2c, 0xc1, 0x8f, 0xa2, 0xd, 0x49, 0xc1, 0xa8,
    0x1, 0x72, 0x1, 0xff, 0xd1,

    /* U+1ECA "Ị" */
    0xba, 0x0, 0xff, 0xe4, 0x5d, 0x52, 0x44, 0xc0,

    /* U+1ECB "ị" */
    0xb9, 0x2e, 0x97, 0xb9, 0x0, 0xff, 0xe1, 0x5c,
    0xdc, 0xb9, 0x80,

    /* U+1ECC "Ọ" */
    0x0, 0x9b, 0x7f, 0xa8, 0x80, 0x35, 0xca, 0x4c,
    0x9f, 0x50, 0x0, 0xe9, 0x52, 0xcf, 0xa9, 0x42,
    0x12, 0xaa, 0x0, 0xd4, 0x2c, 0x43, 0xe0, 0x1c,
    0x27, 0x82, 0xc, 0x1, 0xe6, 0x71, 0x6, 0x0,
    0xf3, 0x39, 0xf, 0x80, 0x70, 0x9e, 0x4, 0xaa,
    0x0, 0x6a, 0x16, 0x7, 0x4b, 0x96, 0x66, 0xa5,
    0x8, 0x2, 0xe1, 0x26, 0x1b, 0x10, 0x3, 0x3e,
    0xff, 0x59, 0x80, 0x7d, 0x8c, 0x1, 0xfc, 0x22,
    0x0, 0xc0,

    /* U+1ECD "ọ" */
    0x0, 0x2e, 0xfe, 0xb0, 0x4, 0x94, 0x97, 0x52,
    0xc0, 0x9, 0x59, 0x47, 0x74, 0x0, 0xb, 0xc0,
    0x2b, 0x12, 0x0, 0xff, 0x17, 0x80, 0x56, 0x24,
    0x10, 0xb0, 0x8e, 0xe8, 0x0, 0x2d, 0x2d, 0xd4,
    0xb0, 0x4, 0xbb, 0xfa, 0xc0, 0x1c, 0x5a, 0x80,
    0x1f, 0x10, 0x6,

    /* U+1ECE "Ỏ" */
    0x0, 0xc7, 0x96, 0x1, 0xf9, 0x7c, 0x54, 0x3,
    0xe6, 0x74, 0x70, 0xf, 0xd9, 0xa4, 0x1, 0xfa,
    0xc, 0x3, 0xe6, 0xdf, 0xea, 0x20, 0xd, 0x72,
    0x93, 0x27, 0xd4, 0x0, 0x3a, 0x54, 0xb3, 0xea,
    0x50, 0x84, 0xaa, 0x80, 0x35, 0xb, 0x10, 0xf8,
    0x7, 0x9, 0xe0, 0x83, 0x0, 0x79, 0x9c, 0x41,
    0x80, 0x3c, 0xce, 0x43, 0xe0, 0x1c, 0x27, 0x81,
    0x2a, 0x80, 0x1a, 0x85, 0x81, 0xd2, 0xe5, 0x99,
    0xa9, 0x42, 0x0, 0xb8, 0x49, 0x86, 0xc4, 0x0,

    /* U+1ECF "ỏ" */
    0x0, 0x9b, 0x68, 0x3, 0xc3, 0xa8, 0x20, 0x1c,
    0xf9, 0x2, 0x1, 0xee, 0x60, 0xe, 0x5d, 0xd9,
    0x80, 0x24, 0xa4, 0xba, 0x96, 0x0, 0x4a, 0xca,
    0x3b, 0xa0, 0x0, 0x5e, 0x1, 0x58, 0x90, 0x7,
    0xf8, 0xbc, 0x2, 0xb1, 0x20, 0x85, 0x84, 0x77,
    0x40, 0x1, 0x69, 0x6e, 0xa5, 0x80,

    /* U+1ED0 "Ố" */
    0x0, 0xfd, 0x74, 0x1, 0xf8, 0x92, 0xc0, 0x3c,
    0xe8, 0xd4, 0x20, 0x1d, 0x5f, 0x2e, 0xa0, 0x1c,
    0x5b, 0x1e, 0xa0, 0x1e, 0x27, 0x2, 0x60, 0xf,
    0x36, 0xff, 0x51, 0x0, 0x6b, 0x94, 0x99, 0x3e,
    0xa0, 0x1, 0xd2, 0xa5, 0x9f, 0x52, 0x84, 0x25,
    0x54, 0x1, 0xa8, 0x58, 0x87, 0xc0, 0x38, 0x4f,
    0x4, 0x18, 0x3, 0xcc, 0xe2, 0xc, 0x1, 0xe6,
    0x72, 0x1f, 0x0, 0xe1, 0x3c, 0x9, 0x54, 0x0,
    0xd4, 0x2c, 0xe, 0x97, 0x2c, 0xcd, 0x4a, 0x10,
    0x5, 0xc2, 0x4c, 0x36, 0x20, 0x0,

    /* U+1ED1 "ố" */
    0x0, 0xf9, 0x90, 0x3, 0xc3, 0x2c, 0x1, 0xe9,
    0x52, 0x0, 0x9b, 0xe2, 0xec, 0x1, 0x25, 0xf2,
    0x30, 0x80, 0x49, 0xa3, 0x8a, 0x1, 0x97, 0x7f,
    0x58, 0x2, 0x4a, 0x4b, 0xa9, 0x60, 0x4, 0xac,
    0xa3, 0xba, 0x0, 0x5, 0xe0, 0x15, 0x89, 0x0,
    0x7f, 0x8b, 0xc0, 0x2b, 0x12, 0x8, 0x58, 0x47,
    0x74, 0x0, 0x16, 0x96, 0xea, 0x58, 0x0,

    /* U+1ED2 "Ồ" */
    0x0, 0xf3, 0xe8, 0x7, 0xf3, 0x9a, 0x0, 0x7d,
    0x2b, 0x66, 0x1, 0xea, 0xb, 0x67, 0x0, 0xe2,
    0x24, 0xea, 0x0, 0x78, 0xa0, 0xd, 0xc0, 0x3c,
    0xdb, 0xfd, 0x44, 0x1, 0xae, 0x52, 0x64, 0xfa,
    0x80, 0x7, 0x4a, 0x96, 0x7d, 0x4a, 0x10, 0x95,
    0x50, 0x6, 0xa1, 0x62, 0x1f, 0x0, 0xe1, 0x3c,
    0x10, 0x60, 0xf, 0x33, 0x88, 0x30, 0x7, 0x99,
    0xc8, 0x7c, 0x3, 0x84, 0xf0, 0x25, 0x50, 0x3,
    0x50, 0xb0, 0x3a, 0x5c, 0xb3, 0x35, 0x28, 0x40,
    0x17, 0x9, 0x30, 0xd8, 0x80,

    /* U+1ED3 "ồ" */
    0x0, 0xe7, 0x40, 0xf, 0x86, 0x40, 0x3e, 0x63,
    0x40, 0xc, 0xff, 0x18, 0xc0, 0x12, 0x57, 0x22,
    0x8, 0x2, 0x4d, 0x1c, 0x60, 0xc, 0xbb, 0xfa,
    0xc0, 0x12, 0x52, 0x5d, 0x4b, 0x0, 0x25, 0x65,
    0x1d, 0xd0, 0x0, 0x2f, 0x0, 0xac, 0x48, 0x3,
    0xfc, 0x5e, 0x1, 0x58, 0x90, 0x42, 0xc2, 0x3b,
    0xa0, 0x0, 0xb4, 0xb7, 0x52, 0xc0,

    /* U+1ED4 "Ổ" */
    0x0, 0xf1, 0x66, 0x8, 0x3, 0xe7, 0x84, 0xa0,
    0xf, 0x95, 0xda, 0xc0, 0x38, 0x6d, 0xda, 0x8c,
    0x3, 0xac, 0xa5, 0x90, 0x3, 0x88, 0x26, 0xa8,
    0x1, 0xe2, 0xa0, 0x49, 0x0, 0xf3, 0x6f, 0xf5,
    0x10, 0x6, 0xb9, 0x49, 0x93, 0xea, 0x0, 0x1d,
    0x2a, 0x59, 0xf5, 0x28, 0x42, 0x55, 0x40, 0x1a,
    0x85, 0x88, 0x7c, 0x3, 0x84, 0xf0, 0x41, 0x80,
    0x3c, 0xce, 0x20, 0xc0, 0x1e, 0x67, 0x21, 0xf0,
    0xe, 0x13, 0xc0, 0x95, 0x40, 0xd, 0x42, 0xc0,
    0xe9, 0x72, 0xcc, 0xd4, 0xa1, 0x0, 0x5c, 0x24,
    0xc3, 0x62, 0x0,

    /* U+1ED5 "ổ" */
    0x0, 0xe5, 0xdb, 0x0, 0xf1, 0xfb, 0xa0, 0x7,
    0x35, 0x3a, 0x0, 0x4d, 0xf1, 0x96, 0x1, 0x25,
    0xea, 0x8, 0x6, 0x4d, 0x2c, 0x50, 0xc, 0xbb,
    0xfa, 0xc0, 0x12, 0x52, 0x5d, 0x4b, 0x0, 0x25,
    0x65, 0x1d, 0xd0, 0x0, 0x2f, 0x0, 0xac, 0x48,
    0x3, 0xfc, 0x5e, 0x1, 0x58, 0x90, 0x42, 0xc2,
    0x3b, 0xa0, 0x0, 0xb4, 0xb7, 0x52, 0xc0,

    /* U+1ED6 "Ỗ" */
    0x0, 0xd9, 0x43, 0xa0, 0x1e, 0x56, 0xde, 0x40,
    0xf, 0x2d, 0x1e, 0x48, 0x7, 0xcd, 0x3c, 0x20,
    0x1e, 0x2a, 0xca, 0x80, 0xf, 0x16, 0xb, 0xc8,
    0x7, 0x9b, 0x7f, 0xa8, 0x80, 0x35, 0xca, 0x4c,
    0x9f, 0x50, 0x0, 0xe9, 0x52, 0xcf, 0xa9, 0x42,
    0x12, 0xaa, 0x0, 0xd4, 0x2c, 0x43, 0xe0, 0x1c,
    0x27, 0x82, 0xc, 0x1, 0xe6, 0x71, 0x6, 0x0,
    0xf3, 0x39, 0xf, 0x80, 0x70, 0x9e, 0x4, 0xaa,
    0x0, 0x6a, 0x16, 0x7, 0x4b, 0x96, 0x66, 0xa5,
    0x8, 0x2, 0xe1, 0x26, 0x1b, 0x10, 0x0,

    /* U+1ED7 "ỗ" */
    0x0, 0x1e, 0xc1, 0xd0, 0x6, 0xaa, 0x16, 0x60,
    0x3, 0x43, 0xd7, 0xb0, 0x6, 0x17, 0xf8, 0x0,
    0xe4, 0xae, 0x55, 0x0, 0x64, 0xd1, 0xd5, 0x0,
    0xcb, 0xbf, 0xac, 0x1, 0x25, 0x25, 0xd4, 0xb0,
    0x2, 0x56, 0x51, 0xdd, 0x0, 0x2, 0xf0, 0xa,
    0xc4, 0x80, 0x3f, 0xc5, 0xe0, 0x15, 0x89, 0x4,
    0x2c, 0x23, 0xba, 0x0, 0xb, 0x4b, 0x75, 0x2c,
    0x0,

    /* U+1ED8 "Ộ" */
    0x0, 0xe7, 0x40, 0xf, 0xd5, 0xb2, 0x60, 0x1e,
    0x2d, 0xaf, 0x50, 0xf, 0x13, 0x81, 0x30, 0x7,
    0x9b, 0x7f, 0xa8, 0x80, 0x35, 0xca, 0x4c, 0x9f,
    0x50, 0x0, 0xe9, 0x52, 0xcf, 0xa9, 0x42, 0x12,
    0xaa, 0x0, 0xd4, 0x2c, 0x43, 0xe0, 0x1c, 0x27,
    0x82, 0xc, 0x1, 0xe6, 0x71, 0x6, 0x0, 0xf3,
    0x39, 0xf, 0x80, 0x70, 0x9e, 0x4, 0xaa, 0x0,
    0x6a, 0x16, 0x7, 0x4b, 0x96, 0x66, 0xa5, 0x8,
    0x2, 0xe1, 0x26, 0x1b, 0x10, 0x3, 0x3e, 0xff,
    0x59, 0x80, 0x7d, 0x8c, 0x1, 0xfc, 0x22, 0x0,
    0xc0,

    /* U+1ED9 "ộ" */
    0x0, 0x9b, 0xe0, 0x3, 0x8e, 0x35, 0x50, 0x3,
    0x17, 0x96, 0x28, 0x6, 0x4c, 0xfc, 0x70, 0x9,
    0x29, 0x2e, 0xa5, 0x80, 0x12, 0xb2, 0x8e, 0xe8,
    0x0, 0x17, 0x80, 0x56, 0x24, 0x1, 0xfe, 0x2f,
    0x0, 0xac, 0x48, 0x21, 0x61, 0x1d, 0xd0, 0x0,
    0x5a, 0x5b, 0xa9, 0x60, 0x9, 0x77, 0xf5, 0x80,
    0x38, 0xb5, 0x0, 0x3e, 0x20, 0xc,

    /* U+1EDA "Ớ" */
    0x0, 0xf6, 0xc0, 0x7, 0xe4, 0x38, 0x0, 0xfc,
    0x56, 0x7, 0xe0, 0x1e, 0x65, 0x6, 0x0, 0xe6,
    0xdf, 0xfa, 0xac, 0x2, 0xb9, 0x49, 0x82, 0xe,
    0x0, 0x3a, 0x54, 0xb3, 0xea, 0x29, 0x84, 0xaa,
    0x80, 0x35, 0x5, 0x90, 0xf8, 0x7, 0x9, 0x98,
    0x41, 0x80, 0x3c, 0xce, 0x20, 0xc0, 0x1e, 0x66,
    0x10, 0xf8, 0x7, 0x9, 0xe0, 0x4a, 0xa0, 0x6,
    0xa1, 0x60, 0x74, 0xb9, 0x66, 0x6a, 0x50, 0x5,
    0x70, 0x93, 0xf, 0xa8, 0x0,

    /* U+1EDB "ớ" */
    0x0, 0xef, 0x50, 0xf, 0x31, 0x28, 0x7, 0xaa,
    0xc1, 0x84, 0x3, 0x63, 0xc, 0x98, 0x1, 0x77,
    0xfd, 0xc6, 0x40, 0x94, 0x97, 0x1, 0x20, 0x9,
    0x59, 0x47, 0x75, 0x80, 0xb, 0xc0, 0x2b, 0x12,
    0x0, 0xff, 0x17, 0x80, 0x56, 0x24, 0x10, 0xb0,
    0x8e, 0xe9, 0x0, 0x2d, 0x2d, 0xd4, 0xb8, 0x0,

    /* U+1EDC "Ờ" */
    0x0, 0xda, 0xc0, 0x1f, 0xd1, 0x60, 0x1f, 0xca,
    0xa2, 0x3, 0xf0, 0xf, 0x41, 0x3, 0x0, 0x73,
    0x6f, 0xfd, 0x56, 0x1, 0x5c, 0xa4, 0xc1, 0x7,
    0x0, 0x1d, 0x2a, 0x59, 0xf5, 0x14, 0xc2, 0x55,
    0x40, 0x1a, 0x82, 0xc8, 0x7c, 0x3, 0x84, 0xcc,
    0x20, 0xc0, 0x1e, 0x67, 0x10, 0x60, 0xf, 0x33,
    0x8, 0x7c, 0x3, 0x84, 0xf0, 0x25, 0x50, 0x3,
    0x50, 0xb0, 0x3a, 0x5c, 0xb3, 0x35, 0x28, 0x2,
    0xb8, 0x49, 0x87, 0xd4, 0x0,

    /* U+1EDD "ờ" */
    0x0, 0x17, 0x90, 0x7, 0x89, 0x6c, 0x3, 0xe9,
    0x70, 0x3, 0x8, 0x4, 0x7c, 0x3, 0x26, 0x0,
    0x5d, 0xff, 0x71, 0x90, 0x25, 0x25, 0xc0, 0x48,
    0x2, 0x56, 0x51, 0xdd, 0x60, 0x2, 0xf0, 0xa,
    0xc4, 0x80, 0x3f, 0xc5, 0xe0, 0x15, 0x89, 0x4,
    0x2c, 0x23, 0xba, 0x40, 0xb, 0x4b, 0x75, 0x2e,
    0x0,

    /* U+1EDE "Ở" */
    0x0, 0xc7, 0x96, 0x20, 0x1f, 0x2f, 0x8a, 0x0,
    0x7c, 0xce, 0x8e, 0x1, 0xfb, 0x34, 0x8f, 0xc0,
    0x3d, 0x6, 0xc, 0x1, 0xcd, 0xbf, 0xf5, 0x58,
    0x5, 0x72, 0x93, 0x4, 0x1c, 0x0, 0x74, 0xa9,
    0x67, 0xd4, 0x53, 0x9, 0x55, 0x0, 0x6a, 0xb,
    0x21, 0xf0, 0xe, 0x13, 0x30, 0x83, 0x0, 0x79,
    0x9c, 0x41, 0x80, 0x3c, 0xcc, 0x21, 0xf0, 0xe,
    0x13, 0xc0, 0x95, 0x40, 0xd, 0x42, 0xc0, 0xe9,
    0x72, 0xcc, 0xd4, 0xa0, 0xa, 0xe1, 0x26, 0x1f,
    0x50, 0x0,

    /* U+1EDF "ở" */
    0x0, 0x9b, 0x68, 0x3, 0xc3, 0x88, 0x40, 0x1c,
    0xf5, 0x24, 0xc2, 0x1, 0xa9, 0xc6, 0x4c, 0x0,
    0xbb, 0xdf, 0xc6, 0x40, 0x94, 0x97, 0x1, 0x20,
    0x9, 0x59, 0x47, 0x75, 0x80, 0xb, 0xc0, 0x2b,
    0x12, 0x0, 0xff, 0x17, 0x80, 0x56, 0x24, 0x10,
    0xb0, 0x8e, 0xe9, 0x0, 0x2d, 0x2d, 0xd4, 0xb8,
    0x0,

    /* U+1EE0 "Ỡ" */
    0x0, 0x8b, 0x7b, 0x96, 0x1, 0xe2, 0xce, 0xfb,
    0x3f, 0x0, 0xe1, 0x1, 0x6, 0x0, 0xe6, 0xdf,
    0xfa, 0xac, 0x2, 0xb9, 0x49, 0x82, 0xe, 0x0,
    0x3a, 0x54, 0xb3, 0xea, 0x29, 0x84, 0xaa, 0x80,
    0x35, 0x5, 0x90, 0xf8, 0x7, 0x9, 0x98, 0x41,
    0x80, 0x3c, 0xce, 0x20, 0xc0, 0x1e, 0x66, 0x10,
    0xf8, 0x7, 0x9, 0xe0, 0x4a, 0xa0, 0x6, 0xa1,
    0x60, 0x74, 0xb9, 0x66, 0x6a, 0x50, 0x5, 0x70,
    0x93, 0xf, 0xa8, 0x0,

    /* U+1EE1 "ỡ" */
    0x0, 0x1f, 0x52, 0x50, 0x6, 0xbb, 0x15, 0x73,
    0x8, 0x2, 0x16, 0x39, 0x64, 0xc0, 0xb, 0xbf,
    0xee, 0x32, 0x4, 0xa4, 0xb8, 0x9, 0x0, 0x4a,
    0xca, 0x3b, 0xac, 0x0, 0x5e, 0x1, 0x58, 0x90,
    0x7, 0xf8, 0xbc, 0x2, 0xb1, 0x20, 0x85, 0x84,
    0x77, 0x48, 0x1, 0x69, 0x6e, 0xa5, 0xc0,

    /* U+1EE2 "Ợ" */
    0x0, 0xfc, 0x7e, 0x1, 0xfc, 0xc0, 0x1c, 0xdb,
    0xff, 0x55, 0x80, 0x57, 0x29, 0x30, 0x41, 0xc0,
    0x7, 0x4a, 0x96, 0x7d, 0x45, 0x30, 0x95, 0x50,
    0x6, 0xa0, 0xb2, 0x1f, 0x0, 0xe1, 0x33, 0x8,
    0x30, 0x7, 0x99, 0xc4, 0x18, 0x3, 0xcc, 0xc2,
    0x1f, 0x0, 0xe1, 0x3c, 0x9, 0x54, 0x0, 0xd4,
    0x2c, 0xe, 0x97, 0x2c, 0xcd, 0x4a, 0x0, 0xae,
    0x12, 0x61, 0xf5, 0x0, 0x33, 0xef, 0xf5, 0x10,
    0x7, 0xd8, 0xc0, 0x1f, 0xc2, 0x20, 0xc,

    /* U+1EE3 "ợ" */
    0x0, 0xf9, 0x84, 0x3, 0xc3, 0x26, 0x0, 0x5d,
    0xff, 0x71, 0x90, 0x25, 0x25, 0xc0, 0x48, 0x2,
    0x56, 0x51, 0xdd, 0x60, 0x2, 0xf0, 0xa, 0xc4,
    0x80, 0x3f, 0xc5, 0xe0, 0x15, 0x89, 0x4, 0x2c,
    0x23, 0xba, 0x40, 0xb, 0x4b, 0x75, 0x2e, 0x1,
    0x2e, 0xfe, 0xb0, 0x7, 0x16, 0xa0, 0x7, 0xc4,
    0x1, 0x80,

    /* U+1EE4 "Ụ" */
    0xba, 0x0, 0xc7, 0xe4, 0x1, 0xff, 0xea, 0x11,
    0x0, 0x67, 0x3, 0xd4, 0x10, 0xb, 0x84, 0x4c,
    0x3e, 0xed, 0x6b, 0x0, 0x38, 0x93, 0x27, 0xa6,
    0x0, 0x15, 0x77, 0xe2, 0x80, 0x73, 0xe0, 0x7,
    0xde, 0x20, 0x18,

    /* U+1EE5 "ụ" */
    0xd8, 0x0, 0x17, 0x90, 0x7, 0xff, 0x34, 0x40,
    0x2, 0x20, 0x2, 0x80, 0x15, 0xd5, 0x50, 0x0,
    0x85, 0xa8, 0xb0, 0x0, 0xdf, 0xea, 0xf9, 0x0,
    0x1f, 0x0, 0x3b, 0xc4, 0x2,

    /* U+1EE6 "Ủ" */
    0x0, 0xaf, 0x50, 0x3, 0x8b, 0x26, 0x0, 0x38,
    0x9a, 0x2c, 0x3, 0xc5, 0x6e, 0x1, 0xe3, 0x70,
    0xd, 0x74, 0x1, 0x8f, 0xc8, 0x3, 0xff, 0xd4,
    0x22, 0x0, 0xce, 0x7, 0xa8, 0x20, 0x17, 0x8,
    0x98, 0x7d, 0xda, 0xd6, 0x0, 0x71, 0x26, 0x4f,
    0x4c, 0x0,

    /* U+1EE7 "ủ" */
    0x1, 0xbd, 0x50, 0x8, 0xfa, 0x38, 0x2, 0x26,
    0x99, 0x0, 0x63, 0xc2, 0x0, 0x6c, 0x0, 0xb,
    0xc8, 0x3, 0xff, 0x9a, 0x20, 0x1, 0x10, 0x1,
    0x40, 0xa, 0xea, 0xa8, 0x0, 0x42, 0xd4, 0x58,
    0x0,

    /* U+1EE8 "Ứ" */
    0x0, 0xc9, 0xe2, 0x1, 0xf7, 0xc0, 0x80, 0x7d,
    0x8e, 0x0, 0x36, 0x0, 0xce, 0x1, 0x5d, 0x5d,
    0x0, 0x63, 0xf6, 0x90, 0xf, 0xd8, 0xa0, 0x1f,
    0xfe, 0x61, 0x10, 0x6, 0x70, 0x30, 0xd4, 0x10,
    0xb, 0x84, 0x40, 0xc3, 0xee, 0xd6, 0xb0, 0x0,
    0x1c, 0x49, 0x93, 0xd3, 0x0, 0x0,

    /* U+1EE9 "ứ" */
    0x0, 0xa3, 0x0, 0x3c, 0xd0, 0x1, 0xca, 0x68,
    0x8, 0xa0, 0x5, 0xd0, 0x6, 0xfe, 0xc0, 0x0,
    0xbd, 0x38, 0x3, 0xde, 0x80, 0x1f, 0xfc, 0x81,
    0x0, 0x84, 0x40, 0x5, 0x0, 0x95, 0xd5, 0x50,
    0x1, 0x42, 0xd4, 0x58, 0x4,

    /* U+1EEA "Ừ" */
    0x0, 0x27, 0x88, 0x7, 0xc8, 0x89, 0x0, 0xfd,
    0x3c, 0x1, 0x1b, 0x0, 0x44, 0xc0, 0x15, 0xd5,
    0xd0, 0x6, 0x3f, 0x69, 0x0, 0xfd, 0x8a, 0x1,
    0xff, 0xe6, 0x11, 0x0, 0x67, 0x3, 0xd, 0x41,
    0x0, 0xb8, 0x44, 0xc, 0x3e, 0xed, 0x6b, 0x0,
    0x1, 0xc4, 0x99, 0x3d, 0x30, 0x0,

    /* U+1EEB "ừ" */
    0xa, 0xa0, 0x7, 0xa5, 0x44, 0x3, 0x8d, 0x18,
    0x0, 0x8a, 0x0, 0xb7, 0x0, 0x6f, 0xec, 0x0,
    0xb, 0xd3, 0x80, 0x3d, 0xe8, 0x1, 0xff, 0xc8,
    0x10, 0x8, 0x44, 0x0, 0x50, 0x9, 0x5d, 0x55,
    0x0, 0x14, 0x2d, 0x45, 0x80, 0x40,

    /* U+1EEC "Ử" */
    0x0, 0xa3, 0x5c, 0x3, 0xe1, 0xc8, 0x0, 0xfa,
    0x6d, 0x40, 0x3e, 0x10, 0xa0, 0x2, 0xc8, 0x4,
    0x34, 0x1, 0x6a, 0xdd, 0x0, 0x63, 0xf6, 0x90,
    0xf, 0xd8, 0xa0, 0x1f, 0xfe, 0x61, 0x10, 0x6,
    0x70, 0x30, 0xd4, 0x10, 0xb, 0x84, 0x40, 0xc3,
    0xee, 0xd6, 0xb0, 0x0, 0x1c, 0x49, 0x93, 0xd3,
    0x0, 0x0,

    /* U+1EED "ử" */
    0x1, 0xcd, 0x40, 0xc, 0x51, 0x5a, 0x1, 0x8c,
    0x72, 0x0, 0x8c, 0x0, 0xb6, 0x21, 0x73, 0xb0,
    0x0, 0x2f, 0x4e, 0x0, 0xf7, 0xa0, 0x7, 0xff,
    0x20, 0x40, 0x21, 0x10, 0x1, 0x40, 0x25, 0x75,
    0x54, 0x0, 0x50, 0xb5, 0x16, 0x1, 0x0,

    /* U+1EEE "Ữ" */
    0x0, 0x47, 0x74, 0xa0, 0x1d, 0x3f, 0xf2, 0x83,
    0x58, 0x0, 0x47, 0x0, 0x39, 0xee, 0x80, 0x31,
    0xfb, 0x48, 0x7, 0xec, 0x50, 0xf, 0xff, 0x30,
    0x88, 0x3, 0x38, 0x18, 0x6a, 0x8, 0x5, 0xc2,
    0x20, 0x61, 0xf7, 0x6b, 0x58, 0x0, 0xe, 0x24,
    0xc9, 0xe9, 0x80, 0x0,

    /* U+1EEF "ữ" */
    0xb, 0xd3, 0xc2, 0x0, 0xb, 0x4e, 0x89, 0x0,
    0x8b, 0x13, 0xb4, 0x22, 0xf6, 0x40, 0x5, 0xeb,
    0xe0, 0x1e, 0xf5, 0x0, 0xff, 0xe4, 0x8, 0x4,
    0x22, 0x0, 0x28, 0x4, 0xae, 0xaa, 0x80, 0xa,
    0x16, 0xa2, 0xc0, 0x20,

    /* U+1EF0 "Ự" */
    0x0, 0xfc, 0x6c, 0x1, 0xfa, 0xea, 0xe8, 0x3,
    0x1f, 0xb4, 0x80, 0x7e, 0xc5, 0x0, 0xff, 0xf3,
    0x8, 0x80, 0x33, 0x81, 0x86, 0xa0, 0x80, 0x5c,
    0x22, 0x6, 0x1f, 0x76, 0xb5, 0x80, 0x0, 0xe2,
    0x4c, 0x9e, 0x98, 0x2, 0x2a, 0xef, 0xc5, 0x0,
    0xf2, 0x68, 0x80, 0x7c, 0x26, 0x60, 0xc,

    /* U+1EF1 "ự" */
    0x0, 0xf2, 0x28, 0x7, 0xb7, 0xf6, 0x0, 0x5,
    0xe9, 0xc0, 0x1e, 0xf4, 0x0, 0xff, 0xe4, 0x8,
    0x4, 0x22, 0x0, 0x28, 0x4, 0xae, 0xaa, 0x80,
    0xa, 0x16, 0xa2, 0xc0, 0x21, 0xbf, 0xd5, 0xf2,
    0x0, 0xa6, 0x80, 0x3c, 0x62, 0x1, 0x80,

    /* U+1EF2 "Ỳ" */
    0x0, 0xbd, 0x40, 0x3e, 0x7e, 0x0, 0xfa, 0x50,
    0x80, 0x3c, 0x3e, 0x40, 0x13, 0x78, 0x80, 0x6c,
    0xb6, 0x28, 0x0, 0x90, 0xe0, 0x2d, 0x84, 0x1,
    0xa, 0x60, 0xc5, 0x0, 0x87, 0x0, 0x14, 0x30,
    0xc2, 0x90, 0x4, 0xa5, 0x87, 0x0, 0x1d, 0x4,
    0xa4, 0x1, 0xca, 0x1e, 0x1, 0xff, 0xd2,

    /* U+1EF3 "ỳ" */
    0x0, 0x32, 0x0, 0x7d, 0x40, 0x1e, 0x62, 0x60,
    0xf, 0x63, 0x0, 0x47, 0xe4, 0x1, 0x73, 0x98,
    0xa8, 0x1, 0x5, 0x41, 0xa8, 0x1, 0xa6, 0x41,
    0x44, 0x40, 0x7a, 0x0, 0x11, 0x15, 0x5, 0xc0,
    0x2a, 0xa6, 0xa0, 0x80, 0x4a, 0x4d, 0xc0, 0x18,
    0x8c, 0x14, 0x3, 0x9d, 0x80, 0x21, 0x49, 0x58,
    0x0, 0x9a, 0xcb, 0x44, 0x2,

    /* U+1EF4 "Ỵ" */
    0x6f, 0x10, 0xd, 0x96, 0xc5, 0x0, 0x12, 0x1c,
    0x5, 0xb0, 0x80, 0x21, 0x4c, 0x18, 0xa0, 0x10,
    0xe0, 0x2, 0x86, 0x18, 0x52, 0x0, 0x94, 0xb0,
    0xe0, 0x3, 0xa0, 0x94, 0x80, 0x39, 0x43, 0xc0,
    0x3f, 0xfa, 0xde, 0xa0, 0x1f, 0x6a, 0x80, 0x78,
    0x4c, 0xc0, 0x10,

    /* U+1EF5 "ỵ" */
    0x3f, 0x20, 0xb, 0x9c, 0xc5, 0x40, 0x6, 0x2a,
    0xf, 0x60, 0xb, 0x32, 0xa, 0x31, 0x5, 0xa0,
    0x1, 0x8b, 0x99, 0x38, 0x4, 0xfb, 0x68, 0x20,
    0x15, 0x23, 0x70, 0x6, 0x31, 0x12, 0x80, 0x72,
    0x30, 0x4, 0x27, 0x9, 0x0, 0x13, 0x61, 0xe8,
    0xdd, 0x81, 0xfe, 0xcc, 0x4, 0x40,

    /* U+1EF6 "Ỷ" */
    0x0, 0x97, 0x6c, 0x40, 0x3d, 0x8e, 0xa0, 0x1c,
    0xb6, 0x88, 0x0, 0xf5, 0x40, 0x4, 0xde, 0x20,
    0x1b, 0x2d, 0x8a, 0x0, 0x24, 0x38, 0xb, 0x61,
    0x0, 0x42, 0x98, 0x31, 0x40, 0x21, 0xc0, 0x5,
    0xc, 0x30, 0xa4, 0x1, 0x29, 0x61, 0xc0, 0x7,
    0x41, 0x29, 0x0, 0x72, 0x87, 0x80, 0x7f, 0xf4,
    0x80,

    /* U+1EF7 "ỷ" */
    0x0, 0x16, 0x69, 0x80, 0x61, 0xf5, 0xb0, 0xc,
    0x6c, 0x72, 0x1, 0xcb, 0x62, 0x0, 0x3f, 0x20,
    0xb, 0x9c, 0xc5, 0x40, 0x8, 0x2a, 0xd, 0x40,
    0xd, 0x32, 0xa, 0x22, 0x3, 0xd0, 0x0, 0x88,
    0xa8, 0x2e, 0x1, 0x55, 0x35, 0x4, 0x2, 0x52,
    0x6e, 0x0, 0xc4, 0x60, 0xa0, 0x1c, 0xec, 0x1,
    0xa, 0x4a, 0xc0, 0x4, 0xd6, 0x5a, 0x20, 0x10,

    /* U+1EF8 "Ỹ" */
    0x0, 0xe, 0xd0, 0xe0, 0x6, 0x75, 0x2e, 0x40,
    0xc, 0xd1, 0xf, 0x80, 0x3, 0x78, 0x80, 0x6c,
    0xb6, 0x28, 0x0, 0x90, 0xe0, 0x2d, 0x84, 0x1,
    0xa, 0x60, 0xc5, 0x0, 0x87, 0x0, 0x14, 0x30,
    0xc2, 0x90, 0x4, 0xa5, 0x87, 0x0, 0x1d, 0x4,
    0xa4, 0x1, 0xca, 0x1e, 0x1, 0xff, 0xd2,

    /* U+1EF9 "ỹ" */
    0x0, 0x5e, 0x96, 0x10, 0x0, 0x9e, 0x70, 0x48,
    0x0, 0x5a, 0x9d, 0xa0, 0x3, 0xf3, 0x0, 0xb9,
    0xcc, 0x54, 0x0, 0x82, 0xa0, 0xd4, 0x0, 0xd3,
    0x20, 0xa2, 0x20, 0x3d, 0x0, 0x8, 0x8a, 0x82,
    0xe0, 0x15, 0x53, 0x50, 0x40, 0x25, 0x26, 0xe0,
    0xc, 0x46, 0xa, 0x1, 0xce, 0xc0, 0x10, 0xa4,
    0xac, 0x0, 0x4d, 0x65, 0xa2, 0x1, 0x0
};


/*---------------------
 *  GLYPH DESCRIPTION
 *--------------------*/

static const lv_font_fmt_txt_glyph_dsc_t glyph_dsc[] = {
    {.bitmap_index = 0, .adv_w = 0, .box_w = 0, .box_h = 0, .ofs_x = 0, .ofs_y = 0} /* id = 0 reserved */,
    {.bitmap_index = 0, .adv_w = 52, .box_w = 0, .box_h = 0, .ofs_x = 0, .ofs_y = 0},
    {.bitmap_index = 0, .adv_w = 63, .box_w = 2, .box_h = 11, .ofs_x = 1, .ofs_y = 0},
    {.bitmap_index = 9, .adv_w = 71, .box_w = 5, .box_h = 4, .ofs_x = 0, .ofs_y = 7},
    {.bitmap_index = 19, .adv_w = 181, .box_w = 11, .box_h = 11, .ofs_x = 0, .ofs_y = 0},
    {.bitmap_index = 77, .adv_w = 144, .box_w = 9, .box_h = 14, .ofs_x = 0, .ofs_y = -1},
    {.bitmap_index = 138, .adv_w = 190, .box_w = 12, .box_h = 11, .ofs_x = 0, .ofs_y = 0},
    {.bitmap_index = 195, .adv_w = 166, .box_w = 10, .box_h = 11, .ofs_x = 0, .ofs_y = 0},
    {.bitmap_index = 247, .adv_w = 40, .box_w = 3, .box_h = 4, .ofs_x = 0, .ofs_y = 7},
    {.bitmap_index = 254, .adv_w = 98, .box_w = 6, .box_h = 16, .ofs_x = 0, .ofs_y = -3},
    {.bitmap_index = 298, .adv_w = 98, .box_w = 6, .box_h = 16, .ofs_x = 0, .ofs_y = -3},
    {.bitmap_index = 342, .adv_w = 111, .box_w = 7, .box_h = 6, .ofs_x = 0, .ofs_y = 5},
    {.bitmap_index = 363, .adv_w = 136, .box_w = 6, .box_h = 6, .ofs_x = 1, .ofs_y = 2},
    {.bitmap_index = 379, .adv_w = 68, .box_w = 3, .box_h = 4, .ofs_x = 1, .ofs_y = -2},
    {.bitmap_index = 385, .adv_w = 136, .box_w = 6, .box_h = 2, .ofs_x = 1, .ofs_y = 3},
    {.bitmap_index = 390, .adv_w = 64, .box_w = 2, .box_h = 2, .ofs_x = 1, .ofs_y = 0},
    {.bitmap_index = 392, .adv_w = 113, .box_w = 7, .box_h = 15, .ofs_x = 0, .ofs_y = -2},
    {.bitmap_index = 433, .adv_w = 151, .box_w = 9, .box_h = 11, .ofs_x = 0, .ofs_y = 0},
    {.bitmap_index = 480, .adv_w = 86, .box_w = 4, .box_h = 11, .ofs_x = 0, .ofs_y = 0},
    {.bitmap_index = 491, .adv_w = 146, .box_w = 8, .box_h = 11, .ofs_x = 1, .ofs_y = 0},
    {.bitmap_index = 532, .adv_w = 148, .box_w = 9, .box_h = 11, .ofs_x = 0, .ofs_y = 0},
    {.bitmap_index = 581, .adv_w = 159, .box_w = 10, .box_h = 11, .ofs_x = 0, .ofs_y = 0},
    {.bitmap_index = 621, .adv_w = 148, .box_w = 9, .box_h = 11, .ofs_x = 0, .ofs_y = 0},
    {.bitmap_index = 667, .adv_w = 152, .box_w = 8, .box_h = 11, .ofs_x = 1, .ofs_y = 0},
    {.bitmap_index = 711, .adv_w = 133, .box_w = 8, .box_h = 11, .ofs_x = 0, .ofs_y = 0},
    {.bitmap_index = 745, .adv_w = 142, .box_w = 9, .box_h = 11, .ofs_x = 0, .ofs_y = 0},
    {.bitmap_index = 795, .adv_w = 152, .box_w = 8, .box_h = 11, .ofs_x = 1, .ofs_y = 0},
    {.bitmap_index = 840, .adv_w = 64, .box_w = 2, .box_h = 8, .ofs_x = 1, .ofs_y = 0},
    {.bitmap_index = 847, .adv_w = 68, .box_w = 3, .box_h = 10, .ofs_x = 1, .ofs_y = -2},
    {.bitmap_index = 860, .adv_w = 125, .box_w = 6, .box_h = 8, .ofs_x = 1, .ofs_y = 1},
    {.bitmap_index = 882, .adv_w = 163, .box_w = 8, .box_h = 6, .ofs_x = 1, .ofs_y = 2},
    {.bitmap_index = 897, .adv_w = 125, .box_w = 6, .box_h = 8, .ofs_x = 1, .ofs_y = 1},
    {.bitmap_index = 920, .adv_w = 128, .box_w = 8, .box_h = 11, .ofs_x = 0, .ofs_y = 0},
    {.bitmap_index = 959, .adv_w = 225, .box_w = 14, .box_h = 14, .ofs_x = 0, .ofs_y = -3},
    {.bitmap_index = 1052, .adv_w = 165, .box_w = 10, .box_h = 11, .ofs_x = 0, .ofs_y = 0},
    {.bitmap_index = 1100, .adv_w = 151, .box_w = 8, .box_h = 11, .ofs_x = 1, .ofs_y = 0},
    {.bitmap_index = 1139, .adv_w = 174, .box_w = 11, .box_h = 11, .ofs_x = 0, .ofs_y = 0},
    {.bitmap_index = 1191, .adv_w = 163, .box_w = 9, .box_h = 11, .ofs_x = 1, .ofs_y = 0},
    {.bitmap_index = 1233, .adv_w = 139, .box_w = 7, .box_h = 11, .ofs_x = 1, .ofs_y = 0},
    {.bitmap_index = 1261, .adv_w = 142, .box_w = 7, .box_h = 11, .ofs_x = 1, .ofs_y = 0},
    {.bitmap_index = 1284, .adv_w = 175, .box_w = 11, .box_h = 11, .ofs_x = 0, .ofs_y = 0},
    {.bitmap_index = 1342, .adv_w = 159, .box_w = 8, .box_h = 11, .ofs_x = 1, .ofs_y = 0},
    {.bitmap_index = 1363, .adv_w = 58, .box_w = 2, .box_h = 11, .ofs_x = 1, .ofs_y = 0},
    {.bitmap_index = 1368, .adv_w = 104, .box_w = 6, .box_h = 11, .ofs_x = 0, .ofs_y = 0},
    {.bitmap_index = 1383, .adv_w = 152, .box_w = 8, .box_h = 11, .ofs_x = 1, .ofs_y = 0},
    {.bitmap_index = 1421, .adv_w = 140, .box_w = 7, .box_h = 11, .ofs_x = 1, .ofs_y = 0},
    {.bitmap_index = 1431, .adv_w = 191, .box_w = 10, .box_h = 11, .ofs_x = 1, .ofs_y = 0},
    {.bitmap_index = 1475, .adv_w = 164, .box_w = 9, .box_h = 11, .ofs_x = 1, .ofs_y = 0},
    {.bitmap_index = 1510, .adv_w = 185, .box_w = 11, .box_h = 11, .ofs_x = 0, .ofs_y = 0},
    {.bitmap_index = 1565, .adv_w = 144, .box_w = 8, .box_h = 11, .ofs_x = 1, .ofs_y = 0},
    {.bitmap_index = 1602, .adv_w = 184, .box_w = 12, .box_h = 11, .ofs_x = 0, .ofs_y = 0},
    {.bitmap_index = 1664, .adv_w = 150, .box_w = 8, .box_h = 11, .ofs_x = 1, .ofs_y = 0},
    {.bitmap_index = 1702, .adv_w = 142, .box_w = 9, .box_h = 11, .ofs_x = 0, .ofs_y = 0},
    {.bitmap_index = 1751, .adv_w = 146, .box_w = 9, .box_h = 11, .ofs_x = 0, .ofs_y = 0},
    {.bitmap_index = 1767, .adv_w = 162, .box_w = 9, .box_h = 11, .ofs_x = 1, .ofs_y = 0},
    {.bitmap_index = 1791, .adv_w = 158, .box_w = 10, .box_h = 11, .ofs_x = 0, .ofs_y = 0},
    {.bitmap_index = 1840, .adv_w = 225, .box_w = 14, .box_h = 11, .ofs_x = 0, .ofs_y = 0},
    {.bitmap_index = 1917, .adv_w = 161, .box_w = 10, .box_h = 11, .ofs_x = 0, .ofs_y = 0},
    {.bitmap_index = 1968, .adv_w = 149, .box_w = 9, .box_h = 11, .ofs_x = 0, .ofs_y = 0},
    {.bitmap_index = 2003, .adv_w = 148, .box_w = 9, .box_h = 11, .ofs_x = 0, .ofs_y = 0},
    {.bitmap_index = 2041, .adv_w = 103, .box_w = 5, .box_h = 16, .ofs_x = 1, .ofs_y = -3},
    {.bitmap_index = 2058, .adv_w = 109, .box_w = 7, .box_h = 15, .ofs_x = 0, .ofs_y = -2},
    {.bitmap_index = 2098, .adv_w = 103, .box_w = 5, .box_h = 16, .ofs_x = 1, .ofs_y = -3},
    {.bitmap_index = 2115, .adv_w = 125, .box_w = 6, .box_h = 3, .ofs_x = 1, .ofs_y = 8},
    {.bitmap_index = 2124, .adv_w = 157, .box_w = 8, .box_h = 2, .ofs_x = 1, .ofs_y = -2},
    {.bitmap_index = 2130, .adv_w = 45, .box_w = 3, .box_h = 3, .ofs_x = 0, .ofs_y = 9},
    {.bitmap_index = 2135, .adv_w = 144, .box_w = 9, .box_h = 8, .ofs_x = 0, .ofs_y = 0},
    {.bitmap_index = 2169, .adv_w = 146, .box_w = 8, .box_h = 11, .ofs_x = 1, .ofs_y = 0},
    {.bitmap_index = 2202, .adv_w = 137, .box_w = 8, .box_h = 8, .ofs_x = 0, .ofs_y = 0},
    {.bitmap_index = 2233, .adv_w = 146, .box_w = 9, .box_h = 11, .ofs_x = 0, .ofs_y = 0},
    {.bitmap_index = 2271, .adv_w = 134, .box_w = 8, .box_h = 8, .ofs_x = 0, .ofs_y = 0},
    {.bitmap_index = 2303, .adv_w = 86, .box_w = 5, .box_h = 11, .ofs_x = 0, .ofs_y = 0},
    {.bitmap_index = 2322, .adv_w = 144, .box_w = 9, .box_h = 11, .ofs_x = 0, .ofs_y = -3},
    {.bitmap_index = 2368, .adv_w = 131, .box_w = 7, .box_h = 11, .ofs_x = 1, .ofs_y = 0},
    {.bitmap_index = 2390, .adv_w = 59, .box_w = 3, .box_h = 11, .ofs_x = 0, .ofs_y = 0},
    {.bitmap_index = 2400, .adv_w = 61, .box_w = 4, .box_h = 14, .ofs_x = -1, .ofs_y = -3},
    {.bitmap_index = 2418, .adv_w = 124, .box_w = 7, .box_h = 11, .ofs_x = 1, .ofs_y = 0},
    {.bitmap_index = 2446, .adv_w = 57, .box_w = 2, .box_h = 11, .ofs_x = 1, .ofs_y = 0},
    {.bitmap_index = 2452, .adv_w = 200, .box_w = 12, .box_h = 8, .ofs_x = 0, .ofs_y = 0},
    {.bitmap_index = 2482, .adv_w = 128, .box_w = 8, .box_h = 8, .ofs_x = 0, .ofs_y = 0},
    {.bitmap_index = 2500, .adv_w = 144, .box_w = 9, .box_h = 8, .ofs_x = 0, .ofs_y = 0},
    {.bitmap_index = 2534, .adv_w = 146, .box_w = 8, .box_h = 11, .ofs_x = 1, .ofs_y = -3},
    {.bitmap_index = 2570, .adv_w = 146, .box_w = 9, .box_h = 11, .ofs_x = 0, .ofs_y = -3},
    {.bitmap_index = 2610, .adv_w = 88, .box_w = 5, .box_h = 8, .ofs_x = 0, .ofs_y = 0},
    {.bitmap_index = 2623, .adv_w = 114, .box_w = 7, .box_h = 8, .ofs_x = 0, .ofs_y = 0},
    {.bitmap_index = 2652, .adv_w = 96, .box_w = 6, .box_h = 10, .ofs_x = 0, .ofs_y = 0},
    {.bitmap_index = 2676, .adv_w = 127, .box_w = 7, .box_h = 8, .ofs_x = 0, .ofs_y = 0},
    {.bitmap_index = 2691, .adv_w = 129, .box_w = 8, .box_h = 8, .ofs_x = 0, .ofs_y = 0},
    {.bitmap_index = 2722, .adv_w = 195, .box_w = 12, .box_h = 8, .ofs_x = 0, .ofs_y = 0},
    {.bitmap_index = 2770, .adv_w = 125, .box_w = 8, .box_h = 8, .ofs_x = 0, .ofs_y = 0},
    {.bitmap_index = 2801, .adv_w = 131, .box_w = 8, .box_h = 11, .ofs_x = 0, .ofs_y = -3},
    {.bitmap_index = 2843, .adv_w = 112, .box_w = 7, .box_h = 8, .ofs_x = 0, .ofs_y = 0},
    {.bitmap_index = 2870, .adv_w = 95, .box_w = 6, .box_h = 16, .ofs_x = 0, .ofs_y = -3},
    {.bitmap_index = 2902, .adv_w = 91, .box_w = 2, .box_h = 18, .ofs_x = 2, .ofs_y = -3},
    {.bitmap_index = 2908, .adv_w = 95, .box_w = 6, .box_h = 16, .ofs_x = 0, .ofs_y = -3},
    {.bitmap_index = 2941, .adv_w = 105, .box_w = 6, .box_h = 2, .ofs_x = 0, .ofs_y = 5},
    {.bitmap_index = 2948, .adv_w = 52, .box_w = 0, .box_h = 0, .ofs_x = 0, .ofs_y = 0},
    {.bitmap_index = 2948, .adv_w = 63, .box_w = 2, .box_h = 11, .ofs_x = 1, .ofs_y = -3},
    {.bitmap_index = 2957, .adv_w = 137, .box_w = 8, .box_h = 11, .ofs_x = 0, .ofs_y = -1},
    {.bitmap_index = 2998, .adv_w = 136, .box_w = 8, .box_h = 11, .ofs_x = 0, .ofs_y = 0},
    {.bitmap_index = 3037, .adv_w = 133, .box_w = 8, .box_h = 8, .ofs_x = 0, .ofs_y = 1},
    {.bitmap_index = 3067, .adv_w = 149, .box_w = 9, .box_h = 11, .ofs_x = 0, .ofs_y = 0},
    {.bitmap_index = 3115, .adv_w = 91, .box_w = 2, .box_h = 17, .ofs_x = 2, .ofs_y = -3},
    {.bitmap_index = 3127, .adv_w = 155, .box_w = 10, .box_h = 18, .ofs_x = 0, .ofs_y = -4},
    {.bitmap_index = 3213, .adv_w = 59, .box_w = 5, .box_h = 2, .ofs_x = 0, .ofs_y = 9},
    {.bitmap_index = 3219, .adv_w = 185, .box_w = 11, .box_h = 11, .ofs_x = 0, .ofs_y = 0},
    {.bitmap_index = 3281, .adv_w = 95, .box_w = 5, .box_h = 5, .ofs_x = 0, .ofs_y = 6},
    {.bitmap_index = 3294, .adv_w = 144, .box_w = 9, .box_h = 7, .ofs_x = 0, .ofs_y = 1},
    {.bitmap_index = 3326, .adv_w = 147, .box_w = 8, .box_h = 4, .ofs_x = 1, .ofs_y = 4},
    {.bitmap_index = 3337, .adv_w = 134, .box_w = 6, .box_h = 2, .ofs_x = 1, .ofs_y = 3},
    {.bitmap_index = 3342, .adv_w = 97, .box_w = 6, .box_h = 6, .ofs_x = 0, .ofs_y = 6},
    {.bitmap_index = 3361, .adv_w = 76, .box_w = 5, .box_h = 2, .ofs_x = 0, .ofs_y = 9},
    {.bitmap_index = 3366, .adv_w = 106, .box_w = 6, .box_h = 6, .ofs_x = 0, .ofs_y = 5},
    {.bitmap_index = 3385, .adv_w = 145, .box_w = 7, .box_h = 8, .ofs_x = 1, .ofs_y = 0},
    {.bitmap_index = 3408, .adv_w = 97, .box_w = 5, .box_h = 5, .ofs_x = 1, .ofs_y = 6},
    {.bitmap_index = 3421, .adv_w = 99, .box_w = 6, .box_h = 5, .ofs_x = 0, .ofs_y = 6},
    {.bitmap_index = 3437, .adv_w = 45, .box_w = 4, .box_h = 3, .ofs_x = -1, .ofs_y = 9},
    {.bitmap_index = 3444, .adv_w = 135, .box_w = 9, .box_h = 11, .ofs_x = 0, .ofs_y = -3},
    {.bitmap_index = 3470, .adv_w = 113, .box_w = 7, .box_h = 11, .ofs_x = 0, .ofs_y = 0},
    {.bitmap_index = 3494, .adv_w = 57, .box_w = 3, .box_h = 2, .ofs_x = 1, .ofs_y = 5},
    {.bitmap_index = 3497, .adv_w = 52, .box_w = 4, .box_h = 4, .ofs_x = 0, .ofs_y = -4},
    {.bitmap_index = 3506, .adv_w = 70, .box_w = 3, .box_h = 5, .ofs_x = 0, .ofs_y = 6},
    {.bitmap_index = 3512, .adv_w = 102, .box_w = 6, .box_h = 5, .ofs_x = 0, .ofs_y = 6},
    {.bitmap_index = 3528, .adv_w = 144, .box_w = 9, .box_h = 7, .ofs_x = 0, .ofs_y = 1},
    {.bitmap_index = 3560, .adv_w = 175, .box_w = 12, .box_h = 11, .ofs_x = 0, .ofs_y = 0},
    {.bitmap_index = 3615, .adv_w = 179, .box_w = 12, .box_h = 11, .ofs_x = 0, .ofs_y = 0},
    {.bitmap_index = 3670, .adv_w = 179, .box_w = 13, .box_h = 11, .ofs_x = 0, .ofs_y = 0},
    {.bitmap_index = 3737, .adv_w = 128, .box_w = 8, .box_h = 12, .ofs_x = 0, .ofs_y = -4},
    {.bitmap_index = 3779, .adv_w = 165, .box_w = 10, .box_h = 15, .ofs_x = 0, .ofs_y = 0},
    {.bitmap_index = 3840, .adv_w = 165, .box_w = 10, .box_h = 15, .ofs_x = 0, .ofs_y = 0},
    {.bitmap_index = 3900, .adv_w = 165, .box_w = 10, .box_h = 15, .ofs_x = 0, .ofs_y = 0},
    {.bitmap_index = 3963, .adv_w = 165, .box_w = 10, .box_h = 14, .ofs_x = 0, .ofs_y = 0},
    {.bitmap_index = 4024, .adv_w = 165, .box_w = 10, .box_h = 14, .ofs_x = 0, .ofs_y = 0},
    {.bitmap_index = 4084, .adv_w = 165, .box_w = 10, .box_h = 16, .ofs_x = 0, .ofs_y = 0},
    {.bitmap_index = 4149, .adv_w = 228, .box_w = 14, .box_h = 11, .ofs_x = 0, .ofs_y = 0},
    {.bitmap_index = 4208, .adv_w = 174, .box_w = 11, .box_h = 15, .ofs_x = 0, .ofs_y = -4},
    {.bitmap_index = 4277, .adv_w = 141, .box_w = 7, .box_h = 15, .ofs_x = 1, .ofs_y = 0},
    {.bitmap_index = 4315, .adv_w = 141, .box_w = 7, .box_h = 15, .ofs_x = 1, .ofs_y = 0},
    {.bitmap_index = 4353, .adv_w = 141, .box_w = 7, .box_h = 15, .ofs_x = 1, .ofs_y = 0},
    {.bitmap_index = 4392, .adv_w = 141, .box_w = 7, .box_h = 14, .ofs_x = 1, .ofs_y = 0},
    {.bitmap_index = 4429, .adv_w = 62, .box_w = 3, .box_h = 15, .ofs_x = 0, .ofs_y = 0},
    {.bitmap_index = 4440, .adv_w = 62, .box_w = 3, .box_h = 15, .ofs_x = 1, .ofs_y = 0},
    {.bitmap_index = 4451, .adv_w = 62, .box_w = 6, .box_h = 15, .ofs_x = -1, .ofs_y = 0},
    {.bitmap_index = 4468, .adv_w = 62, .box_w = 6, .box_h = 14, .ofs_x = -1, .ofs_y = 0},
    {.bitmap_index = 4482, .adv_w = 177, .box_w = 11, .box_h = 11, .ofs_x = 0, .ofs_y = 0},
    {.bitmap_index = 4535, .adv_w = 168, .box_w = 9, .box_h = 14, .ofs_x = 1, .ofs_y = 0},
    {.bitmap_index = 4582, .adv_w = 185, .box_w = 11, .box_h = 15, .ofs_x = 0, .ofs_y = 0},
    {.bitmap_index = 4649, .adv_w = 185, .box_w = 11, .box_h = 15, .ofs_x = 0, .ofs_y = 0},
    {.bitmap_index = 4716, .adv_w = 185, .box_w = 11, .box_h = 15, .ofs_x = 0, .ofs_y = 0},
    {.bitmap_index = 4786, .adv_w = 185, .box_w = 11, .box_h = 15, .ofs_x = 0, .ofs_y = 0},
    {.bitmap_index = 4854, .adv_w = 185, .box_w = 11, .box_h = 14, .ofs_x = 0, .ofs_y = 0},
    {.bitmap_index = 4921, .adv_w = 130, .box_w = 6, .box_h = 6, .ofs_x = 1, .ofs_y = 2},
    {.bitmap_index = 4938, .adv_w = 185, .box_w = 11, .box_h = 11, .ofs_x = 0, .ofs_y = 0},
    {.bitmap_index = 5000, .adv_w = 167, .box_w = 9, .box_h = 15, .ofs_x = 1, .ofs_y = 0},
    {.bitmap_index = 5037, .adv_w = 167, .box_w = 9, .box_h = 15, .ofs_x = 1, .ofs_y = 0},
    {.bitmap_index = 5074, .adv_w = 167, .box_w = 9, .box_h = 15, .ofs_x = 1, .ofs_y = 0},
    {.bitmap_index = 5114, .adv_w = 167, .box_w = 9, .box_h = 14, .ofs_x = 1, .ofs_y = 0},
    {.bitmap_index = 5151, .adv_w = 149, .box_w = 9, .box_h = 15, .ofs_x = 0, .ofs_y = 0},
    {.bitmap_index = 5198, .adv_w = 144, .box_w = 8, .box_h = 11, .ofs_x = 1, .ofs_y = 0},
    {.bitmap_index = 5238, .adv_w = 151, .box_w = 8, .box_h = 11, .ofs_x = 1, .ofs_y = 0},
    {.bitmap_index = 5281, .adv_w = 146, .box_w = 9, .box_h = 12, .ofs_x = 0, .ofs_y = 0},
    {.bitmap_index = 5325, .adv_w = 146, .box_w = 9, .box_h = 12, .ofs_x = 0, .ofs_y = 0},
    {.bitmap_index = 5370, .adv_w = 146, .box_w = 9, .box_h = 11, .ofs_x = 0, .ofs_y = 0},
    {.bitmap_index = 5414, .adv_w = 146, .box_w = 9, .box_h = 11, .ofs_x = 0, .ofs_y = 0},
    {.bitmap_index = 5459, .adv_w = 146, .box_w = 9, .box_h = 11, .ofs_x = 0, .ofs_y = 0},
    {.bitmap_index = 5504, .adv_w = 146, .box_w = 9, .box_h = 13, .ofs_x = 0, .ofs_y = 0},
    {.bitmap_index = 5553, .adv_w = 216, .box_w = 13, .box_h = 8, .ofs_x = 0, .ofs_y = 0},
    {.bitmap_index = 5605, .adv_w = 140, .box_w = 8, .box_h = 12, .ofs_x = 0, .ofs_y = -4},
    {.bitmap_index = 5650, .adv_w = 136, .box_w = 8, .box_h = 12, .ofs_x = 0, .ofs_y = 0},
    {.bitmap_index = 5693, .adv_w = 136, .box_w = 8, .box_h = 12, .ofs_x = 0, .ofs_y = 0},
    {.bitmap_index = 5736, .adv_w = 136, .box_w = 8, .box_h = 11, .ofs_x = 0, .ofs_y = 0},
    {.bitmap_index = 5778, .adv_w = 136, .box_w = 8, .box_h = 11, .ofs_x = 0, .ofs_y = 0},
    {.bitmap_index = 5821, .adv_w = 62, .box_w = 4, .box_h = 12, .ofs_x = -1, .ofs_y = 0},
    {.bitmap_index = 5835, .adv_w = 62, .box_w = 3, .box_h = 12, .ofs_x = 1, .ofs_y = 0},
    {.bitmap_index = 5846, .adv_w = 62, .box_w = 6, .box_h = 11, .ofs_x = -1, .ofs_y = 0},
    {.bitmap_index = 5861, .adv_w = 62, .box_w = 6, .box_h = 11, .ofs_x = -1, .ofs_y = 0},
    {.bitmap_index = 5875, .adv_w = 143, .box_w = 9, .box_h = 13, .ofs_x = 0, .ofs_y = 0},
    {.bitmap_index = 5930, .adv_w = 134, .box_w = 7, .box_h = 11, .ofs_x = 1, .ofs_y = 0},
    {.bitmap_index = 5959, .adv_w = 146, .box_w = 9, .box_h = 12, .ofs_x = 0, .ofs_y = 0},
    {.bitmap_index = 6004, .adv_w = 146, .box_w = 9, .box_h = 12, .ofs_x = 0, .ofs_y = 0},
    {.bitmap_index = 6049, .adv_w = 146, .box_w = 9, .box_h = 11, .ofs_x = 0, .ofs_y = 0},
    {.bitmap_index = 6093, .adv_w = 146, .box_w = 9, .box_h = 11, .ofs_x = 0, .ofs_y = 0},
    {.bitmap_index = 6138, .adv_w = 146, .box_w = 9, .box_h = 11, .ofs_x = 0, .ofs_y = 0},
    {.bitmap_index = 6183, .adv_w = 149, .box_w = 7, .box_h = 7, .ofs_x = 1, .ofs_y = 1},
    {.bitmap_index = 6204, .adv_w = 144, .box_w = 9, .box_h = 10, .ofs_x = 0, .ofs_y = -1},
    {.bitmap_index = 6248, .adv_w = 132, .box_w = 7, .box_h = 12, .ofs_x = 1, .ofs_y = 0},
    {.bitmap_index = 6279, .adv_w = 132, .box_w = 7, .box_h = 12, .ofs_x = 1, .ofs_y = 0},
    {.bitmap_index = 6310, .adv_w = 132, .box_w = 7, .box_h = 11, .ofs_x = 1, .ofs_y = 0},
    {.bitmap_index = 6341, .adv_w = 132, .box_w = 7, .box_h = 11, .ofs_x = 1, .ofs_y = 0},
    {.bitmap_index = 6372, .adv_w = 131, .box_w = 8, .box_h = 15, .ofs_x = 0, .ofs_y = -3},
    {.bitmap_index = 6425, .adv_w = 146, .box_w = 8, .box_h = 14, .ofs_x = 1, .ofs_y = -3},
    {.bitmap_index = 6464, .adv_w = 131, .box_w = 8, .box_h = 14, .ofs_x = 0, .ofs_y = -3},
    {.bitmap_index = 6517, .adv_w = 165, .box_w = 10, .box_h = 14, .ofs_x = 0, .ofs_y = 0},
    {.bitmap_index = 6577, .adv_w = 146, .box_w = 9, .box_h = 11, .ofs_x = 0, .ofs_y = 0},
    {.bitmap_index = 6622, .adv_w = 177, .box_w = 11, .box_h = 11, .ofs_x = 0, .ofs_y = 0},
    {.bitmap_index = 6675, .adv_w = 148, .box_w = 10, .box_h = 11, .ofs_x = 0, .ofs_y = 0},
    {.bitmap_index = 6722, .adv_w = 62, .box_w = 6, .box_h = 14, .ofs_x = -1, .ofs_y = 0},
    {.bitmap_index = 6737, .adv_w = 62, .box_w = 6, .box_h = 11, .ofs_x = -1, .ofs_y = 0},
    {.bitmap_index = 6752, .adv_w = 167, .box_w = 9, .box_h = 14, .ofs_x = 1, .ofs_y = 0},
    {.bitmap_index = 6788, .adv_w = 132, .box_w = 7, .box_h = 11, .ofs_x = 1, .ofs_y = 0},
    {.bitmap_index = 6819, .adv_w = 185, .box_w = 11, .box_h = 13, .ofs_x = 0, .ofs_y = 0},
    {.bitmap_index = 6879, .adv_w = 144, .box_w = 9, .box_h = 10, .ofs_x = 0, .ofs_y = 0},
    {.bitmap_index = 6919, .adv_w = 167, .box_w = 10, .box_h = 13, .ofs_x = 1, .ofs_y = 0},
    {.bitmap_index = 6955, .adv_w = 129, .box_w = 9, .box_h = 10, .ofs_x = 0, .ofs_y = 0},
    {.bitmap_index = 6981, .adv_w = 165, .box_w = 10, .box_h = 14, .ofs_x = 0, .ofs_y = -3},
    {.bitmap_index = 7040, .adv_w = 146, .box_w = 9, .box_h = 11, .ofs_x = 0, .ofs_y = -3},
    {.bitmap_index = 7083, .adv_w = 165, .box_w = 10, .box_h = 15, .ofs_x = 0, .ofs_y = 0},
    {.bitmap_index = 7145, .adv_w = 146, .box_w = 9, .box_h = 12, .ofs_x = 0, .ofs_y = 0},
    {.bitmap_index = 7191, .adv_w = 165, .box_w = 10, .box_h = 17, .ofs_x = 0, .ofs_y = 0},
    {.bitmap_index = 7262, .adv_w = 146, .box_w = 9, .box_h = 14, .ofs_x = 0, .ofs_y = 0},
    {.bitmap_index = 7316, .adv_w = 165, .box_w = 10, .box_h = 17, .ofs_x = 0, .ofs_y = 0},
    {.bitmap_index = 7386, .adv_w = 146, .box_w = 9, .box_h = 14, .ofs_x = 0, .ofs_y = 0},
    {.bitmap_index = 7440, .adv_w = 165, .box_w = 10, .box_h = 17, .ofs_x = 0, .ofs_y = 0},
    {.bitmap_index = 7511, .adv_w = 146, .box_w = 9, .box_h = 14, .ofs_x = 0, .ofs_y = 0},
    {.bitmap_index = 7566, .adv_w = 165, .box_w = 10, .box_h = 17, .ofs_x = 0, .ofs_y = 0},
    {.bitmap_index = 7638, .adv_w = 146, .box_w = 9, .box_h = 14, .ofs_x = 0, .ofs_y = 0},
    {.bitmap_index = 7694, .adv_w = 165, .box_w = 10, .box_h = 18, .ofs_x = 0, .ofs_y = -3},
    {.bitmap_index = 7768, .adv_w = 146, .box_w = 9, .box_h = 14, .ofs_x = 0, .ofs_y = -3},
    {.bitmap_index = 7822, .adv_w = 165, .box_w = 10, .box_h = 18, .ofs_x = 0, .ofs_y = 0},
    {.bitmap_index = 7894, .adv_w = 146, .box_w = 9, .box_h = 14, .ofs_x = 0, .ofs_y = 0},
    {.bitmap_index = 7948, .adv_w = 165, .box_w = 10, .box_h = 18, .ofs_x = 0, .ofs_y = 0},
    {.bitmap_index = 8019, .adv_w = 146, .box_w = 9, .box_h = 14, .ofs_x = 0, .ofs_y = 0},
    {.bitmap_index = 8073, .adv_w = 165, .box_w = 10, .box_h = 18, .ofs_x = 0, .ofs_y = 0},
    {.bitmap_index = 8147, .adv_w = 146, .box_w = 9, .box_h = 15, .ofs_x = 0, .ofs_y = 0},
    {.bitmap_index = 8205, .adv_w = 165, .box_w = 10, .box_h = 17, .ofs_x = 0, .ofs_y = 0},
    {.bitmap_index = 8276, .adv_w = 146, .box_w = 9, .box_h = 14, .ofs_x = 0, .ofs_y = 0},
    {.bitmap_index = 8333, .adv_w = 165, .box_w = 10, .box_h = 17, .ofs_x = 0, .ofs_y = -3},
    {.bitmap_index = 8404, .adv_w = 146, .box_w = 9, .box_h = 14, .ofs_x = 0, .ofs_y = -3},
    {.bitmap_index = 8459, .adv_w = 141, .box_w = 7, .box_h = 14, .ofs_x = 1, .ofs_y = -3},
    {.bitmap_index = 8494, .adv_w = 136, .box_w = 8, .box_h = 11, .ofs_x = 0, .ofs_y = -3},
    {.bitmap_index = 8537, .adv_w = 141, .box_w = 7, .box_h = 15, .ofs_x = 1, .ofs_y = 0},
    {.bitmap_index = 8576, .adv_w = 136, .box_w = 8, .box_h = 12, .ofs_x = 0, .ofs_y = 0},
    {.bitmap_index = 8619, .adv_w = 141, .box_w = 7, .box_h = 14, .ofs_x = 1, .ofs_y = 0},
    {.bitmap_index = 8656, .adv_w = 136, .box_w = 8, .box_h = 11, .ofs_x = 0, .ofs_y = 0},
    {.bitmap_index = 8699, .adv_w = 141, .box_w = 8, .box_h = 17, .ofs_x = 1, .ofs_y = 0},
    {.bitmap_index = 8751, .adv_w = 136, .box_w = 9, .box_h = 14, .ofs_x = 0, .ofs_y = 0},
    {.bitmap_index = 8807, .adv_w = 141, .box_w = 7, .box_h = 17, .ofs_x = 1, .ofs_y = 0},
    {.bitmap_index = 8853, .adv_w = 136, .box_w = 8, .box_h = 14, .ofs_x = 0, .ofs_y = 0},
    {.bitmap_index = 8904, .adv_w = 141, .box_w = 8, .box_h = 17, .ofs_x = 1, .ofs_y = 0},
    {.bitmap_index = 8957, .adv_w = 136, .box_w = 9, .box_h = 14, .ofs_x = 0, .ofs_y = 0},
    {.bitmap_index = 9014, .adv_w = 141, .box_w = 7, .box_h = 17, .ofs_x = 1, .ofs_y = 0},
    {.bitmap_index = 9061, .adv_w = 136, .box_w = 8, .box_h = 14, .ofs_x = 0, .ofs_y = 0},
    {.bitmap_index = 9115, .adv_w = 141, .box_w = 7, .box_h = 18, .ofs_x = 1, .ofs_y = -3},
    {.bitmap_index = 9163, .adv_w = 136, .box_w = 8, .box_h = 14, .ofs_x = 0, .ofs_y = -3},
    {.bitmap_index = 9216, .adv_w = 62, .box_w = 4, .box_h = 15, .ofs_x = 0, .ofs_y = 0},
    {.bitmap_index = 9229, .adv_w = 62, .box_w = 4, .box_h = 12, .ofs_x = 0, .ofs_y = 0},
    {.bitmap_index = 9242, .adv_w = 62, .box_w = 2, .box_h = 14, .ofs_x = 1, .ofs_y = -3},
    {.bitmap_index = 9250, .adv_w = 62, .box_w = 2, .box_h = 14, .ofs_x = 1, .ofs_y = -3},
    {.bitmap_index = 9261, .adv_w = 185, .box_w = 11, .box_h = 14, .ofs_x = 0, .ofs_y = -3},
    {.bitmap_index = 9327, .adv_w = 146, .box_w = 9, .box_h = 11, .ofs_x = 0, .ofs_y = -3},
    {.bitmap_index = 9370, .adv_w = 185, .box_w = 11, .box_h = 16, .ofs_x = 0, .ofs_y = 0},
    {.bitmap_index = 9442, .adv_w = 146, .box_w = 9, .box_h = 12, .ofs_x = 0, .ofs_y = 0},
    {.bitmap_index = 9488, .adv_w = 185, .box_w = 11, .box_h = 17, .ofs_x = 0, .ofs_y = 0},
    {.bitmap_index = 9566, .adv_w = 146, .box_w = 9, .box_h = 14, .ofs_x = 0, .ofs_y = 0},
    {.bitmap_index = 9621, .adv_w = 185, .box_w = 11, .box_h = 17, .ofs_x = 0, .ofs_y = 0},
    {.bitmap_index = 9698, .adv_w = 146, .box_w = 9, .box_h = 14, .ofs_x = 0, .ofs_y = 0},
    {.bitmap_index = 9752, .adv_w = 185, .box_w = 11, .box_h = 18, .ofs_x = 0, .ofs_y = 0},
    {.bitmap_index = 9835, .adv_w = 146, .box_w = 9, .box_h = 14, .ofs_x = 0, .ofs_y = 0},
    {.bitmap_index = 9890, .adv_w = 185, .box_w = 11, .box_h = 17, .ofs_x = 0, .ofs_y = 0},
    {.bitmap_index = 9969, .adv_w = 146, .box_w = 9, .box_h = 14, .ofs_x = 0, .ofs_y = 0},
    {.bitmap_index = 10026, .adv_w = 185, .box_w = 11, .box_h = 18, .ofs_x = 0, .ofs_y = -3},
    {.bitmap_index = 10107, .adv_w = 146, .box_w = 9, .box_h = 14, .ofs_x = 0, .ofs_y = -3},
    {.bitmap_index = 10161, .adv_w = 185, .box_w = 11, .box_h = 15, .ofs_x = 0, .ofs_y = 0},
    {.bitmap_index = 10230, .adv_w = 146, .box_w = 9, .box_h = 12, .ofs_x = 0, .ofs_y = 0},
    {.bitmap_index = 10278, .adv_w = 185, .box_w = 11, .box_h = 15, .ofs_x = 0, .ofs_y = 0},
    {.bitmap_index = 10347, .adv_w = 146, .box_w = 9, .box_h = 12, .ofs_x = 0, .ofs_y = 0},
    {.bitmap_index = 10396, .adv_w = 185, .box_w = 11, .box_h = 16, .ofs_x = 0, .ofs_y = 0},
    {.bitmap_index = 10470, .adv_w = 146, .box_w = 9, .box_h = 12, .ofs_x = 0, .ofs_y = 0},
    {.bitmap_index = 10519, .adv_w = 185, .box_w = 11, .box_h = 14, .ofs_x = 0, .ofs_y = 0},
    {.bitmap_index = 10587, .adv_w = 146, .box_w = 9, .box_h = 11, .ofs_x = 0, .ofs_y = 0},
    {.bitmap_index = 10634, .adv_w = 185, .box_w = 11, .box_h = 16, .ofs_x = 0, .ofs_y = -3},
    {.bitmap_index = 10705, .adv_w = 146, .box_w = 9, .box_h = 13, .ofs_x = 0, .ofs_y = -3},
    {.bitmap_index = 10755, .adv_w = 167, .box_w = 9, .box_h = 14, .ofs_x = 1, .ofs_y = -3},
    {.bitmap_index = 10790, .adv_w = 132, .box_w = 7, .box_h = 11, .ofs_x = 1, .ofs_y = -3},
    {.bitmap_index = 10819, .adv_w = 167, .box_w = 9, .box_h = 16, .ofs_x = 1, .ofs_y = 0},
    {.bitmap_index = 10861, .adv_w = 132, .box_w = 7, .box_h = 12, .ofs_x = 1, .ofs_y = 0},
    {.bitmap_index = 10894, .adv_w = 167, .box_w = 10, .box_h = 15, .ofs_x = 1, .ofs_y = 0},
    {.bitmap_index = 10940, .adv_w = 132, .box_w = 8, .box_h = 12, .ofs_x = 1, .ofs_y = 0},
    {.bitmap_index = 10977, .adv_w = 167, .box_w = 10, .box_h = 15, .ofs_x = 1, .ofs_y = 0},
    {.bitmap_index = 11023, .adv_w = 132, .box_w = 8, .box_h = 12, .ofs_x = 1, .ofs_y = 0},
    {.bitmap_index = 11061, .adv_w = 167, .box_w = 10, .box_h = 16, .ofs_x = 1, .ofs_y = 0},
    {.bitmap_index = 11111, .adv_w = 132, .box_w = 8, .box_h = 12, .ofs_x = 1, .ofs_y = 0},
    {.bitmap_index = 11150, .adv_w = 167, .box_w = 10, .box_h = 14, .ofs_x = 1, .ofs_y = 0},
    {.bitmap_index = 11194, .adv_w = 132, .box_w = 8, .box_h = 11, .ofs_x = 1, .ofs_y = 0},
    {.bitmap_index = 11230, .adv_w = 167, .box_w = 10, .box_h = 16, .ofs_x = 1, .ofs_y = -3},
    {.bitmap_index = 11277, .adv_w = 132, .box_w = 8, .box_h = 13, .ofs_x = 1, .ofs_y = -3},
    {.bitmap_index = 11316, .adv_w = 149, .box_w = 9, .box_h = 15, .ofs_x = 0, .ofs_y = 0},
    {.bitmap_index = 11363, .adv_w = 131, .box_w = 8, .box_h = 15, .ofs_x = 0, .ofs_y = -3},
    {.bitmap_index = 11416, .adv_w = 149, .box_w = 9, .box_h = 14, .ofs_x = 0, .ofs_y = -3},
    {.bitmap_index = 11459, .adv_w = 131, .box_w = 8, .box_h = 12, .ofs_x = 0, .ofs_y = -4},
    {.bitmap_index = 11505, .adv_w = 149, .box_w = 9, .box_h = 15, .ofs_x = 0, .ofs_y = 0},
    {.bitmap_index = 11554, .adv_w = 131, .box_w = 8, .box_h = 15, .ofs_x = 0, .ofs_y = -3},
    {.bitmap_index = 11610, .adv_w = 149, .box_w = 9, .box_h = 14, .ofs_x = 0, .ofs_y = 0},
    {.bitmap_index = 11657, .adv_w = 131, .box_w = 8, .box_h = 14, .ofs_x = 0, .ofs_y = -3}
};

/*---------------------
 *  CHARACTER MAPPING
 *--------------------*/

static const uint16_t unicode_list_2[] = {
    0x0, 0x1, 0xe, 0xf, 0x26, 0x27, 0x66, 0x67,
    0x9e, 0x9f, 0xad, 0xae
};

/*Collect the unicode lists and glyph_id offsets*/
static const lv_font_fmt_txt_cmap_t cmaps[] =
{
    {
        .range_start = 32, .range_length = 95, .glyph_id_start = 1,
        .unicode_list = NULL, .glyph_id_ofs_list = NULL, .list_length = 0, .type = LV_FONT_FMT_TXT_CMAP_FORMAT0_TINY
    },
    {
        .range_start = 160, .range_length = 96, .glyph_id_start = 96,
        .unicode_list = NULL, .glyph_id_ofs_list = NULL, .list_length = 0, .type = LV_FONT_FMT_TXT_CMAP_FORMAT0_TINY
    },
    {
        .range_start = 258, .range_length = 175, .glyph_id_start = 192,
        .unicode_list = unicode_list_2, .glyph_id_ofs_list = NULL, .list_length = 12, .type = LV_FONT_FMT_TXT_CMAP_SPARSE_TINY
    },
    {
        .range_start = 7840, .range_length = 90, .glyph_id_start = 204,
        .unicode_list = NULL, .glyph_id_ofs_list = NULL, .list_length = 0, .type = LV_FONT_FMT_TXT_CMAP_FORMAT0_TINY
    }
};

/*-----------------
 *    KERNING
 *----------------*/


/*Map glyph_ids to kern left classes*/
static const uint8_t kern_left_class_mapping[] =
{
    0, 0, 0, 1, 2, 3, 4, 0,
    1, 0, 4, 0, 0, 5, 0, 5,
    6, 4, 0, 7, 8, 9, 10, 11,
    12, 13, 14, 0, 0, 0, 0, 15,
    0, 0, 16, 8, 17, 4, 18, 19,
    0, 20, 20, 21, 22, 23, 20, 20,
    4, 24, 0, 25, 3, 26, 21, 27,
    27, 28, 29, 30, 0, 31, 0, 0,
    0, 0, 32, 33, 34, 20, 33, 35,
    36, 37, 0, 38, 39, 20, 37, 37,
    33, 33, 40, 41, 42, 43, 44, 45,
    45, 46, 47, 48, 0, 0, 0, 0,
    0, 0, 0, 3, 0, 29, 0, 3,
    0, 0, 0, 0, 0, 0, 0, 0,
    0, 0, 0, 0, 0, 49, 0, 0,
    0, 0, 0, 0, 0, 0, 0, 0,
    16, 16, 16, 16, 16, 16, 18, 4,
    18, 18, 18, 18, 20, 20, 20, 20,
    4, 20, 4, 4, 4, 4, 4, 0,
    4, 21, 21, 21, 21, 29, 0, 8,
    32, 32, 32, 32, 32, 32, 33, 50,
    33, 33, 33, 33, 0, 0, 0, 0,
    51, 37, 33, 33, 33, 33, 33, 0,
    0, 44, 44, 44, 44, 47, 33, 47,
    16, 32, 4, 51, 20, 0, 21, 44,
    4, 0, 52, 53, 16, 32, 16, 32,
    16, 32, 16, 32, 16, 32, 16, 32,
    16, 32, 16, 32, 16, 32, 16, 32,
    16, 32, 16, 32, 18, 33, 18, 33,
    18, 33, 18, 33, 18, 33, 18, 33,
    18, 33, 18, 33, 20, 0, 20, 0,
    4, 33, 4, 33, 4, 33, 4, 33,
    4, 33, 4, 33, 4, 33, 4, 0,
    4, 0, 4, 0, 4, 0, 4, 0,
    21, 44, 21, 44, 52, 53, 52, 53,
    52, 53, 52, 53, 52, 53, 29, 47,
    29, 47, 29, 47, 29, 47
};

/*Map glyph_ids to kern right classes*/
static const uint8_t kern_right_class_mapping[] =
{
    0, 0, 1, 2, 3, 4, 5, 0,
    6, 5, 7, 8, 0, 9, 0, 9,
    10, 5, 11, 12, 13, 14, 15, 16,
    17, 18, 19, 0, 0, 0, 0, 20,
    21, 0, 22, 23, 5, 24, 23, 23,
    5, 23, 23, 25, 23, 23, 23, 23,
    5, 23, 5, 23, 4, 26, 27, 28,
    28, 29, 30, 31, 0, 32, 0, 0,
    0, 0, 16, 23, 16, 16, 16, 33,
    16, 23, 34, 35, 23, 23, 36, 36,
    16, 36, 16, 37, 38, 39, 40, 41,
    41, 42, 43, 44, 0, 0, 45, 0,
    0, 0, 0, 4, 0, 30, 0, 4,
    0, 0, 0, 0, 0, 0, 0, 0,
    0, 0, 0, 0, 0, 40, 0, 0,
    0, 0, 0, 0, 0, 0, 0, 0,
    22, 22, 22, 22, 22, 22, 22, 5,
    23, 23, 23, 23, 23, 23, 23, 23,
    0, 23, 5, 5, 5, 5, 5, 0,
    5, 27, 27, 27, 27, 30, 23, 23,
    16, 16, 16, 16, 16, 16, 46, 16,
    16, 16, 16, 16, 47, 34, 34, 34,
    16, 34, 16, 16, 16, 16, 16, 0,
    0, 40, 40, 40, 40, 43, 23, 43,
    22, 16, 0, 16, 23, 48, 27, 40,
    5, 16, 27, 40, 22, 16, 22, 16,
    22, 16, 22, 16, 22, 16, 22, 16,
    22, 16, 22, 16, 22, 16, 22, 16,
    22, 16, 22, 16, 23, 16, 23, 16,
    23, 16, 23, 16, 23, 16, 23, 16,
    23, 16, 23, 16, 23, 34, 23, 34,
    5, 16, 5, 16, 5, 16, 5, 16,
    5, 16, 5, 16, 5, 16, 5, 16,
    5, 16, 5, 16, 5, 16, 5, 16,
    27, 40, 27, 40, 27, 40, 27, 40,
    27, 40, 27, 40, 27, 40, 30, 43,
    30, 43, 30, 43, 30, 43
};

/*Kern values between classes*/
static const int8_t kern_class_values[] =
{
    0, 0, 0, 0, 0, 0, 0, 0,
    0, 0, 0, 0, 0, 0, 0, 0,
    7, 0, 0, 0, 0, -9, 0, 0,
    0, 0, 0, 0, 0, 11, 0, 0,
    0, 0, 0, 0, 0, 0, 0, 0,
    0, 0, 0, 0, 0, 0, 0, 0,
    0, 0, 0, 0, 0, 0, 0, 0,
    0, 0, 0, 0, 0, 0, 0, 0,
    0, 0, 0, 0, 0, -13, 0, 0,
    0, 0, 0, 0, 0, 0, 0, 0,
    0, 0, 0, 0, 0, 0, 0, 0,
    0, 0, 0, 0, 0, 0, 0, 0,
    0, 0, 0, 0, 3, 0, 0, 0,
    0, 0, 0, 0, 0, 0, 0, 0,
    0, 0, 0, 0, 0, -4, 0, 0,
    0, -4, 0, -2, 0, -4, 0, 0,
    0, 0, 0, 0, 0, 0, 0, 0,
    0, -1, -1, 0, 0, 0, 0, 0,
    0, 0, 0, 0, 0, 0, 0, 0,
    0, 0, 0, 0, 0, 0, 0, 0,
    -2, 0, 0, 0, 0, -9, 0, 0,
    -9, -16, 0, -4, -7, -11, 0, 0,
    0, 0, -10, 0, 0, 0, 0, 0,
    0, 0, 0, 0, 0, 0, 0, 0,
    0, 0, 0, 0, 0, 0, 0, 0,
    -4, 0, 0, 0, 0, 0, 0, 0,
    0, 0, 0, 7, 0, 0, 0, 0,
    0, -20, 0, 0, 0, 0, 0, 0,
    0, 0, 0, 0, 0, 0, 0, 0,
    0, 0, 0, 0, 0, 0, 0, 0,
    0, 0, 0, 0, 0, 0, 0, 0,
    0, -29, 0, -11, -11, -13, 0, -13,
    18, -9, 0, 0, 0, 0, 0, 0,
    0, 9, 0, 11, 0, 13, 0, 0,
    0, 0, 0, 0, 0, 0, 0, 0,
    0, 0, 0, 0, 0, 0, 0, 0,
    0, 0, 0, 0, 0, 0, 0, 0,
    0, 0, 0, 0, 0, -7, 0, 0,
    -2, 0, 0, 0, 0, 0, 0, 0,
    0, 0, 0, 0, 0, 0, 0, 0,
    0, 0, 0, 0, 0, 0, 0, 0,
    0, 0, 0, 0, 0, 0, 0, 0,
    0, 0, 0, 0, -2, 0, 0, 0,
    0, -2, 0, 0, 0, 0, 0, 0,
    0, 0, 0, 0, 0, 0, 0, 0,
    0, -9, 0, -7, -4, -9, 0, 0,
    0, 0, -13, 0, 0, 0, 0, 0,
    0, -3, -2, 0, 0, 0, 0, 0,
    0, 0, 0, 0, 0, 0, 0, 0,
    0, 0, 0, -4, 0, 0, 0, 0,
    -9, 4, 0, 0, 0, -4, 4, 0,
    0, -18, 0, -11, -9, -11, 0, 0,
    0, 0, 0, 0, 0, 0, 0, 0,
    0, 0, 0, 0, 0, 0, 0, 0,
    0, 0, 0, 0, 0, 0, 0, 0,
    0, 0, 0, 0, 0, 0, 0, 0,
    0, 0, -4, 0, 0, 0, 0, 0,
    0, 0, 0, 0, 0, 0, 0, 0,
    0, 0, 0, 0, 0, 0, 0, 0,
    0, 0, 0, 0, 0, 0, 0, 0,
    0, 0, 0, 0, 0, 0, 0, 0,
    0, 0, 0, 0, 0, 0, 0, 0,
    -7, 0, -4, 0, 0, 0, 0, 0,
    0, 0, 0, 0, 0, 0, 0, 0,
    0, 0, 0, 0, 0, 0, 0, 0,
    0, 0, 0, 0, 0, 0, 0, 0,
    0, 0, 0, 0, -11, 0, 0, 0,
    0, -9, 4, -4, -7, -18, 0, -11,
    2, 0, 2, 0, 0, -16, 0, 6,
    -22, 4, 0, 0, 0, 7, 0, 0,
    0, -11, 0, 0, -11, -11, 0, -11,
    -11, -11, -11, -11, 0, -11, -11, -11,
    0, 0, 0, 0, 0, 0, 0, 0,
    0, 0, 0, 0, 0, 0, 0, 0,
    -2, 0, 0, 0, 0, 0, 0, 0,
    0, 0, 0, 0, 0, 0, 0, 0,
    0, 0, 0, 0, 0, 0, 0, 0,
    0, 0, 0, 0, 0, 0, 0, 0,
    0, 0, 0, 0, 0, 0, 0, 0,
    0, 0, 0, 0, 0, 0, 0, 0,
    4, 0, 0, 0, 0, -11, 0, 4,
    0, 0, 0, 0, 0, 0, 0, 0,
    0, 0, 0, 0, 0, 0, 0, 0,
    0, 0, 0, 0, 0, 0, 0, 0,
    0, 0, 0, 0, 0, 0, 0, 0,
    -9, 0, 0, 0, 0, 0, 0, 0,
    0, 0, 0, 0, 0, 0, 0, 0,
    -20, 0, 0, 0, 0, 0, 0, 0,
    0, 0, 0, 0, 0, 0, 0, 0,
    0, 0, 0, 0, 0, 0, 0, 0,
    0, -9, -4, -4, -9, -9, 0, 0,
    0, 0, 0, 0, 0, 0, 0, -4,
    0, 0, 0, 0, 0, 0, 0, 0,
    0, -20, 0, -20, 0, -18, 0, 0,
    -9, 0, 0, 0, 0, 0, -2, -4,
    -13, 0, -15, 0, 0, -2, 0, 0,
    0, 0, 0, 0, 0, 0, 0, 0,
    0, 0, 0, 0, 0, 0, 0, 0,
    -2, 0, 0, 0, 0, -9, 0, 0,
    -9, -16, 0, 0, -7, -11, 0, 0,
    0, 0, -10, 0, 0, 0, 0, 0,
    0, 0, 0, 0, 0, 0, 0, 0,
    0, 0, 0, -2, 0, 0, 0, 0,
    0, 0, 0, 0, 0, 0, 0, -2,
    0, 0, 0, 0, 0, 0, 0, 0,
    0, 0, 0, 0, 0, 0, 0, 0,
    0, 0, 0, 0, 0, 0, 0, 0,
    0, 0, 0, 0, 0, 0, 0, 0,
    0, 0, 0, 0, -4, 0, 0, 0,
    0, 0, 0, -9, 0, -13, 0, -11,
    0, 0, 0, 0, 0, -18, 0, 0,
    -25, 0, 0, 0, 0, 0, 0, 0,
    0, 0, 0, 0, -11, 0, 0, 0,
    0, 0, 0, -11, 0, -11, 0, 0,
    0, 0, 0, 0, 0, 0, 0, 0,
    0, 0, 0, 2, 9, 9, 0, 0,
    0, 4, 7, 0, 0, 0, 0, 0,
    0, 0, 0, 0, 0, 0, 0, 0,
    0, 0, -4, 0, 0, 0, 0, 0,
    0, 0, 0, 0, 0, 0, 0, 0,
    0, 0, 0, 0, 0, 0, 0, 0,
    0, 0, 0, 0, 0, 0, 0, 0,
    0, 0, 0, 0, 0, -3, 0, 0,
    0, 0, 0, 4, 0, 7, 0, 0,
    0, 0, 0, 0, 0, 0, 0, 0,
    0, 0, 0, 0, 0, 0, 0, 0,
    0, 0, 0, -7, -13, 0, 0, 0,
    0, 0, 0, 0, 0, -13, 0, -11,
    0, 0, 0, 0, 0, 0, 0, 0,
    0, 0, 0, 0, 0, 0, 0, 0,
    0, 0, 0, 0, 0, 0, -9, -11,
    -16, 0, -16, 0, 0, -9, 0, 0,
    0, 0, 0, 0, -16, 0, 0, 0,
    0, 0, 0, 0, 0, -20, 0, -9,
    0, 0, 0, 0, 0, 0, 0, 0,
    0, -36, 0, -27, 0, -34, 0, 0,
    0, 0, 0, 0, 0, 0, 0, -7,
    -16, 0, -13, 0, 0, 0, 0, 0,
    0, 0, 0, 0, 0, 0, 0, 0,
    0, 0, 0, 0, 0, 0, 0, -4,
    0, 0, 0, 0, 0, -16, 0, 0,
    -20, -7, 0, 0, 0, 0, 0, 0,
    0, 0, -2, 0, 0, 0, 0, 0,
    0, 0, 0, 0, 0, 0, 0, 0,
    0, 0, 0, -2, -4, 0, 0, 0,
    0, 0, 0, 0, 0, -11, 0, -11,
    -7, 0, 0, 0, 0, 0, 0, 0,
    0, -7, -7, -7, 0, -9, 0, 0,
    0, 0, 0, 0, 0, 0, 0, -11,
    -7, 0, -7, 0, 0, 0, 0, 0,
    0, 0, 0, -4, -16, 0, 0, 0,
    -20, -11, 0, 0, 0, -25, 0, -20,
    4, 0, 0, 0, 0, -18, 0, -2,
    -29, 0, 0, 0, 0, 2, 0, 0,
    0, 0, 0, -13, -16, 0, 0, -22,
    -25, -18, -20, -18, 0, -20, 0, 7,
    0, 0, 0, 0, -4, 0, 0, 0,
    0, -25, 0, 0, 0, -16, 0, -10,
    0, 0, 0, 0, 0, -20, 0, 0,
    -25, 0, 0, 4, 0, 4, 0, 0,
    0, 0, 0, -7, 0, -11, 0, -9,
    0, 0, -4, 0, 0, -13, 11, 0,
    0, 0, 0, 0, -7, 0, 0, 0,
    0, 0, 0, 0, 0, -9, 0, -9,
    0, 0, 0, 0, 0, 0, 0, 0,
    0, 0, 0, 0, 0, 0, 0, 0,
    0, 0, 0, 0, 0, 0, 0, -7,
    0, 0, -13, 0, 0, 0, 0, 0,
    0, 0, 0, -4, -11, 0, 0, 0,
    0, -20, 0, 0, 0, -22, 0, -22,
    0, 0, -9, 0, 0, -18, 0, 0,
    -25, 2, 0, 4, 0, 0, 0, 0,
    0, 0, -2, -16, 0, 0, 0, -18,
    -11, 0, 0, 0, 0, -20, 0, 0,
    0, 0, 0, 0, 0, 0, 0, 0,
    0, 0, 0, 0, 0, 0, 0, 0,
    0, 0, 0, 0, 0, 0, 0, 0,
    0, 0, 0, 0, 0, 0, 0, 0,
    0, 0, 0, 0, 0, 0, 0, -7,
    0, 0, 0, 0, 0, 0, 0, 0,
    0, 0, 0, 0, 0, 0, 0, 0,
    0, 0, 0, 0, 0, 0, 0, 0,
    0, 0, 0, 0, 0, 0, 0, 0,
    0, 0, 0, 0, 0, 0, 0, -29,
    0, 0, 0, 0, 0, 0, 0, 0,
    0, 0, 0, 0, 0, 0, 0, 0,
    0, 0, 0, 0, 0, 0, 0, 0,
    0, 0, 0, 0, 0, 0, 0, 0,
    0, 0, 0, 0, 0, 0, 0, 0,
    0, -18, 0, -7, 0, -9, 0, 0,
    -2, 0, 0, 0, 0, 0, -4, 0,
    -4, 0, -3, 0, 0, 0, 0, 0,
    0, 0, 0, 0, 0, 0, 0, 0,
    0, 0, 0, 0, 0, 0, 0, -1,
    -9, 0, 0, 0, 0, -4, 0, 0,
    0, -20, 0, -8, -9, -18, 0, 0,
    0, 0, -4, 0, 0, 0, -2, 0,
    -4, -7, -8, 0, 0, -2, 0, 0,
    0, 0, 0, 0, 0, 0, 0, 0,
    0, 0, 0, 0, 0, 0, 0, 0,
    0, 0, 0, 0, 0, 0, 0, 0,
    0, -20, 0, 0, 0, -20, 0, 0,
    0, 0, -13, 0, 0, 0, 0, 0,
    -4, 0, -7, 0, 0, -4, 0, 0,
    0, 0, 0, 0, 0, 0, 0, 0,
    0, 0, 0, 0, 0, 0, 0, -7,
    0, 0, 0, 0, 0, 0, 0, 0,
    0, 0, 0, 0, 0, 0, 0, 0,
    0, 0, 0, 0, 0, 0, 0, 0,
    0, 0, 0, 0, 0, -9, 0, 0,
    0, 0, 0, 0, 0, 0, 0, 0,
    0, 0, 0, 0, 0, 0, 0, -4,
    0, 0, 0, 0, 0, 0, 0, 0,
    0, 0, 0, 0, 0, -16, 0, 0,
    0, 0, 7, 0, 0, 0, 0, 0,
    0, 0, 0, 0, 0, 0, 0, 0,
    0, 0, 0, 0, 0, 0, 0, 0,
    0, 0, 0, 0, 0, 0, 0, 0,
    -13, 0, 0, 0, 0, 0, 0, 0,
    0, -20, 0, 0, 0, -16, 0, 0,
    0, 0, -2, 0, 0, 0, -4, 0,
    -4, 0, -7, 0, 0, 0, 0, 0,
    0, 0, 0, 0, 0, 0, 0, 0,
    0, 0, 0, 0, 0, 0, 0, -4,
    0, 0, 0, 0, 0, 0, 0, 0,
    0, 0, 0, 0, 0, -7, 0, 0,
    0, 0, 7, 0, 0, 0, 0, 0,
    0, 0, 0, 0, 0, 0, 0, 0,
    0, 0, 0, 0, 0, 0, 0, 0,
    0, 0, 0, 0, 0, 0, 0, -10,
    0, 0, 0, 0, 0, -2, 0, 0,
    0, -7, 0, -4, 0, -16, 0, 0,
    0, 0, 0, 0, 0, -4, 0, 0,
    0, 0, 0, 0, 0, -6, 0, 0,
    0, 0, 0, 0, 0, 0, 0, 0,
    0, 0, 0, 0, 0, 0, 0, 0,
    0, 0, 0, 0, 0, 0, 0, 0,
    0, 0, 0, 0, 0, -16, 0, 0,
    0, 0, 0, 0, 0, 0, 0, 0,
    0, 0, 0, 0, 0, 0, 0, 0,
    0, 0, 0, 0, 0, 0, 0, 0,
    0, 0, 0, 0, 0, 0, 0, -9,
    0, 0, 0, 0, 0, 0, 0, 0,
    -13, -9, 0, 0, 0, -4, 0, 0,
    2, 4, 0, 0, 0, 0, 0, 0,
    0, 9, 0, 0, 0, -7, 4, 4,
    0, 0, 0, 0, 0, 0, 0, 0,
    0, 0, 0, 0, 0, 0, 0, -2,
    0, 0, 0, 0, 0, 0, 0, 0,
    0, 0, 0, 0, 0, -18, 0, 0,
    0, 0, 0, 0, 0, 0, -2, 0,
    -4, 0, -4, 0, 0, 0, 0, 0,
    0, 0, 0, 0, -2, 0, 0, 0,
    0, 0, 0, 0, 0, 0, 0, -4,
    0, 0, 0, 0, 0, 0, 0, 2,
    0, 0, 0, 0, 0, -18, 0, 0,
    -9, 0, 0, 0, 0, 0, -2, 0,
    0, 0, -2, 0, 0, 0, 0, 0,
    0, 0, 0, 0, 0, 0, 0, 0,
    0, 0, 0, 0, 0, 0, 0, 0,
    0, 0, 0, 0, 0, 0, 0, 0,
    0, 0, 0, 0, 0, -11, 0, 0,
    0, 0, 0, 0, 0, 0, 0, 0,
    2, 0, 0, 0, 0, 0, 0, 0,
    0, 0, 0, 0, 0, 0, 0, 0,
    0, 0, 0, 0, 0, 0, 0, -4,
    0, 0, 0, 0, 0, 0, 0, 0,
    -11, 0, 0, 0, 0, -13, 0, 0,
    0, 0, 0, 0, 0, -2, 2, 0,
    7, 4, 0, -7, 0, -6, 0, 0,
    0, 0, 0, 0, 0, 0, 0, 0,
    0, 0, 0, 0, 0, 0, 0, -7,
    0, 0, 0, 0, 0, 0, 0, 0,
    0, -18, 0, 0, 0, -9, 0, 0,
    0, 0, 0, 0, 0, 0, 0, 0,
    0, 0, 0, 0, 0, -4, 0, 0,
    0, 0, 0, 0, 0, 0, 0, 0,
    0, 0, 0, 0, 0, 0, 0, -8,
    0, 0, 0, 0, 0, 0, 0, 0,
    0, 0, 0, 0, 0, 0, 0, 0,
    0, 0, 0, 0, 0, -2, 4, 0,
    0, 0, 0, 0, 0, 0, 0, 0,
    0, 0, 0, 0, 0, 0, 0, 0,
    0, 0, 0, 0, 0, 0, 0, -2,
    0, 0, 0, 0, 0, 0, 0, 0,
    0, 0, 0, 0, 0, -11, 0, 0,
    0, 0, 7, 0, 0, 0, 0, 0,
    7, 0, 0, 0, 0, 0, 0, 0,
    0, 0, 0, 0, -2, 0, 0, 0,
    0, 0, 0, 0, 0, 0, 0, -4,
    0, 0, 0, 0, 0, 0, 0, 0,
    0, 0, 0, 0, 0, -18, 0, 0,
    -9, 0, 0, 0, 0, 0, -2, 0,
    0, 0, -7, 0, 0, 0, 0, 0,
    0, 0, 0, 0, 0, 0, 0, 0,
    0, 0, 0, 0, 0, 0, 0, 0,
    0, 0, 0, 0, 0, 0, 0, 0,
    0, -20, 0, 0, 0, -20, 0, 0,
    0, 0, -13, 0, 0, 0, 0, 0,
    -4, 0, 0, 0, 0, -4, 0, 0,
    0, 0, 0, 0, 0, 0, 0, 4,
    0, 0, 0, 0, 0, 0, 0, 4,
    0, 0, 0, 0, 0, 0, 9, 0,
    0, 0, 0, 7, 0, 0, 0, 0,
    2, 9, 0, 0, 0, 0, 0, 0,
    0, 0, 0, 0, 0, 0, 4, 9,
    0, 16, 0, 0, 0, 16, 7, 0,
    0, 0, 0, 0, 0, 0, 0, 0,
    9, 0, 0, 0, 0, 0, 9, 7,
    0, 13, 7, 18, 13, 16, 13, 0,
    0, 11, 13, 0, 0, 0, 11, 0,
    0, 0, 0, 0, 9, 0, 11, 11,
    18, 18, 0, 13, 13, 20, 18, 13,
    0, 0, 0, 0, 0, 0, 9, 3,
    0, 0, 0, 0, 22, 0, 13, 9,
    0, 13, 7, 11, 0, 0, 11, 0,
    11, 15, 0, 9, 0, 4, 11, 7,
    13, 17, 13, 18, 0, 7, 15, 15
};


/*Collect the kern class' data in one place*/
static const lv_font_fmt_txt_kern_classes_t kern_classes =
{
    .class_pair_values   = kern_class_values,
    .left_class_mapping  = kern_left_class_mapping,
    .right_class_mapping = kern_right_class_mapping,
    .left_class_cnt      = 53,
    .right_class_cnt     = 48,
};

/*--------------------
 *  ALL CUSTOM DATA
 *--------------------*/

#if LVGL_VERSION_MAJOR == 8
/*Store all the custom data of the font*/
static  lv_font_fmt_txt_glyph_cache_t cache;
#endif

#if LVGL_VERSION_MAJOR >= 8
static const lv_font_fmt_txt_dsc_t font_dsc = {
#else
static lv_font_fmt_txt_dsc_t font_dsc = {
#endif
    .glyph_bitmap = glyph_bitmap,
    .glyph_dsc = glyph_dsc,
    .cmaps = cmaps,
    .kern_dsc = &kern_classes,
    .kern_scale = 16,
    .cmap_num = 4,
    .bpp = 4,
    .kern_classes = 1,
    .bitmap_format = 1,
#if LVGL_VERSION_MAJOR == 8
    .cache = &cache
#endif
};



/*-----------------
 *  PUBLIC FONT
 *----------------*/

/*Initialize a public general font descriptor*/
#if LVGL_VERSION_MAJOR >= 8
const lv_font_t lv_font_vi_14 = {
#else
lv_font_t lv_font_vi_14 = {
#endif
    .get_glyph_dsc = lv_font_get_glyph_dsc_fmt_txt,    /*Function pointer to get glyph's data*/
    .get_glyph_bitmap = lv_font_get_bitmap_fmt_txt,    /*Function pointer to get glyph's bitmap*/
    .line_height = 22,          /*The maximum line height required by the font*/
    .base_line = 4,             /*Baseline measured from the bottom of the line*/
#if !(LVGL_VERSION_MAJOR == 6 && LVGL_VERSION_MINOR == 0)
    .subpx = LV_FONT_SUBPX_NONE,
#endif
#if LV_VERSION_CHECK(7, 4, 0) || LVGL_VERSION_MAJOR >= 8
    .underline_position = -1,
    .underline_thickness = 1,
#endif
    .dsc = &font_dsc,          /*The custom font data. Will be accessed by `get_glyph_bitmap/dsc` */
#if LV_VERSION_CHECK(8, 2, 0) || LVGL_VERSION_MAJOR >= 9
    .fallback = NULL,
#endif
    .user_data = NULL,
};



#endif /*#if LV_FONT_VI_14*/

