/*******************************************************************************
 * Size: 16 px
 * Bpp: 4
 * Opts: --font BeVietnamPro-Regular.ttf -r 0x20-0x7E,0xA0-0xFF,0x102-0x103,0x110-0x111,0x128-0x129,0x168-0x169,0x1A0-0x1A1,0x1AF-0x1B0,0x1EA0-0x1EF9 --size 16 --format lvgl --bpp 4 --lv-include lvgl.h -o lv_font_vi_16.c
 ******************************************************************************/

#ifdef LV_LVGL_H_INCLUDE_SIMPLE
#include "lvgl.h"
#else
#include "lvgl.h"
#endif

#ifndef LV_FONT_VI_16
#define LV_FONT_VI_16 1
#endif

#if LV_FONT_VI_16

/*-----------------
 *    BITMAPS
 *----------------*/

/*Store the image of the glyphs*/
static LV_ATTRIBUTE_LARGE_CONST const uint8_t glyph_bitmap[] = {
    /* U+0020 " " */

    /* U+0021 "!" */
    0x8f, 0x0, 0xff, 0x84, 0x3c, 0x3, 0xfe, 0x7c,
    0x9, 0xd1, 0x18, 0x0,

    /* U+0022 "\"" */
    0xe, 0x7a, 0xa0, 0x9, 0x89, 0x0, 0x15, 0xf4,
    0x24, 0x65, 0x0,

    /* U+0023 "#" */
    0x0, 0xc5, 0xe8, 0x7, 0xe6, 0x1, 0xe7, 0x5,
    0x5, 0x3, 0x0, 0xf6, 0x90, 0x86, 0x18, 0x6,
    0x3f, 0xf3, 0x97, 0xf9, 0x4f, 0xfc, 0x0, 0x18,
    0x80, 0x2c, 0x38, 0x2c, 0x48, 0x0, 0x9d, 0x42,
    0x5e, 0xc2, 0x1d, 0x80, 0x2, 0x4a, 0x2, 0x56,
    0x0, 0x20, 0x0, 0xf6, 0xc0, 0x6e, 0x9c, 0x37,
    0x44, 0x0, 0xaa, 0x12, 0x55, 0x5, 0x6a, 0x84,
    0x2, 0xaa, 0x2c, 0x55, 0xe, 0x2a, 0x80, 0x31,
    0x1, 0x81, 0x82, 0x80, 0x79, 0x81, 0x41, 0x40,
    0xc0, 0x30,

    /* U+0024 "$" */
    0x0, 0xc4, 0xe0, 0x1f, 0x9e, 0x0, 0x3c, 0x77,
    0x41, 0xce, 0x1, 0x1e, 0x33, 0x1, 0xe2, 0x40,
    0x12, 0x39, 0x80, 0x97, 0x62, 0x6, 0x21, 0x0,
    0xa5, 0xc0, 0xa, 0x6c, 0x1, 0xc, 0x10, 0x41,
    0x4d, 0x3, 0x8, 0x4, 0x3b, 0x68, 0x13, 0xce,
    0x1, 0x93, 0x83, 0x52, 0xc, 0x20, 0xc0, 0x22,
    0xa0, 0xb0, 0x78, 0x0, 0xc6, 0x1e, 0xe, 0x8e,
    0x0, 0x2e, 0x5, 0x8, 0x48, 0xa0, 0xd3, 0xa2,
    0x0, 0x5e, 0x30, 0x57, 0xa8, 0x6, 0x3c, 0x5,
    0x0, 0x80,

    /* U+0025 "%" */
    0x3, 0xdf, 0xc2, 0x0, 0xf, 0xb0, 0x5, 0xa9,
    0x6d, 0xc0, 0x8, 0x26, 0x0, 0x87, 0xd4, 0x84,
    0x9, 0xa0, 0x3, 0x54, 0xf3, 0x48, 0x41, 0x28,
    0x6, 0x5f, 0xee, 0x21, 0x2c, 0x80, 0x7c, 0x20,
    0x9, 0x34, 0x0, 0xfe, 0x34, 0x80, 0xf, 0xf4,
    0x1a, 0x2f, 0x7c, 0x80, 0x71, 0xa7, 0x95, 0x4d,
    0xbb, 0x0, 0x6f, 0x43, 0x71, 0x74, 0x47, 0x80,
    0x48, 0x70, 0xe, 0x28, 0x2f, 0xe0, 0x14, 0x29,
    0x81, 0x55, 0x39, 0x58,

    /* U+0026 "&" */
    0x0, 0xa7, 0xbe, 0x40, 0x3e, 0x97, 0x8a, 0x79,
    0x0, 0xf2, 0xbb, 0x2b, 0xa8, 0x7, 0x95, 0xc4,
    0x9e, 0xc0, 0x3d, 0x7, 0x9a, 0xce, 0x6, 0x20,
    0x12, 0x11, 0xe, 0x0, 0x18, 0x80, 0x5, 0xaa,
    0x59, 0xc8, 0x8, 0x8, 0x2, 0x15, 0x49, 0x2c,
    0xea, 0xa, 0x0, 0x2d, 0x0, 0x33, 0x22, 0x4c,
    0x40, 0x5, 0x60, 0x14, 0x99, 0x50, 0x5, 0x7,
    0x8c, 0xca, 0x30, 0xb1, 0x0, 0x2d, 0xbc, 0xc9,
    0xab, 0x4a, 0x80,

    /* U+0027 "'" */
    0xe, 0x70, 0x13, 0x0, 0x28, 0x48, 0x80,

    /* U+0028 "(" */
    0x0, 0xc9, 0x68, 0x1, 0x3d, 0xb3, 0x0, 0xb,
    0xd, 0xa4, 0x0, 0xb3, 0x90, 0x9, 0x86, 0x0,
    0x36, 0x8a, 0x0, 0x65, 0x40, 0xe, 0x12, 0x0,
    0xc2, 0x1e, 0x1, 0xef, 0x0, 0xc2, 0x2, 0x1,
    0xc4, 0xa0, 0x1c, 0xa6, 0x40, 0x1a, 0x82, 0x80,
    0x31, 0x2b, 0x98, 0x6, 0xb2, 0xc7, 0x0, 0x87,
    0x16, 0x10, 0x2, 0x1a, 0xe5,

    /* U+0029 ")" */
    0x4b, 0x40, 0xc, 0xcc, 0xb8, 0x0, 0x8b, 0x59,
    0xd4, 0x3, 0x4a, 0x58, 0x7, 0x40, 0xb0, 0x6,
    0x31, 0xd0, 0xe, 0x45, 0x0, 0xe2, 0x11, 0x0,
    0x6e, 0x0, 0xf0, 0x80, 0x7b, 0x80, 0x40, 0x32,
    0x90, 0x6, 0x13, 0x50, 0xd, 0x21, 0x40, 0x11,
    0xba, 0x90, 0x1, 0xb0, 0xac, 0x0, 0x92, 0xb8,
    0x20, 0x5, 0xea, 0x10, 0x8,

    /* U+002A "*" */
    0x0, 0xaa, 0x40, 0x30, 0x81, 0x80, 0x4, 0xf,
    0xad, 0x55, 0x7c, 0x47, 0x64, 0x66, 0x2b, 0x20,
    0x4e, 0x11, 0x72, 0x0, 0xe, 0x2a, 0xe0, 0x80,
    0x7, 0x48, 0xb4, 0x40,

    /* U+002B "+" */
    0x0, 0x88, 0x40, 0x3b, 0xa4, 0x2, 0x11, 0x0,
    0x4, 0x6e, 0xe1, 0xbf, 0x60, 0xdd, 0x89, 0x6f,
    0x81, 0x10, 0x24, 0x86, 0x1, 0xf0,

    /* U+002C "," */
    0x4f, 0x51, 0x2, 0x53, 0x67, 0xa1,

    /* U+002D "-" */
    0x1, 0x1f, 0xbb, 0xbb, 0x6, 0xef, 0xb8,

    /* U+002E "." */
    0x1, 0x9, 0xe3, 0xe1, 0x10,

    /* U+002F "/" */
    0x0, 0xf3, 0xa0, 0x7, 0x14, 0x0, 0x79, 0x41,
    0x0, 0x3a, 0x94, 0x3, 0x88, 0x9c, 0x1, 0xca,
    0x28, 0x1, 0xd4, 0xe0, 0x1c, 0x44, 0xd0, 0xe,
    0xa1, 0x40, 0xe, 0x57, 0x0, 0xe2, 0x26, 0x80,
    0x75, 0xa, 0x0, 0x72, 0xb8, 0x7, 0x11, 0x34,
    0x3, 0xa8, 0x50, 0x3, 0x95, 0xc0, 0x38, 0xcb,
    0x40, 0x38,

    /* U+0030 "0" */
    0x0, 0xa3, 0x7f, 0x58, 0x3, 0x5b, 0xb3, 0x8c,
    0xc0, 0x1, 0x52, 0x2e, 0x31, 0x5c, 0x83, 0x85,
    0xc0, 0x2b, 0xa, 0x4, 0x40, 0x6, 0x12, 0x41,
    0x2, 0x0, 0xe6, 0x20, 0xf, 0xf0, 0x81, 0x0,
    0x73, 0x10, 0x22, 0x0, 0x30, 0x92, 0x7, 0xb,
    0x80, 0x56, 0x14, 0xa, 0x91, 0x71, 0x8a, 0xe4,
    0x0, 0xb7, 0x57, 0x19, 0x80,

    /* U+0031 "1" */
    0x0, 0xe, 0xb0, 0xc7, 0x90, 0x29, 0xa8, 0x1,
    0x2e, 0x40, 0x3f, 0xfb, 0xc0,

    /* U+0032 "2" */
    0x1, 0xae, 0xfc, 0x50, 0x0, 0xfa, 0xbb, 0x86,
    0x98, 0x18, 0x72, 0x63, 0xa, 0x3, 0xc, 0xc0,
    0x1, 0xa1, 0x15, 0xe0, 0x6, 0xe0, 0x10, 0xe,
    0x26, 0x60, 0x7, 0xf, 0x9c, 0x80, 0x62, 0xf1,
    0xd0, 0xc, 0x78, 0x58, 0x20, 0x12, 0x62, 0xe0,
    0x6, 0x5b, 0x1c, 0x77, 0xc5, 0xc0, 0x31, 0x1c,
    0x80,

    /* U+0033 "3" */
    0x1, 0xae, 0xfc, 0x60, 0x0, 0xfa, 0x34, 0x3c,
    0xc0, 0x30, 0xe4, 0x3d, 0xab, 0x81, 0x41, 0x0,
    0x44, 0x0, 0x57, 0x0, 0xa, 0x33, 0x0, 0x22,
    0xfe, 0xb5, 0x90, 0x8, 0xb2, 0xe1, 0x24, 0x3,
    0x1a, 0x3c, 0x31, 0x54, 0x0, 0x63, 0x6, 0x6,
    0x10, 0xb, 0x81, 0x60, 0x7e, 0x1a, 0xd5, 0xc4,
    0xb5, 0x1a, 0x5e, 0xa0, 0x0,

    /* U+0034 "4" */
    0x0, 0xe1, 0xef, 0x30, 0xf, 0xa8, 0x40, 0x3f,
    0x32, 0x30, 0x7, 0xc5, 0x2f, 0x80, 0x1f, 0x71,
    0x40, 0x7, 0xd0, 0x7e, 0x1, 0xf1, 0xbc, 0x10,
    0x7, 0xdc, 0x4c, 0x22, 0x30, 0x61, 0x2, 0x2b,
    0xba, 0x90, 0xae, 0x42, 0xbb, 0xe7, 0x8, 0xb5,
    0x4, 0x4e, 0xd0, 0x44, 0x8, 0x7, 0xfc,

    /* U+0035 "5" */
    0xc, 0xff, 0xea, 0x0, 0x12, 0xc4, 0x6e, 0x1,
    0x17, 0x3b, 0xe4, 0x2, 0x6, 0x0, 0xf3, 0x2,
    0xf7, 0xfa, 0x0, 0x4, 0x15, 0x14, 0xcf, 0x40,
    0x2b, 0x8c, 0xb2, 0xea, 0x6d, 0x42, 0x1, 0x48,
    0x2c, 0xa8, 0x6, 0x30, 0x1, 0x40, 0x6, 0xb0,
    0x49, 0x2d, 0x77, 0x5b, 0x30, 0x89, 0xad, 0x10,
    0x69, 0x90, 0x0,

    /* U+0036 "6" */
    0x0, 0x9f, 0x3f, 0xd6, 0x1, 0x64, 0x3b, 0xc6,
    0x0, 0x93, 0xbb, 0x44, 0x40, 0x4d, 0x28, 0x20,
    0x19, 0x40, 0x1d, 0xcf, 0xb1, 0xd, 0x9, 0x6a,
    0x84, 0xc0, 0x60, 0x88, 0x2b, 0xd9, 0x33, 0x83,
    0x0, 0x48, 0x38, 0x60, 0x1f, 0x1d, 0x84, 0x80,
    0x4a, 0x38, 0x6c, 0xf4, 0xd3, 0x46, 0xa1, 0x30,
    0xf2, 0xed, 0x80,

    /* U+0037 "7" */
    0x2f, 0xff, 0xc0, 0x51, 0x1e, 0x3, 0x0, 0x3b,
    0xf7, 0xe, 0x80, 0x79, 0x1a, 0x84, 0x3, 0xd2,
    0xa8, 0x1, 0xe5, 0x28, 0x0, 0xfa, 0x10, 0x80,
    0x3c, 0x65, 0xc0, 0x1f, 0x58, 0x28, 0x7, 0xc8,
    0x60, 0x1f, 0x8d, 0x40, 0x3e, 0x10, 0xe0, 0xe,

    /* U+0038 "8" */
    0x0, 0x1d, 0xff, 0xb1, 0x0, 0x23, 0xc7, 0xaa,
    0x3d, 0xa8, 0x2, 0x87, 0x15, 0x56, 0x72, 0x0,
    0x33, 0x0, 0x67, 0x0, 0xb8, 0xa4, 0x44, 0xc9,
    0x40, 0x4, 0x96, 0xee, 0x4b, 0xb0, 0x0, 0xe5,
    0x6e, 0xcc, 0xea, 0x0, 0xe4, 0xa4, 0x44, 0xbd,
    0x0, 0xb, 0x0, 0x36, 0x81, 0x0, 0xd8, 0x6,
    0xf0, 0x20, 0xb3, 0xc6, 0x5a, 0x58, 0x0, 0x2d,
    0xbc, 0xd3, 0x53, 0x80,

    /* U+0039 "9" */
    0x2, 0xae, 0xfc, 0x50, 0x0, 0xe2, 0x3c, 0x3d,
    0x38, 0x40, 0xfc, 0xbd, 0xbc, 0xa, 0x98, 0x80,
    0x56, 0xc, 0xc2, 0x0, 0xcc, 0x1b, 0xc3, 0x88,
    0x4d, 0x40, 0x4, 0x93, 0xbd, 0x98, 0x2, 0x6,
    0xfc, 0xbe, 0x30, 0xd0, 0x8, 0xd0, 0x7c, 0x14,
    0x3, 0xa1, 0x1c, 0x1, 0x51, 0xd, 0x74, 0x80,
    0x3, 0xbc, 0x33, 0x60, 0x0,

    /* U+003A ":" */
    0x7e, 0x2e, 0x11, 0x4f, 0x18, 0x8, 0x7, 0xe1,
    0x9, 0xe3, 0xe1, 0x10,

    /* U+003B ";" */
    0x6f, 0x31, 0x6, 0x7e, 0x50, 0x10, 0xf, 0xf2,
    0x72, 0x90, 0xeb, 0x1c, 0xad, 0x8a, 0x38, 0x0,

    /* U+003C "<" */
    0x0, 0xff, 0x8a, 0xa4, 0x0, 0x55, 0xad, 0x45,
    0x5a, 0xd7, 0x87, 0x2a, 0xd8, 0x80, 0xa, 0x76,
    0xe6, 0x0, 0xc, 0x74, 0xc7, 0x28, 0x0, 0x5f,
    0xa7, 0x40, 0x39, 0xe0,

    /* U+003D "=" */
    0x1, 0x1f, 0xee, 0xef, 0xa8, 0x6e, 0xfe, 0x80,
    0x44, 0xf8, 0xc0, 0x47, 0xfb, 0xbb, 0xea, 0x1b,
    0xbf, 0xa0,

    /* U+003E ">" */
    0x0, 0xfa, 0xe4, 0x40, 0x37, 0xa7, 0x49, 0x0,
    0x13, 0x69, 0x76, 0x48, 0x0, 0xb8, 0x8d, 0x60,
    0x7, 0xe5, 0x89, 0x6f, 0x99, 0x73, 0x87, 0xcf,
    0x38, 0x5, 0x2c, 0x1, 0xc0,

    /* U+003F "?" */
    0x0, 0x36, 0xff, 0x40, 0x5, 0x12, 0xce, 0x8f,
    0x80, 0x7, 0x5b, 0x8a, 0x83, 0x30, 0xa4, 0x80,
    0x48, 0xc, 0x36, 0x60, 0x15, 0x2, 0x0, 0x74,
    0xb4, 0x88, 0x6, 0xa6, 0xa6, 0x0, 0xc6, 0xb2,
    0xa0, 0x1c, 0xe6, 0x80, 0x1e, 0x4c, 0x20, 0xf,
    0x37, 0xa0, 0x7, 0x8c, 0x1c, 0x2,

    /* U+0040 "@" */
    0x0, 0xc5, 0x3b, 0xfe, 0xd9, 0x30, 0xf, 0x9f,
    0x51, 0x66, 0xa8, 0xb9, 0x40, 0x1c, 0xf0, 0xfb,
    0xc, 0xaf, 0x96, 0x98, 0x1, 0x14, 0x3c, 0x1e,
    0xfd, 0xbf, 0xb6, 0x9b, 0x80, 0x2c, 0x60, 0x70,
    0x28, 0xe0, 0x0, 0x6d, 0x40, 0x7, 0x60, 0x70,
    0xf5, 0x84, 0x0, 0xb4, 0x84, 0x6d, 0xe, 0x2,
    0x0, 0x60, 0x4, 0xe0, 0x60, 0x1b, 0xc0, 0x40,
    0x1c, 0x2, 0xe, 0x6, 0x20, 0x40, 0xa1, 0x62,
    0x8e, 0x12, 0x3e, 0x62, 0x9, 0x60, 0x52, 0xbd,
    0x75, 0xb, 0xcb, 0xe0, 0xe, 0x35, 0x6, 0xec,
    0xf4, 0x7e, 0xce, 0x30, 0x2, 0xa5, 0x20, 0x9,
    0x80, 0x42, 0x60, 0x1d, 0x69, 0x74, 0x84, 0x24,
    0xd8, 0x60, 0x1e, 0xb9, 0x7b, 0xde, 0xd9, 0x71,
    0x0, 0xf9, 0xb7, 0xb3, 0x1b, 0xf6, 0x40, 0x10,

    /* U+0041 "A" */
    0x0, 0xc9, 0xfe, 0x0, 0xfe, 0xe0, 0x3, 0x0,
    0x7e, 0x55, 0xe, 0x80, 0x7c, 0xa1, 0xec, 0x82,
    0x1, 0xef, 0x5, 0xb0, 0x70, 0xf, 0x2a, 0x80,
    0xc6, 0x80, 0x39, 0x43, 0xc0, 0xc, 0x64, 0x1,
    0xb8, 0x1c, 0x89, 0xa0, 0xa0, 0x10, 0xa0, 0x6e,
    0xd4, 0x14, 0x1, 0x38, 0x45, 0x56, 0x52, 0x20,
    0x2, 0x85, 0xd5, 0x74, 0x5, 0x0, 0x9b, 0x80,
    0x71, 0x1b, 0x0,

    /* U+0042 "B" */
    0xbf, 0xfd, 0xd6, 0x40, 0x1, 0x99, 0x99, 0x30,
    0x40, 0xd9, 0xa8, 0xb1, 0x70, 0xf, 0x30, 0x18,
    0x0, 0x46, 0x29, 0x25, 0x2, 0xee, 0xb5, 0x38,
    0x0, 0x37, 0x75, 0x26, 0x18, 0x1a, 0x24, 0xb6,
    0x30, 0x1, 0xf2, 0xa8, 0x3, 0xc2, 0xaa, 0x3,
    0x66, 0x9f, 0x7, 0xc0, 0x66, 0x68, 0x1b, 0x40,

    /* U+0043 "C" */
    0x0, 0x8e, 0xbb, 0xfa, 0x88, 0x3, 0x2e, 0x2a,
    0x3a, 0x2e, 0xa0, 0x0, 0xa8, 0xba, 0xa2, 0xb8,
    0xa8, 0x1, 0x1, 0xe2, 0x1, 0xc, 0x8a, 0x82,
    0x20, 0x80, 0x39, 0x39, 0x44, 0x46, 0x1, 0xf0,
    0x80, 0x7f, 0xf0, 0x44, 0x46, 0x1, 0xf0, 0x80,
    0x11, 0x4, 0x1, 0xc9, 0xca, 0x10, 0x1e, 0x40,
    0x10, 0xc8, 0xa8, 0x15, 0x16, 0xd4, 0x57, 0x15,
    0x0, 0x4b, 0xaa, 0x8e, 0x8b, 0xa8, 0x0,

    /* U+0044 "D" */
    0xbf, 0xfd, 0xae, 0x1, 0x86, 0x65, 0xd, 0x1a,
    0x20, 0x3, 0x66, 0x3d, 0xd8, 0xb4, 0x3, 0xe4,
    0x83, 0x40, 0xf, 0x9c, 0x34, 0x3, 0xf1, 0x10,
    0x3, 0xff, 0x8c, 0x44, 0x0, 0xf9, 0x83, 0x40,
    0x3c, 0x92, 0x68, 0x6, 0xef, 0x5d, 0x8b, 0x40,
    0x3, 0x11, 0x33, 0xe8, 0x80,

    /* U+0045 "E" */
    0xbf, 0xff, 0x60, 0xc, 0xcf, 0x80, 0xd9, 0xb9,
    0x40, 0x3f, 0xc4, 0x5c, 0x0, 0x2d, 0xde, 0x10,
    0x1a, 0xae, 0x10, 0x35, 0x5e, 0x0, 0xff, 0xe3,
    0x1b, 0xbf, 0x30, 0xc, 0x47, 0x80,

    /* U+0046 "F" */
    0xbf, 0xff, 0x84, 0x6, 0x67, 0xc2, 0x6, 0xcd,
    0xe0, 0xf, 0xfe, 0x0, 0x8f, 0x0, 0x45, 0xdd,
    0xca, 0x0, 0x1b, 0xbe, 0x40, 0x1, 0xa2, 0x70,
    0x80, 0x7f, 0xf6, 0x40,

    /* U+0047 "G" */
    0x0, 0x8a, 0xbb, 0xfa, 0xcc, 0x3, 0x2e, 0xaa,
    0x3b, 0x97, 0x10, 0x0, 0x54, 0x5d, 0x51, 0x3e,
    0x76, 0x21, 0x1, 0xe2, 0x1, 0xf, 0x83, 0x82,
    0x20, 0x80, 0x38, 0xfd, 0x84, 0x46, 0x1, 0x84,
    0x70, 0x7, 0xc9, 0xdd, 0xac, 0x40, 0xc0, 0x25,
    0xbb, 0x84, 0x40, 0xa8, 0x40, 0x1, 0x44, 0x28,
    0xe8, 0x40, 0x79, 0x0, 0x6a, 0x6, 0x2, 0xa2,
    0xda, 0x89, 0xe4, 0xa1, 0x0, 0x2e, 0xaa, 0x3b,
    0x93, 0x14, 0x0,

    /* U+0048 "H" */
    0xbd, 0x0, 0xe8, 0xf1, 0x0, 0xff, 0xea, 0x11,
    0x70, 0x80, 0x45, 0xbb, 0xcc, 0x1, 0xd, 0x57,
    0x28, 0x4, 0x6a, 0xbc, 0x40, 0x1f, 0xfd, 0xe0,

    /* U+0049 "I" */
    0xbd, 0x0, 0xff, 0xe5, 0x0,

    /* U+004A "J" */
    0x0, 0xcd, 0xe4, 0x1, 0xff, 0xe9, 0xe0, 0x30,
    0xc, 0xa2, 0x23, 0x79, 0xd2, 0x80, 0x68, 0x61,
    0xa6, 0x0,

    /* U+004B "K" */
    0xbd, 0x0, 0xd1, 0xf0, 0x1, 0xe7, 0x73, 0x40,
    0x7, 0x34, 0x34, 0x80, 0x72, 0xca, 0xc8, 0x7,
    0x25, 0x2d, 0x0, 0x71, 0x59, 0xd0, 0x7, 0x84,
    0x8c, 0xc0, 0x1e, 0x3f, 0x1d, 0x20, 0xf, 0x16,
    0x6, 0x8, 0x7, 0x8b, 0x47, 0x4, 0x3, 0xc7,
    0x65, 0xa0, 0x1f, 0x25, 0x1e, 0x0,

    /* U+004C "L" */
    0xbd, 0x0, 0xff, 0xff, 0x80, 0x63, 0x77, 0xe6,
    0x1, 0x88, 0xe9,

    /* U+004D "M" */
    0xbf, 0x90, 0xf, 0x77, 0xb0, 0x1, 0x84, 0x3,
    0x30, 0x80, 0x42, 0x10, 0x1, 0xa0, 0x40, 0x23,
    0x66, 0x8, 0x1, 0x86, 0x0, 0x34, 0x4, 0x80,
    0x21, 0x10, 0x1, 0x85, 0x9c, 0x58, 0x7c, 0x3,
    0xd6, 0x13, 0x66, 0x80, 0x1e, 0x26, 0x72, 0x80,
    0xf, 0xd6, 0x28, 0x80, 0xf, 0xc5, 0xd6, 0x1,
    0xff, 0xd1,

    /* U+004E "N" */
    0xbe, 0x10, 0xc, 0x5e, 0xe0, 0x34, 0x1, 0xfc,
    0x8c, 0x1, 0xf1, 0x24, 0x88, 0x7, 0xd4, 0x14,
    0x1, 0xf0, 0xca, 0x30, 0x7, 0xcc, 0x92, 0x40,
    0x1f, 0x50, 0xf0, 0x7, 0xc3, 0x67, 0x60, 0x1f,
    0x2a, 0x98, 0x3, 0xf5, 0x88, 0x7, 0xe1, 0xa0,
    0x0,

    /* U+004F "O" */
    0x0, 0x8a, 0x7b, 0xfa, 0x8c, 0x3, 0x93, 0x59,
    0x1d, 0x11, 0x8e, 0x1, 0x15, 0x96, 0xd4, 0x57,
    0x24, 0x20, 0x2, 0xc3, 0x88, 0x3, 0x50, 0xc8,
    0x1, 0xd0, 0xc0, 0x38, 0x58, 0x88, 0x22, 0x30,
    0xf, 0xb0, 0x18, 0x3, 0xff, 0x82, 0x22, 0x30,
    0xf, 0xb0, 0x18, 0x1d, 0xc, 0x3, 0x85, 0x88,
    0x81, 0x61, 0xc4, 0x1, 0xa8, 0x64, 0x0, 0x56,
    0x5b, 0x51, 0x5c, 0x90, 0x80, 0x12, 0x6b, 0x23,
    0xa2, 0x31, 0xc0, 0x0,

    /* U+0050 "P" */
    0xbf, 0xfd, 0xd0, 0x1, 0xc, 0xcc, 0xee, 0xc0,
    0x1, 0xb3, 0x53, 0x46, 0xa0, 0x1e, 0x50, 0xd0,
    0xf, 0x10, 0x78, 0x0, 0x8a, 0x4f, 0x16, 0x2,
    0xdd, 0xac, 0x34, 0x40, 0x6a, 0x97, 0x9a, 0x60,
    0x3, 0x55, 0x21, 0x80, 0x7f, 0xf4, 0x80,

    /* U+0051 "Q" */
    0x0, 0x8a, 0x7b, 0xfa, 0x8c, 0x3, 0x93, 0x59,
    0x1d, 0x11, 0x8e, 0x1, 0x15, 0x96, 0xd4, 0x57,
    0x24, 0x20, 0x2, 0xc3, 0x88, 0x3, 0x50, 0xc8,
    0x1, 0xd0, 0xc0, 0x38, 0x58, 0x88, 0x22, 0x30,
    0xf, 0xb0, 0x18, 0x3, 0xfc, 0x20, 0x1, 0x11,
    0x80, 0x67, 0x40, 0xd0, 0x60, 0x74, 0x30, 0xb,
    0x6d, 0x98, 0x64, 0x16, 0x1c, 0x40, 0xa, 0x59,
    0x18, 0x0, 0x15, 0x96, 0xd4, 0x52, 0x80, 0x4,
    0x2, 0x4d, 0x64, 0x74, 0x5c, 0x4a, 0x30,

    /* U+0052 "R" */
    0xbf, 0xfd, 0xae, 0x1, 0xc, 0xca, 0x1a, 0x20,
    0x0, 0x36, 0x63, 0xda, 0x38, 0x7, 0xda, 0x6,
    0x1, 0xef, 0x2, 0x0, 0x8, 0xcc, 0xc4, 0x10,
    0x2e, 0xea, 0x4e, 0x80, 0x3, 0x76, 0x21, 0xc1,
    0x0, 0x1a, 0x23, 0x85, 0xc0, 0x3c, 0x6b, 0x4,
    0x1, 0xeb, 0x9, 0x0, 0xf0, 0xca, 0x28,

    /* U+0053 "S" */
    0x0, 0x25, 0xff, 0xb1, 0x0, 0x24, 0xb6, 0x77,
    0xd, 0xa0, 0x3, 0xc7, 0x62, 0x1a, 0x50, 0x0,
    0x72, 0x0, 0xdf, 0x0, 0x4, 0x39, 0x30, 0x1,
    0x20, 0x2, 0x1d, 0xb3, 0xa9, 0x0, 0x34, 0x7d,
    0x3a, 0x5c, 0x80, 0x72, 0xcf, 0x33, 0xc, 0x2d,
    0x80, 0x35, 0x3, 0x3, 0xc0, 0x80, 0x56, 0xc,
    0x1e, 0x3f, 0x31, 0x6e, 0x86, 0x7, 0xaa, 0xce,
    0xcf, 0x60,

    /* U+0054 "T" */
    0x4f, 0xff, 0xd6, 0xb3, 0x31, 0x84, 0xcd, 0xe2,
    0xcd, 0x28, 0x33, 0x48, 0x1, 0xff, 0xff, 0x0,
    0xff, 0xe1, 0x80,

    /* U+0055 "U" */
    0xbd, 0x0, 0xe4, 0xf5, 0x0, 0xff, 0xfc, 0x89,
    0x10, 0x3, 0x88, 0x1f, 0x2, 0x0, 0x21, 0x81,
    0x35, 0x47, 0xd9, 0xaf, 0x1b, 0x0, 0x5c, 0x3,
    0x22, 0xda, 0x80,

    /* U+0056 "V" */
    0x5f, 0x40, 0xf, 0x7d, 0x28, 0x70, 0x7, 0x28,
    0x70, 0x2a, 0x80, 0x3b, 0x85, 0x3, 0x81, 0x40,
    0x21, 0x47, 0x0, 0x20, 0xf8, 0x4, 0xe1, 0x40,
    0x13, 0xa8, 0x5, 0xa2, 0x60, 0x16, 0x82, 0x80,
    0xa3, 0x0, 0x64, 0x1e, 0x7, 0xb, 0x0, 0xe7,
    0x41, 0xa2, 0x30, 0xe, 0xa0, 0x93, 0xa0, 0xf,
    0x19, 0x38, 0x28, 0x7, 0xca, 0x6, 0x40, 0x10,

    /* U+0057 "W" */
    0x3f, 0x50, 0xd, 0xbc, 0x1, 0x93, 0xd0, 0xc3,
    0xc0, 0x21, 0x21, 0x30, 0xb, 0x1, 0x1, 0x10,
    0x1, 0x38, 0x1, 0x0, 0x24, 0x30, 0x6, 0x9,
    0x0, 0x30, 0x8f, 0x0, 0x2, 0x68, 0x0, 0x50,
    0x40, 0x2, 0x22, 0xd0, 0x0, 0x81, 0x80, 0x2,
    0x1c, 0x3, 0x1c, 0x40, 0x40, 0xc0, 0x40, 0x9,
    0x10, 0x8, 0xa, 0x61, 0x80, 0x88, 0x0, 0xd8,
    0x25, 0x86, 0x0, 0x45, 0x12, 0xc0, 0xc, 0x80,
    0x89, 0x0, 0x34, 0x9c, 0x10, 0x3, 0x11, 0x20,
    0x2c, 0x0, 0x81, 0x2, 0x60, 0x1c, 0x82, 0x6,
    0x0, 0x21, 0x12, 0x0, 0x7b, 0x1, 0x0, 0x32,
    0x6, 0x0, 0x40,

    /* U+0058 "X" */
    0xc, 0xf1, 0x0, 0xd1, 0xea, 0x1e, 0x14, 0x1,
    0x13, 0xaa, 0x80, 0xdd, 0x14, 0x1, 0xc1, 0x60,
    0x14, 0x15, 0x83, 0x1c, 0x88, 0x6, 0x91, 0xa9,
    0x36, 0x0, 0xe4, 0x55, 0x7, 0x0, 0x7f, 0xf1,
    0x51, 0x54, 0x1c, 0x1, 0xe9, 0x1a, 0x93, 0x60,
    0xd, 0x5, 0x60, 0xc7, 0x2, 0x0, 0x37, 0x45,
    0x0, 0x70, 0xd8, 0x3, 0xc2, 0x80, 0x22, 0x75,
    0x50,

    /* U+0059 "Y" */
    0x5f, 0x50, 0xe, 0xbe, 0x5, 0x38, 0x0, 0xc8,
    0x88, 0x0, 0x41, 0x30, 0x5, 0x4, 0xc0, 0x4,
    0x44, 0x0, 0x10, 0xe0, 0x3, 0x40, 0xb8, 0x49,
    0x28, 0x6, 0x35, 0x96, 0x29, 0x0, 0xf4, 0xc,
    0x9a, 0x0, 0x78, 0x98, 0x3c, 0x3, 0xf7, 0x1,
    0x0, 0x7f, 0xf6, 0x40,

    /* U+005A "Z" */
    0xff, 0xfd, 0x13, 0x3e, 0x30, 0xc6, 0x6e, 0x53,
    0x64, 0x0, 0xee, 0x29, 0x0, 0xe9, 0x2e, 0x0,
    0xe4, 0x68, 0x30, 0xc, 0x34, 0x6e, 0x1, 0xd4,
    0x3c, 0x1, 0xcc, 0x92, 0x40, 0x18, 0xa5, 0x58,
    0x3, 0xb8, 0x9, 0xdf, 0x8c, 0xc0, 0xf1, 0x1d,
    0x60,

    /* U+005B "[" */
    0x11, 0xe0, 0xae, 0xec, 0x20, 0x57, 0x70, 0x80,
    0x11, 0x20, 0xf, 0xff, 0xf1, 0xb3, 0x40, 0x1,
    0x99, 0x84,

    /* U+005C "\\" */
    0x65, 0x0, 0xf7, 0x58, 0x7, 0xac, 0x4c, 0x3,
    0x8c, 0x68, 0x3, 0xcc, 0xe0, 0x1e, 0xb1, 0x30,
    0xe, 0x32, 0xa0, 0xf, 0x2b, 0x80, 0x7a, 0xc5,
    0x0, 0x38, 0xcb, 0x40, 0x3c, 0xae, 0x1, 0xeb,
    0x14, 0x0, 0xe3, 0x2d, 0x0, 0xf2, 0xb8, 0x7,
    0xac, 0x50, 0x3, 0x8c, 0xb4, 0x3, 0xca, 0xe0,

    /* U+005D "]" */
    0x11, 0xe0, 0xae, 0xec, 0x31, 0x76, 0x50, 0x1,
    0xa2, 0x34, 0x3, 0xff, 0xfc, 0x8c, 0xcd, 0x0,
    0x7c, 0xc9, 0x40, 0x0,

    /* U+005E "^" */
    0x0, 0x3f, 0xb8, 0x4, 0x51, 0x11, 0x0, 0x39,
    0x9d, 0x64, 0x0,

    /* U+005F "_" */
    0x1, 0x1f, 0x80, 0x7b, 0xbe, 0x51, 0xbb, 0xf9,
    0x0,

    /* U+0060 "`" */
    0x7f, 0x10, 0x71, 0x90, 0x5, 0xb0, 0x0,

    /* U+0061 "a" */
    0x0, 0x1d, 0xff, 0x3b, 0x79, 0x1, 0x62, 0xc4,
    0x2a, 0xc0, 0x28, 0xc, 0x76, 0xc3, 0x0, 0x91,
    0x48, 0x0, 0x2c, 0x1, 0x9, 0x0, 0x6e, 0x0,
    0x84, 0x40, 0x1b, 0x80, 0x24, 0x70, 0xc, 0xa0,
    0x14, 0x6, 0x22, 0x2c, 0xc0, 0x22, 0xc0, 0xba,
    0x38, 0x0, 0x0,

    /* U+0062 "b" */
    0xbc, 0x0, 0xff, 0xec, 0x1e, 0x7e, 0xb8, 0x4,
    0x5a, 0x92, 0xf1, 0x0, 0x0, 0xc4, 0x1a, 0x95,
    0xc4, 0x0, 0xc0, 0x14, 0x82, 0x1, 0x0, 0x62,
    0x3, 0x2, 0x0, 0xc4, 0x6, 0x0, 0x60, 0xa,
    0x41, 0x0, 0x62, 0xd, 0x4b, 0x2, 0x5, 0xa9,
    0x29, 0xe, 0x0,

    /* U+0063 "c" */
    0x0, 0x15, 0x77, 0xe2, 0x0, 0x7, 0x12, 0x64,
    0x16, 0x41, 0x3, 0xee, 0xd8, 0x50, 0xe, 0xc2,
    0x1, 0x65, 0x80, 0xf0, 0x6, 0x11, 0x0, 0xf0,
    0x6, 0x11, 0x3, 0xb0, 0x80, 0x59, 0x61, 0x3,
    0xee, 0xd8, 0x52, 0x3, 0xe9, 0x32, 0xb, 0x30,

    /* U+0064 "d" */
    0x0, 0xf9, 0xbc, 0x80, 0x3f, 0xfa, 0x87, 0x7f,
    0xce, 0x1, 0x8b, 0x1a, 0x21, 0x56, 0x1, 0x40,
    0x63, 0xb6, 0x18, 0x4, 0x8a, 0x20, 0x1, 0x60,
    0x8, 0x48, 0x3, 0x70, 0x4, 0x24, 0x1, 0xb8,
    0x2, 0x45, 0x10, 0x0, 0xb0, 0x5, 0x3, 0xee,
    0xd8, 0x60, 0x11, 0x61, 0x45, 0xd5, 0x80, 0x0,

    /* U+0065 "e" */
    0x0, 0x1d, 0xff, 0x48, 0x4, 0x58, 0xd3, 0x27,
    0xb0, 0x4, 0xe, 0x33, 0xd2, 0x20, 0x11, 0x2,
    0x0, 0x41, 0xc0, 0x15, 0xff, 0xc2, 0x20, 0x14,
    0xcc, 0xeb, 0x7, 0x52, 0x33, 0x14, 0xb0, 0x58,
    0xe3, 0x3e, 0x22, 0x81, 0x63, 0x4c, 0x36, 0x8,

    /* U+0066 "f" */
    0x0, 0xd, 0xfd, 0x0, 0x21, 0x26, 0x40, 0x4,
    0x43, 0x18, 0x0, 0xc4, 0x0, 0x9e, 0x2b, 0xf2,
    0xb6, 0x29, 0x76, 0x14, 0x1, 0x42, 0x0, 0xff,
    0xec, 0x0,

    /* U+0067 "g" */
    0x0, 0x1e, 0x7f, 0x3a, 0xf9, 0x1, 0x60, 0xc4,
    0x2a, 0x0, 0x28, 0xc, 0x76, 0xd3, 0x0, 0x91,
    0x44, 0x2, 0x60, 0x8, 0x48, 0x3, 0x70, 0x4,
    0x24, 0x1, 0xb8, 0x2, 0x45, 0x10, 0x9, 0x80,
    0x28, 0xc, 0x76, 0xd3, 0x0, 0x8b, 0x46, 0x2d,
    0x6c, 0x2, 0x5a, 0xcf, 0xd8, 0xc0, 0x20, 0x67,
    0xd7, 0x6a, 0x58, 0x0, 0x1e, 0x34, 0x4b, 0xcb,
    0x80,

    /* U+0068 "h" */
    0xbc, 0x0, 0xff, 0xea, 0x26, 0xfd, 0x88, 0x0,
    0xa6, 0xdd, 0x34, 0x0, 0x3e, 0xd0, 0xe6, 0x20,
    0x24, 0x0, 0xd0, 0x20, 0x20, 0xf, 0xfe, 0xd0,

    /* U+0069 "i" */
    0xad, 0x0, 0x18, 0x57, 0x0, 0x6a, 0xe0, 0xf,
    0xfe, 0x68,

    /* U+006A "j" */
    0x0, 0x3f, 0x8, 0x3, 0xc4, 0x2, 0x8f, 0x10,
    0xf, 0x9f, 0xc0, 0x3f, 0xfb, 0xfc, 0x0, 0x58,
    0x64, 0xf, 0x74, 0xa0,

    /* U+006B "k" */
    0xbc, 0x0, 0xff, 0xeb, 0x2f, 0xd0, 0x6, 0x4a,
    0x4a, 0x0, 0x8e, 0xd2, 0xc0, 0x22, 0xd3, 0xb0,
    0xc, 0x22, 0x50, 0xe, 0x37, 0x66, 0x0, 0x74,
    0x24, 0x98, 0x7, 0x51, 0x68, 0x80, 0x61, 0xf1,
    0xd0,

    /* U+006C "l" */
    0xbc, 0x0, 0xff, 0xe6, 0x0,

    /* U+006D "m" */
    0xea, 0x8e, 0xf9, 0x6, 0xef, 0xa1, 0x0, 0x29,
    0x53, 0xb6, 0x5d, 0x51, 0x6c, 0x0, 0x34, 0x90,
    0x66, 0xe4, 0x57, 0x50, 0x2, 0x80, 0x4a, 0x6,
    0x0, 0xd0, 0x20, 0x10, 0xc, 0x20, 0x1f, 0xfe,
    0xe0,

    /* U+006E "n" */
    0xea, 0x7d, 0xf9, 0x0, 0x97, 0x7a, 0x1a, 0x40,
    0x3, 0x46, 0xea, 0xc0, 0x5, 0x0, 0xb4, 0x2,
    0x10, 0xf, 0xfe, 0xd0,

    /* U+006F "o" */
    0x0, 0x15, 0x77, 0xe2, 0x0, 0x43, 0x88, 0xd0,
    0x16, 0x80, 0x8, 0x1c, 0x87, 0xc3, 0x90, 0x3,
    0xa9, 0x0, 0x54, 0x46, 0x2, 0x40, 0x18, 0x81,
    0xc0, 0x48, 0x3, 0x10, 0x30, 0x3a, 0x90, 0x5,
    0x44, 0x40, 0x81, 0xc7, 0x76, 0x1c, 0x80, 0x7,
    0x12, 0x60, 0x2d, 0x0,

    /* U+0070 "p" */
    0xbc, 0x4c, 0xfd, 0x70, 0x8, 0xaa, 0x98, 0xb1,
    0x0, 0x0, 0xd3, 0x1c, 0x3b, 0x84, 0x5, 0x0,
    0x2a, 0x4, 0x3, 0x0, 0xc6, 0x6, 0x4, 0x1,
    0x88, 0xc, 0x0, 0xc0, 0x14, 0x82, 0x0, 0xc4,
    0x1a, 0x96, 0x4, 0xb, 0x52, 0x52, 0x1c, 0x2,
    0x3c, 0xfe, 0x70, 0xf, 0xfe, 0x40,

    /* U+0071 "q" */
    0x0, 0x1d, 0xff, 0x3b, 0x79, 0x1, 0x63, 0x44,
    0x2a, 0xc0, 0x28, 0xc, 0x76, 0xc3, 0x0, 0x91,
    0x44, 0x0, 0x2c, 0x1, 0x9, 0x0, 0x6e, 0x0,
    0x84, 0x80, 0x37, 0x0, 0x48, 0xa2, 0x0, 0x16,
    0x0, 0xa0, 0x7d, 0xdb, 0xc, 0x2, 0x2c, 0x28,
    0xba, 0xb0, 0xc, 0x59, 0xfa, 0xe0, 0x1f, 0xfc,
    0xb0,

    /* U+0072 "r" */
    0xea, 0x9f, 0xb0, 0x55, 0x4f, 0x80, 0xe3, 0x20,
    0x28, 0x6, 0x10, 0xf, 0xfe, 0x58,

    /* U+0073 "s" */
    0x1, 0xae, 0xf9, 0x10, 0x6, 0xa4, 0x41, 0xec,
    0x0, 0x6c, 0xc7, 0xa2, 0x0, 0x1b, 0xca, 0x22,
    0x0, 0x18, 0xcf, 0x7e, 0xc0, 0x14, 0xf6, 0x2c,
    0x90, 0xe3, 0x1, 0xc8, 0x30, 0xbc, 0xbb, 0x78,
    0x28, 0x5b, 0x4c, 0x83, 0x4,

    /* U+0074 "t" */
    0x0, 0x74, 0x80, 0x7e, 0x7f, 0x16, 0xfa, 0x5b,
    0x4, 0xb9, 0x24, 0x12, 0x43, 0x0, 0xff, 0xe4,
    0x98, 0x6, 0x45, 0x76, 0x0, 0x42, 0x44, 0x0,

    /* U+0075 "u" */
    0xea, 0x0, 0xa7, 0xc0, 0x3f, 0xfa, 0x6, 0x1,
    0x88, 0x5, 0x80, 0x25, 0x4, 0x39, 0x6c, 0x0,
    0x43, 0x3c, 0x5b, 0x80,

    /* U+0076 "v" */
    0x4f, 0x50, 0x8, 0x7d, 0xd0, 0x7c, 0x2, 0x60,
    0x60, 0x65, 0x0, 0xac, 0xc4, 0x28, 0x18, 0x8,
    0xe8, 0x0, 0x44, 0xd0, 0x50, 0x60, 0xa, 0x90,
    0x69, 0x40, 0x33, 0x5, 0x97, 0x0, 0x61, 0x45,
    0x14, 0x0, 0xed, 0x7, 0x0, 0x80,

    /* U+0077 "w" */
    0x4f, 0x40, 0xb, 0xb4, 0x2, 0x5f, 0x34, 0xc,
    0x0, 0x18, 0x91, 0x0, 0x1e, 0x26, 0xa, 0xa0,
    0x5, 0x88, 0x28, 0x1, 0x1c, 0x1, 0x84, 0x40,
    0x57, 0x4b, 0x3, 0x1d, 0x0, 0x38, 0x21, 0x13,
    0x74, 0x63, 0x60, 0x80, 0x1, 0x3d, 0x50, 0x47,
    0x4, 0x55, 0x0, 0x6b, 0x4a, 0x40, 0x13, 0x92,
    0xf0, 0xc, 0xa0, 0x5a, 0x0, 0xb3, 0x4, 0x0,
    0xc4, 0x40, 0x70, 0x2, 0x81, 0x88, 0x0,

    /* U+0078 "x" */
    0x1f, 0x90, 0xa, 0xb8, 0x45, 0xc, 0x60, 0x8b,
    0x62, 0xe, 0x7e, 0x12, 0x8a, 0x1, 0x79, 0xe1,
    0x48, 0x6, 0x34, 0x36, 0x20, 0xc, 0x68, 0x4c,
    0x40, 0x1b, 0xcf, 0x4a, 0x40, 0x26, 0x3f, 0x9,
    0x45, 0x1, 0x96, 0x30, 0x45, 0xb1,

    /* U+0079 "y" */
    0x2f, 0x60, 0xd, 0xf2, 0x47, 0x40, 0x12, 0x85,
    0x5, 0x19, 0x0, 0x38, 0x8c, 0x1c, 0x28, 0x5,
    0x28, 0x0, 0x2a, 0xa0, 0x60, 0x60, 0xb, 0x88,
    0xe9, 0x4, 0x2, 0x41, 0x82, 0xe0, 0xe, 0x74,
    0x15, 0x0, 0xea, 0x7, 0x0, 0xf2, 0x85, 0x80,
    0x44, 0xd3, 0x27, 0x20, 0x9, 0x25, 0x26, 0x0,
    0x30,

    /* U+007A "z" */
    0x1f, 0xff, 0x40, 0xdd, 0xe4, 0xb, 0x4, 0x48,
    0x12, 0xc, 0x2, 0x1a, 0x47, 0x0, 0xda, 0x14,
    0x1, 0xa0, 0xf4, 0x40, 0x24, 0x78, 0x30, 0x8,
    0x68, 0x8d, 0x12, 0x24, 0x12, 0xbb, 0xd4,

    /* U+007B "{" */
    0x0, 0xc2, 0x20, 0x8, 0xfb, 0xa2, 0x0, 0x79,
    0xd5, 0x90, 0x0, 0xd5, 0x48, 0x1, 0xff, 0xd1,
    0x14, 0xe, 0x0, 0xaa, 0xc9, 0x80, 0x28, 0x81,
    0x28, 0x4, 0x6e, 0x1a, 0x1, 0xff, 0xd5, 0x36,
    0x68, 0x40, 0x1e, 0x53, 0x23,

    /* U+007C "|" */
    0x37, 0x48, 0x0, 0xff, 0xec, 0x0,

    /* U+007D "}" */
    0x1, 0x10, 0x6, 0x5e, 0xe6, 0x90, 0x1, 0x2e,
    0x8a, 0xc0, 0x2, 0x8a, 0x8a, 0x1, 0xff, 0xd5,
    0x23, 0x20, 0xd, 0x63, 0xb0, 0x1, 0x58, 0xd5,
    0x0, 0x22, 0x35, 0x20, 0xf, 0xfe, 0x81, 0x33,
    0xa2, 0x80, 0x1e, 0x61, 0x20, 0x0,

    /* U+007E "~" */
    0x5e, 0xa1, 0xb4, 0x9b, 0x2e, 0x54, 0xd5, 0x8f,
    0xe0,

    /* U+00A0 " " */

    /* U+00A1 "¡" */
    0x8e, 0x11, 0x82, 0x74, 0x5f, 0x0, 0x3f, 0xde,
    0x1, 0x8, 0x7, 0xf8,

    /* U+00A2 "¢" */
    0x0, 0xcf, 0x0, 0x1e, 0x1c, 0x53, 0x0, 0xcf,
    0xc8, 0x59, 0x40, 0x4, 0x86, 0x53, 0x95, 0x60,
    0x82, 0x90, 0x3, 0x3f, 0x1, 0xa8, 0x6, 0x88,
    0x0, 0x7f, 0x88, 0xc0, 0x32, 0x28, 0x52, 0x20,
    0x0, 0x57, 0xa0, 0xe7, 0x6a, 0x7a, 0x52, 0x0,
    0xc9, 0x21, 0x7c, 0x10, 0x9, 0x9c, 0xa0, 0x40,

    /* U+00A3 "£" */
    0x0, 0x9f, 0x7f, 0xda, 0x80, 0xc, 0x86, 0x78,
    0x40, 0x2, 0x9c, 0x5c, 0x3c, 0xa0, 0x10, 0x30,
    0x7, 0x84, 0xc, 0x3, 0xcc, 0x30, 0x1, 0xc3,
    0xc2, 0xbd, 0xd2, 0x80, 0xff, 0xa, 0x7f, 0x94,
    0x0, 0x22, 0x23, 0x11, 0x0, 0x63, 0x35, 0x0,
    0x74, 0xe2, 0x2b, 0x34, 0xa2, 0xc0, 0x93, 0x3a,
    0x0,

    /* U+00A4 "¤" */
    0x4, 0x0, 0xe2, 0x20, 0x4c, 0xab, 0xfa, 0x31,
    0x3, 0xd8, 0x72, 0xd9, 0x18, 0x10, 0xac, 0xd6,
    0x94, 0x1, 0xc8, 0x1, 0x20, 0x10, 0x71, 0x0,
    0x44, 0x4, 0xe, 0x90, 0x5, 0xea, 0x0, 0xb3,
    0x5f, 0xd6, 0x43, 0x3, 0xcd, 0xd7, 0x5d, 0x98,

    /* U+00A5 "¥" */
    0x5f, 0x50, 0xe, 0xbe, 0x5, 0x28, 0x0, 0xc6,
    0x92, 0x0, 0x82, 0x50, 0xa, 0x5, 0xc0, 0xa,
    0x70, 0x0, 0x34, 0x90, 0xd, 0x4, 0xa1, 0x2,
    0xe0, 0x19, 0xe, 0xd, 0x20, 0x3, 0x4f, 0x99,
    0x68, 0x4f, 0x98, 0x2, 0x33, 0x8, 0x33, 0x98,
    0x30, 0x4, 0x66, 0x10, 0x27, 0x30, 0x60, 0x8,
    0xcc, 0x38, 0x5e, 0x60, 0xc0, 0x2, 0x66, 0xf0,
    0x53, 0x30, 0x7, 0xff, 0x4,

    /* U+00A6 "¦" */
    0x5d, 0x22, 0x0, 0x7f, 0xf0, 0x9f, 0xc0, 0x33,
    0x78, 0x80, 0x7f, 0xf0, 0x40,

    /* U+00A7 "§" */
    0x0, 0xff, 0xe0, 0x8d, 0x7f, 0xd4, 0x20, 0x1b,
    0x12, 0x6e, 0x17, 0x40, 0x25, 0x2a, 0x64, 0x7b,
    0x35, 0x0, 0x10, 0x28, 0x4, 0x8c, 0x1, 0x18,
    0x48, 0x6, 0x95, 0x0, 0x22, 0xbe, 0xc2, 0x0,
    0x7b, 0x40, 0xde, 0xfe, 0x44, 0x1, 0x54, 0xde,
    0xe5, 0xab, 0x68, 0xa, 0xd1, 0x0, 0xa5, 0x41,
    0x98, 0x43, 0x40, 0x38, 0xc0, 0x26, 0x5c, 0x73,
    0x2, 0x83, 0x30, 0x4c, 0xc, 0x67, 0xea, 0x60,
    0x4, 0xfb, 0xa9, 0x50, 0x62, 0x0, 0xe2, 0x6a,
    0xd0, 0x90, 0x4, 0x48, 0x6, 0x24, 0x50, 0x9,
    0x88, 0x3, 0x31, 0x0, 0x24, 0x71, 0x44, 0xe8,
    0xe8, 0x0, 0x38, 0x55, 0xd8, 0xb0, 0xc0, 0x11,
    0x66, 0xe6, 0x3d, 0xc0, 0x0,

    /* U+00A8 "¨" */
    0x0, 0xf2, 0x7a, 0x9f, 0xa8, 0x7, 0x80,

    /* U+00A9 "©" */
    0x0, 0x86, 0x77, 0xfa, 0x8c, 0x3, 0x93, 0x8e,
    0x76, 0x8f, 0x1c, 0x2, 0x1b, 0x9b, 0xec, 0x9f,
    0xc8, 0x40, 0x4, 0x2b, 0x68, 0xec, 0x4b, 0xc4,
    0x0, 0xf, 0x28, 0x74, 0x6b, 0x38, 0xe6, 0x42,
    0x23, 0x38, 0x40, 0xd, 0x0, 0x4c, 0x1, 0x7b,
    0x80, 0x7e, 0x10, 0x3d, 0x50, 0x9, 0x18, 0x9,
    0x81, 0x69, 0x4e, 0x40, 0xa8, 0x14, 0x88, 0x12,
    0xc7, 0xe9, 0xfa, 0xee, 0xbb, 0x0, 0xe, 0x71,
    0x7f, 0xb7, 0xfc, 0x8c, 0x1, 0x35, 0xdb, 0x7b,
    0x6e, 0x28, 0x3, 0x93, 0x3f, 0x7b, 0x58, 0x2,

    /* U+00AA "ª" */
    0x2, 0xce, 0xa0, 0x4, 0xae, 0x23, 0x85, 0xe5,
    0x7, 0x6, 0x47, 0x91, 0x81, 0xc3, 0x10, 0x1,
    0xeb, 0x48, 0x0,

    /* U+00AB "«" */
    0x0, 0x9b, 0xd4, 0x23, 0xcc, 0x0, 0xb3, 0x4b,
    0xf, 0x86, 0xb, 0x52, 0xae, 0xeb, 0x30, 0x2a,
    0x66, 0x24, 0x41, 0x0, 0x5, 0x2c, 0xa8, 0xf0,
    0x60, 0x13, 0x4d, 0x2c, 0x3e, 0x18, 0x4, 0xd3,
    0x49, 0xd, 0xa6, 0x1, 0x37, 0xa0, 0x4f, 0x18,

    /* U+00AC "¬" */
    0xbf, 0xff, 0x8e, 0x2a, 0xbc, 0x0, 0x35, 0x5f,
    0x0, 0x7f, 0xf1, 0xa8, 0x80,

    /* U+00AD "­" */
    0x1, 0x1f, 0xbb, 0xbb, 0x6, 0xef, 0xb8,

    /* U+00AE "®" */
    0x2, 0x9a, 0x92, 0x1, 0x90, 0x3f, 0x90, 0x4e,
    0x39, 0xde, 0x50, 0xa, 0xf4, 0xc1, 0x3b, 0x68,
    0x75, 0x46, 0x7a, 0xfa, 0x40,

    /* U+00AF "¯" */
    0xbf, 0xfc, 0x53, 0x99, 0x88,

    /* U+00B0 "°" */
    0x0, 0x4f, 0xea, 0x80, 0x25, 0x2e, 0xd4, 0x60,
    0xdc, 0x8c, 0xb6, 0x0, 0x10, 0x1, 0x88, 0x24,
    0x89, 0xb6, 0x85, 0x3f, 0x63, 0xa0, 0xe, 0x6f,
    0x40, 0x0,

    /* U+00B1 "±" */
    0x0, 0x9f, 0x40, 0x3f, 0xf8, 0x2, 0x2f, 0x1,
    0x10, 0x3, 0x39, 0xcb, 0xb8, 0x41, 0xd6, 0xc5,
    0x76, 0x20, 0x34, 0xe0, 0x44, 0x0, 0x66, 0xf0,
    0xf, 0x9, 0x0, 0x43, 0xff, 0xe7,

    /* U+00B2 "²" */
    0x2b, 0xfc, 0x28, 0x7b, 0xe, 0xbd, 0x47, 0x70,
    0x8a, 0x9a, 0x8b, 0x5f, 0x8e, 0x48, 0x99, 0x80,

    /* U+00B3 "³" */
    0x2c, 0xfc, 0x35, 0x4d, 0x8, 0x7c, 0xd3, 0x91,
    0x5d, 0x39, 0xaa, 0x0, 0x1e, 0x5f, 0x43, 0x80,

    /* U+00B4 "´" */
    0x0, 0x7c, 0x3, 0x8c, 0x4, 0xc0, 0x0,

    /* U+00B5 "µ" */
    0x4f, 0x40, 0xb, 0xe4, 0x3, 0xff, 0xc6, 0x20,
    0x1e, 0x20, 0x2, 0x0, 0x7a, 0x1d, 0xd6, 0x4e,
    0xe2, 0x0, 0x24, 0xca, 0x3c, 0xa1, 0x0, 0x11,
    0xdc, 0x62, 0xcf, 0x60, 0x3, 0x0, 0x7f, 0xf1,
    0x40,

    /* U+00B6 "¶" */
    0x0, 0x84, 0x70, 0x2, 0xbf, 0xbb, 0x24, 0xa8,
    0x5, 0x24, 0xe, 0x1, 0x90, 0x40, 0x3f, 0x90,
    0x3, 0xeb, 0x30, 0xf, 0xe, 0x76, 0x88, 0x7,
    0x9, 0x0, 0x7f, 0xf6, 0x0,

    /* U+00B7 "·" */
    0x1, 0x6, 0xe6, 0x20, 0x30,

    /* U+00B8 "¸" */
    0x3b, 0x0, 0x7a, 0xd8, 0x77, 0x1d, 0x48, 0x4,
    0x59, 0xe8, 0x80,

    /* U+00B9 "¹" */
    0x4, 0xe4, 0x44, 0x88, 0x26, 0x0, 0x7f, 0xf0,
    0x80,

    /* U+00BA "º" */
    0x1, 0xae, 0xc3, 0x0, 0x5b, 0x6a, 0xe8, 0x1,
    0x64, 0xe4, 0x50, 0x3, 0xf2, 0x49, 0x40, 0xa0,
    0x53, 0xea, 0xd0, 0x0,

    /* U+00BB "»" */
    0x1c, 0xc0, 0x17, 0x50, 0x4, 0x3a, 0x38, 0x58,
    0x94, 0x1, 0xe, 0xe, 0x16, 0x25, 0x0, 0x43,
    0xe7, 0x25, 0x4a, 0xc0, 0x1, 0xe3, 0x92, 0xa5,
    0x60, 0x6, 0x86, 0x8f, 0xad, 0x0, 0x30, 0x34,
    0x31, 0xac, 0x2, 0xcc, 0x8, 0xb6, 0xc0, 0x20,

    /* U+00BC "¼" */
    0x4, 0x40, 0x7, 0xa, 0x88, 0x5, 0x57, 0x80,
    0x1d, 0x10, 0x10, 0xa, 0xcc, 0x3, 0x8d, 0xa4,
    0x3, 0x8, 0x7, 0xbd, 0x10, 0x1, 0xfe, 0x53,
    0x90, 0xf, 0xfa, 0xdc, 0x80, 0x3d, 0xb2, 0x0,
    0x80, 0x80, 0x0, 0xa9, 0x0, 0x4, 0x40, 0x4f,
    0x60, 0x15, 0xd5, 0x0, 0x3a, 0x4d, 0x40, 0xa,
    0xe4, 0x1, 0xc8, 0x8e, 0x0, 0xd, 0xf0, 0x80,
    0x74, 0xb1, 0x0, 0x18, 0x70, 0xdd, 0x40, 0xe,
    0x70, 0x1, 0x36, 0xe8, 0x99, 0x40, 0xd, 0xe2,
    0x1, 0x9, 0x13, 0x20, 0x0,

    /* U+00BD "½" */
    0x0, 0xff, 0xe1, 0x1e, 0x40, 0x7, 0x27, 0x10,
    0x5, 0x44, 0x1, 0xe9, 0x72, 0x0, 0xa4, 0x80,
    0x39, 0x8a, 0x0, 0x3f, 0xc3, 0x10, 0x10, 0xf,
    0xf4, 0x83, 0x80, 0x79, 0xbc, 0x0, 0x4f, 0x60,
    0x1f, 0x53, 0x80, 0x20, 0xd4, 0x6, 0xfa, 0xc0,
    0x38, 0xd7, 0xc0, 0x10, 0xf4, 0xae, 0x1, 0xbd,
    0x4c, 0x1, 0x38, 0x80, 0x1c, 0xa7, 0x0, 0x1d,
    0x66, 0xc0, 0x15, 0xb9, 0x0, 0x6b, 0x6c, 0x10,
    0x3, 0x84, 0x0, 0x69, 0x42, 0xe9, 0x0, 0x2f,
    0x80, 0x74, 0x6e, 0xd0,

    /* U+00BE "¾" */
    0x6, 0xdc, 0x20, 0xc, 0x3c, 0xe0, 0x10, 0xcc,
    0x34, 0x80, 0x69, 0x7, 0x0, 0xd4, 0xa4, 0x1,
    0x89, 0xec, 0x3, 0xa, 0xeb, 0xf8, 0x5, 0x6,
    0xa0, 0x18, 0xef, 0xda, 0x40, 0x6, 0xbe, 0x1,
    0xc6, 0xfa, 0xd4, 0x0, 0xf5, 0x30, 0xf, 0x67,
    0x7b, 0x82, 0x9c, 0x0, 0x57, 0x40, 0x10, 0x80,
    0x56, 0xe4, 0x0, 0x84, 0x70, 0xf, 0x38, 0x48,
    0x0, 0x9d, 0x80, 0x3c, 0x31, 0x1, 0x0, 0x4b,
    0xf0, 0x7, 0xa0, 0x98, 0x0, 0x28, 0xf0, 0x54,
    0x1, 0x13, 0x48, 0x4, 0x3b, 0xa7, 0x2b, 0x0,
    0x8f, 0x50, 0x3, 0x11, 0x27, 0x4,

    /* U+00BF "¿" */
    0x0, 0x87, 0xa0, 0x3, 0xe1, 0x0, 0xf8, 0x7e,
    0x0, 0x3e, 0xb6, 0x0, 0xf1, 0xa0, 0x7, 0x8b,
    0x49, 0x80, 0x31, 0x61, 0xe0, 0x7, 0x79, 0xe0,
    0x80, 0x62, 0x25, 0x88, 0x0, 0x60, 0x80, 0x2,
    0x1, 0x23, 0x89, 0x1c, 0x31, 0x2d, 0x11, 0x86,
    0x9c, 0xed, 0x1f, 0x80, 0x7, 0x36, 0xf7, 0x8,
    0x0,

    /* U+00C0 "À" */
    0x0, 0x86, 0x8, 0x3, 0xf8, 0x52, 0x40, 0x3f,
    0xde, 0x84, 0x1, 0xfc, 0x72, 0x20, 0x1f, 0xe6,
    0x30, 0xf, 0xe4, 0xff, 0x0, 0x7f, 0x70, 0x1,
    0x80, 0x3f, 0x2a, 0x87, 0x40, 0x3e, 0x50, 0xf6,
    0x41, 0x0, 0xf7, 0x82, 0xd8, 0x38, 0x7, 0x95,
    0x40, 0x63, 0x40, 0x1c, 0xa1, 0xe0, 0x6, 0x32,
    0x0, 0xdc, 0xe, 0x44, 0xd0, 0x50, 0x8, 0x50,
    0x37, 0x6a, 0xa, 0x0, 0x9c, 0x22, 0xab, 0x29,
    0x10, 0x1, 0x42, 0xea, 0xba, 0x2, 0x80, 0x4d,
    0xc0, 0x38, 0x8d, 0x80,

    /* U+00C1 "Á" */
    0x0, 0xf2, 0x38, 0x7, 0xfa, 0x78, 0x3, 0xf9,
    0xa, 0x0, 0x3f, 0x86, 0x84, 0x3, 0xf9, 0x54,
    0x1, 0xfc, 0x9f, 0xe0, 0xf, 0xee, 0x0, 0x30,
    0x7, 0xe5, 0x50, 0xe8, 0x7, 0xca, 0x1e, 0xc8,
    0x20, 0x1e, 0xf0, 0x5b, 0x7, 0x0, 0xf2, 0xa8,
    0xc, 0x68, 0x3, 0x94, 0x3c, 0x0, 0xc6, 0x40,
    0x1b, 0x81, 0xc8, 0x9a, 0xa, 0x1, 0xa, 0x6,
    0xed, 0x41, 0x40, 0x13, 0x84, 0x55, 0x65, 0x22,
    0x0, 0x28, 0x5d, 0x57, 0x40, 0x50, 0x9, 0xb8,
    0x7, 0x11, 0xb0, 0x0,

    /* U+00C2 "Â" */
    0x0, 0xc5, 0xfa, 0x20, 0x1f, 0xbe, 0x1e, 0x80,
    0x3e, 0x3b, 0x7a, 0xc2, 0x0, 0xf1, 0xb0, 0x1,
    0xc8, 0x3, 0xe4, 0xff, 0x0, 0x7f, 0x70, 0x1,
    0x80, 0x3f, 0x2a, 0x87, 0x40, 0x3e, 0x50, 0xf6,
    0x41, 0x0, 0xf7, 0x82, 0xd8, 0x38, 0x7, 0x95,
    0x40, 0x63, 0x40, 0x1c, 0xa1, 0xe0, 0x6, 0x32,
    0x0, 0xdc, 0xe, 0x44, 0xd0, 0x50, 0x8, 0x50,
    0x37, 0x6a, 0xa, 0x0, 0x9c, 0x22, 0xab, 0x29,
    0x10, 0x1, 0x42, 0xea, 0xba, 0x2, 0x80, 0x4d,
    0xc0, 0x38, 0x8d, 0x80,

    /* U+00C3 "Ã" */
    0x0, 0x8b, 0xb0, 0xad, 0x40, 0x3d, 0x4f, 0x7a,
    0xa8, 0x1, 0xe9, 0x87, 0xef, 0x10, 0xf, 0x8,
    0x80, 0x44, 0x1, 0xf9, 0x3f, 0xc0, 0x1f, 0xdc,
    0x0, 0x60, 0xf, 0xca, 0xa1, 0xd0, 0xf, 0x94,
    0x3d, 0x90, 0x40, 0x3d, 0xe0, 0xb6, 0xe, 0x1,
    0xe5, 0x50, 0x18, 0xd0, 0x7, 0x28, 0x78, 0x1,
    0x8c, 0x80, 0x37, 0x3, 0x91, 0x34, 0x14, 0x2,
    0x14, 0xd, 0xda, 0x82, 0x80, 0x27, 0x8, 0xaa,
    0xca, 0x44, 0x0, 0x50, 0xba, 0xae, 0x80, 0xa0,
    0x13, 0x70, 0xe, 0x23, 0x60,

    /* U+00C4 "Ä" */
    0x0, 0x9b, 0x89, 0x78, 0xc0, 0x3c, 0x23, 0x18,
    0x80, 0x7c, 0xfe, 0x6d, 0xe6, 0x1, 0xff, 0xc7,
    0x4f, 0xf0, 0x7, 0xf7, 0x0, 0x18, 0x3, 0xf2,
    0xa8, 0x74, 0x3, 0xe5, 0xf, 0x64, 0x10, 0xf,
    0x78, 0x2d, 0x83, 0x80, 0x79, 0x54, 0x6, 0x34,
    0x1, 0xca, 0x1e, 0x0, 0x63, 0x20, 0xd, 0xc0,
    0xe4, 0x4d, 0x5, 0x0, 0x85, 0x3, 0x76, 0xa0,
    0xa0, 0x9, 0xc2, 0x2a, 0xb2, 0x91, 0x0, 0x14,
    0x2e, 0xab, 0xa0, 0x28, 0x4, 0xdc, 0x3, 0x88,
    0xd8, 0x0,

    /* U+00C5 "Å" */
    0x0, 0xcb, 0xda, 0x40, 0x1f, 0xd, 0x55, 0xe0,
    0x1f, 0xca, 0x40, 0x1f, 0x85, 0xfa, 0xa0, 0x3,
    0xf4, 0x77, 0xa8, 0x7, 0xf0, 0x80, 0x7f, 0x93,
    0xfc, 0x1, 0xfd, 0xc0, 0x6, 0x0, 0xfc, 0xaa,
    0x1d, 0x0, 0xf9, 0x43, 0xd9, 0x4, 0x3, 0xde,
    0xb, 0x60, 0xe0, 0x1e, 0x55, 0x1, 0x8d, 0x0,
    0x72, 0x87, 0x80, 0x18, 0xc8, 0x3, 0x70, 0x39,
    0x13, 0x41, 0x40, 0x21, 0x40, 0xdd, 0xa8, 0x28,
    0x2, 0x70, 0x8a, 0xac, 0xa4, 0x40, 0x5, 0xb,
    0xaa, 0xe8, 0xa, 0x1, 0x37, 0x0, 0xe2, 0x36,
    0x0,

    /* U+00C6 "Æ" */
    0x0, 0xf3, 0xff, 0xfe, 0x30, 0xf, 0x48, 0x1,
    0xa6, 0x78, 0x80, 0x39, 0xc5, 0x83, 0x59, 0xb8,
    0x40, 0x3a, 0x4f, 0x0, 0x3f, 0xf8, 0xe, 0x30,
    0x0, 0x12, 0x2c, 0x1, 0xe9, 0x34, 0x0, 0x56,
    0xee, 0x70, 0xc, 0xe3, 0x0, 0x14, 0x55, 0x65,
    0x0, 0xd2, 0x4c, 0x46, 0x6, 0xab, 0x88, 0x2,
    0x81, 0x2d, 0xd4, 0x80, 0x7f, 0xb, 0x9d, 0x54,
    0xe0, 0x1f, 0xd2, 0x1e, 0xab, 0x68, 0x6b, 0xbf,
    0x8, 0x9d, 0x4c, 0x3, 0x9a, 0x23, 0x94,

    /* U+00C7 "Ç" */
    0x0, 0x8a, 0xbb, 0xfa, 0x88, 0x3, 0x2e, 0xaa,
    0x3a, 0x2e, 0xa0, 0x0, 0xa8, 0xba, 0xa2, 0xb8,
    0xa8, 0x1, 0x1, 0xe2, 0x1, 0xc, 0x8a, 0x82,
    0x20, 0x80, 0x39, 0x39, 0x44, 0x46, 0x1, 0xf0,
    0x80, 0x7f, 0xf0, 0x44, 0xc, 0x3, 0xe1, 0x0,
    0x2a, 0x10, 0x7, 0x1f, 0x28, 0x40, 0x79, 0x0,
    0x43, 0xc2, 0xa0, 0x54, 0x5b, 0x31, 0x3c, 0x54,
    0x1, 0x2e, 0x2b, 0xb9, 0x93, 0x10, 0x3, 0x1d,
    0x42, 0xfd, 0x98, 0x7, 0xd4, 0xd6, 0x20, 0x1f,
    0xb3, 0xe, 0xe0, 0xf, 0xd9, 0xee, 0xc0, 0x10,

    /* U+00C8 "È" */
    0x0, 0x2b, 0x0, 0x7e, 0x92, 0x0, 0xf2, 0x9d,
    0x80, 0x7d, 0xdc, 0x0, 0xf8, 0x9c, 0x3, 0x4f,
    0xff, 0xc0, 0x14, 0xcf, 0x80, 0x26, 0x6f, 0x0,
    0x7f, 0xf0, 0x8, 0xb8, 0x3, 0x6e, 0xf1, 0x80,
    0x55, 0x5c, 0x40, 0x12, 0xaf, 0x8, 0x7, 0xff,
    0x25, 0xdf, 0xc0, 0x14, 0x47, 0x80,

    /* U+00C9 "É" */
    0x0, 0xe7, 0x40, 0xf, 0x34, 0x28, 0x7, 0xad,
    0xc4, 0x3, 0x85, 0x64, 0x3, 0xc3, 0x2, 0x1,
    0x4f, 0xff, 0xc0, 0x14, 0xcf, 0x80, 0x26, 0x6f,
    0x0, 0x7f, 0xf0, 0x8, 0xb8, 0x3, 0x6e, 0xf1,
    0x80, 0x55, 0x5c, 0x40, 0x12, 0xaf, 0x8, 0x7,
    0xff, 0x25, 0xdf, 0xc0, 0x14, 0x47, 0x80,

    /* U+00CA "Ê" */
    0x0, 0xab, 0xd8, 0x3, 0x9d, 0xd7, 0x26, 0x1,
    0xde, 0x96, 0xa0, 0x19, 0xc8, 0x11, 0x80, 0x13,
    0xff, 0xf0, 0x5, 0x33, 0xe0, 0x9, 0x9b, 0xc0,
    0x1f, 0xfc, 0x2, 0x2e, 0x0, 0xdb, 0xbc, 0x60,
    0x15, 0x57, 0x10, 0x4, 0xab, 0xc2, 0x1, 0xff,
    0xc9, 0x77, 0xf0, 0x5, 0x11, 0xe0,

    /* U+00CB "Ë" */
    0x0, 0x6c, 0x86, 0xd0, 0x6, 0x33, 0x1, 0x80,
    0x77, 0x50, 0x75, 0x0, 0x7f, 0xd3, 0xff, 0xf0,
    0x5, 0x33, 0xe0, 0x9, 0x9b, 0xc0, 0x1f, 0xfc,
    0x2, 0x2e, 0x0, 0xdb, 0xbc, 0x60, 0x15, 0x57,
    0x10, 0x4, 0xab, 0xc2, 0x1, 0xff, 0xc9, 0x77,
    0xf0, 0x5, 0x11, 0xe0,

    /* U+00CC "Ì" */
    0x65, 0x0, 0xd, 0x8, 0x38, 0xb0, 0x3, 0x44,
    0x0, 0x6c, 0x0, 0x9f, 0x0, 0xff, 0xf0, 0x80,

    /* U+00CD "Í" */
    0x1, 0x83, 0x9, 0x63, 0x6, 0x80, 0x29, 0x60,
    0x27, 0x0, 0x4f, 0x80, 0x7f, 0xf8, 0x80,

    /* U+00CE "Î" */
    0x0, 0x23, 0x80, 0x43, 0x73, 0x0, 0xa, 0x5d,
    0x72, 0x13, 0xb3, 0xa7, 0x18, 0x10, 0x55, 0x0,
    0x27, 0xc0, 0x3f, 0xff, 0x0,

    /* U+00CF "Ï" */
    0x2e, 0x71, 0xe7, 0x1, 0xf0, 0x1f, 0x2f, 0x81,
    0xf8, 0x0, 0xfd, 0x3e, 0x1, 0xff, 0xf8,

    /* U+00D0 "Ð" */
    0x0, 0x67, 0xfe, 0xd7, 0x0, 0xf0, 0xcc, 0xa1,
    0xa3, 0x44, 0x3, 0x1b, 0x31, 0xee, 0xc5, 0x40,
    0x1f, 0xc9, 0x8, 0x60, 0x40, 0x2, 0x20, 0x4,
    0xc1, 0x6b, 0xa6, 0x5b, 0xa4, 0x0, 0x8, 0x8d,
    0x28, 0x89, 0x54, 0x50, 0xe, 0x15, 0x10, 0x55,
    0x8, 0x0, 0x44, 0x60, 0x1f, 0xcc, 0x16, 0x1,
    0xf9, 0x21, 0xc, 0x2, 0x37, 0x7a, 0xec, 0x54,
    0x1, 0x86, 0x22, 0x68, 0xd1, 0x0,

    /* U+00D1 "Ñ" */
    0x0, 0xe, 0xe8, 0xe9, 0x80, 0x33, 0x32, 0xf1,
    0x50, 0x3, 0x35, 0x37, 0x70, 0x80, 0x30, 0x88,
    0x4, 0x40, 0x14, 0xf9, 0x80, 0x77, 0xc8, 0x3,
    0x80, 0x3f, 0x8a, 0x0, 0x3f, 0x33, 0x98, 0x7,
    0xd2, 0x5c, 0x1, 0xfb, 0x8a, 0x40, 0x3e, 0x37,
    0x64, 0x0, 0xfa, 0xa, 0x80, 0x3f, 0x70, 0xc8,
    0x7, 0xc6, 0xec, 0x1, 0xfa, 0xc, 0x3, 0xfb,
    0x80, 0x0,

    /* U+00D2 "Ò" */
    0x0, 0xcb, 0xe4, 0x1, 0xfe, 0x53, 0x80, 0xf,
    0xfb, 0xd4, 0x40, 0x3f, 0xc7, 0xe2, 0x1, 0xff,
    0xc9, 0x29, 0xef, 0xea, 0x30, 0xe, 0x4d, 0x64,
    0x74, 0x46, 0x38, 0x4, 0x56, 0x5b, 0x51, 0x5c,
    0x90, 0x80, 0xb, 0xe, 0x20, 0xd, 0x43, 0x20,
    0x7, 0x43, 0x0, 0xe1, 0x62, 0x20, 0x88, 0xc0,
    0x3e, 0xc0, 0x60, 0xf, 0xfe, 0x8, 0x88, 0xc0,
    0x3e, 0xc0, 0x60, 0x74, 0x30, 0xe, 0x16, 0x22,
    0x5, 0x87, 0x10, 0x6, 0xa1, 0x90, 0x1, 0x59,
    0x6d, 0x45, 0x72, 0x42, 0x0, 0x49, 0xac, 0x8e,
    0x88, 0xc7, 0x0, 0x0,

    /* U+00D3 "Ó" */
    0x0, 0xfb, 0xa4, 0x3, 0xfc, 0xa3, 0x0, 0x1f,
    0xe8, 0x71, 0x0, 0xff, 0x6c, 0x0, 0x7f, 0xf2,
    0x4a, 0x7b, 0xfa, 0x8c, 0x3, 0x93, 0x59, 0x1d,
    0x11, 0x8e, 0x1, 0x15, 0x96, 0xd4, 0x57, 0x24,
    0x20, 0x2, 0xc3, 0x88, 0x3, 0x50, 0xc8, 0x1,
    0xd0, 0xc0, 0x38, 0x58, 0x88, 0x22, 0x30, 0xf,
    0xb0, 0x18, 0x3, 0xff, 0x82, 0x22, 0x30, 0xf,
    0xb0, 0x18, 0x1d, 0xc, 0x3, 0x85, 0x88, 0x81,
    0x61, 0xc4, 0x1, 0xa8, 0x64, 0x0, 0x56, 0x5b,
    0x51, 0x5c, 0x90, 0x80, 0x12, 0x6b, 0x23, 0xa2,
    0x31, 0xc0, 0x0,

    /* U+00D4 "Ô" */
    0x0, 0xe1, 0x83, 0x0, 0xff, 0x6a, 0x68, 0x80,
    0x7e, 0x90, 0xc7, 0xd0, 0xf, 0xd3, 0x81, 0x38,
    0x1, 0xff, 0xc8, 0x29, 0xef, 0xea, 0x30, 0xe,
    0x4d, 0x64, 0x74, 0x46, 0x38, 0x4, 0x56, 0x5b,
    0x51, 0x5c, 0x90, 0x80, 0xb, 0xe, 0x20, 0xd,
    0x43, 0x20, 0x7, 0x43, 0x0, 0xe1, 0x62, 0x20,
    0x88, 0xc0, 0x3e, 0xc0, 0x60, 0xf, 0xfe, 0x8,
    0x88, 0xc0, 0x3e, 0xc0, 0x60, 0x74, 0x30, 0xe,
    0x16, 0x22, 0x5, 0x87, 0x10, 0x6, 0xa1, 0x90,
    0x1, 0x59, 0x6d, 0x45, 0x72, 0x42, 0x0, 0x49,
    0xac, 0x8e, 0x88, 0xc7, 0x0, 0x0,

    /* U+00D5 "Õ" */
    0x0, 0xcd, 0xd4, 0x3e, 0x1, 0xfa, 0xe0, 0x79,
    0x0, 0x3f, 0x7b, 0x5f, 0x58, 0x7, 0xe2, 0x0,
    0x8, 0x7, 0xe2, 0x9e, 0xfe, 0xa3, 0x0, 0xe4,
    0xd6, 0x47, 0x44, 0x63, 0x80, 0x45, 0x65, 0xb5,
    0x15, 0xc9, 0x8, 0x0, 0xb0, 0xe2, 0x0, 0xd4,
    0x32, 0x0, 0x74, 0x30, 0xe, 0x16, 0x22, 0x8,
    0x8c, 0x3, 0xec, 0x6, 0x0, 0xff, 0xe0, 0x88,
    0x8c, 0x3, 0xec, 0x6, 0x7, 0x43, 0x0, 0xe1,
    0x62, 0x20, 0x58, 0x71, 0x0, 0x6a, 0x19, 0x0,
    0x15, 0x96, 0xd4, 0x57, 0x24, 0x20, 0x4, 0x9a,
    0xc8, 0xe8, 0x8c, 0x70, 0x0,

    /* U+00D6 "Ö" */
    0x0, 0xff, 0xe2, 0xde, 0x85, 0x70, 0x7, 0xe1,
    0x0, 0x8c, 0x3, 0xf5, 0x68, 0x56, 0x80, 0x7f,
    0xf2, 0xa, 0x7b, 0xfa, 0x8c, 0x3, 0x93, 0x59,
    0x1d, 0x11, 0x8e, 0x1, 0x15, 0x96, 0xd4, 0x57,
    0x24, 0x20, 0x2, 0xc3, 0x88, 0x3, 0x50, 0xc8,
    0x1, 0xd0, 0xc0, 0x38, 0x58, 0x88, 0x22, 0x30,
    0xf, 0xb0, 0x18, 0x3, 0xff, 0x82, 0x22, 0x30,
    0xf, 0xb0, 0x18, 0x1d, 0xc, 0x3, 0x85, 0x88,
    0x81, 0x61, 0xc4, 0x1, 0xa8, 0x64, 0x0, 0x56,
    0x5b, 0x51, 0x5c, 0x90, 0x80, 0x12, 0x6b, 0x23,
    0xa2, 0x31, 0xc0, 0x0,

    /* U+00D7 "×" */
    0x0, 0xfd, 0x4c, 0x5, 0x82, 0x7, 0x2f, 0x80,
    0x21, 0x2b, 0x7, 0x80, 0x1, 0x70, 0x24, 0x0,
    0x60, 0x72, 0xd9, 0x4, 0xe0, 0xd4, 0x90,

    /* U+00D8 "Ø" */
    0x0, 0x8a, 0x7b, 0xfa, 0xa9, 0xe4, 0x1, 0x26,
    0xb2, 0x3a, 0x21, 0x54, 0x40, 0x2, 0xb2, 0xda,
    0x8a, 0x0, 0x2a, 0x0, 0x20, 0x38, 0x80, 0x12,
    0x38, 0x30, 0x0, 0x54, 0x30, 0x2, 0x34, 0x1c,
    0x99, 0x8, 0x18, 0x5, 0x26, 0xe0, 0x60, 0xc0,
    0x1d, 0x25, 0xc0, 0x1c, 0x22, 0x30, 0x36, 0x82,
    0x0, 0x60, 0x30, 0x3a, 0x23, 0x8d, 0xc0, 0x2,
    0xc4, 0x40, 0x81, 0xb2, 0xe0, 0xa, 0x86, 0x40,
    0x3, 0x0, 0x8, 0x85, 0x72, 0x42, 0x0, 0x56,
    0x6c, 0xee, 0x44, 0x63, 0x80, 0x0,

    /* U+00D9 "Ù" */
    0x0, 0xf, 0xb8, 0x7, 0xc2, 0xf2, 0x1, 0xfa,
    0x1, 0x80, 0x3f, 0x73, 0x0, 0x7f, 0xf0, 0xa7,
    0xc0, 0x38, 0x7d, 0xc0, 0x3f, 0xfe, 0x2, 0x1,
    0xfd, 0xe0, 0x40, 0x19, 0x40, 0x54, 0x24, 0x3,
    0x40, 0x39, 0x32, 0x6d, 0x53, 0x8e, 0x4, 0x26,
    0x42, 0xaa, 0x2a, 0x70,

    /* U+00DA "Ú" */
    0x0, 0xe9, 0xd0, 0xf, 0x85, 0xa0, 0x3, 0xe9,
    0x35, 0x0, 0xfa, 0x30, 0x3, 0xff, 0x85, 0x3e,
    0x1, 0xc3, 0xee, 0x1, 0xff, 0xf0, 0x10, 0xf,
    0xef, 0x2, 0x0, 0xca, 0x2, 0xa1, 0x20, 0x1a,
    0x1, 0xc9, 0x93, 0x6a, 0x9c, 0x70, 0x21, 0x32,
    0x15, 0x51, 0x53, 0x80,

    /* U+00DB "Û" */
    0x0, 0xce, 0xa0, 0x1f, 0x45, 0xd9, 0x40, 0x39,
    0x1b, 0xaa, 0xc8, 0x3, 0x27, 0x12, 0x71, 0x0,
    0x7f, 0xf0, 0x27, 0xc0, 0x38, 0x7d, 0xc0, 0x3f,
    0xfe, 0x2, 0x1, 0xfd, 0xe0, 0x40, 0x19, 0x40,
    0x54, 0x24, 0x3, 0x40, 0x39, 0x32, 0x6d, 0x53,
    0x8e, 0x4, 0x26, 0x42, 0xaa, 0x2a, 0x70,

    /* U+00DC "Ü" */
    0x0, 0x37, 0x12, 0xf1, 0x80, 0x61, 0x18, 0xc4,
    0x3, 0x9f, 0xcd, 0xbc, 0xc0, 0x3f, 0xf8, 0x13,
    0xe0, 0x1c, 0x3e, 0xe0, 0x1f, 0xff, 0x1, 0x0,
    0xfe, 0xf0, 0x20, 0xc, 0xa0, 0x2a, 0x12, 0x1,
    0xa0, 0x1c, 0x99, 0x36, 0xa9, 0xc7, 0x2, 0x13,
    0x21, 0x55, 0x15, 0x38, 0x0,

    /* U+00DD "Ý" */
    0x0, 0xf3, 0xa0, 0x7, 0xe5, 0x86, 0x0, 0xfd,
    0xe, 0x40, 0x1f, 0xa, 0xc8, 0x7, 0xe1, 0x81,
    0x0, 0xcb, 0xea, 0x1, 0xd7, 0xc0, 0xa7, 0x0,
    0x19, 0x11, 0x0, 0x8, 0x26, 0x0, 0xa0, 0x98,
    0x0, 0x88, 0x80, 0x2, 0x1c, 0x0, 0x68, 0x17,
    0x9, 0x25, 0x0, 0xc6, 0xb2, 0xc5, 0x20, 0x1e,
    0x81, 0x93, 0x40, 0xf, 0x13, 0x7, 0x80, 0x7e,
    0xe0, 0x20, 0xf, 0xfe, 0xc8,

    /* U+00DE "Þ" */
    0xbd, 0x0, 0xfe, 0x22, 0x8, 0x7, 0x16, 0xeb,
    0xbe, 0x40, 0x21, 0xaa, 0x9d, 0xac, 0x0, 0x6a,
    0xb4, 0x4a, 0x20, 0x3, 0xcc, 0x18, 0x1, 0xff,
    0xc3, 0x50, 0xd0, 0x0, 0x88, 0x96, 0xc9, 0x40,
    0xbb, 0x9b, 0x45, 0xe0, 0x1, 0xbb, 0xb7, 0x8,
    0x0, 0x68, 0x91, 0x0, 0x40,

    /* U+00DF "ß" */
    0x1, 0x9e, 0xfd, 0x70, 0xb, 0x19, 0x90, 0xd1,
    0x20, 0xc5, 0x90, 0xf6, 0xac, 0x18, 0x26, 0x1,
    0x10, 0x0, 0x4c, 0x0, 0x28, 0xca, 0x1, 0xbb,
    0x96, 0xb4, 0x1, 0xb6, 0xe1, 0x6c, 0x3, 0x1a,
    0x3d, 0x22, 0x80, 0x79, 0x43, 0x40, 0x3c, 0xe1,
    0xa0, 0x1, 0x67, 0xa9, 0x25, 0x0, 0xa6, 0x1d,
    0xda, 0x0,

    /* U+00E0 "à" */
    0x0, 0x5e, 0x0, 0x7d, 0x26, 0x80, 0x1e, 0x26,
    0xf0, 0xf, 0xa6, 0xc0, 0x38, 0xaf, 0xfa, 0x13,
    0xcc, 0x71, 0x62, 0x9, 0x20, 0x9, 0x1c, 0x76,
    0xc0, 0x9, 0x50, 0x80, 0x2a, 0x0, 0x19, 0x0,
    0x62, 0x0, 0x19, 0x0, 0x63, 0x0, 0x2a, 0x8,
    0x5, 0x40, 0x9, 0x1c, 0x43, 0xa2, 0x0, 0xf,
    0xb5, 0xe1, 0xd8, 0x0,

    /* U+00E1 "á" */
    0x0, 0xc9, 0xe6, 0x1, 0xef, 0x43, 0x0, 0xe3,
    0x49, 0x0, 0xf1, 0xf9, 0x0, 0x62, 0xbf, 0xe8,
    0x4f, 0x31, 0xc5, 0x88, 0x24, 0x80, 0x24, 0x71,
    0xdb, 0x0, 0x25, 0x42, 0x0, 0xa8, 0x0, 0x64,
    0x1, 0x88, 0x0, 0x64, 0x1, 0x8c, 0x0, 0xa8,
    0x20, 0x15, 0x0, 0x24, 0x71, 0xe, 0x88, 0x0,
    0x3e, 0xd7, 0x87, 0x60, 0x0,

    /* U+00E2 "â" */
    0x0, 0xaf, 0xcc, 0x3, 0x99, 0x5f, 0x80, 0x30,
    0xdd, 0x43, 0x38, 0x4, 0x3a, 0x81, 0x6e, 0x1,
    0x15, 0xff, 0x42, 0x79, 0x8e, 0x2c, 0x41, 0x24,
    0x1, 0x23, 0x8e, 0xd8, 0x1, 0x2a, 0x10, 0x5,
    0x40, 0x3, 0x20, 0xc, 0x40, 0x3, 0x20, 0xc,
    0x60, 0x5, 0x41, 0x0, 0xa8, 0x1, 0x23, 0x88,
    0x74, 0x40, 0x1, 0xf6, 0xbc, 0x3b, 0x0, 0x0,

    /* U+00E3 "ã" */
    0x0, 0x5f, 0x33, 0x28, 0x2, 0x35, 0xa8, 0x9f,
    0x0, 0x8f, 0x13, 0xb8, 0xa0, 0x11, 0x4f, 0xf4,
    0xa7, 0x98, 0xe2, 0xc4, 0x12, 0x40, 0x12, 0x38,
    0xed, 0x80, 0x12, 0xa1, 0x0, 0x54, 0x0, 0x32,
    0x0, 0xc4, 0x0, 0x32, 0x0, 0xc6, 0x0, 0x54,
    0x10, 0xa, 0x80, 0x12, 0x38, 0x87, 0x44, 0x0,
    0x1f, 0x6b, 0xc3, 0xb0, 0x0,

    /* U+00E4 "ä" */
    0x1, 0xe7, 0x1e, 0x80, 0x8, 0xc7, 0xc0, 0x40,
    0x31, 0x7c, 0xf, 0xc0, 0x4, 0x57, 0xfd, 0x9,
    0xe6, 0x38, 0xb1, 0x4, 0x90, 0x4, 0x8e, 0x3b,
    0x60, 0x4, 0xa8, 0x40, 0x15, 0x0, 0xc, 0x80,
    0x31, 0x0, 0xc, 0x80, 0x31, 0x80, 0x15, 0x4,
    0x2, 0xa0, 0x4, 0x8e, 0x21, 0xd1, 0x0, 0x7,
    0xda, 0xf0, 0xec, 0x0,

    /* U+00E5 "å" */
    0x0, 0xe, 0x73, 0x0, 0x75, 0x2d, 0x49, 0x0,
    0x67, 0xf5, 0x11, 0x0, 0x6f, 0x9e, 0x73, 0x0,
    0xc7, 0xfd, 0x20, 0x18, 0xaf, 0xfd, 0x9, 0xe6,
    0x38, 0xb1, 0x4, 0x90, 0x4, 0x8e, 0x3b, 0x60,
    0x4, 0xa8, 0x40, 0x15, 0x0, 0xc, 0x80, 0x31,
    0x0, 0xc, 0x80, 0x31, 0x80, 0x15, 0x4, 0x2,
    0xa0, 0x4, 0x8e, 0x21, 0xd1, 0x0, 0x7, 0xda,
    0xf0, 0xec, 0x0,

    /* U+00E6 "æ" */
    0x0, 0x2e, 0xfe, 0xb0, 0x1e, 0x7f, 0x40, 0x4,
    0x94, 0x97, 0x53, 0x18, 0xb5, 0x2f, 0x20, 0xf,
    0x49, 0x47, 0x67, 0x69, 0x57, 0xa6, 0x10, 0xbb,
    0x0, 0x5c, 0x14, 0x1, 0x20, 0x38, 0xd, 0x7f,
    0xd0, 0x19, 0xff, 0x70, 0x8, 0x6b, 0xd6, 0x61,
    0xc2, 0x73, 0x39, 0x80, 0xe9, 0x4c, 0xe0, 0xe3,
    0x38, 0x60, 0x80, 0xe5, 0x96, 0x9a, 0x5e, 0x55,
    0xb1, 0xcc, 0x39, 0x66, 0x87, 0xda, 0x92, 0xa1,
    0xf0, 0x0,

    /* U+00E7 "ç" */
    0x1, 0x9e, 0xfc, 0x40, 0x6, 0x3b, 0x48, 0x59,
    0xc1, 0x6c, 0x36, 0x14, 0x22, 0xc, 0x2, 0xc9,
    0x22, 0x0, 0x61, 0x23, 0x30, 0x7, 0x91, 0x2,
    0x1, 0x55, 0xd8, 0x75, 0xa, 0x17, 0x4a, 0xca,
    0xf5, 0xdc, 0xc0, 0x9c, 0xad, 0xd0, 0x1, 0xa,
    0xbd, 0x80, 0x61, 0xef, 0x51, 0x0, 0x87, 0xbd,
    0xc4, 0x0,

    /* U+00E8 "è" */
    0x0, 0x39, 0x80, 0x7b, 0x7c, 0x3, 0xd0, 0x68,
    0x1, 0xc5, 0x40, 0x1f, 0x2a, 0x0, 0x62, 0xbf,
    0xea, 0x10, 0x1c, 0x58, 0x94, 0xc0, 0x91, 0xf7,
    0x76, 0x12, 0xa9, 0x4, 0x0, 0x44, 0xc3, 0x4f,
    0xfc, 0x46, 0x47, 0x99, 0xd0, 0x86, 0x46, 0x74,
    0xbc, 0x8e, 0x3b, 0xb1, 0x10, 0x38, 0xd1, 0x7,
    0xc1,

    /* U+00E9 "é" */
    0x0, 0xc7, 0x2, 0x1, 0xd0, 0x62, 0x1, 0x8d,
    0x24, 0x3, 0x9e, 0x48, 0x3, 0x91, 0x80, 0x31,
    0x5f, 0xf5, 0x8, 0xe, 0x2c, 0x4a, 0x60, 0x48,
    0xfb, 0xbb, 0x9, 0x54, 0x82, 0x0, 0x22, 0x61,
    0xa7, 0xfe, 0x23, 0x23, 0xcc, 0xe8, 0x43, 0x23,
    0x3a, 0x5e, 0x47, 0x1d, 0xd8, 0x88, 0x1c, 0x68,
    0x83, 0xe0, 0x80,

    /* U+00EA "ê" */
    0x0, 0xf, 0x70, 0x40, 0x35, 0xa2, 0xd8, 0x4,
    0x6f, 0x74, 0xe6, 0x0, 0x3d, 0x11, 0x69, 0x80,
    0xa, 0xff, 0xa8, 0x40, 0x71, 0x62, 0x53, 0x2,
    0x47, 0xdd, 0xd8, 0x4a, 0xa4, 0x10, 0x1, 0x13,
    0xd, 0x3f, 0xf1, 0x19, 0x1e, 0x67, 0x42, 0x19,
    0x19, 0xd2, 0xf2, 0x38, 0xee, 0xc4, 0x40, 0xe3,
    0x44, 0x1f, 0x4,

    /* U+00EB "ë" */
    0x4, 0xf4, 0x47, 0xa0, 0x0, 0x40, 0x30, 0x80,
    0x17, 0xd1, 0x1e, 0xa0, 0x2, 0xbf, 0xea, 0x10,
    0x1c, 0x58, 0x94, 0xc0, 0x91, 0xf7, 0x76, 0x12,
    0xa9, 0x4, 0x0, 0x44, 0xc3, 0x4f, 0xfc, 0x46,
    0x47, 0x99, 0xd0, 0x86, 0x46, 0x74, 0xbc, 0x8e,
    0x3b, 0xb1, 0x10, 0x38, 0xd1, 0x7, 0xc1,

    /* U+00EC "ì" */
    0xb, 0xc0, 0x4, 0x19, 0x80, 0xd6, 0x0, 0x15,
    0x60, 0x8, 0xf0, 0xf, 0xfe, 0xa0,

    /* U+00ED "í" */
    0x4, 0xf3, 0x8, 0x53, 0x3a, 0x0, 0xfc, 0x82,
    0x3c, 0x3, 0xff, 0xac,

    /* U+00EE "î" */
    0x0, 0x67, 0x98, 0x1, 0xc6, 0x38, 0x7, 0x39,
    0xd1, 0x86, 0xcc, 0x25, 0x80, 0x11, 0xe0, 0x1f,
    0xfe, 0x60,

    /* U+00EF "ï" */
    0x2e, 0x71, 0xe7, 0x1, 0x3, 0x1f, 0x2f, 0x72,
    0xf8, 0x0, 0x47, 0x80, 0x7f, 0xf9, 0x80,

    /* U+00F0 "ð" */
    0x2, 0xb3, 0x6, 0x60, 0x7, 0x3e, 0x74, 0x80,
    0x71, 0x28, 0x9, 0x20, 0x7, 0x1d, 0xe1, 0xe0,
    0x80, 0x6a, 0x43, 0xc1, 0xd0, 0xc, 0x79, 0xfe,
    0x33, 0x30, 0x0, 0xb0, 0x6a, 0x5c, 0x2c, 0x1,
    0x1, 0x8a, 0x96, 0x64, 0x20, 0x8a, 0x20, 0x15,
    0x1, 0x0, 0x90, 0x6, 0x20, 0x8, 0x48, 0x3,
    0x18, 0x10, 0x3a, 0x90, 0x5, 0x46, 0x21, 0x3,
    0x8e, 0xd8, 0x5e, 0x0, 0x1c, 0x48, 0x97, 0xc3,
    0x0,

    /* U+00F1 "ñ" */
    0x3, 0xec, 0x2c, 0x40, 0x5, 0x3a, 0x69, 0x20,
    0x2, 0x22, 0xee, 0x0, 0x2b, 0xd7, 0x7a, 0xc8,
    0x0, 0x31, 0x34, 0xbe, 0x1, 0x7a, 0x2c, 0x11,
    0x0, 0x6, 0x0, 0x50, 0x60, 0x10, 0xf, 0xfe,
    0xd0,

    /* U+00F2 "ò" */
    0x0, 0x3a, 0x80, 0x7e, 0xa0, 0xf, 0x9c, 0x5c,
    0x3, 0xea, 0x10, 0xf, 0x91, 0x80, 0x38, 0x6b,
    0xbf, 0x10, 0x0, 0x38, 0x8d, 0x21, 0x6a, 0x12,
    0x5b, 0xd, 0x89, 0x60, 0xa8, 0x60, 0x17, 0x8a,
    0x19, 0x0, 0x66, 0x1, 0x32, 0x0, 0xcc, 0x2,
    0xa8, 0x60, 0x17, 0x8a, 0x41, 0x6c, 0x36, 0x25,
    0x80, 0x31, 0x1a, 0x42, 0xd4, 0x0,

    /* U+00F3 "ó" */
    0x0, 0xc3, 0x4, 0x1, 0xe9, 0x62, 0x0, 0xf3,
    0xc0, 0x7, 0x8a, 0x18, 0x3, 0xc4, 0xe0, 0x1c,
    0x35, 0xdf, 0x88, 0x0, 0x1c, 0x46, 0x90, 0xb5,
    0x9, 0x2d, 0x86, 0xc4, 0xb0, 0x54, 0x30, 0xb,
    0xc5, 0xc, 0x80, 0x33, 0x0, 0x99, 0x0, 0x66,
    0x1, 0x54, 0x30, 0xb, 0xc5, 0x20, 0xb6, 0x1b,
    0x12, 0xc0, 0x18, 0x8d, 0x21, 0x6a, 0x0,

    /* U+00F4 "ô" */
    0x0, 0xb3, 0xcc, 0x3, 0x9c, 0x5f, 0x80, 0x30,
    0xd7, 0x43, 0x30, 0x2, 0x1d, 0x30, 0xb6, 0x0,
    0x86, 0xbb, 0xf1, 0x0, 0x3, 0x88, 0xd2, 0x16,
    0xa1, 0x25, 0xb0, 0xd8, 0x96, 0xa, 0x86, 0x1,
    0x78, 0xa1, 0x90, 0x6, 0x60, 0x13, 0x20, 0xc,
    0xc0, 0x2a, 0x86, 0x1, 0x78, 0xa4, 0x16, 0xc3,
    0x62, 0x58, 0x3, 0x11, 0xa4, 0x2d, 0x40,

    /* U+00F5 "õ" */
    0x1, 0xdf, 0xfa, 0x0, 0x21, 0xfd, 0xd7, 0x40,
    0x6, 0x22, 0x84, 0x3, 0xd, 0x77, 0xe2, 0x0,
    0x7, 0x11, 0xa4, 0x2d, 0x42, 0x4b, 0x61, 0xb1,
    0x2c, 0x15, 0xc, 0x2, 0xf1, 0x43, 0x20, 0xc,
    0xc0, 0x26, 0x40, 0x19, 0x80, 0x55, 0xc, 0x2,
    0xf1, 0x48, 0x2d, 0x86, 0xc4, 0xb0, 0x6, 0x23,
    0x48, 0x5a, 0x80,

    /* U+00F6 "ö" */
    0x2, 0xe7, 0x1e, 0x70, 0xc, 0x20, 0x63, 0xe0,
    0x11, 0x7b, 0x97, 0xc0, 0x4, 0x35, 0xdf, 0x88,
    0x0, 0x1c, 0x46, 0x90, 0xb5, 0x9, 0x2d, 0x86,
    0xc4, 0xb0, 0x54, 0x30, 0xb, 0xc5, 0xc, 0x80,
    0x33, 0x0, 0x99, 0x0, 0x66, 0x1, 0x54, 0x30,
    0xb, 0xc5, 0x20, 0xb6, 0x1b, 0x12, 0xc0, 0x18,
    0x8d, 0x21, 0x6a, 0x0,

    /* U+00F7 "÷" */
    0x0, 0x97, 0xd0, 0x3, 0x8c, 0x8, 0x3, 0x9b,
    0x58, 0x0, 0x3f, 0xf6, 0xff, 0xac, 0x73, 0x3d,
    0x20, 0x67, 0x11, 0x98, 0x80, 0x26, 0xe5, 0x0,
    0xe3, 0x1, 0x0, 0x0,

    /* U+00F8 "ø" */
    0x0, 0xfb, 0x50, 0x2, 0x2a, 0xef, 0xd3, 0x40,
    0x0, 0xe2, 0x34, 0x10, 0xa0, 0x2, 0x7, 0x20,
    0x8c, 0xa4, 0x0, 0xea, 0x41, 0x10, 0xb2, 0x30,
    0x12, 0x7, 0x64, 0x20, 0x70, 0x12, 0x19, 0x90,
    0x10, 0x38, 0x3a, 0xdb, 0x90, 0x51, 0x18, 0x40,
    0xa8, 0x3e, 0x1c, 0x80, 0x5, 0x9, 0xe0, 0x2d,
    0x0, 0x2d, 0xd7, 0x7e, 0x20, 0x0,

    /* U+00F9 "ù" */
    0x2, 0x81, 0x0, 0xe2, 0x69, 0x0, 0xf4, 0x38,
    0x7, 0x9a, 0x8, 0x3, 0xce, 0x40, 0x15, 0x70,
    0x4, 0xbe, 0x40, 0x1f, 0xfd, 0x92, 0x0, 0x10,
    0x80, 0x58, 0x0, 0xc0, 0xb6, 0xa5, 0x0, 0x24,
    0x2c, 0x9c, 0x0, 0x0,

    /* U+00FA "ú" */
    0x0, 0xca, 0xe0, 0x1e, 0xa0, 0xf, 0x38, 0xb8,
    0x7, 0xd, 0x0, 0x79, 0x90, 0x2, 0xae, 0x0,
    0x97, 0xc8, 0x3, 0xff, 0xb2, 0x40, 0x2, 0x10,
    0xb, 0x0, 0x18, 0x16, 0xd4, 0xa0, 0x4, 0x85,
    0x93, 0x80, 0x0,

    /* U+00FB "û" */
    0x0, 0x27, 0xd8, 0x6, 0x1a, 0x96, 0x70, 0x9,
    0xdc, 0xdd, 0x82, 0x0, 0x69, 0x3, 0xb1, 0xa,
    0xe0, 0x9, 0x7c, 0x80, 0x3f, 0xfb, 0x24, 0x0,
    0x21, 0x0, 0xb0, 0x1, 0x81, 0x6d, 0x4a, 0x0,
    0x48, 0x59, 0x38, 0x0, 0x0,

    /* U+00FC "ü" */
    0x8, 0xe1, 0x8e, 0x10, 0x0, 0x80, 0x42, 0x1,
    0x4f, 0xc, 0x78, 0x85, 0x70, 0x4, 0xbe, 0x40,
    0x1f, 0xfd, 0x92, 0x0, 0x10, 0x80, 0x58, 0x0,
    0xc0, 0xb6, 0xa5, 0x0, 0x24, 0x2c, 0x9c, 0x0,
    0x0,

    /* U+00FD "ý" */
    0x0, 0xe6, 0x50, 0xf, 0x14, 0x88, 0x7, 0xa1,
    0x10, 0x1, 0xed, 0x90, 0xf, 0x9c, 0x80, 0x22,
    0xf6, 0x0, 0xdf, 0x24, 0x74, 0x1, 0x28, 0x50,
    0x51, 0x90, 0x3, 0x88, 0xc1, 0xc2, 0x80, 0x52,
    0x80, 0x2, 0xaa, 0x6, 0x6, 0x0, 0xb8, 0x8e,
    0x90, 0x40, 0x24, 0x18, 0x2e, 0x0, 0xe7, 0x41,
    0x50, 0xe, 0xa0, 0x70, 0xf, 0x28, 0x58, 0x4,
    0x4d, 0x32, 0x72, 0x0, 0x92, 0x52, 0x60, 0x3,
    0x0,

    /* U+00FE "þ" */
    0xbc, 0x0, 0xff, 0xec, 0x1e, 0x7e, 0xb8, 0x4,
    0x5a, 0x92, 0xf1, 0x0, 0x0, 0xc4, 0x1a, 0x95,
    0xc4, 0x0, 0xc0, 0x14, 0x82, 0x1, 0x0, 0x62,
    0x3, 0x2, 0x0, 0xc4, 0x6, 0x0, 0x60, 0xa,
    0x41, 0x0, 0x62, 0xd, 0x4b, 0x2, 0x5, 0xa9,
    0x29, 0xe, 0x1, 0x1e, 0x7f, 0x38, 0x7, 0xff,
    0x20,

    /* U+00FF "ÿ" */
    0x0, 0x5e, 0x5, 0x68, 0x6, 0x71, 0x1, 0x0,
    0xec, 0xd0, 0xbd, 0x0, 0x17, 0xb0, 0x6, 0xf9,
    0x23, 0xa0, 0x9, 0x42, 0x82, 0x8c, 0x80, 0x1c,
    0x46, 0xe, 0x14, 0x2, 0x94, 0x0, 0x15, 0x50,
    0x30, 0x30, 0x5, 0xc4, 0x74, 0x82, 0x1, 0x20,
    0xc1, 0x70, 0x7, 0x3a, 0xa, 0x80, 0x75, 0x3,
    0x80, 0x79, 0x42, 0xc0, 0x22, 0x69, 0x93, 0x90,
    0x4, 0x92, 0x93, 0x0, 0x18,

    /* U+0102 "Ă" */
    0x0, 0xa2, 0xc0, 0x79, 0x40, 0x3d, 0x2f, 0xfc,
    0xea, 0x1, 0xe1, 0xce, 0xf9, 0x0, 0xfe, 0x10,
    0xf, 0xf2, 0x7f, 0x80, 0x3f, 0xb8, 0x0, 0xc0,
    0x1f, 0x95, 0x43, 0xa0, 0x1f, 0x28, 0x7b, 0x20,
    0x80, 0x7b, 0xc1, 0x6c, 0x1c, 0x3, 0xca, 0xa0,
    0x31, 0xa0, 0xe, 0x50, 0xf0, 0x3, 0x19, 0x0,
    0x6e, 0x7, 0x22, 0x68, 0x28, 0x4, 0x28, 0x1b,
    0xb5, 0x5, 0x0, 0x4e, 0x11, 0x55, 0x94, 0x88,
    0x0, 0xa1, 0x75, 0x5d, 0x1, 0x40, 0x26, 0xe0,
    0x1c, 0x46, 0xc0,

    /* U+0103 "ă" */
    0x4, 0xe0, 0x3, 0x58, 0x4, 0x82, 0x81, 0x58,
    0x1, 0xaa, 0xfd, 0xdc, 0x1, 0x97, 0xfa, 0xc0,
    0x31, 0x5f, 0xfa, 0x13, 0xcc, 0x71, 0x62, 0x9,
    0x20, 0x9, 0x1c, 0x76, 0xc0, 0x9, 0x50, 0x80,
    0x2a, 0x0, 0x19, 0x0, 0x62, 0x0, 0x19, 0x0,
    0x63, 0x0, 0x2a, 0x8, 0x5, 0x40, 0x9, 0x1c,
    0x43, 0xa2, 0x0, 0xf, 0xb5, 0xe1, 0xd8, 0x0,

    /* U+0110 "Đ" */
    0x0, 0x67, 0xfe, 0xd7, 0x0, 0xf0, 0xcc, 0xa1,
    0xa3, 0x44, 0x3, 0x1b, 0x31, 0xee, 0xc5, 0x40,
    0x1f, 0xc9, 0x8, 0x60, 0x40, 0x2, 0x20, 0x4,
    0xc1, 0x6b, 0xa6, 0x5b, 0xa4, 0x0, 0x8, 0x8d,
    0x28, 0x89, 0x54, 0x50, 0xe, 0x15, 0x10, 0x55,
    0x8, 0x0, 0x44, 0x60, 0x1f, 0xcc, 0x16, 0x1,
    0xf9, 0x21, 0xc, 0x2, 0x37, 0x7a, 0xec, 0x54,
    0x1, 0x86, 0x22, 0x68, 0xd1, 0x0,

    /* U+0111 "đ" */
    0x0, 0xf9, 0xbc, 0x80, 0x3f, 0xf8, 0xb3, 0xf2,
    0x1b, 0x20, 0x1d, 0x78, 0xe1, 0x56, 0x0, 0x3b,
    0xfc, 0x4e, 0x7, 0x20, 0x2c, 0x68, 0x85, 0x58,
    0x6, 0x80, 0xc7, 0x6c, 0x30, 0xc, 0x8a, 0x20,
    0x1, 0x60, 0xc, 0x24, 0x1, 0xb8, 0x3, 0x9,
    0x0, 0x6e, 0x0, 0xc8, 0xa2, 0x0, 0x16, 0x0,
    0xd0, 0x3e, 0xed, 0x86, 0x1, 0x8b, 0xa, 0x2e,
    0xac, 0x2,

    /* U+0128 "Ĩ" */
    0xb, 0xe6, 0x65, 0x1a, 0xdc, 0x4f, 0x9e, 0x2f,
    0x71, 0x40, 0x80, 0x2, 0x1, 0x4f, 0x80, 0x7f,
    0xfe, 0x0,

    /* U+0129 "ĩ" */
    0xc, 0xe6, 0x65, 0x18, 0xd4, 0x4f, 0x9f, 0xa7,
    0x71, 0x40, 0xa3, 0xc4, 0x3, 0xff, 0xca,

    /* U+0168 "Ũ" */
    0x0, 0x17, 0x61, 0x5a, 0x80, 0x6a, 0x7b, 0xd5,
    0x40, 0xd, 0x30, 0xfd, 0xe2, 0x1, 0x84, 0x40,
    0x22, 0x0, 0xa7, 0xc0, 0x38, 0x7d, 0xc0, 0x3f,
    0xfe, 0x2, 0x1, 0xfd, 0xe0, 0x40, 0x19, 0x40,
    0x54, 0x24, 0x3, 0x40, 0x39, 0x32, 0x6d, 0x53,
    0x8e, 0x4, 0x26, 0x42, 0xaa, 0x2a, 0x70,

    /* U+0169 "ũ" */
    0x7, 0xff, 0xc2, 0x0, 0x5d, 0xdb, 0xc4, 0x0,
    0x45, 0x80, 0x2a, 0xe0, 0x9, 0x7c, 0x80, 0x3f,
    0xfb, 0x24, 0x0, 0x21, 0x0, 0xb0, 0x1, 0x81,
    0x6d, 0x4a, 0x0, 0x48, 0x59, 0x38, 0x0, 0x0,

    /* U+01A0 "Ơ" */
    0x0, 0xff, 0x7b, 0x80, 0x61, 0x9d, 0xff, 0xc0,
    0x20, 0x11, 0xfb, 0x31, 0xd4, 0x0, 0xec, 0x0,
    0x1d, 0xc, 0xb8, 0xae, 0x35, 0x10, 0x4, 0x8d,
    0x98, 0x4, 0x3c, 0x50, 0x0, 0x52, 0x50, 0xe,
    0x25, 0x60, 0x1, 0x20, 0x7, 0xde, 0x6, 0x20,
    0x20, 0x1f, 0x8, 0x30, 0x80, 0x80, 0x7c, 0x20,
    0x20, 0x48, 0x1, 0xf7, 0x82, 0x85, 0x12, 0x80,
    0x71, 0x2a, 0x8, 0x38, 0xd9, 0x80, 0x43, 0xc1,
    0x0, 0x16, 0x86, 0x5c, 0x57, 0x1c, 0x98, 0x4,
    0x7e, 0xcc, 0x74, 0x5c, 0x60, 0x0,

    /* U+01A1 "ơ" */
    0x0, 0xf8, 0x7d, 0x0, 0x3e, 0x20, 0x70, 0x1,
    0x57, 0x7f, 0xb2, 0xc, 0x7, 0x11, 0xa0, 0xc0,
    0x34, 0xe, 0x43, 0xe1, 0xc0, 0x1, 0xd4, 0x80,
    0x2a, 0x3, 0x1, 0x20, 0xc, 0x40, 0xe0, 0x24,
    0x1, 0x88, 0x18, 0x1d, 0x48, 0x2, 0xa2, 0x20,
    0x40, 0xe3, 0xbb, 0xe, 0x40, 0x3, 0x89, 0x30,
    0x18, 0x80,

    /* U+01AF "Ư" */
    0x0, 0xfe, 0x1f, 0x60, 0xf, 0xe2, 0x3, 0x9f,
    0x0, 0xe1, 0xfc, 0x25, 0x0, 0xfe, 0x7d, 0x0,
    0xff, 0x78, 0x7, 0xff, 0x98, 0x40, 0x3f, 0xef,
    0x2, 0x0, 0xca, 0x2, 0x0, 0x50, 0x90, 0xd,
    0x0, 0xe0, 0x2, 0x64, 0xda, 0xa7, 0x1c, 0x8,
    0x5, 0x32, 0x15, 0x51, 0x53, 0x80, 0x40,

    /* U+01B0 "ư" */
    0x0, 0xf9, 0x54, 0x1, 0xf7, 0x7f, 0x50, 0x5,
    0x3e, 0x9c, 0x1, 0xf7, 0xa0, 0x7, 0xff, 0x3c,
    0xc0, 0x31, 0x0, 0x42, 0xc0, 0x12, 0x80, 0x48,
    0x72, 0xd8, 0x1, 0xa1, 0x9e, 0x2d, 0xc0, 0x20,

    /* U+1EA0 "Ạ" */
    0x0, 0xc9, 0xfe, 0x0, 0xfe, 0xe0, 0x3, 0x0,
    0x7e, 0x55, 0xe, 0x80, 0x7c, 0xa1, 0xec, 0x82,
    0x1, 0xef, 0x5, 0xb0, 0x70, 0xf, 0x2a, 0x80,
    0xc6, 0x80, 0x39, 0x43, 0xc0, 0xc, 0x64, 0x1,
    0xb8, 0x1c, 0x89, 0xa0, 0xa0, 0x10, 0xa0, 0x6e,
    0xd4, 0x14, 0x1, 0x38, 0x45, 0x56, 0x52, 0x20,
    0x2, 0x85, 0xd5, 0x74, 0x5, 0x0, 0x9b, 0x80,
    0x71, 0x1b, 0x0, 0xfc, 0x80, 0x7b, 0x38, 0x3,
    0xc2, 0x1, 0xfe, 0x1e, 0xc0, 0xf, 0xe1, 0x26,
    0x0, 0xe0,

    /* U+1EA1 "ạ" */
    0x2, 0xbf, 0xe8, 0x4f, 0x31, 0xc5, 0x88, 0x24,
    0x80, 0x24, 0x71, 0xdb, 0x0, 0x25, 0x42, 0x0,
    0xa8, 0x0, 0x64, 0x1, 0x88, 0x0, 0x64, 0x1,
    0x8c, 0x0, 0xa8, 0x20, 0x15, 0x0, 0x24, 0x71,
    0xe, 0x88, 0x0, 0x3e, 0xd7, 0x87, 0x60, 0x10,
    0xdf, 0xfa, 0x57, 0xcc, 0x3, 0x8, 0x7, 0xd5,
    0xc4, 0x1, 0xe3, 0x13, 0x0, 0x80,

    /* U+1EA2 "Ả" */
    0x0, 0xc9, 0xba, 0x40, 0xf, 0xd9, 0x35, 0xe0,
    0x1f, 0xa1, 0xe7, 0x40, 0x3f, 0x92, 0xd8, 0x3,
    0xf9, 0xd4, 0x3, 0xf9, 0x3f, 0xc0, 0x1f, 0xdc,
    0x0, 0x60, 0xf, 0xca, 0xa1, 0xd0, 0xf, 0x94,
    0x3d, 0x90, 0x40, 0x3d, 0xe0, 0xb6, 0xe, 0x1,
    0xe5, 0x50, 0x18, 0xd0, 0x7, 0x28, 0x78, 0x1,
    0x8c, 0x80, 0x37, 0x3, 0x91, 0x34, 0x14, 0x2,
    0x14, 0xd, 0xda, 0x82, 0x80, 0x27, 0x8, 0xaa,
    0xca, 0x44, 0x0, 0x50, 0xba, 0xae, 0x80, 0xa0,
    0x13, 0x70, 0xe, 0x23, 0x60,

    /* U+1EA3 "ả" */
    0x0, 0xe, 0x74, 0x0, 0x72, 0xa6, 0x38, 0x7,
    0x24, 0x40, 0xc0, 0x3c, 0x6d, 0x80, 0x1e, 0x3c,
    0x0, 0xe2, 0xbf, 0xe8, 0x4f, 0x31, 0xc5, 0x88,
    0x24, 0x80, 0x24, 0x71, 0xdb, 0x0, 0x25, 0x42,
    0x0, 0xa8, 0x0, 0x64, 0x1, 0x88, 0x0, 0x64,
    0x1, 0x8c, 0x0, 0xa8, 0x20, 0x15, 0x0, 0x24,
    0x71, 0xe, 0x88, 0x0, 0x3e, 0xd7, 0x87, 0x60,
    0x0,

    /* U+1EA4 "Ấ" */
    0x0, 0xfc, 0x5e, 0xc0, 0x1f, 0xd4, 0x2c, 0x1,
    0xfc, 0xd2, 0x1, 0xe2, 0xfd, 0x29, 0x70, 0xf,
    0x7b, 0xb4, 0xb8, 0x7, 0x8e, 0xa2, 0xf0, 0x80,
    0x3c, 0x6e, 0x0, 0x72, 0x0, 0xf9, 0x3f, 0xc0,
    0x1f, 0xdc, 0x0, 0x60, 0xf, 0xca, 0xa1, 0xd0,
    0xf, 0x94, 0x3d, 0x90, 0x40, 0x3d, 0xe0, 0xb6,
    0xe, 0x1, 0xe5, 0x50, 0x18, 0xd0, 0x7, 0x28,
    0x78, 0x1, 0x8c, 0x80, 0x37, 0x3, 0x91, 0x34,
    0x14, 0x2, 0x14, 0xd, 0xda, 0x82, 0x80, 0x27,
    0x8, 0xaa, 0xca, 0x44, 0x0, 0x50, 0xba, 0xae,
    0x80, 0xa0, 0x13, 0x70, 0xe, 0x23, 0x60,

    /* U+1EA5 "ấ" */
    0x0, 0xf9, 0x58, 0x3, 0xc3, 0x40, 0x1f, 0x49,
    0xb0, 0x5, 0x9e, 0x7b, 0xc0, 0x13, 0x8c, 0x6a,
    0x90, 0x0, 0x73, 0x9d, 0xcc, 0x1, 0xd, 0x98,
    0x4b, 0x0, 0x45, 0x7f, 0xd0, 0x9e, 0x63, 0x8b,
    0x10, 0x49, 0x0, 0x48, 0xe3, 0xb6, 0x0, 0x4a,
    0x84, 0x1, 0x50, 0x0, 0xc8, 0x3, 0x10, 0x0,
    0xc8, 0x3, 0x18, 0x1, 0x50, 0x40, 0x2a, 0x0,
    0x48, 0xe2, 0x1d, 0x10, 0x0, 0x7d, 0xaf, 0xe,
    0xc0, 0x0,

    /* U+1EA6 "Ầ" */
    0x0, 0xf2, 0x79, 0x80, 0x7f, 0x22, 0x24, 0x3,
    0xf2, 0x1c, 0x29, 0x0, 0x79, 0xab, 0x3, 0xc8,
    0x3, 0x8e, 0x76, 0x74, 0x40, 0x3c, 0x5c, 0x6d,
    0x80, 0x1f, 0x8, 0x80, 0x4, 0x20, 0x1f, 0x27,
    0xf8, 0x3, 0xfb, 0x80, 0xc, 0x1, 0xf9, 0x54,
    0x3a, 0x1, 0xf2, 0x87, 0xb2, 0x8, 0x7, 0xbc,
    0x16, 0xc1, 0xc0, 0x3c, 0xaa, 0x3, 0x1a, 0x0,
    0xe5, 0xf, 0x0, 0x31, 0x90, 0x6, 0xe0, 0x72,
    0x26, 0x82, 0x80, 0x42, 0x81, 0xbb, 0x50, 0x50,
    0x4, 0xe1, 0x15, 0x59, 0x48, 0x80, 0xa, 0x17,
    0x55, 0xd0, 0x14, 0x2, 0x6e, 0x1, 0xc4, 0x6c,
    0x0,

    /* U+1EA7 "ầ" */
    0x0, 0xe2, 0x0, 0xfd, 0xd6, 0x1, 0xf7, 0x21,
    0x80, 0x6b, 0xf1, 0xb0, 0xc, 0xca, 0xdc, 0x86,
    0x0, 0x18, 0xb9, 0x8, 0x0, 0x87, 0x94, 0x36,
    0x0, 0x22, 0xbf, 0xe8, 0x4f, 0x31, 0xc5, 0x88,
    0x24, 0x80, 0x24, 0x71, 0xdb, 0x0, 0x25, 0x42,
    0x0, 0xa8, 0x0, 0x64, 0x1, 0x88, 0x0, 0x64,
    0x1, 0x8c, 0x0, 0xa8, 0x20, 0x15, 0x0, 0x24,
    0x71, 0xe, 0x88, 0x0, 0x3e, 0xd7, 0x87, 0x60,
    0x0,

    /* U+1EA8 "Ẩ" */
    0x0, 0xfa, 0xfa, 0x40, 0x3f, 0x19, 0x7b, 0x10,
    0x7, 0xc7, 0x36, 0x64, 0x1, 0xc3, 0x52, 0x41,
    0x80, 0x1e, 0xa0, 0x4a, 0xa0, 0x7, 0x90, 0x6b,
    0xcc, 0x80, 0x3c, 0x94, 0x5, 0x64, 0x1, 0xf2,
    0x7f, 0x80, 0x3f, 0xb8, 0x0, 0xc0, 0x1f, 0x95,
    0x43, 0xa0, 0x1f, 0x28, 0x7b, 0x20, 0x80, 0x7b,
    0xc1, 0x6c, 0x1c, 0x3, 0xca, 0xa0, 0x31, 0xa0,
    0xe, 0x50, 0xf0, 0x3, 0x19, 0x0, 0x6e, 0x7,
    0x22, 0x68, 0x28, 0x4, 0x28, 0x1b, 0xb5, 0x5,
    0x0, 0x4e, 0x11, 0x55, 0x94, 0x88, 0x0, 0xa1,
    0x75, 0x5d, 0x1, 0x40, 0x26, 0xe0, 0x1c, 0x46,
    0xc0,

    /* U+1EA9 "ẩ" */
    0x0, 0xe7, 0xed, 0x20, 0xe, 0xef, 0x75, 0x0,
    0xe9, 0x67, 0x50, 0xb, 0x3c, 0xc7, 0x8, 0x0,
    0xe3, 0x1a, 0xc2, 0x0, 0x1c, 0xe7, 0x73, 0x0,
    0x43, 0x66, 0x12, 0xc0, 0x11, 0x5f, 0xf4, 0x27,
    0x98, 0xe2, 0xc4, 0x12, 0x40, 0x12, 0x38, 0xed,
    0x80, 0x12, 0xa1, 0x0, 0x54, 0x0, 0x32, 0x0,
    0xc4, 0x0, 0x32, 0x0, 0xc6, 0x0, 0x54, 0x10,
    0xa, 0x80, 0x12, 0x38, 0x87, 0x44, 0x0, 0x1f,
    0x6b, 0xc3, 0xb0, 0x0,

    /* U+1EAA "Ẫ" */
    0x0, 0x8b, 0xb0, 0xad, 0x40, 0x3d, 0x4f, 0x7a,
    0x88, 0x0, 0xf4, 0xc3, 0x6f, 0x8, 0x7, 0x84,
    0xbb, 0x0, 0x3f, 0xba, 0x16, 0xc0, 0x3e, 0x45,
    0x7a, 0x32, 0x0, 0xf2, 0x40, 0xc, 0x90, 0x7,
    0xc9, 0xfe, 0x0, 0xfe, 0xe0, 0x3, 0x0, 0x7e,
    0x55, 0xe, 0x80, 0x7c, 0xa1, 0xec, 0x82, 0x1,
    0xef, 0x5, 0xb0, 0x70, 0xf, 0x2a, 0x80, 0xc6,
    0x80, 0x39, 0x43, 0xc0, 0xc, 0x64, 0x1, 0xb8,
    0x1c, 0x89, 0xa0, 0xa0, 0x10, 0xa0, 0x6e, 0xd4,
    0x14, 0x1, 0x38, 0x45, 0x56, 0x52, 0x20, 0x2,
    0x85, 0xd5, 0x74, 0x5, 0x0, 0x9b, 0x80, 0x71,
    0x1b, 0x0,

    /* U+1EAB "ẫ" */
    0x0, 0x5f, 0x33, 0x28, 0x2, 0x35, 0xaa, 0x4f,
    0x0, 0x47, 0xd0, 0x78, 0x80, 0x19, 0xc6, 0x38,
    0x3, 0xe, 0x73, 0xb9, 0x80, 0x21, 0xb3, 0xa,
    0x60, 0x8, 0xaf, 0xfa, 0x13, 0xcc, 0x71, 0x62,
    0x9, 0x20, 0x9, 0x1c, 0x76, 0xc0, 0x9, 0x50,
    0x80, 0x2a, 0x0, 0x19, 0x0, 0x62, 0x0, 0x19,
    0x0, 0x63, 0x0, 0x2a, 0x8, 0x5, 0x40, 0x9,
    0x1c, 0x43, 0xa2, 0x0, 0xf, 0xb5, 0xe1, 0xd8,
    0x0,

    /* U+1EAC "Ậ" */
    0x0, 0xc5, 0xfa, 0x20, 0x1f, 0xbe, 0x1e, 0x80,
    0x3e, 0x3b, 0x7a, 0xc2, 0x0, 0xf1, 0xb0, 0x1,
    0xc8, 0x3, 0xe4, 0xff, 0x0, 0x7f, 0x70, 0x1,
    0x80, 0x3f, 0x2a, 0x87, 0x40, 0x3e, 0x50, 0xf6,
    0x41, 0x0, 0xf7, 0x82, 0xd8, 0x38, 0x7, 0x95,
    0x40, 0x63, 0x40, 0x1c, 0xa1, 0xe0, 0x6, 0x32,
    0x0, 0xdc, 0xe, 0x44, 0xd0, 0x50, 0x8, 0x50,
    0x37, 0x6a, 0xa, 0x0, 0x9c, 0x22, 0xab, 0x29,
    0x10, 0x1, 0x42, 0xea, 0xba, 0x2, 0x80, 0x4d,
    0xc0, 0x38, 0x8d, 0x80, 0x7e, 0x40, 0x3d, 0x9c,
    0x1, 0xe1, 0x0, 0xff, 0xf, 0x60, 0x7, 0xf0,
    0x93, 0x0, 0x70,

    /* U+1EAD "ậ" */
    0x0, 0xaf, 0xcc, 0x3, 0x99, 0x5f, 0x80, 0x30,
    0xdd, 0x43, 0x38, 0x4, 0x3a, 0x81, 0x6e, 0x1,
    0x15, 0xff, 0x42, 0x79, 0x8e, 0x2c, 0x41, 0x24,
    0x1, 0x23, 0x8e, 0xd8, 0x1, 0x2a, 0x10, 0x5,
    0x40, 0x3, 0x20, 0xc, 0x40, 0x3, 0x20, 0xc,
    0x60, 0x5, 0x41, 0x0, 0xa8, 0x1, 0x23, 0x88,
    0x74, 0x40, 0x1, 0xf6, 0xbc, 0x3b, 0x0, 0x86,
    0xff, 0xd2, 0xbe, 0x60, 0x18, 0x40, 0x3e, 0xae,
    0x20, 0xf, 0x18, 0x98, 0x4,

    /* U+1EAE "Ắ" */
    0x0, 0xf2, 0x38, 0x7, 0xfa, 0x78, 0x3, 0xf9,
    0xa, 0x0, 0x3f, 0x86, 0x84, 0x3, 0xe8, 0xb5,
    0x4e, 0x50, 0xf, 0x4b, 0xff, 0x3a, 0x80, 0x78,
    0x73, 0xbe, 0x40, 0x3f, 0x84, 0x3, 0xfc, 0x9f,
    0xe0, 0xf, 0xee, 0x0, 0x30, 0x7, 0xe5, 0x50,
    0xe8, 0x7, 0xca, 0x1e, 0xc8, 0x20, 0x1e, 0xf0,
    0x5b, 0x7, 0x0, 0xf2, 0xa8, 0xc, 0x68, 0x3,
    0x94, 0x3c, 0x0, 0xc6, 0x40, 0x1b, 0x81, 0xc8,
    0x9a, 0xa, 0x1, 0xa, 0x6, 0xed, 0x41, 0x40,
    0x13, 0x84, 0x55, 0x65, 0x22, 0x0, 0x28, 0x5d,
    0x57, 0x40, 0x50, 0x9, 0xb8, 0x7, 0x11, 0xb0,
    0x0,

    /* U+1EAF "ắ" */
    0x0, 0xc9, 0xe6, 0x1, 0xef, 0x43, 0x0, 0xe3,
    0x49, 0x0, 0xf1, 0xf9, 0x0, 0x63, 0xf2, 0x9,
    0xa0, 0x8, 0xdf, 0x7d, 0x20, 0x3, 0x47, 0xf6,
    0x90, 0x4, 0x57, 0xfe, 0x84, 0xf3, 0x1c, 0x58,
    0x82, 0x48, 0x2, 0x47, 0x1d, 0xb0, 0x2, 0x54,
    0x20, 0xa, 0x80, 0x6, 0x40, 0x18, 0x80, 0x6,
    0x40, 0x18, 0xc0, 0xa, 0x82, 0x1, 0x50, 0x2,
    0x47, 0x10, 0xe8, 0x80, 0x3, 0xed, 0x78, 0x76,
    0x0,

    /* U+1EB0 "Ằ" */
    0x0, 0x86, 0x8, 0x3, 0xf8, 0x56, 0x0, 0x3f,
    0xd2, 0xa4, 0x1, 0xfc, 0x92, 0x20, 0x1f, 0xa6,
    0x98, 0xb9, 0x0, 0x3d, 0xd, 0xfc, 0xe8, 0x1,
    0xe1, 0xce, 0xf9, 0x0, 0xfe, 0x10, 0xf, 0xf2,
    0x7f, 0x80, 0x3f, 0xb8, 0x0, 0xc0, 0x1f, 0x95,
    0x43, 0xa0, 0x1f, 0x28, 0x7b, 0x20, 0x80, 0x7b,
    0xc1, 0x6c, 0x1c, 0x3, 0xca, 0xa0, 0x31, 0xa0,
    0xe, 0x50, 0xf0, 0x3, 0x19, 0x0, 0x6e, 0x7,
    0x22, 0x68, 0x28, 0x4, 0x28, 0x1b, 0xb5, 0x5,
    0x0, 0x4e, 0x11, 0x55, 0x94, 0x88, 0x0, 0xa1,
    0x75, 0x5d, 0x1, 0x40, 0x26, 0xe0, 0x1c, 0x46,
    0xc0,

    /* U+1EB1 "ằ" */
    0x0, 0x66, 0x0, 0x3e, 0xf3, 0x30, 0x7, 0x8d,
    0x60, 0x3, 0xea, 0xb0, 0xe, 0x3e, 0x10, 0xaa,
    0x0, 0x46, 0xdd, 0xed, 0x60, 0x1a, 0x3f, 0xb0,
    0x40, 0x22, 0xbf, 0xf4, 0x27, 0x98, 0xe2, 0xc4,
    0x12, 0x40, 0x12, 0x38, 0xed, 0x80, 0x12, 0xa1,
    0x0, 0x54, 0x0, 0x32, 0x0, 0xc4, 0x0, 0x32,
    0x0, 0xc6, 0x0, 0x54, 0x10, 0xa, 0x80, 0x12,
    0x38, 0x87, 0x44, 0x0, 0x1f, 0x6b, 0xc3, 0xb0,
    0x0,

    /* U+1EB2 "Ẳ" */
    0x0, 0xcb, 0xda, 0x80, 0x1f, 0xb7, 0x4b, 0xc0,
    0x1f, 0xa1, 0x96, 0x40, 0x3e, 0x11, 0x7, 0x10,
    0x80, 0x7a, 0x69, 0x4b, 0xd4, 0x3, 0xd2, 0xff,
    0xcc, 0x80, 0x1e, 0x1c, 0xef, 0x80, 0xf, 0xe1,
    0x0, 0xff, 0x27, 0xf8, 0x3, 0xfb, 0x80, 0xc,
    0x1, 0xf9, 0x54, 0x3a, 0x1, 0xf2, 0x87, 0xb2,
    0x8, 0x7, 0xbc, 0x16, 0xc1, 0xc0, 0x3c, 0xaa,
    0x3, 0x1a, 0x0, 0xe5, 0xf, 0x0, 0x31, 0x90,
    0x6, 0xe0, 0x72, 0x26, 0x82, 0x80, 0x42, 0x81,
    0xbb, 0x50, 0x50, 0x4, 0xe1, 0x15, 0x59, 0x48,
    0x80, 0xa, 0x17, 0x55, 0xd0, 0x14, 0x2, 0x6e,
    0x1, 0xc4, 0x6c, 0x0,

    /* U+1EB3 "ẳ" */
    0x0, 0xb3, 0x98, 0x3, 0x99, 0x99, 0x20, 0x1c,
    0xd4, 0x80, 0x1f, 0x1c, 0xd0, 0x7, 0x86, 0x54,
    0x3, 0x1f, 0x1b, 0x55, 0x0, 0x23, 0x6e, 0xf6,
    0xb0, 0xd, 0x1f, 0xd8, 0x20, 0x11, 0x5f, 0xfa,
    0x13, 0xcc, 0x71, 0x62, 0x9, 0x20, 0x9, 0x1c,
    0x76, 0xc0, 0x9, 0x50, 0x80, 0x2a, 0x0, 0x19,
    0x0, 0x62, 0x0, 0x19, 0x0, 0x63, 0x0, 0x2a,
    0x8, 0x5, 0x40, 0x9, 0x1c, 0x43, 0xa2, 0x0,
    0xf, 0xb5, 0xe1, 0xd8, 0x0,

    /* U+1EB4 "Ẵ" */
    0x0, 0x8b, 0xb0, 0xad, 0x40, 0x3d, 0x4f, 0x7a,
    0x88, 0x0, 0xf5, 0xd9, 0xfb, 0x44, 0x3, 0xd7,
    0x20, 0xc, 0x40, 0xf, 0x4b, 0xff, 0x3a, 0x0,
    0x78, 0x73, 0xbe, 0x40, 0x3f, 0x84, 0x3, 0xfc,
    0x9f, 0xe0, 0xf, 0xee, 0x0, 0x30, 0x7, 0xe5,
    0x50, 0xe8, 0x7, 0xca, 0x1e, 0xc8, 0x20, 0x1e,
    0xf0, 0x5b, 0x7, 0x0, 0xf2, 0xa8, 0xc, 0x68,
    0x3, 0x94, 0x3c, 0x0, 0xc6, 0x40, 0x1b, 0x81,
    0xc8, 0x9a, 0xa, 0x1, 0xa, 0x6, 0xed, 0x41,
    0x40, 0x13, 0x84, 0x55, 0x65, 0x22, 0x0, 0x28,
    0x5d, 0x57, 0x40, 0x50, 0x9, 0xb8, 0x7, 0x11,
    0xb0, 0x0,

    /* U+1EB5 "ẵ" */
    0x0, 0x5f, 0x33, 0x28, 0x2, 0x35, 0xa8, 0x9f,
    0x0, 0x8f, 0x13, 0xb8, 0xa0, 0x11, 0xe9, 0x4,
    0x50, 0x4, 0x6f, 0xbe, 0x90, 0x1, 0xa3, 0xfb,
    0x48, 0x2, 0x2b, 0xff, 0x42, 0x79, 0x8e, 0x2c,
    0x41, 0x24, 0x1, 0x23, 0x8e, 0xd8, 0x1, 0x2a,
    0x10, 0x5, 0x40, 0x3, 0x20, 0xc, 0x40, 0x3,
    0x20, 0xc, 0x60, 0x5, 0x41, 0x0, 0xa8, 0x1,
    0x23, 0x88, 0x74, 0x40, 0x1, 0xf6, 0xbc, 0x3b,
    0x0, 0x0,

    /* U+1EB6 "Ặ" */
    0x0, 0xa2, 0xc0, 0x79, 0x40, 0x3d, 0x2f, 0xfc,
    0xea, 0x1, 0xe1, 0xce, 0xf9, 0x0, 0xfe, 0x10,
    0xf, 0xf2, 0x7f, 0x80, 0x3f, 0xb8, 0x0, 0xc0,
    0x1f, 0x95, 0x43, 0xa0, 0x1f, 0x28, 0x7b, 0x20,
    0x80, 0x7b, 0xc1, 0x6c, 0x1c, 0x3, 0xca, 0xa0,
    0x31, 0xa0, 0xe, 0x50, 0xf0, 0x3, 0x19, 0x0,
    0x6e, 0x7, 0x22, 0x68, 0x28, 0x4, 0x28, 0x1b,
    0xb5, 0x5, 0x0, 0x4e, 0x11, 0x55, 0x94, 0x88,
    0x0, 0xa1, 0x75, 0x5d, 0x1, 0x40, 0x26, 0xe0,
    0x1c, 0x46, 0xc0, 0x3f, 0x20, 0x1e, 0xce, 0x0,
    0xf0, 0x80, 0x7f, 0x87, 0xb0, 0x3, 0xf8, 0x49,
    0x80, 0x38,

    /* U+1EB7 "ặ" */
    0x4, 0xe0, 0x3, 0x58, 0x4, 0x82, 0x81, 0x58,
    0x1, 0xaa, 0xfd, 0xdc, 0x1, 0x97, 0xfa, 0xc0,
    0x31, 0x5f, 0xfa, 0x13, 0xcc, 0x71, 0x62, 0x9,
    0x20, 0x9, 0x1c, 0x76, 0xc0, 0x9, 0x50, 0x80,
    0x2a, 0x0, 0x19, 0x0, 0x62, 0x0, 0x19, 0x0,
    0x63, 0x0, 0x2a, 0x8, 0x5, 0x40, 0x9, 0x1c,
    0x43, 0xa2, 0x0, 0xf, 0xb5, 0xe1, 0xd8, 0x4,
    0x37, 0xfe, 0x95, 0xf3, 0x0, 0xc2, 0x1, 0xf5,
    0x71, 0x0, 0x78, 0xc4, 0xc0, 0x20,

    /* U+1EB8 "Ẹ" */
    0x9f, 0xff, 0x80, 0x29, 0x9f, 0x0, 0x4c, 0xde,
    0x0, 0xff, 0xe0, 0x11, 0x70, 0x6, 0xdd, 0xe3,
    0x0, 0xaa, 0xb8, 0x80, 0x25, 0x5e, 0x10, 0xf,
    0xfe, 0x4b, 0xbf, 0x80, 0x28, 0x8f, 0x4, 0xff,
    0xfc, 0x1, 0xc2, 0x1, 0xf4, 0x72, 0x0, 0x7b,
    0xc5, 0xc0, 0x20,

    /* U+1EB9 "ẹ" */
    0x2, 0xbf, 0xea, 0x10, 0x1c, 0x58, 0x94, 0xc0,
    0x91, 0xf7, 0x76, 0x12, 0xa9, 0x4, 0x0, 0x44,
    0xc3, 0x4f, 0xfc, 0x46, 0x47, 0x99, 0xd0, 0x86,
    0x46, 0x74, 0xbc, 0x8e, 0x3b, 0xb1, 0x10, 0x38,
    0xd1, 0x7, 0xc1, 0x2, 0xbf, 0xf5, 0x90, 0x7,
    0xff, 0x3, 0xb8, 0x1, 0xe2, 0x20, 0x4,

    /* U+1EBA "Ẻ" */
    0x0, 0xab, 0xa8, 0x3, 0x8c, 0xde, 0xa4, 0x1,
    0x8e, 0x60, 0xc8, 0x3, 0x84, 0xb0, 0x3, 0xc3,
    0x60, 0x1a, 0x7f, 0xfe, 0x0, 0xa6, 0x7c, 0x1,
    0x33, 0x78, 0x3, 0xff, 0x80, 0x45, 0xc0, 0x1b,
    0x77, 0x8c, 0x2, 0xaa, 0xe2, 0x0, 0x95, 0x78,
    0x40, 0x3f, 0xf9, 0x2e, 0xfe, 0x0, 0xa2, 0x3c,
    0x0,

    /* U+1EBB "ẻ" */
    0x0, 0x1f, 0x71, 0x40, 0x32, 0x5c, 0x48, 0x6,
    0x74, 0xa4, 0x0, 0xe6, 0x58, 0x0, 0xe7, 0x90,
    0xc, 0x57, 0xfd, 0x42, 0x3, 0x8b, 0x12, 0x98,
    0x12, 0x3e, 0xee, 0xc2, 0x55, 0x20, 0x80, 0x8,
    0x98, 0x69, 0xff, 0x88, 0xc8, 0xf3, 0x3a, 0x10,
    0xc8, 0xce, 0x97, 0x91, 0xc7, 0x76, 0x22, 0x7,
    0x1a, 0x20, 0xf8, 0x20,

    /* U+1EBC "Ẽ" */
    0x0, 0x4f, 0x3a, 0x60, 0x4, 0x2d, 0x54, 0xbb,
    0x0, 0x43, 0xa9, 0xba, 0x70, 0xc, 0x40, 0x2,
    0x0, 0xa7, 0xff, 0xe0, 0xa, 0x67, 0xc0, 0x13,
    0x37, 0x80, 0x3f, 0xf8, 0x4, 0x5c, 0x1, 0xb7,
    0x78, 0xc0, 0x2a, 0xae, 0x20, 0x9, 0x57, 0x84,
    0x3, 0xff, 0x92, 0xef, 0xe0, 0xa, 0x23, 0xc0,

    /* U+1EBD "ẽ" */
    0x3, 0xef, 0xf9, 0x40, 0x5, 0x9b, 0xae, 0x50,
    0x0, 0x91, 0x42, 0x1, 0x15, 0xff, 0x50, 0x80,
    0xe2, 0xc4, 0xa6, 0x4, 0x8f, 0xbb, 0xb0, 0x95,
    0x48, 0x20, 0x2, 0x26, 0x1a, 0x7f, 0xe2, 0x32,
    0x3c, 0xce, 0x84, 0x32, 0x33, 0xa5, 0xe4, 0x71,
    0xdd, 0x88, 0x81, 0xc6, 0x88, 0x3e, 0x8,

    /* U+1EBE "Ế" */
    0x0, 0xfa, 0xb4, 0x3, 0xe1, 0x5b, 0x0, 0xf9,
    0x85, 0x80, 0x35, 0x7b, 0x15, 0x0, 0x67, 0x49,
    0x93, 0x20, 0x7, 0x63, 0x52, 0x80, 0x73, 0x90,
    0x2b, 0x0, 0x53, 0xff, 0xf0, 0x6, 0x99, 0xf0,
    0x6, 0x66, 0xf0, 0x7, 0xff, 0x8, 0x8b, 0x80,
    0x3b, 0x77, 0x8c, 0x3, 0x55, 0x71, 0x0, 0x65,
    0x5e, 0x10, 0xf, 0xfe, 0x63, 0xbf, 0x80, 0x34,
    0x47, 0x80, 0x0,

    /* U+1EBF "ế" */
    0x0, 0xf9, 0xd0, 0x3, 0xcb, 0xc, 0x1, 0xe9,
    0x62, 0x0, 0xf, 0x70, 0xa6, 0x0, 0x2b, 0x45,
    0x85, 0x10, 0x1, 0xb5, 0xd3, 0x18, 0x4, 0x78,
    0x22, 0xc3, 0x0, 0x8a, 0xff, 0xa8, 0x40, 0x3,
    0x8b, 0x12, 0x98, 0x0, 0x91, 0xf7, 0x76, 0x12,
    0x82, 0xa0, 0x80, 0x8, 0x98, 0x6, 0x9f, 0xf8,
    0x8c, 0x8, 0xf3, 0x3a, 0x1, 0xc, 0x8c, 0xe9,
    0x70, 0x91, 0xc7, 0x76, 0x22, 0x0, 0x71, 0xa2,
    0xf, 0x82, 0x0,

    /* U+1EC0 "Ề" */
    0x0, 0xed, 0xb0, 0xf, 0xa5, 0x8, 0x3, 0xa,
    0x25, 0x60, 0x1b, 0x2a, 0x97, 0x20, 0x15, 0xbf,
    0xbb, 0x0, 0x69, 0xa1, 0xc4, 0x0, 0xc4, 0x0,
    0x12, 0x0, 0x4f, 0xff, 0xc0, 0x14, 0xcf, 0x80,
    0x26, 0x6f, 0x0, 0x7f, 0xf0, 0x8, 0xb8, 0x3,
    0x6e, 0xf1, 0x80, 0x55, 0x5c, 0x40, 0x12, 0xaf,
    0x8, 0x7, 0xff, 0x25, 0xdf, 0xc0, 0x14, 0x47,
    0x80,

    /* U+1EC1 "ề" */
    0x0, 0xc2, 0x40, 0x1f, 0x6b, 0x80, 0x70, 0xcc,
    0x84, 0x0, 0x3d, 0xc7, 0xb3, 0x0, 0x42, 0x94,
    0x29, 0x2, 0x34, 0xf3, 0x20, 0x1, 0x3c, 0x89,
    0xe8, 0x0, 0x2b, 0xfe, 0xa1, 0x1, 0xc5, 0x89,
    0x4c, 0x9, 0x1f, 0x77, 0x61, 0x2a, 0x90, 0x40,
    0x4, 0x4c, 0x34, 0xff, 0xc4, 0x64, 0x79, 0x9d,
    0x8, 0x64, 0x67, 0x4b, 0xc8, 0xe3, 0xbb, 0x11,
    0x3, 0x8d, 0x10, 0x7c, 0x10,

    /* U+1EC2 "Ể" */
    0x0, 0xe5, 0xed, 0x30, 0xe, 0xcd, 0x49, 0x0,
    0xe9, 0x77, 0x70, 0x4, 0xd6, 0x79, 0x48, 0x0,
    0x49, 0x3d, 0x94, 0x0, 0xba, 0xa1, 0x98, 0x1,
    0xa9, 0x42, 0x1c, 0x1, 0x3f, 0xff, 0x0, 0x53,
    0x3e, 0x0, 0x99, 0xbc, 0x1, 0xff, 0xc0, 0x22,
    0xe0, 0xd, 0xbb, 0xc6, 0x1, 0x55, 0x71, 0x0,
    0x4a, 0xbc, 0x20, 0x1f, 0xfc, 0x97, 0x7f, 0x0,
    0x51, 0x1e, 0x0,

    /* U+1EC3 "ể" */
    0x0, 0xea, 0xeb, 0x0, 0xe1, 0x2e, 0x54, 0x0,
    0xc3, 0x16, 0xa8, 0x0, 0x1e, 0xe0, 0xe5, 0x80,
    0x56, 0x8b, 0x6e, 0x1, 0x1b, 0x5d, 0x31, 0x80,
    0x47, 0x82, 0x2c, 0x30, 0x8, 0xaf, 0xfa, 0x84,
    0x0, 0x38, 0xb1, 0x29, 0x80, 0x9, 0x1f, 0x77,
    0x61, 0x28, 0x2a, 0x8, 0x0, 0x89, 0x80, 0x69,
    0xff, 0x88, 0xc0, 0x8f, 0x33, 0xa0, 0x10, 0xc8,
    0xce, 0x97, 0x9, 0x1c, 0x77, 0x62, 0x20, 0x7,
    0x1a, 0x20, 0xf8, 0x20,

    /* U+1EC4 "Ễ" */
    0x0, 0x4f, 0x3a, 0x60, 0x4, 0x2d, 0x54, 0xbb,
    0x0, 0x43, 0xa9, 0xfa, 0xe0, 0x18, 0xaf, 0x50,
    0x3, 0x9d, 0xae, 0x48, 0x3, 0x77, 0x12, 0x54,
    0x3, 0x49, 0x83, 0x38, 0x2, 0x7f, 0xfe, 0x0,
    0xa6, 0x7c, 0x1, 0x33, 0x78, 0x3, 0xff, 0x80,
    0x45, 0xc0, 0x1b, 0x77, 0x8c, 0x2, 0xaa, 0xe2,
    0x0, 0x95, 0x78, 0x40, 0x3f, 0xf9, 0x2e, 0xfe,
    0x0, 0xa2, 0x3c, 0x0,

    /* U+1EC5 "ễ" */
    0x1, 0xdd, 0x1c, 0xb0, 0x1, 0xda, 0xf1, 0x90,
    0x0, 0xf4, 0xdd, 0xc2, 0x0, 0x8, 0x77, 0x80,
    0x75, 0x22, 0xd8, 0x4, 0x81, 0x74, 0xc6, 0x0,
    0x4b, 0x11, 0x61, 0x80, 0xa, 0xff, 0xa8, 0x40,
    0x71, 0x62, 0x53, 0x2, 0x47, 0xdd, 0xd8, 0x4a,
    0xa4, 0x10, 0x1, 0x13, 0xd, 0x3f, 0xf1, 0x19,
    0x1e, 0x67, 0x42, 0x19, 0x19, 0xd2, 0xf2, 0x38,
    0xee, 0xc4, 0x40, 0xe3, 0x44, 0x1f, 0x4,

    /* U+1EC6 "Ệ" */
    0x0, 0xab, 0xd8, 0x3, 0x9d, 0xd7, 0x26, 0x1,
    0xde, 0x96, 0xa0, 0x19, 0xc8, 0x11, 0x80, 0x13,
    0xff, 0xf0, 0x5, 0x33, 0xe0, 0x9, 0x9b, 0xc0,
    0x1f, 0xfc, 0x2, 0x2e, 0x0, 0xdb, 0xbc, 0x60,
    0x15, 0x57, 0x10, 0x4, 0xab, 0xc2, 0x1, 0xff,
    0xc9, 0x77, 0xf0, 0x5, 0x11, 0xe0, 0x9f, 0xff,
    0x80, 0x38, 0x40, 0x3e, 0x8e, 0x40, 0xf, 0x78,
    0xb8, 0x4,

    /* U+1EC7 "ệ" */
    0x0, 0xf, 0x70, 0x40, 0x35, 0xa2, 0xd8, 0x4,
    0x6f, 0x74, 0xe6, 0x0, 0x3d, 0x11, 0x69, 0x80,
    0xa, 0xff, 0xa8, 0x40, 0x71, 0x62, 0x53, 0x2,
    0x47, 0xdd, 0xd8, 0x4a, 0xa4, 0x10, 0x1, 0x13,
    0xd, 0x3f, 0xf1, 0x19, 0x1e, 0x67, 0x42, 0x19,
    0x19, 0xd2, 0xf2, 0x38, 0xee, 0xc4, 0x40, 0xe3,
    0x44, 0x1f, 0x4, 0xa, 0xff, 0xd6, 0x40, 0x1f,
    0xfc, 0xe, 0xe0, 0x7, 0x88, 0x80, 0x10,

    /* U+1EC8 "Ỉ" */
    0x1c, 0xe8, 0x5, 0x4c, 0x70, 0x48, 0x94, 0x0,
    0x19, 0x58, 0x0, 0xe4, 0x2, 0x9f, 0x0, 0xff,
    0xf6, 0x80,

    /* U+1EC9 "ỉ" */
    0x1c, 0xe8, 0x5, 0xbc, 0x70, 0x47, 0x95, 0x0,
    0x19, 0x50, 0x0, 0xe4, 0x2, 0x8f, 0x0, 0xff,
    0xef, 0x0,

    /* U+1ECA "Ị" */
    0x9f, 0x0, 0xff, 0xeb, 0x4f, 0x80, 0x4, 0x2b,
    0x88, 0xc4, 0xc0,

    /* U+1ECB "ị" */
    0x8e, 0x11, 0x0, 0x27, 0x84, 0x2, 0x8f, 0x0,
    0xff, 0xe6, 0xc7, 0x80, 0x4, 0x2b, 0x88, 0xc4,
    0xc0,

    /* U+1ECC "Ọ" */
    0x0, 0x8a, 0x7b, 0xfa, 0x8c, 0x3, 0x93, 0x59,
    0x1d, 0x11, 0x8e, 0x1, 0x15, 0x96, 0xd4, 0x57,
    0x24, 0x20, 0x2, 0xc3, 0x88, 0x3, 0x50, 0xc8,
    0x1, 0xd0, 0xc0, 0x38, 0x58, 0x88, 0x22, 0x30,
    0xf, 0xb0, 0x18, 0x3, 0xff, 0x82, 0x22, 0x30,
    0xf, 0xb0, 0x18, 0x1d, 0xc, 0x3, 0x85, 0x88,
    0x81, 0x61, 0xc4, 0x1, 0xa8, 0x64, 0x0, 0x56,
    0x5b, 0x51, 0x5c, 0x90, 0x80, 0x12, 0x6b, 0x23,
    0xa2, 0x31, 0xc0, 0x38, 0xa7, 0xbf, 0xa8, 0xc0,
    0x3f, 0x84, 0x3, 0xfe, 0x4e, 0x70, 0xf, 0xf3,
    0x80, 0x80, 0x70,

    /* U+1ECD "ọ" */
    0x1, 0xae, 0xfc, 0x40, 0x0, 0xe2, 0x34, 0x85,
    0xa8, 0x49, 0x6c, 0x36, 0x25, 0x82, 0xa1, 0x80,
    0x5e, 0x28, 0x64, 0x1, 0x98, 0x4, 0xc8, 0x3,
    0x30, 0xa, 0xa1, 0x80, 0x5e, 0x29, 0x5, 0xb0,
    0xd8, 0x96, 0x0, 0xc4, 0x69, 0xb, 0x50, 0x0,
    0xd7, 0x7e, 0x20, 0x7, 0x84, 0x3, 0xea, 0xe2,
    0x0, 0xf1, 0x89, 0x80, 0x40,

    /* U+1ECE "Ỏ" */
    0x0, 0xe7, 0xfb, 0x0, 0xff, 0x4e, 0xbb, 0x0,
    0x7f, 0x71, 0x91, 0x80, 0x7f, 0xb1, 0xd4, 0x3,
    0xfd, 0x70, 0x1, 0xff, 0x30, 0x80, 0x7e, 0x29,
    0xef, 0xea, 0x30, 0xe, 0x4d, 0x64, 0x74, 0x46,
    0x38, 0x4, 0x56, 0x5b, 0x51, 0x5c, 0x90, 0x80,
    0xb, 0xe, 0x20, 0xd, 0x43, 0x20, 0x7, 0x43,
    0x0, 0xe1, 0x62, 0x20, 0x88, 0xc0, 0x3e, 0xc0,
    0x60, 0xf, 0xfe, 0x8, 0x88, 0xc0, 0x3e, 0xc0,
    0x60, 0x74, 0x30, 0xe, 0x16, 0x22, 0x5, 0x87,
    0x10, 0x6, 0xa1, 0x90, 0x1, 0x59, 0x6d, 0x45,
    0x72, 0x42, 0x0, 0x49, 0xac, 0x8e, 0x88, 0xc7,
    0x0, 0x0,

    /* U+1ECF "ỏ" */
    0x0, 0xe, 0x73, 0x80, 0x72, 0x23, 0x20, 0x3,
    0x96, 0x20, 0x80, 0x1e, 0x41, 0xb0, 0xf, 0x25,
    0x80, 0x70, 0xd7, 0x7e, 0x20, 0x0, 0x71, 0x1a,
    0x42, 0xd4, 0x24, 0xb6, 0x1b, 0x12, 0xc1, 0x50,
    0xc0, 0x2f, 0x14, 0x32, 0x0, 0xcc, 0x2, 0x64,
    0x1, 0x98, 0x5, 0x50, 0xc0, 0x2f, 0x14, 0x82,
    0xd8, 0x6c, 0x4b, 0x0, 0x62, 0x34, 0x85, 0xa8,
    0x0,

    /* U+1ED0 "Ố" */
    0x0, 0xfe, 0x7f, 0x10, 0xf, 0xf4, 0xb8, 0x80,
    0x78, 0x60, 0xd4, 0x20, 0x3, 0xed, 0x5d, 0x4e,
    0x0, 0xfa, 0x43, 0x5f, 0x40, 0x3f, 0x4e, 0x4,
    0xe0, 0x7, 0xff, 0x20, 0xa7, 0xbf, 0xa8, 0xc0,
    0x39, 0x35, 0x91, 0xd1, 0x18, 0xe0, 0x11, 0x59,
    0x6d, 0x45, 0x72, 0x42, 0x0, 0x2c, 0x38, 0x80,
    0x35, 0xc, 0x80, 0x1d, 0xc, 0x3, 0x85, 0x88,
    0x82, 0x23, 0x0, 0xfb, 0x1, 0x80, 0x3f, 0xf8,
    0x22, 0x23, 0x0, 0xfb, 0x1, 0x81, 0xd0, 0xc0,
    0x38, 0x58, 0x88, 0x16, 0x1c, 0x40, 0x1a, 0x86,
    0x40, 0x5, 0x65, 0xb5, 0x15, 0xc9, 0x8, 0x1,
    0x26, 0xb2, 0x3a, 0x23, 0x1c, 0x0,

    /* U+1ED1 "ố" */
    0x0, 0xf9, 0x58, 0x3, 0xc5, 0x46, 0x1, 0xeb,
    0x35, 0x0, 0xb3, 0xcf, 0x38, 0x2, 0x71, 0x8e,
    0x52, 0x0, 0xe, 0x73, 0xa3, 0x0, 0x43, 0x66,
    0x12, 0xc0, 0x10, 0xd7, 0x7e, 0x20, 0x0, 0x71,
    0x1a, 0x42, 0xd4, 0x24, 0xb6, 0x1b, 0x12, 0xc1,
    0x50, 0xc0, 0x2f, 0x14, 0x32, 0x0, 0xcc, 0x2,
    0x64, 0x1, 0x98, 0x5, 0x50, 0xc0, 0x2f, 0x14,
    0x82, 0xd8, 0x6c, 0x4b, 0x0, 0x62, 0x34, 0x85,
    0xa8, 0x0,

    /* U+1ED2 "Ồ" */
    0x0, 0xf8, 0x84, 0x3, 0xfe, 0x5e, 0x10, 0xf,
    0xf3, 0x8b, 0x0, 0x7e, 0x17, 0x38, 0xb0, 0xf,
    0xdb, 0x7a, 0xf8, 0x1, 0xf4, 0x86, 0x3e, 0x80,
    0x7e, 0x9c, 0x9, 0xc0, 0xf, 0xfe, 0x41, 0x4f,
    0x7f, 0x51, 0x80, 0x72, 0x6b, 0x23, 0xa2, 0x31,
    0xc0, 0x22, 0xb2, 0xda, 0x8a, 0xe4, 0x84, 0x0,
    0x58, 0x71, 0x0, 0x6a, 0x19, 0x0, 0x3a, 0x18,
    0x7, 0xb, 0x11, 0x4, 0x46, 0x1, 0xf6, 0x3,
    0x0, 0x7f, 0xf0, 0x44, 0x46, 0x1, 0xf6, 0x3,
    0x3, 0xa1, 0x80, 0x70, 0xb1, 0x10, 0x2c, 0x38,
    0x80, 0x35, 0xc, 0x80, 0xa, 0xcb, 0x6a, 0x2b,
    0x92, 0x10, 0x2, 0x4d, 0x64, 0x74, 0x46, 0x38,
    0x0,

    /* U+1ED3 "ồ" */
    0x0, 0xe2, 0x0, 0xfd, 0xd4, 0x1, 0xf7, 0xa9,
    0x80, 0x6c, 0xf0, 0xb0, 0xc, 0xc4, 0xde, 0x86,
    0x0, 0x19, 0xb9, 0x17, 0x0, 0x87, 0xd4, 0x35,
    0xc0, 0x21, 0xae, 0xfc, 0x40, 0x0, 0xe2, 0x34,
    0x85, 0xa8, 0x49, 0x6c, 0x36, 0x25, 0x82, 0xa1,
    0x80, 0x5e, 0x28, 0x64, 0x1, 0x98, 0x4, 0xc8,
    0x3, 0x30, 0xa, 0xa1, 0x80, 0x5e, 0x29, 0x5,
    0xb0, 0xd8, 0x96, 0x0, 0xc4, 0x69, 0xb, 0x50,

    /* U+1ED4 "Ổ" */
    0x0, 0xf8, 0xb7, 0x94, 0x3, 0xf9, 0x6a, 0xe0,
    0x3, 0xf9, 0xdd, 0xec, 0x1, 0xf9, 0x49, 0x99,
    0x40, 0x1f, 0x4d, 0x7b, 0xe8, 0x80, 0x79, 0x1b,
    0x42, 0x44, 0x3, 0xe2, 0xb2, 0xf0, 0xf, 0xe6,
    0x40, 0x28, 0x0, 0xf8, 0xa7, 0xbf, 0xa8, 0xc0,
    0x39, 0x35, 0x91, 0xd1, 0x18, 0xe0, 0x11, 0x59,
    0x6d, 0x45, 0x72, 0x42, 0x0, 0x2c, 0x38, 0x80,
    0x35, 0xc, 0x80, 0x1d, 0xc, 0x3, 0x85, 0x88,
    0x82, 0x23, 0x0, 0xfb, 0x1, 0x80, 0x3f, 0xf8,
    0x22, 0x23, 0x0, 0xfb, 0x1, 0x81, 0xd0, 0xc0,
    0x38, 0x58, 0x88, 0x16, 0x1c, 0x40, 0x1a, 0x86,
    0x40, 0x5, 0x65, 0xb5, 0x15, 0xc9, 0x8, 0x1,
    0x26, 0xb2, 0x3a, 0x23, 0x1c, 0x0,

    /* U+1ED5 "ổ" */
    0x0, 0xe8, 0xec, 0x20, 0xe, 0x1f, 0x75, 0x0,
    0xe9, 0x93, 0xb0, 0x5, 0x9e, 0x7d, 0xa2, 0x0,
    0x71, 0x7e, 0x61, 0x0, 0xe, 0x74, 0x23, 0x0,
    0x43, 0x66, 0x12, 0xc0, 0x10, 0xd7, 0x7e, 0x20,
    0x0, 0x71, 0x1a, 0x42, 0xd4, 0x24, 0xb6, 0x1b,
    0x12, 0xc1, 0x50, 0xc0, 0x2f, 0x14, 0x32, 0x0,
    0xcc, 0x2, 0x64, 0x1, 0x98, 0x5, 0x50, 0xc0,
    0x2f, 0x14, 0x82, 0xd8, 0x6c, 0x4b, 0x0, 0x62,
    0x34, 0x85, 0xa8, 0x0,

    /* U+1ED6 "Ỗ" */
    0x0, 0xcb, 0xd4, 0x3e, 0x1, 0xfa, 0x20, 0x1c,
    0x80, 0x1f, 0xbd, 0xa3, 0x6c, 0x3, 0xf1, 0x3e,
    0xc8, 0x7, 0xf1, 0xc5, 0xab, 0x0, 0x7e, 0x4a,
    0x4d, 0xe0, 0xf, 0xce, 0xa0, 0x70, 0x1, 0xf1,
    0x4f, 0x7f, 0x51, 0x80, 0x72, 0x6b, 0x23, 0xa2,
    0x31, 0xc0, 0x22, 0xb2, 0xda, 0x8a, 0xe4, 0x84,
    0x0, 0x58, 0x71, 0x0, 0x6a, 0x19, 0x0, 0x3a,
    0x18, 0x7, 0xb, 0x11, 0x4, 0x46, 0x1, 0xf6,
    0x3, 0x0, 0x7f, 0xf0, 0x44, 0x46, 0x1, 0xf6,
    0x3, 0x3, 0xa1, 0x80, 0x70, 0xb1, 0x10, 0x2c,
    0x38, 0x80, 0x35, 0xc, 0x80, 0xa, 0xcb, 0x6a,
    0x2b, 0x92, 0x10, 0x2, 0x4d, 0x64, 0x74, 0x46,
    0x38, 0x0,

    /* U+1ED7 "ỗ" */
    0x0, 0x67, 0x33, 0x28, 0x2, 0x31, 0xb8, 0x9f,
    0x0, 0x8f, 0xd7, 0xb8, 0xa0, 0x18, 0xb3, 0xc8,
    0x3, 0xa0, 0x5f, 0x80, 0x30, 0x9f, 0xc3, 0xb0,
    0x4, 0x36, 0x41, 0x4c, 0x1, 0xd, 0x77, 0xe2,
    0x0, 0x7, 0x11, 0xa4, 0x2d, 0x42, 0x4b, 0x61,
    0xb1, 0x2c, 0x15, 0xc, 0x2, 0xf1, 0x43, 0x20,
    0xc, 0xc0, 0x26, 0x40, 0x19, 0x80, 0x55, 0xc,
    0x2, 0xf1, 0x48, 0x2d, 0x86, 0xc4, 0xb0, 0x6,
    0x23, 0x48, 0x5a, 0x80,

    /* U+1ED8 "Ộ" */
    0x0, 0xe1, 0x83, 0x0, 0xff, 0x6a, 0x68, 0x80,
    0x7e, 0x90, 0xc7, 0xd0, 0xf, 0xd3, 0x81, 0x38,
    0x1, 0xff, 0xc8, 0x29, 0xef, 0xea, 0x30, 0xe,
    0x4d, 0x64, 0x74, 0x46, 0x38, 0x4, 0x56, 0x5b,
    0x51, 0x5c, 0x90, 0x80, 0xb, 0xe, 0x20, 0xd,
    0x43, 0x20, 0x7, 0x43, 0x0, 0xe1, 0x62, 0x20,
    0x88, 0xc0, 0x3e, 0xc0, 0x60, 0xf, 0xfe, 0x8,
    0x88, 0xc0, 0x3e, 0xc0, 0x60, 0x74, 0x30, 0xe,
    0x16, 0x22, 0x5, 0x87, 0x10, 0x6, 0xa1, 0x90,
    0x1, 0x59, 0x6d, 0x45, 0x72, 0x42, 0x0, 0x49,
    0xac, 0x8e, 0x88, 0xc7, 0x0, 0xe2, 0x9e, 0xfe,
    0xa3, 0x0, 0xfe, 0x10, 0xf, 0xf9, 0x39, 0xc0,
    0x3f, 0xce, 0x2, 0x1, 0xc0,

    /* U+1ED9 "ộ" */
    0x0, 0xb3, 0xcc, 0x3, 0x9c, 0x5f, 0x80, 0x30,
    0xd7, 0x43, 0x30, 0x2, 0x1d, 0x30, 0xb6, 0x0,
    0x86, 0xbb, 0xf1, 0x0, 0x3, 0x88, 0xd2, 0x16,
    0xa1, 0x25, 0xb0, 0xd8, 0x96, 0xa, 0x86, 0x1,
    0x78, 0xa1, 0x90, 0x6, 0x60, 0x13, 0x20, 0xc,
    0xc0, 0x2a, 0x86, 0x1, 0x78, 0xa4, 0x16, 0xc3,
    0x62, 0x58, 0x3, 0x11, 0xa4, 0x2d, 0x40, 0x3,
    0x5d, 0xf8, 0x80, 0x1e, 0x10, 0xf, 0xab, 0x88,
    0x3, 0xc6, 0x26, 0x1, 0x0,

    /* U+1EDA "Ớ" */
    0x0, 0xfb, 0x68, 0x3, 0xfc, 0x85, 0x0, 0x1f,
    0xef, 0x52, 0x0, 0xff, 0x7d, 0x80, 0x3d, 0xc0,
    0x30, 0xce, 0xdf, 0x7f, 0x80, 0x40, 0x23, 0xf6,
    0x63, 0xa8, 0x1, 0xd8, 0x0, 0x3a, 0x19, 0x71,
    0x5c, 0x6a, 0x20, 0x9, 0x1b, 0x30, 0x8, 0x78,
    0xa0, 0x0, 0xa4, 0xa0, 0x1c, 0x4a, 0xc0, 0x2,
    0x40, 0xf, 0xbc, 0xc, 0x40, 0x40, 0x3e, 0x10,
    0x61, 0x1, 0x0, 0xf8, 0x40, 0x40, 0x90, 0x3,
    0xef, 0x5, 0xa, 0x25, 0x0, 0xe2, 0x54, 0x10,
    0x71, 0xb3, 0x0, 0x87, 0x82, 0x0, 0x2d, 0xc,
    0xb8, 0xae, 0x39, 0x30, 0x8, 0xfd, 0x98, 0xe8,
    0xb8, 0xc0, 0x0,

    /* U+1EDB "ớ" */
    0x0, 0xc3, 0x4, 0x1, 0xe9, 0x62, 0x0, 0xf3,
    0x48, 0x7, 0x89, 0xdc, 0x1e, 0xa0, 0x11, 0x48,
    0x8, 0x8, 0xd, 0x77, 0xfb, 0x9d, 0x7, 0x11,
    0xa4, 0xc0, 0x42, 0x4b, 0x61, 0xb1, 0x18, 0x55,
    0xc, 0x2, 0xf0, 0x53, 0x20, 0xc, 0xc0, 0x26,
    0x40, 0x19, 0x81, 0x95, 0xc, 0x2, 0xf1, 0x38,
    0x2d, 0x86, 0xc4, 0xb0, 0x6, 0x23, 0x48, 0x5a,
    0x80,

    /* U+1EDC "Ờ" */
    0x0, 0xcb, 0xe4, 0x1, 0xfe, 0x52, 0xb0, 0xf,
    0xfa, 0x18, 0x3, 0xfe, 0x5b, 0x10, 0x7, 0xb8,
    0x6, 0x19, 0xdb, 0xef, 0xf0, 0x8, 0x4, 0x7e,
    0xcc, 0x75, 0x0, 0x3b, 0x0, 0x7, 0x43, 0x2e,
    0x2b, 0x8d, 0x44, 0x1, 0x23, 0x66, 0x1, 0xf,
    0x14, 0x0, 0x14, 0x94, 0x3, 0x89, 0x58, 0x0,
    0x48, 0x1, 0xf7, 0x81, 0x88, 0x8, 0x7, 0xc2,
    0xc, 0x20, 0x20, 0x1f, 0x8, 0x8, 0x12, 0x0,
    0x7d, 0xe0, 0xa1, 0x44, 0xa0, 0x1c, 0x4a, 0x82,
    0xe, 0x36, 0x60, 0x10, 0xf0, 0x40, 0x5, 0xa1,
    0x97, 0x15, 0xc7, 0x26, 0x1, 0x1f, 0xb3, 0x1d,
    0x17, 0x18, 0x0,

    /* U+1EDD "ờ" */
    0x0, 0x3a, 0x80, 0x7e, 0xa0, 0xf, 0x9c, 0x5c,
    0x3, 0xeb, 0x0, 0xbd, 0x40, 0x25, 0x70, 0x10,
    0x10, 0x1a, 0xef, 0xf7, 0x3a, 0xe, 0x23, 0x49,
    0x80, 0x84, 0x96, 0xc3, 0x62, 0x30, 0xaa, 0x18,
    0x5, 0xe0, 0xa6, 0x40, 0x19, 0x80, 0x4c, 0x80,
    0x33, 0x3, 0x2a, 0x18, 0x5, 0xe2, 0x70, 0x5b,
    0xd, 0x89, 0x60, 0xc, 0x46, 0x90, 0xb5, 0x0,

    /* U+1EDE "Ở" */
    0x0, 0xe8, 0xec, 0x10, 0xf, 0xe2, 0xf0, 0x70,
    0xf, 0xea, 0x87, 0x70, 0x7, 0xfb, 0x2c, 0x43,
    0xdc, 0x3, 0xc, 0xed, 0x7f, 0xc0, 0x20, 0x11,
    0xfb, 0x31, 0xd4, 0x0, 0xec, 0x0, 0x1d, 0xc,
    0xb8, 0xae, 0x35, 0x10, 0x4, 0x8d, 0x98, 0x4,
    0x3c, 0x50, 0x0, 0x52, 0x50, 0xe, 0x25, 0x60,
    0x1, 0x20, 0x7, 0xde, 0x6, 0x20, 0x20, 0x1f,
    0x8, 0x30, 0x80, 0x80, 0x7c, 0x20, 0x20, 0x48,
    0x1, 0xf7, 0x82, 0x85, 0x12, 0x80, 0x71, 0x2a,
    0x8, 0x38, 0xd9, 0x80, 0x43, 0xc1, 0x0, 0x16,
    0x86, 0x5c, 0x57, 0x1c, 0x98, 0x4, 0x7e, 0xcc,
    0x74, 0x5c, 0x60, 0x0,

    /* U+1EDF "ở" */
    0x0, 0xe, 0x74, 0x0, 0x72, 0xde, 0x38, 0x7,
    0x23, 0xca, 0x0, 0x78, 0xca, 0xc3, 0xd4, 0x2,
    0x39, 0x1, 0x1, 0x1, 0xae, 0xff, 0x73, 0xa0,
    0xe2, 0x34, 0x98, 0x8, 0x49, 0x6c, 0x36, 0x23,
    0xa, 0xa1, 0x80, 0x5e, 0xa, 0x64, 0x1, 0x98,
    0x4, 0xc8, 0x3, 0x30, 0x32, 0xa1, 0x80, 0x5e,
    0x27, 0x5, 0xb0, 0xd8, 0x96, 0x0, 0xc4, 0x69,
    0xb, 0x50,

    /* U+1EE0 "Ỡ" */
    0x0, 0xcd, 0xd4, 0x3e, 0x1, 0xfa, 0xe0, 0x79,
    0x0, 0x3f, 0x7b, 0x5f, 0x58, 0x7b, 0x80, 0x61,
    0xbd, 0xfe, 0xff, 0x0, 0x80, 0x47, 0xec, 0xc7,
    0x50, 0x3, 0xb0, 0x0, 0x74, 0x32, 0xe2, 0xb8,
    0xd4, 0x40, 0x12, 0x36, 0x60, 0x10, 0xf1, 0x40,
    0x1, 0x49, 0x40, 0x38, 0x95, 0x80, 0x4, 0x80,
    0x1f, 0x78, 0x18, 0x80, 0x80, 0x7c, 0x20, 0xc2,
    0x2, 0x1, 0xf0, 0x80, 0x81, 0x20, 0x7, 0xde,
    0xa, 0x14, 0x4a, 0x1, 0xc4, 0xa8, 0x20, 0xe3,
    0x66, 0x1, 0xf, 0x4, 0x0, 0x5a, 0x19, 0x71,
    0x5c, 0x72, 0x60, 0x11, 0xfb, 0x31, 0xd1, 0x71,
    0x80, 0x0,

    /* U+1EE1 "ỡ" */
    0x1, 0xdf, 0xf9, 0xc0, 0x21, 0xce, 0xe9, 0xfd,
    0x40, 0x2, 0x3c, 0x2, 0x3, 0x5d, 0xfe, 0xe7,
    0x41, 0xc4, 0x69, 0x30, 0x10, 0x92, 0xd8, 0x6c,
    0x46, 0x15, 0x43, 0x0, 0xbc, 0x14, 0xc8, 0x3,
    0x30, 0x9, 0x90, 0x6, 0x60, 0x65, 0x43, 0x0,
    0xbc, 0x4e, 0xb, 0x61, 0xb1, 0x2c, 0x1, 0x88,
    0xd2, 0x16, 0xa0,

    /* U+1EE2 "Ợ" */
    0x0, 0xff, 0x7b, 0x80, 0x61, 0x9d, 0xff, 0xc0,
    0x20, 0x11, 0xfb, 0x31, 0xd4, 0x0, 0xec, 0x0,
    0x1d, 0xc, 0xb8, 0xae, 0x35, 0x10, 0x4, 0x8d,
    0x98, 0x4, 0x3c, 0x50, 0x0, 0x52, 0x50, 0xe,
    0x25, 0x60, 0x1, 0x20, 0x7, 0xde, 0x6, 0x20,
    0x20, 0x1f, 0x8, 0x30, 0x80, 0x80, 0x7c, 0x20,
    0x20, 0x48, 0x1, 0xf7, 0x82, 0x85, 0x12, 0x80,
    0x71, 0x2a, 0x8, 0x38, 0xd9, 0x80, 0x43, 0xc1,
    0x0, 0x16, 0x86, 0x5c, 0x57, 0x1c, 0x98, 0x4,
    0x7e, 0xcc, 0x74, 0x5c, 0x60, 0xe, 0x19, 0xdf,
    0xea, 0x30, 0xf, 0xe1, 0x0, 0xff, 0x93, 0x9c,
    0x3, 0xfc, 0xe0, 0x20, 0x1c,

    /* U+1EE3 "ợ" */
    0x0, 0xfb, 0xd4, 0x3, 0xc2, 0x2, 0x3, 0x5d,
    0xfe, 0xe7, 0x41, 0xc4, 0x69, 0x30, 0x10, 0x92,
    0xd8, 0x6c, 0x46, 0x15, 0x43, 0x0, 0xbc, 0x14,
    0xc8, 0x3, 0x30, 0x9, 0x90, 0x6, 0x60, 0x65,
    0x43, 0x0, 0xbc, 0x4e, 0xb, 0x61, 0xb1, 0x2c,
    0x1, 0x88, 0xd2, 0x16, 0xa0, 0x1, 0xae, 0xfc,
    0x40, 0xf, 0x8, 0x7, 0xd5, 0xc4, 0x1, 0xe3,
    0x13, 0x0, 0x80,

    /* U+1EE4 "Ụ" */
    0x9f, 0x0, 0xe1, 0xf7, 0x0, 0xff, 0xf8, 0x8,
    0x7, 0xf7, 0x81, 0x0, 0x65, 0x1, 0x50, 0x90,
    0xd, 0x0, 0xe4, 0xc9, 0xb5, 0x4e, 0x38, 0x10,
    0x99, 0xa, 0xa8, 0xa9, 0xc0, 0x26, 0xcf, 0xf6,
    0x28, 0x7, 0x84, 0x3, 0xfb, 0xb0, 0x3, 0xf1,
    0x30, 0x6,

    /* U+1EE5 "ụ" */
    0xae, 0x0, 0x97, 0xc8, 0x3, 0xff, 0xb2, 0x40,
    0x2, 0x10, 0xb, 0x0, 0x18, 0x16, 0xd4, 0xa0,
    0x4, 0x85, 0x93, 0x80, 0x9, 0xfb, 0xe5, 0xbc,
    0x80, 0x21, 0x0, 0xf1, 0x75, 0x0, 0x78, 0x48,
    0x2,

    /* U+1EE6 "Ủ" */
    0x0, 0x93, 0x74, 0x80, 0x1e, 0xc9, 0xaf, 0x0,
    0xf4, 0x3c, 0xe8, 0x7, 0xc9, 0x6c, 0x1, 0xf3,
    0xa8, 0x6, 0x9f, 0x0, 0xe1, 0xf7, 0x0, 0xff,
    0xf8, 0x8, 0x7, 0xf7, 0x81, 0x0, 0x65, 0x1,
    0x50, 0x90, 0xd, 0x0, 0xe4, 0xc9, 0xb5, 0x4e,
    0x38, 0x10, 0x99, 0xa, 0xa8, 0xa9, 0xc0,

    /* U+1EE7 "ủ" */
    0x0, 0x37, 0x69, 0x0, 0x6c, 0xc3, 0xd0, 0x6,
    0xa7, 0x4b, 0x0, 0xec, 0xa3, 0x0, 0xe9, 0x40,
    0xa, 0xb8, 0x2, 0x5f, 0x20, 0xf, 0xfe, 0xc9,
    0x0, 0x8, 0x40, 0x2c, 0x0, 0x60, 0x5b, 0x52,
    0x80, 0x12, 0x16, 0x4e, 0x0, 0x0,

    /* U+1EE8 "Ứ" */
    0x0, 0xe6, 0xf2, 0x0, 0xfe, 0xb6, 0x20, 0xf,
    0xc8, 0x50, 0x1, 0xfc, 0x9e, 0x20, 0x1, 0xf6,
    0x0, 0xfe, 0x20, 0x39, 0xf0, 0xe, 0x1f, 0xc2,
    0x50, 0xf, 0xe7, 0xd0, 0xf, 0xf7, 0x80, 0x7f,
    0xf9, 0x84, 0x3, 0xfe, 0xf0, 0x20, 0xc, 0xa0,
    0x20, 0x5, 0x9, 0x0, 0xd0, 0xe, 0x0, 0x26,
    0x4d, 0xaa, 0x71, 0xc0, 0x80, 0x53, 0x21, 0x55,
    0x15, 0x38, 0x4,

    /* U+1EE9 "ứ" */
    0x0, 0xcc, 0xc0, 0xf, 0x14, 0x98, 0x7, 0xac,
    0xd4, 0x3, 0xdd, 0xe0, 0x3, 0x70, 0x9, 0xcc,
    0x1, 0x73, 0x5c, 0x1, 0x2f, 0xbc, 0x80, 0x7d,
    0xae, 0x1, 0xff, 0xd4, 0x20, 0x8, 0x84, 0x2,
    0xc0, 0xb, 0x2, 0xda, 0x94, 0x2, 0x48, 0x59,
    0x38, 0x0, 0x80,

    /* U+1EEA "Ừ" */
    0x0, 0xb6, 0xc0, 0x3f, 0xd2, 0x84, 0x1, 0xfc,
    0x88, 0xb0, 0xf, 0xf5, 0xc8, 0x4, 0x3e, 0xc0,
    0x1f, 0xc4, 0x7, 0x3e, 0x1, 0xc3, 0xf8, 0x4a,
    0x1, 0xfc, 0xfa, 0x1, 0xfe, 0xf0, 0xf, 0xff,
    0x30, 0x80, 0x7f, 0xde, 0x4, 0x1, 0x94, 0x4,
    0x0, 0xa1, 0x20, 0x1a, 0x1, 0xc0, 0x4, 0xc9,
    0xb5, 0x4e, 0x38, 0x10, 0xa, 0x64, 0x2a, 0xa2,
    0xa7, 0x0, 0x80,

    /* U+1EEB "ừ" */
    0x3, 0x70, 0xf, 0x8a, 0x18, 0x3, 0xc2, 0xf6,
    0x1, 0xf4, 0x50, 0x80, 0xd, 0xc0, 0x27, 0x10,
    0x5, 0xcd, 0x70, 0x4, 0xbe, 0xf2, 0x1, 0xf6,
    0xb8, 0x7, 0xff, 0x50, 0x80, 0x22, 0x10, 0xb,
    0x0, 0x2c, 0xb, 0x6a, 0x50, 0x9, 0x21, 0x64,
    0xe0, 0x2,

    /* U+1EEC "Ử" */
    0x0, 0x8b, 0x39, 0xc0, 0x3f, 0x3d, 0xd4, 0x0,
    0x7e, 0x56, 0x86, 0x0, 0xfe, 0x54, 0x90, 0x0,
    0xda, 0x0, 0x64, 0x80, 0x8, 0x90, 0x67, 0xc0,
    0x38, 0x7f, 0x9, 0x40, 0x3f, 0x9f, 0x40, 0x3f,
    0xde, 0x1, 0xff, 0xe6, 0x10, 0xf, 0xfb, 0xc0,
    0x80, 0x32, 0x80, 0x80, 0x14, 0x24, 0x3, 0x40,
    0x38, 0x0, 0x99, 0x36, 0xa9, 0xc7, 0x2, 0x1,
    0x4c, 0x85, 0x54, 0x54, 0xe0, 0x10,

    /* U+1EED "ử" */
    0x0, 0x47, 0x60, 0x80, 0x71, 0xf8, 0x38, 0x7,
    0x5b, 0x92, 0x0, 0x7b, 0x30, 0x40, 0x94, 0x1,
    0x51, 0x0, 0x31, 0x2b, 0x80, 0x25, 0xf7, 0x90,
    0xf, 0xb5, 0xc0, 0x3f, 0xfa, 0x84, 0x1, 0x10,
    0x80, 0x58, 0x1, 0x60, 0x5b, 0x52, 0x80, 0x49,
    0xb, 0x27, 0x0, 0x10,

    /* U+1EEE "Ữ" */
    0x0, 0xb3, 0x95, 0xe4, 0x3, 0xc8, 0x17, 0x68,
    0xd0, 0xf, 0x2e, 0xaf, 0x71, 0x0, 0x7d, 0x80,
    0x2, 0x20, 0x0, 0x80, 0x8, 0xa, 0x7c, 0x3,
    0x87, 0xf0, 0x90, 0x3, 0xf9, 0xf4, 0x3, 0xfd,
    0xe0, 0x1f, 0xfe, 0x61, 0x0, 0xff, 0xbc, 0x8,
    0x3, 0x28, 0x8, 0x1, 0x42, 0x40, 0x34, 0x3,
    0x80, 0x9, 0x93, 0x6a, 0x9c, 0x70, 0x20, 0x14,
    0xc8, 0x55, 0x45, 0x4e, 0x1, 0x0,

    /* U+1EEF "ữ" */
    0x9, 0xff, 0xb8, 0x3, 0x5e, 0xed, 0xc0, 0xb8,
    0x4, 0x58, 0x1, 0xa5, 0x5c, 0x1, 0x2f, 0xbc,
    0x80, 0x7d, 0xae, 0x1, 0xff, 0xd4, 0x20, 0x8,
    0x84, 0x2, 0xc0, 0xb, 0x2, 0xda, 0x94, 0x2,
    0x48, 0x59, 0x38, 0x0, 0x80,

    /* U+1EF0 "Ự" */
    0x0, 0xfe, 0x1f, 0x60, 0xf, 0xe2, 0x3, 0x9f,
    0x0, 0xe1, 0xfc, 0x25, 0x0, 0xfe, 0x7d, 0x0,
    0xff, 0x78, 0x7, 0xff, 0x98, 0x40, 0x3f, 0xef,
    0x2, 0x0, 0xca, 0x2, 0x0, 0x50, 0x90, 0xd,
    0x0, 0xe0, 0x2, 0x64, 0xda, 0xa7, 0x1c, 0x8,
    0x5, 0x32, 0x15, 0x51, 0x53, 0x80, 0x73, 0x67,
    0xfb, 0x14, 0x3, 0xf8, 0x40, 0x3f, 0xd9, 0xc2,
    0x1, 0xfc, 0xc4, 0x20, 0x1c,

    /* U+1EF1 "ự" */
    0x0, 0xf8, 0xdc, 0x3, 0xeb, 0x9a, 0xe0, 0x9,
    0x7d, 0xe4, 0x3, 0xed, 0x70, 0xf, 0xfe, 0xa1,
    0x0, 0x44, 0x20, 0x16, 0x0, 0x58, 0x16, 0xd4,
    0xa0, 0x12, 0x42, 0xc9, 0xc0, 0x6, 0x7e, 0xf9,
    0x6f, 0x20, 0xc, 0x20, 0x1f, 0x27, 0x38, 0x7,
    0x9c, 0x4, 0x3, 0x0,

    /* U+1EF2 "Ỳ" */
    0x0, 0x95, 0x80, 0x3f, 0x86, 0x48, 0x3, 0xf2,
    0x1c, 0x0, 0x7f, 0x76, 0x80, 0x7f, 0x13, 0x80,
    0x72, 0xfa, 0x80, 0x75, 0xf0, 0x29, 0xc0, 0x6,
    0x44, 0x40, 0x2, 0x9, 0x80, 0x28, 0x26, 0x0,
    0x22, 0x20, 0x0, 0x87, 0x0, 0x1a, 0x5, 0xc2,
    0x49, 0x40, 0x31, 0xac, 0xb1, 0x48, 0x7, 0xa0,
    0x64, 0xd0, 0x3, 0xc4, 0xc1, 0xe0, 0x1f, 0xb8,
    0x8, 0x3, 0xff, 0xb2,

    /* U+1EF3 "ỳ" */
    0x0, 0x23, 0x80, 0x7c, 0xd0, 0xa0, 0x1e, 0x26,
    0x80, 0xf, 0xa1, 0x44, 0x3, 0xc3, 0x2, 0x1,
    0x17, 0xb0, 0x6, 0xf9, 0x23, 0xa0, 0x9, 0x42,
    0x82, 0x8c, 0x80, 0x1c, 0x46, 0xe, 0x14, 0x2,
    0x94, 0x0, 0x15, 0x50, 0x30, 0x30, 0x5, 0xc4,
    0x74, 0x82, 0x1, 0x20, 0xc1, 0x70, 0x7, 0x3a,
    0xa, 0x80, 0x75, 0x3, 0x80, 0x79, 0x42, 0xc0,
    0x22, 0x69, 0x93, 0x90, 0x4, 0x92, 0x93, 0x0,
    0x18,

    /* U+1EF4 "Ỵ" */
    0x5f, 0x50, 0xe, 0xbe, 0x5, 0x38, 0x0, 0xc8,
    0x88, 0x0, 0x41, 0x30, 0x5, 0x4, 0xc0, 0x4,
    0x44, 0x0, 0x10, 0xe0, 0x3, 0x40, 0xb8, 0x49,
    0x28, 0x6, 0x35, 0x96, 0x29, 0x0, 0xf4, 0xc,
    0x9a, 0x0, 0x78, 0x98, 0x3c, 0x3, 0xf7, 0x1,
    0x0, 0x7f, 0xf7, 0x5f, 0xc4, 0x3, 0xf8, 0x40,
    0x3f, 0xa3, 0x90, 0x3, 0xf7, 0x3, 0x80, 0x60,

    /* U+1EF5 "ỵ" */
    0x2f, 0x60, 0xd, 0xf2, 0x47, 0x40, 0x13, 0x5,
    0x5, 0x19, 0x0, 0x28, 0x8c, 0x18, 0x28, 0x8,
    0xe8, 0x2, 0x66, 0x5, 0x3, 0x0, 0x54, 0x28,
    0xc8, 0x20, 0x11, 0x94, 0x8f, 0x0, 0x75, 0x10,
    0xa8, 0x7, 0x28, 0x38, 0x7, 0xa8, 0x2c, 0x2,
    0x36, 0x97, 0x71, 0x6d, 0x2, 0xca, 0x4c, 0x9,
    0x30, 0x37, 0xeb, 0x0, 0xf6, 0x0,

    /* U+1EF6 "Ỷ" */
    0x0, 0xd5, 0xd4, 0x1, 0xf1, 0x9b, 0xd4, 0xc0,
    0x3c, 0x73, 0x4, 0x60, 0x1f, 0x9, 0x68, 0x7,
    0xe1, 0xb0, 0xe, 0x5f, 0x50, 0xe, 0xbe, 0x5,
    0x38, 0x0, 0xc8, 0x88, 0x0, 0x41, 0x30, 0x5,
    0x4, 0xc0, 0x4, 0x44, 0x0, 0x10, 0xe0, 0x3,
    0x40, 0xb8, 0x49, 0x28, 0x6, 0x35, 0x96, 0x29,
    0x0, 0xf4, 0xc, 0x9a, 0x0, 0x78, 0x98, 0x3c,
    0x3, 0xf7, 0x1, 0x0, 0x7f, 0xf6, 0x40,

    /* U+1EF7 "ỷ" */
    0x0, 0xa3, 0xb0, 0x40, 0x38, 0xfc, 0x1c, 0x3,
    0xad, 0x89, 0x0, 0x3d, 0x98, 0x20, 0xf, 0x59,
    0x0, 0x45, 0xec, 0x1, 0xbe, 0x48, 0xe8, 0x2,
    0x50, 0xa0, 0xa3, 0x20, 0x7, 0x11, 0x83, 0x85,
    0x0, 0xa5, 0x0, 0x5, 0x54, 0xc, 0xc, 0x1,
    0x71, 0x1d, 0x20, 0x80, 0x48, 0x30, 0x5c, 0x1,
    0xce, 0x82, 0xa0, 0x1d, 0x40, 0xe0, 0x1e, 0x50,
    0xb0, 0x8, 0x9a, 0x64, 0xe4, 0x1, 0x24, 0xa4,
    0xc0, 0x6,

    /* U+1EF8 "Ỹ" */
    0x0, 0xa7, 0xa1, 0x34, 0x3, 0xcd, 0x4b, 0x6a,
    0x1, 0xed, 0x4d, 0xd4, 0x0, 0x78, 0x80, 0x4,
    0x1, 0x97, 0xd4, 0x3, 0xaf, 0x81, 0x4e, 0x0,
    0x32, 0x22, 0x0, 0x10, 0x4c, 0x1, 0x41, 0x30,
    0x1, 0x11, 0x0, 0x4, 0x38, 0x0, 0xd0, 0x2e,
    0x12, 0x4a, 0x1, 0x8d, 0x65, 0x8a, 0x40, 0x3d,
    0x3, 0x26, 0x80, 0x1e, 0x26, 0xf, 0x0, 0xfd,
    0xc0, 0x40, 0x1f, 0xfd, 0x90,

    /* U+1EF9 "ỹ" */
    0x0, 0x4f, 0xfd, 0xa0, 0x1a, 0xf7, 0x70, 0x6,
    0x22, 0xc0, 0x11, 0x7b, 0x0, 0x6f, 0x92, 0x3a,
    0x0, 0x94, 0x28, 0x28, 0xc8, 0x1, 0xc4, 0x60,
    0xe1, 0x40, 0x29, 0x40, 0x1, 0x55, 0x3, 0x3,
    0x0, 0x5c, 0x47, 0x48, 0x20, 0x12, 0xc, 0x17,
    0x0, 0x73, 0xa0, 0xa8, 0x7, 0x50, 0x38, 0x7,
    0x94, 0x2c, 0x2, 0x26, 0x99, 0x39, 0x0, 0x49,
    0x29, 0x30, 0x1, 0x80
};


/*---------------------
 *  GLYPH DESCRIPTION
 *--------------------*/

static const lv_font_fmt_txt_glyph_dsc_t glyph_dsc[] = {
    {.bitmap_index = 0, .adv_w = 0, .box_w = 0, .box_h = 0, .ofs_x = 0, .ofs_y = 0} /* id = 0 reserved */,
    {.bitmap_index = 0, .adv_w = 59, .box_w = 0, .box_h = 0, .ofs_x = 0, .ofs_y = 0},
    {.bitmap_index = 0, .adv_w = 72, .box_w = 3, .box_h = 12, .ofs_x = 1, .ofs_y = 0},
    {.bitmap_index = 12, .adv_w = 81, .box_w = 5, .box_h = 4, .ofs_x = 0, .ofs_y = 8},
    {.bitmap_index = 23, .adv_w = 207, .box_w = 13, .box_h = 12, .ofs_x = 0, .ofs_y = 0},
    {.bitmap_index = 97, .adv_w = 165, .box_w = 10, .box_h = 16, .ofs_x = 0, .ofs_y = -2},
    {.bitmap_index = 171, .adv_w = 217, .box_w = 13, .box_h = 12, .ofs_x = 0, .ofs_y = 0},
    {.bitmap_index = 239, .adv_w = 189, .box_w = 12, .box_h = 12, .ofs_x = 0, .ofs_y = 0},
    {.bitmap_index = 306, .adv_w = 46, .box_w = 3, .box_h = 4, .ofs_x = 0, .ofs_y = 8},
    {.bitmap_index = 313, .adv_w = 112, .box_w = 7, .box_h = 18, .ofs_x = 0, .ofs_y = -4},
    {.bitmap_index = 366, .adv_w = 112, .box_w = 7, .box_h = 18, .ofs_x = 0, .ofs_y = -4},
    {.bitmap_index = 419, .adv_w = 127, .box_w = 8, .box_h = 7, .ofs_x = 0, .ofs_y = 5},
    {.bitmap_index = 447, .adv_w = 156, .box_w = 7, .box_h = 7, .ofs_x = 1, .ofs_y = 2},
    {.bitmap_index = 469, .adv_w = 78, .box_w = 3, .box_h = 4, .ofs_x = 1, .ofs_y = -2},
    {.bitmap_index = 475, .adv_w = 156, .box_w = 7, .box_h = 3, .ofs_x = 1, .ofs_y = 4},
    {.bitmap_index = 482, .adv_w = 73, .box_w = 3, .box_h = 3, .ofs_x = 1, .ofs_y = 0},
    {.bitmap_index = 487, .adv_w = 129, .box_w = 8, .box_h = 17, .ofs_x = 0, .ofs_y = -3},
    {.bitmap_index = 537, .adv_w = 173, .box_w = 10, .box_h = 12, .ofs_x = 0, .ofs_y = 0},
    {.bitmap_index = 590, .adv_w = 99, .box_w = 5, .box_h = 12, .ofs_x = 0, .ofs_y = 0},
    {.bitmap_index = 603, .adv_w = 167, .box_w = 9, .box_h = 12, .ofs_x = 1, .ofs_y = 0},
    {.bitmap_index = 652, .adv_w = 169, .box_w = 9, .box_h = 12, .ofs_x = 1, .ofs_y = 0},
    {.bitmap_index = 705, .adv_w = 182, .box_w = 11, .box_h = 12, .ofs_x = 0, .ofs_y = 0},
    {.bitmap_index = 752, .adv_w = 169, .box_w = 9, .box_h = 12, .ofs_x = 1, .ofs_y = 0},
    {.bitmap_index = 803, .adv_w = 174, .box_w = 9, .box_h = 12, .ofs_x = 1, .ofs_y = 0},
    {.bitmap_index = 854, .adv_w = 152, .box_w = 10, .box_h = 12, .ofs_x = 0, .ofs_y = 0},
    {.bitmap_index = 894, .adv_w = 162, .box_w = 10, .box_h = 12, .ofs_x = 0, .ofs_y = 0},
    {.bitmap_index = 954, .adv_w = 174, .box_w = 9, .box_h = 12, .ofs_x = 1, .ofs_y = 0},
    {.bitmap_index = 1007, .adv_w = 73, .box_w = 3, .box_h = 9, .ofs_x = 1, .ofs_y = 0},
    {.bitmap_index = 1019, .adv_w = 78, .box_w = 3, .box_h = 12, .ofs_x = 1, .ofs_y = -3},
    {.bitmap_index = 1035, .adv_w = 142, .box_w = 7, .box_h = 9, .ofs_x = 1, .ofs_y = 1},
    {.bitmap_index = 1063, .adv_w = 186, .box_w = 9, .box_h = 7, .ofs_x = 1, .ofs_y = 2},
    {.bitmap_index = 1081, .adv_w = 142, .box_w = 7, .box_h = 9, .ofs_x = 1, .ofs_y = 1},
    {.bitmap_index = 1110, .adv_w = 147, .box_w = 9, .box_h = 12, .ofs_x = 0, .ofs_y = 0},
    {.bitmap_index = 1156, .adv_w = 257, .box_w = 16, .box_h = 15, .ofs_x = 0, .ofs_y = -3},
    {.bitmap_index = 1268, .adv_w = 188, .box_w = 12, .box_h = 12, .ofs_x = 0, .ofs_y = 0},
    {.bitmap_index = 1327, .adv_w = 173, .box_w = 9, .box_h = 12, .ofs_x = 1, .ofs_y = 0},
    {.bitmap_index = 1375, .adv_w = 198, .box_w = 12, .box_h = 12, .ofs_x = 0, .ofs_y = 0},
    {.bitmap_index = 1438, .adv_w = 186, .box_w = 10, .box_h = 12, .ofs_x = 1, .ofs_y = 0},
    {.bitmap_index = 1483, .adv_w = 159, .box_w = 8, .box_h = 12, .ofs_x = 1, .ofs_y = 0},
    {.bitmap_index = 1513, .adv_w = 162, .box_w = 9, .box_h = 12, .ofs_x = 1, .ofs_y = 0},
    {.bitmap_index = 1541, .adv_w = 200, .box_w = 12, .box_h = 12, .ofs_x = 0, .ofs_y = 0},
    {.bitmap_index = 1608, .adv_w = 182, .box_w = 10, .box_h = 12, .ofs_x = 1, .ofs_y = 0},
    {.bitmap_index = 1632, .adv_w = 66, .box_w = 2, .box_h = 12, .ofs_x = 1, .ofs_y = 0},
    {.bitmap_index = 1637, .adv_w = 119, .box_w = 7, .box_h = 12, .ofs_x = 0, .ofs_y = 0},
    {.bitmap_index = 1655, .adv_w = 174, .box_w = 10, .box_h = 12, .ofs_x = 1, .ofs_y = 0},
    {.bitmap_index = 1701, .adv_w = 160, .box_w = 8, .box_h = 12, .ofs_x = 1, .ofs_y = 0},
    {.bitmap_index = 1712, .adv_w = 218, .box_w = 12, .box_h = 12, .ofs_x = 1, .ofs_y = 0},
    {.bitmap_index = 1762, .adv_w = 187, .box_w = 10, .box_h = 12, .ofs_x = 1, .ofs_y = 0},
    {.bitmap_index = 1803, .adv_w = 211, .box_w = 13, .box_h = 12, .ofs_x = 0, .ofs_y = 0},
    {.bitmap_index = 1871, .adv_w = 165, .box_w = 9, .box_h = 12, .ofs_x = 1, .ofs_y = 0},
    {.bitmap_index = 1910, .adv_w = 210, .box_w = 13, .box_h = 12, .ofs_x = 0, .ofs_y = 0},
    {.bitmap_index = 1981, .adv_w = 171, .box_w = 9, .box_h = 12, .ofs_x = 1, .ofs_y = 0},
    {.bitmap_index = 2028, .adv_w = 163, .box_w = 10, .box_h = 12, .ofs_x = 0, .ofs_y = 0},
    {.bitmap_index = 2086, .adv_w = 166, .box_w = 10, .box_h = 12, .ofs_x = 0, .ofs_y = 0},
    {.bitmap_index = 2105, .adv_w = 186, .box_w = 10, .box_h = 12, .ofs_x = 1, .ofs_y = 0},
    {.bitmap_index = 2132, .adv_w = 181, .box_w = 11, .box_h = 12, .ofs_x = 0, .ofs_y = 0},
    {.bitmap_index = 2188, .adv_w = 257, .box_w = 16, .box_h = 12, .ofs_x = 0, .ofs_y = 0},
    {.bitmap_index = 2279, .adv_w = 184, .box_w = 11, .box_h = 12, .ofs_x = 0, .ofs_y = 0},
    {.bitmap_index = 2336, .adv_w = 170, .box_w = 11, .box_h = 12, .ofs_x = 0, .ofs_y = 0},
    {.bitmap_index = 2380, .adv_w = 169, .box_w = 9, .box_h = 12, .ofs_x = 1, .ofs_y = 0},
    {.bitmap_index = 2421, .adv_w = 118, .box_w = 6, .box_h = 18, .ofs_x = 1, .ofs_y = -3},
    {.bitmap_index = 2439, .adv_w = 124, .box_w = 8, .box_h = 17, .ofs_x = 0, .ofs_y = -3},
    {.bitmap_index = 2487, .adv_w = 118, .box_w = 6, .box_h = 18, .ofs_x = 1, .ofs_y = -3},
    {.bitmap_index = 2507, .adv_w = 143, .box_w = 7, .box_h = 3, .ofs_x = 1, .ofs_y = 10},
    {.bitmap_index = 2518, .adv_w = 180, .box_w = 9, .box_h = 3, .ofs_x = 1, .ofs_y = -2},
    {.bitmap_index = 2527, .adv_w = 52, .box_w = 4, .box_h = 3, .ofs_x = 0, .ofs_y = 10},
    {.bitmap_index = 2534, .adv_w = 164, .box_w = 10, .box_h = 9, .ofs_x = 0, .ofs_y = 0},
    {.bitmap_index = 2577, .adv_w = 167, .box_w = 9, .box_h = 13, .ofs_x = 1, .ofs_y = 0},
    {.bitmap_index = 2620, .adv_w = 157, .box_w = 9, .box_h = 9, .ofs_x = 0, .ofs_y = 0},
    {.bitmap_index = 2660, .adv_w = 167, .box_w = 10, .box_h = 13, .ofs_x = 0, .ofs_y = 0},
    {.bitmap_index = 2708, .adv_w = 153, .box_w = 9, .box_h = 9, .ofs_x = 0, .ofs_y = 0},
    {.bitmap_index = 2748, .adv_w = 99, .box_w = 6, .box_h = 13, .ofs_x = 0, .ofs_y = 0},
    {.bitmap_index = 2774, .adv_w = 165, .box_w = 10, .box_h = 12, .ofs_x = 0, .ofs_y = -3},
    {.bitmap_index = 2831, .adv_w = 149, .box_w = 8, .box_h = 13, .ofs_x = 1, .ofs_y = 0},
    {.bitmap_index = 2855, .adv_w = 68, .box_w = 3, .box_h = 13, .ofs_x = 1, .ofs_y = 0},
    {.bitmap_index = 2865, .adv_w = 70, .box_w = 5, .box_h = 16, .ofs_x = -1, .ofs_y = -3},
    {.bitmap_index = 2885, .adv_w = 142, .box_w = 8, .box_h = 13, .ofs_x = 1, .ofs_y = 0},
    {.bitmap_index = 2918, .adv_w = 65, .box_w = 2, .box_h = 13, .ofs_x = 1, .ofs_y = 0},
    {.bitmap_index = 2923, .adv_w = 229, .box_w = 13, .box_h = 9, .ofs_x = 1, .ofs_y = 0},
    {.bitmap_index = 2956, .adv_w = 147, .box_w = 8, .box_h = 9, .ofs_x = 1, .ofs_y = 0},
    {.bitmap_index = 2976, .adv_w = 164, .box_w = 10, .box_h = 9, .ofs_x = 0, .ofs_y = 0},
    {.bitmap_index = 3020, .adv_w = 167, .box_w = 9, .box_h = 12, .ofs_x = 1, .ofs_y = -3},
    {.bitmap_index = 3066, .adv_w = 167, .box_w = 10, .box_h = 12, .ofs_x = 0, .ofs_y = -3},
    {.bitmap_index = 3115, .adv_w = 100, .box_w = 5, .box_h = 9, .ofs_x = 1, .ofs_y = 0},
    {.bitmap_index = 3129, .adv_w = 130, .box_w = 8, .box_h = 9, .ofs_x = 0, .ofs_y = 0},
    {.bitmap_index = 3166, .adv_w = 110, .box_w = 6, .box_h = 11, .ofs_x = 0, .ofs_y = 0},
    {.bitmap_index = 3190, .adv_w = 145, .box_w = 7, .box_h = 9, .ofs_x = 1, .ofs_y = 0},
    {.bitmap_index = 3210, .adv_w = 147, .box_w = 9, .box_h = 9, .ofs_x = 0, .ofs_y = 0},
    {.bitmap_index = 3248, .adv_w = 223, .box_w = 14, .box_h = 9, .ofs_x = 0, .ofs_y = 0},
    {.bitmap_index = 3311, .adv_w = 143, .box_w = 9, .box_h = 9, .ofs_x = 0, .ofs_y = 0},
    {.bitmap_index = 3349, .adv_w = 149, .box_w = 9, .box_h = 12, .ofs_x = 0, .ofs_y = -3},
    {.bitmap_index = 3398, .adv_w = 129, .box_w = 8, .box_h = 9, .ofs_x = 0, .ofs_y = 0},
    {.bitmap_index = 3429, .adv_w = 109, .box_w = 7, .box_h = 18, .ofs_x = 0, .ofs_y = -3},
    {.bitmap_index = 3466, .adv_w = 104, .box_w = 2, .box_h = 20, .ofs_x = 2, .ofs_y = -4},
    {.bitmap_index = 3472, .adv_w = 109, .box_w = 7, .box_h = 18, .ofs_x = 0, .ofs_y = -3},
    {.bitmap_index = 3510, .adv_w = 120, .box_w = 6, .box_h = 3, .ofs_x = 1, .ofs_y = 4},
    {.bitmap_index = 3519, .adv_w = 59, .box_w = 0, .box_h = 0, .ofs_x = 0, .ofs_y = 0},
    {.bitmap_index = 3519, .adv_w = 72, .box_w = 3, .box_h = 12, .ofs_x = 1, .ofs_y = -3},
    {.bitmap_index = 3531, .adv_w = 157, .box_w = 9, .box_h = 12, .ofs_x = 0, .ofs_y = -1},
    {.bitmap_index = 3579, .adv_w = 155, .box_w = 9, .box_h = 12, .ofs_x = 0, .ofs_y = 0},
    {.bitmap_index = 3628, .adv_w = 152, .box_w = 9, .box_h = 9, .ofs_x = 0, .ofs_y = 2},
    {.bitmap_index = 3668, .adv_w = 170, .box_w = 11, .box_h = 12, .ofs_x = 0, .ofs_y = 0},
    {.bitmap_index = 3729, .adv_w = 104, .box_w = 2, .box_h = 20, .ofs_x = 2, .ofs_y = -4},
    {.bitmap_index = 3742, .adv_w = 177, .box_w = 11, .box_h = 20, .ofs_x = 0, .ofs_y = -5},
    {.bitmap_index = 3843, .adv_w = 68, .box_w = 6, .box_h = 3, .ofs_x = 0, .ofs_y = 10},
    {.bitmap_index = 3850, .adv_w = 211, .box_w = 13, .box_h = 13, .ofs_x = 0, .ofs_y = -1},
    {.bitmap_index = 3930, .adv_w = 108, .box_w = 6, .box_h = 6, .ofs_x = 0, .ofs_y = 7},
    {.bitmap_index = 3949, .adv_w = 165, .box_w = 10, .box_h = 8, .ofs_x = 0, .ofs_y = 1},
    {.bitmap_index = 3989, .adv_w = 168, .box_w = 9, .box_h = 5, .ofs_x = 1, .ofs_y = 4},
    {.bitmap_index = 4002, .adv_w = 154, .box_w = 7, .box_h = 3, .ofs_x = 1, .ofs_y = 4},
    {.bitmap_index = 4009, .adv_w = 111, .box_w = 7, .box_h = 6, .ofs_x = 0, .ofs_y = 6},
    {.bitmap_index = 4030, .adv_w = 87, .box_w = 6, .box_h = 2, .ofs_x = 0, .ofs_y = 10},
    {.bitmap_index = 4035, .adv_w = 122, .box_w = 7, .box_h = 7, .ofs_x = 0, .ofs_y = 6},
    {.bitmap_index = 4061, .adv_w = 166, .box_w = 8, .box_h = 9, .ofs_x = 1, .ofs_y = 0},
    {.bitmap_index = 4091, .adv_w = 111, .box_w = 5, .box_h = 6, .ofs_x = 1, .ofs_y = 7},
    {.bitmap_index = 4107, .adv_w = 114, .box_w = 5, .box_h = 6, .ofs_x = 1, .ofs_y = 7},
    {.bitmap_index = 4123, .adv_w = 52, .box_w = 4, .box_h = 3, .ofs_x = -1, .ofs_y = 10},
    {.bitmap_index = 4130, .adv_w = 154, .box_w = 10, .box_h = 12, .ofs_x = 0, .ofs_y = -3},
    {.bitmap_index = 4163, .adv_w = 129, .box_w = 8, .box_h = 13, .ofs_x = 0, .ofs_y = 0},
    {.bitmap_index = 4192, .adv_w = 65, .box_w = 3, .box_h = 3, .ofs_x = 1, .ofs_y = 5},
    {.bitmap_index = 4197, .adv_w = 60, .box_w = 4, .box_h = 5, .ofs_x = 0, .ofs_y = -4},
    {.bitmap_index = 4208, .adv_w = 80, .box_w = 4, .box_h = 6, .ofs_x = 0, .ofs_y = 7},
    {.bitmap_index = 4217, .adv_w = 117, .box_w = 7, .box_h = 6, .ofs_x = 0, .ofs_y = 7},
    {.bitmap_index = 4237, .adv_w = 165, .box_w = 10, .box_h = 8, .ofs_x = 0, .ofs_y = 1},
    {.bitmap_index = 4277, .adv_w = 200, .box_w = 14, .box_h = 13, .ofs_x = 0, .ofs_y = -1},
    {.bitmap_index = 4354, .adv_w = 205, .box_w = 14, .box_h = 14, .ofs_x = 0, .ofs_y = -1},
    {.bitmap_index = 4430, .adv_w = 204, .box_w = 15, .box_h = 13, .ofs_x = 0, .ofs_y = -1},
    {.bitmap_index = 4516, .adv_w = 147, .box_w = 9, .box_h = 13, .ofs_x = 0, .ofs_y = -4},
    {.bitmap_index = 4565, .adv_w = 188, .box_w = 12, .box_h = 17, .ofs_x = 0, .ofs_y = 0},
    {.bitmap_index = 4641, .adv_w = 188, .box_w = 12, .box_h = 17, .ofs_x = 0, .ofs_y = 0},
    {.bitmap_index = 4717, .adv_w = 188, .box_w = 12, .box_h = 16, .ofs_x = 0, .ofs_y = 0},
    {.bitmap_index = 4793, .adv_w = 188, .box_w = 12, .box_h = 16, .ofs_x = 0, .ofs_y = 0},
    {.bitmap_index = 4870, .adv_w = 188, .box_w = 12, .box_h = 16, .ofs_x = 0, .ofs_y = 0},
    {.bitmap_index = 4944, .adv_w = 188, .box_w = 12, .box_h = 18, .ofs_x = 0, .ofs_y = 0},
    {.bitmap_index = 5025, .adv_w = 261, .box_w = 16, .box_h = 12, .ofs_x = 0, .ofs_y = 0},
    {.bitmap_index = 5096, .adv_w = 198, .box_w = 12, .box_h = 16, .ofs_x = 0, .ofs_y = -4},
    {.bitmap_index = 5176, .adv_w = 161, .box_w = 9, .box_h = 17, .ofs_x = 1, .ofs_y = 0},
    {.bitmap_index = 5222, .adv_w = 161, .box_w = 9, .box_h = 17, .ofs_x = 1, .ofs_y = 0},
    {.bitmap_index = 5269, .adv_w = 161, .box_w = 9, .box_h = 16, .ofs_x = 1, .ofs_y = 0},
    {.bitmap_index = 5315, .adv_w = 161, .box_w = 9, .box_h = 16, .ofs_x = 1, .ofs_y = 0},
    {.bitmap_index = 5359, .adv_w = 71, .box_w = 4, .box_h = 17, .ofs_x = 0, .ofs_y = 0},
    {.bitmap_index = 5375, .adv_w = 71, .box_w = 4, .box_h = 17, .ofs_x = 1, .ofs_y = 0},
    {.bitmap_index = 5390, .adv_w = 71, .box_w = 6, .box_h = 17, .ofs_x = -1, .ofs_y = 0},
    {.bitmap_index = 5411, .adv_w = 71, .box_w = 6, .box_h = 16, .ofs_x = -1, .ofs_y = 0},
    {.bitmap_index = 5426, .adv_w = 202, .box_w = 12, .box_h = 12, .ofs_x = 0, .ofs_y = 0},
    {.bitmap_index = 5488, .adv_w = 193, .box_w = 10, .box_h = 16, .ofs_x = 1, .ofs_y = 0},
    {.bitmap_index = 5546, .adv_w = 211, .box_w = 13, .box_h = 17, .ofs_x = 0, .ofs_y = 0},
    {.bitmap_index = 5630, .adv_w = 211, .box_w = 13, .box_h = 17, .ofs_x = 0, .ofs_y = 0},
    {.bitmap_index = 5713, .adv_w = 211, .box_w = 13, .box_h = 17, .ofs_x = 0, .ofs_y = 0},
    {.bitmap_index = 5799, .adv_w = 211, .box_w = 13, .box_h = 16, .ofs_x = 0, .ofs_y = 0},
    {.bitmap_index = 5884, .adv_w = 211, .box_w = 13, .box_h = 17, .ofs_x = 0, .ofs_y = 0},
    {.bitmap_index = 5968, .adv_w = 148, .box_w = 7, .box_h = 7, .ofs_x = 1, .ofs_y = 2},
    {.bitmap_index = 5991, .adv_w = 211, .box_w = 13, .box_h = 12, .ofs_x = 0, .ofs_y = 0},
    {.bitmap_index = 6069, .adv_w = 191, .box_w = 10, .box_h = 17, .ofs_x = 1, .ofs_y = 0},
    {.bitmap_index = 6113, .adv_w = 191, .box_w = 10, .box_h = 17, .ofs_x = 1, .ofs_y = 0},
    {.bitmap_index = 6157, .adv_w = 191, .box_w = 10, .box_h = 17, .ofs_x = 1, .ofs_y = 0},
    {.bitmap_index = 6204, .adv_w = 191, .box_w = 10, .box_h = 16, .ofs_x = 1, .ofs_y = 0},
    {.bitmap_index = 6249, .adv_w = 170, .box_w = 11, .box_h = 17, .ofs_x = 0, .ofs_y = 0},
    {.bitmap_index = 6310, .adv_w = 165, .box_w = 9, .box_h = 12, .ofs_x = 1, .ofs_y = 0},
    {.bitmap_index = 6355, .adv_w = 173, .box_w = 9, .box_h = 12, .ofs_x = 1, .ofs_y = 0},
    {.bitmap_index = 6405, .adv_w = 167, .box_w = 9, .box_h = 13, .ofs_x = 1, .ofs_y = 0},
    {.bitmap_index = 6457, .adv_w = 167, .box_w = 9, .box_h = 13, .ofs_x = 1, .ofs_y = 0},
    {.bitmap_index = 6510, .adv_w = 167, .box_w = 9, .box_h = 13, .ofs_x = 1, .ofs_y = 0},
    {.bitmap_index = 6566, .adv_w = 167, .box_w = 9, .box_h = 12, .ofs_x = 1, .ofs_y = 0},
    {.bitmap_index = 6619, .adv_w = 167, .box_w = 9, .box_h = 12, .ofs_x = 1, .ofs_y = 0},
    {.bitmap_index = 6671, .adv_w = 167, .box_w = 9, .box_h = 14, .ofs_x = 1, .ofs_y = 0},
    {.bitmap_index = 6730, .adv_w = 247, .box_w = 15, .box_h = 9, .ofs_x = 0, .ofs_y = 0},
    {.bitmap_index = 6796, .adv_w = 159, .box_w = 8, .box_h = 13, .ofs_x = 1, .ofs_y = -4},
    {.bitmap_index = 6846, .adv_w = 156, .box_w = 8, .box_h = 14, .ofs_x = 1, .ofs_y = 0},
    {.bitmap_index = 6895, .adv_w = 156, .box_w = 8, .box_h = 14, .ofs_x = 1, .ofs_y = 0},
    {.bitmap_index = 6946, .adv_w = 156, .box_w = 8, .box_h = 13, .ofs_x = 1, .ofs_y = 0},
    {.bitmap_index = 6997, .adv_w = 156, .box_w = 8, .box_h = 12, .ofs_x = 1, .ofs_y = 0},
    {.bitmap_index = 7044, .adv_w = 71, .box_w = 4, .box_h = 13, .ofs_x = -1, .ofs_y = 0},
    {.bitmap_index = 7058, .adv_w = 71, .box_w = 4, .box_h = 13, .ofs_x = 1, .ofs_y = 0},
    {.bitmap_index = 7070, .adv_w = 71, .box_w = 6, .box_h = 13, .ofs_x = -1, .ofs_y = 0},
    {.bitmap_index = 7088, .adv_w = 71, .box_w = 6, .box_h = 12, .ofs_x = -1, .ofs_y = 0},
    {.bitmap_index = 7103, .adv_w = 164, .box_w = 10, .box_h = 14, .ofs_x = 0, .ofs_y = 0},
    {.bitmap_index = 7168, .adv_w = 153, .box_w = 8, .box_h = 12, .ofs_x = 1, .ofs_y = 0},
    {.bitmap_index = 7201, .adv_w = 167, .box_w = 9, .box_h = 14, .ofs_x = 1, .ofs_y = 0},
    {.bitmap_index = 7255, .adv_w = 167, .box_w = 9, .box_h = 14, .ofs_x = 1, .ofs_y = 0},
    {.bitmap_index = 7310, .adv_w = 167, .box_w = 9, .box_h = 13, .ofs_x = 1, .ofs_y = 0},
    {.bitmap_index = 7365, .adv_w = 167, .box_w = 9, .box_h = 12, .ofs_x = 1, .ofs_y = 0},
    {.bitmap_index = 7416, .adv_w = 167, .box_w = 9, .box_h = 12, .ofs_x = 1, .ofs_y = 0},
    {.bitmap_index = 7468, .adv_w = 170, .box_w = 8, .box_h = 8, .ofs_x = 1, .ofs_y = 1},
    {.bitmap_index = 7496, .adv_w = 164, .box_w = 10, .box_h = 11, .ofs_x = 0, .ofs_y = -1},
    {.bitmap_index = 7550, .adv_w = 151, .box_w = 8, .box_h = 14, .ofs_x = 1, .ofs_y = 0},
    {.bitmap_index = 7586, .adv_w = 151, .box_w = 8, .box_h = 14, .ofs_x = 1, .ofs_y = 0},
    {.bitmap_index = 7621, .adv_w = 151, .box_w = 8, .box_h = 13, .ofs_x = 1, .ofs_y = 0},
    {.bitmap_index = 7658, .adv_w = 151, .box_w = 8, .box_h = 12, .ofs_x = 1, .ofs_y = 0},
    {.bitmap_index = 7691, .adv_w = 149, .box_w = 9, .box_h = 17, .ofs_x = 0, .ofs_y = -3},
    {.bitmap_index = 7756, .adv_w = 167, .box_w = 9, .box_h = 16, .ofs_x = 1, .ofs_y = -3},
    {.bitmap_index = 7805, .adv_w = 149, .box_w = 9, .box_h = 15, .ofs_x = 0, .ofs_y = -3},
    {.bitmap_index = 7866, .adv_w = 188, .box_w = 12, .box_h = 16, .ofs_x = 0, .ofs_y = 0},
    {.bitmap_index = 7941, .adv_w = 167, .box_w = 9, .box_h = 13, .ofs_x = 1, .ofs_y = 0},
    {.bitmap_index = 7997, .adv_w = 202, .box_w = 12, .box_h = 12, .ofs_x = 0, .ofs_y = 0},
    {.bitmap_index = 8059, .adv_w = 169, .box_w = 11, .box_h = 13, .ofs_x = 0, .ofs_y = 0},
    {.bitmap_index = 8117, .adv_w = 71, .box_w = 6, .box_h = 16, .ofs_x = -1, .ofs_y = 0},
    {.bitmap_index = 8135, .adv_w = 71, .box_w = 6, .box_h = 12, .ofs_x = -1, .ofs_y = 0},
    {.bitmap_index = 8150, .adv_w = 191, .box_w = 10, .box_h = 16, .ofs_x = 1, .ofs_y = 0},
    {.bitmap_index = 8197, .adv_w = 151, .box_w = 8, .box_h = 12, .ofs_x = 1, .ofs_y = 0},
    {.bitmap_index = 8229, .adv_w = 211, .box_w = 13, .box_h = 14, .ofs_x = 0, .ofs_y = 0},
    {.bitmap_index = 8307, .adv_w = 164, .box_w = 10, .box_h = 11, .ofs_x = 0, .ofs_y = 0},
    {.bitmap_index = 8357, .adv_w = 191, .box_w = 12, .box_h = 14, .ofs_x = 1, .ofs_y = 0},
    {.bitmap_index = 8404, .adv_w = 147, .box_w = 9, .box_h = 11, .ofs_x = 1, .ofs_y = 0},
    {.bitmap_index = 8436, .adv_w = 188, .box_w = 12, .box_h = 16, .ofs_x = 0, .ofs_y = -4},
    {.bitmap_index = 8510, .adv_w = 167, .box_w = 9, .box_h = 13, .ofs_x = 1, .ofs_y = -4},
    {.bitmap_index = 8564, .adv_w = 188, .box_w = 12, .box_h = 17, .ofs_x = 0, .ofs_y = 0},
    {.bitmap_index = 8641, .adv_w = 167, .box_w = 9, .box_h = 14, .ofs_x = 1, .ofs_y = 0},
    {.bitmap_index = 8698, .adv_w = 188, .box_w = 12, .box_h = 19, .ofs_x = 0, .ofs_y = 0},
    {.bitmap_index = 8785, .adv_w = 167, .box_w = 9, .box_h = 16, .ofs_x = 1, .ofs_y = 0},
    {.bitmap_index = 8851, .adv_w = 188, .box_w = 12, .box_h = 19, .ofs_x = 0, .ofs_y = 0},
    {.bitmap_index = 8940, .adv_w = 167, .box_w = 9, .box_h = 16, .ofs_x = 1, .ofs_y = 0},
    {.bitmap_index = 9005, .adv_w = 188, .box_w = 12, .box_h = 19, .ofs_x = 0, .ofs_y = 0},
    {.bitmap_index = 9094, .adv_w = 167, .box_w = 9, .box_h = 16, .ofs_x = 1, .ofs_y = 0},
    {.bitmap_index = 9162, .adv_w = 188, .box_w = 12, .box_h = 19, .ofs_x = 0, .ofs_y = 0},
    {.bitmap_index = 9252, .adv_w = 167, .box_w = 9, .box_h = 15, .ofs_x = 1, .ofs_y = 0},
    {.bitmap_index = 9317, .adv_w = 188, .box_w = 12, .box_h = 20, .ofs_x = 0, .ofs_y = -4},
    {.bitmap_index = 9408, .adv_w = 167, .box_w = 9, .box_h = 17, .ofs_x = 1, .ofs_y = -4},
    {.bitmap_index = 9477, .adv_w = 188, .box_w = 12, .box_h = 20, .ofs_x = 0, .ofs_y = 0},
    {.bitmap_index = 9566, .adv_w = 167, .box_w = 9, .box_h = 16, .ofs_x = 1, .ofs_y = 0},
    {.bitmap_index = 9631, .adv_w = 188, .box_w = 12, .box_h = 20, .ofs_x = 0, .ofs_y = 0},
    {.bitmap_index = 9720, .adv_w = 167, .box_w = 9, .box_h = 16, .ofs_x = 1, .ofs_y = 0},
    {.bitmap_index = 9785, .adv_w = 188, .box_w = 12, .box_h = 20, .ofs_x = 0, .ofs_y = 0},
    {.bitmap_index = 9877, .adv_w = 167, .box_w = 9, .box_h = 17, .ofs_x = 1, .ofs_y = 0},
    {.bitmap_index = 9946, .adv_w = 188, .box_w = 12, .box_h = 19, .ofs_x = 0, .ofs_y = 0},
    {.bitmap_index = 10036, .adv_w = 167, .box_w = 9, .box_h = 15, .ofs_x = 1, .ofs_y = 0},
    {.bitmap_index = 10102, .adv_w = 188, .box_w = 12, .box_h = 20, .ofs_x = 0, .ofs_y = -4},
    {.bitmap_index = 10192, .adv_w = 167, .box_w = 9, .box_h = 17, .ofs_x = 1, .ofs_y = -4},
    {.bitmap_index = 10262, .adv_w = 161, .box_w = 9, .box_h = 16, .ofs_x = 1, .ofs_y = -4},
    {.bitmap_index = 10305, .adv_w = 156, .box_w = 8, .box_h = 13, .ofs_x = 1, .ofs_y = -4},
    {.bitmap_index = 10352, .adv_w = 161, .box_w = 9, .box_h = 17, .ofs_x = 1, .ofs_y = 0},
    {.bitmap_index = 10401, .adv_w = 156, .box_w = 8, .box_h = 14, .ofs_x = 1, .ofs_y = 0},
    {.bitmap_index = 10453, .adv_w = 161, .box_w = 9, .box_h = 16, .ofs_x = 1, .ofs_y = 0},
    {.bitmap_index = 10501, .adv_w = 156, .box_w = 8, .box_h = 12, .ofs_x = 1, .ofs_y = 0},
    {.bitmap_index = 10548, .adv_w = 161, .box_w = 10, .box_h = 19, .ofs_x = 1, .ofs_y = 0},
    {.bitmap_index = 10607, .adv_w = 156, .box_w = 9, .box_h = 16, .ofs_x = 1, .ofs_y = 0},
    {.bitmap_index = 10674, .adv_w = 161, .box_w = 9, .box_h = 19, .ofs_x = 1, .ofs_y = 0},
    {.bitmap_index = 10731, .adv_w = 156, .box_w = 8, .box_h = 16, .ofs_x = 1, .ofs_y = 0},
    {.bitmap_index = 10792, .adv_w = 161, .box_w = 9, .box_h = 19, .ofs_x = 1, .ofs_y = 0},
    {.bitmap_index = 10851, .adv_w = 156, .box_w = 9, .box_h = 16, .ofs_x = 1, .ofs_y = 0},
    {.bitmap_index = 10919, .adv_w = 161, .box_w = 9, .box_h = 19, .ofs_x = 1, .ofs_y = 0},
    {.bitmap_index = 10979, .adv_w = 156, .box_w = 8, .box_h = 16, .ofs_x = 1, .ofs_y = 0},
    {.bitmap_index = 11042, .adv_w = 161, .box_w = 9, .box_h = 20, .ofs_x = 1, .ofs_y = -4},
    {.bitmap_index = 11100, .adv_w = 156, .box_w = 8, .box_h = 17, .ofs_x = 1, .ofs_y = -4},
    {.bitmap_index = 11163, .adv_w = 71, .box_w = 5, .box_h = 17, .ofs_x = 0, .ofs_y = 0},
    {.bitmap_index = 11181, .adv_w = 71, .box_w = 5, .box_h = 14, .ofs_x = 0, .ofs_y = 0},
    {.bitmap_index = 11199, .adv_w = 71, .box_w = 3, .box_h = 16, .ofs_x = 1, .ofs_y = -4},
    {.bitmap_index = 11210, .adv_w = 71, .box_w = 3, .box_h = 17, .ofs_x = 1, .ofs_y = -4},
    {.bitmap_index = 11227, .adv_w = 211, .box_w = 13, .box_h = 16, .ofs_x = 0, .ofs_y = -4},
    {.bitmap_index = 11310, .adv_w = 167, .box_w = 9, .box_h = 13, .ofs_x = 1, .ofs_y = -4},
    {.bitmap_index = 11363, .adv_w = 211, .box_w = 13, .box_h = 18, .ofs_x = 0, .ofs_y = 0},
    {.bitmap_index = 11453, .adv_w = 167, .box_w = 9, .box_h = 14, .ofs_x = 1, .ofs_y = 0},
    {.bitmap_index = 11510, .adv_w = 211, .box_w = 13, .box_h = 19, .ofs_x = 0, .ofs_y = 0},
    {.bitmap_index = 11604, .adv_w = 167, .box_w = 9, .box_h = 16, .ofs_x = 1, .ofs_y = 0},
    {.bitmap_index = 11670, .adv_w = 211, .box_w = 13, .box_h = 20, .ofs_x = 0, .ofs_y = 0},
    {.bitmap_index = 11767, .adv_w = 167, .box_w = 9, .box_h = 16, .ofs_x = 1, .ofs_y = 0},
    {.bitmap_index = 11831, .adv_w = 211, .box_w = 13, .box_h = 20, .ofs_x = 0, .ofs_y = 0},
    {.bitmap_index = 11933, .adv_w = 167, .box_w = 9, .box_h = 16, .ofs_x = 1, .ofs_y = 0},
    {.bitmap_index = 12001, .adv_w = 211, .box_w = 13, .box_h = 19, .ofs_x = 0, .ofs_y = 0},
    {.bitmap_index = 12099, .adv_w = 167, .box_w = 9, .box_h = 16, .ofs_x = 1, .ofs_y = 0},
    {.bitmap_index = 12167, .adv_w = 211, .box_w = 13, .box_h = 21, .ofs_x = 0, .ofs_y = -4},
    {.bitmap_index = 12268, .adv_w = 167, .box_w = 9, .box_h = 17, .ofs_x = 1, .ofs_y = -4},
    {.bitmap_index = 12337, .adv_w = 211, .box_w = 13, .box_h = 17, .ofs_x = 0, .ofs_y = 0},
    {.bitmap_index = 12428, .adv_w = 167, .box_w = 9, .box_h = 14, .ofs_x = 1, .ofs_y = 0},
    {.bitmap_index = 12485, .adv_w = 211, .box_w = 13, .box_h = 17, .ofs_x = 0, .ofs_y = 0},
    {.bitmap_index = 12576, .adv_w = 167, .box_w = 9, .box_h = 14, .ofs_x = 1, .ofs_y = 0},
    {.bitmap_index = 12632, .adv_w = 211, .box_w = 13, .box_h = 17, .ofs_x = 0, .ofs_y = 0},
    {.bitmap_index = 12724, .adv_w = 167, .box_w = 9, .box_h = 14, .ofs_x = 1, .ofs_y = 0},
    {.bitmap_index = 12782, .adv_w = 211, .box_w = 13, .box_h = 16, .ofs_x = 0, .ofs_y = 0},
    {.bitmap_index = 12872, .adv_w = 167, .box_w = 9, .box_h = 12, .ofs_x = 1, .ofs_y = 0},
    {.bitmap_index = 12923, .adv_w = 211, .box_w = 13, .box_h = 18, .ofs_x = 0, .ofs_y = -4},
    {.bitmap_index = 13016, .adv_w = 167, .box_w = 9, .box_h = 15, .ofs_x = 1, .ofs_y = -4},
    {.bitmap_index = 13075, .adv_w = 191, .box_w = 10, .box_h = 16, .ofs_x = 1, .ofs_y = -4},
    {.bitmap_index = 13117, .adv_w = 151, .box_w = 8, .box_h = 13, .ofs_x = 1, .ofs_y = -4},
    {.bitmap_index = 13150, .adv_w = 191, .box_w = 10, .box_h = 17, .ofs_x = 1, .ofs_y = 0},
    {.bitmap_index = 13197, .adv_w = 151, .box_w = 8, .box_h = 14, .ofs_x = 1, .ofs_y = 0},
    {.bitmap_index = 13235, .adv_w = 191, .box_w = 12, .box_h = 17, .ofs_x = 1, .ofs_y = 0},
    {.bitmap_index = 13294, .adv_w = 151, .box_w = 9, .box_h = 14, .ofs_x = 1, .ofs_y = 0},
    {.bitmap_index = 13337, .adv_w = 191, .box_w = 12, .box_h = 17, .ofs_x = 1, .ofs_y = 0},
    {.bitmap_index = 13396, .adv_w = 151, .box_w = 9, .box_h = 14, .ofs_x = 1, .ofs_y = 0},
    {.bitmap_index = 13438, .adv_w = 191, .box_w = 12, .box_h = 17, .ofs_x = 1, .ofs_y = 0},
    {.bitmap_index = 13500, .adv_w = 151, .box_w = 9, .box_h = 14, .ofs_x = 1, .ofs_y = 0},
    {.bitmap_index = 13544, .adv_w = 191, .box_w = 12, .box_h = 16, .ofs_x = 1, .ofs_y = 0},
    {.bitmap_index = 13606, .adv_w = 151, .box_w = 9, .box_h = 12, .ofs_x = 1, .ofs_y = 0},
    {.bitmap_index = 13643, .adv_w = 191, .box_w = 12, .box_h = 18, .ofs_x = 1, .ofs_y = -4},
    {.bitmap_index = 13704, .adv_w = 151, .box_w = 9, .box_h = 15, .ofs_x = 1, .ofs_y = -4},
    {.bitmap_index = 13748, .adv_w = 170, .box_w = 11, .box_h = 17, .ofs_x = 0, .ofs_y = 0},
    {.bitmap_index = 13808, .adv_w = 149, .box_w = 9, .box_h = 17, .ofs_x = 0, .ofs_y = -3},
    {.bitmap_index = 13873, .adv_w = 170, .box_w = 11, .box_h = 16, .ofs_x = 0, .ofs_y = -4},
    {.bitmap_index = 13929, .adv_w = 149, .box_w = 9, .box_h = 13, .ofs_x = 0, .ofs_y = -4},
    {.bitmap_index = 13983, .adv_w = 170, .box_w = 11, .box_h = 17, .ofs_x = 0, .ofs_y = 0},
    {.bitmap_index = 14046, .adv_w = 149, .box_w = 9, .box_h = 17, .ofs_x = 0, .ofs_y = -3},
    {.bitmap_index = 14112, .adv_w = 170, .box_w = 11, .box_h = 16, .ofs_x = 0, .ofs_y = 0},
    {.bitmap_index = 14173, .adv_w = 149, .box_w = 9, .box_h = 15, .ofs_x = 0, .ofs_y = -3}
};

/*---------------------
 *  CHARACTER MAPPING
 *--------------------*/

static const uint16_t unicode_list_2[] = {
    0x0, 0x1, 0xe, 0xf, 0x26, 0x27, 0x66, 0x67,
    0x9e, 0x9f, 0xad, 0xae
};

/*Collect the unicode lists and glyph_id offsets*/
static const lv_font_fmt_txt_cmap_t cmaps[] =
{
    {
        .range_start = 32, .range_length = 95, .glyph_id_start = 1,
        .unicode_list = NULL, .glyph_id_ofs_list = NULL, .list_length = 0, .type = LV_FONT_FMT_TXT_CMAP_FORMAT0_TINY
    },
    {
        .range_start = 160, .range_length = 96, .glyph_id_start = 96,
        .unicode_list = NULL, .glyph_id_ofs_list = NULL, .list_length = 0, .type = LV_FONT_FMT_TXT_CMAP_FORMAT0_TINY
    },
    {
        .range_start = 258, .range_length = 175, .glyph_id_start = 192,
        .unicode_list = unicode_list_2, .glyph_id_ofs_list = NULL, .list_length = 12, .type = LV_FONT_FMT_TXT_CMAP_SPARSE_TINY
    },
    {
        .range_start = 7840, .range_length = 90, .glyph_id_start = 204,
        .unicode_list = NULL, .glyph_id_ofs_list = NULL, .list_length = 0, .type = LV_FONT_FMT_TXT_CMAP_FORMAT0_TINY
    }
};

/*-----------------
 *    KERNING
 *----------------*/


/*Map glyph_ids to kern left classes*/
static const uint8_t kern_left_class_mapping[] =
{
    0, 0, 0, 1, 2, 3, 4, 0,
    1, 0, 4, 0, 0, 5, 0, 5,
    6, 4, 0, 7, 8, 9, 10, 11,
    12, 13, 14, 0, 0, 0, 0, 15,
    0, 0, 16, 8, 17, 4, 18, 19,
    0, 20, 20, 21, 22, 23, 20, 20,
    4, 24, 0, 25, 3, 26, 21, 27,
    27, 28, 29, 30, 0, 31, 0, 0,
    0, 0, 32, 33, 34, 20, 33, 35,
    36, 37, 0, 38, 39, 20, 37, 37,
    33, 33, 40, 41, 42, 43, 44, 45,
    45, 46, 47, 48, 0, 0, 0, 0,
    0, 0, 0, 3, 0, 29, 0, 3,
    0, 0, 0, 0, 0, 0, 0, 0,
    0, 0, 0, 0, 0, 49, 0, 0,
    0, 0, 0, 0, 0, 0, 0, 0,
    16, 16, 16, 16, 16, 16, 18, 4,
    18, 18, 18, 18, 20, 20, 20, 20,
    4, 20, 4, 4, 4, 4, 4, 0,
    4, 21, 21, 21, 21, 29, 0, 8,
    32, 32, 32, 32, 32, 32, 33, 50,
    33, 33, 33, 33, 0, 0, 0, 0,
    51, 37, 33, 33, 33, 33, 33, 0,
    0, 44, 44, 44, 44, 47, 33, 47,
    16, 32, 4, 51, 20, 0, 21, 44,
    4, 0, 52, 53, 16, 32, 16, 32,
    16, 32, 16, 32, 16, 32, 16, 32,
    16, 32, 16, 32, 16, 32, 16, 32,
    16, 32, 16, 32, 18, 33, 18, 33,
    18, 33, 18, 33, 18, 33, 18, 33,
    18, 33, 18, 33, 20, 0, 20, 0,
    4, 33, 4, 33, 4, 33, 4, 33,
    4, 33, 4, 33, 4, 33, 4, 0,
    4, 0, 4, 0, 4, 0, 4, 0,
    21, 44, 21, 44, 52, 53, 52, 53,
    52, 53, 52, 53, 52, 53, 29, 47,
    29, 47, 29, 47, 29, 47
};

/*Map glyph_ids to kern right classes*/
static const uint8_t kern_right_class_mapping[] =
{
    0, 0, 1, 2, 3, 4, 5, 0,
    6, 5, 7, 8, 0, 9, 0, 9,
    10, 5, 11, 12, 13, 14, 15, 16,
    17, 18, 19, 0, 0, 0, 0, 20,
    21, 0, 22, 23, 5, 24, 23, 23,
    5, 23, 23, 25, 23, 23, 23, 23,
    5, 23, 5, 23, 4, 26, 27, 28,
    28, 29, 30, 31, 0, 32, 0, 0,
    0, 0, 16, 23, 16, 16, 16, 33,
    16, 23, 34, 35, 23, 23, 36, 36,
    16, 36, 16, 37, 38, 39, 40, 41,
    41, 42, 43, 44, 0, 0, 45, 0,
    0, 0, 0, 4, 0, 30, 0, 4,
    0, 0, 0, 0, 0, 0, 0, 0,
    0, 0, 0, 0, 0, 40, 0, 0,
    0, 0, 0, 0, 0, 0, 0, 0,
    22, 22, 22, 22, 22, 22, 22, 5,
    23, 23, 23, 23, 23, 23, 23, 23,
    0, 23, 5, 5, 5, 5, 5, 0,
    5, 27, 27, 27, 27, 30, 23, 23,
    16, 16, 16, 16, 16, 16, 46, 16,
    16, 16, 16, 16, 47, 34, 34, 34,
    16, 34, 16, 16, 16, 16, 16, 0,
    0, 40, 40, 40, 40, 43, 23, 43,
    22, 16, 0, 16, 23, 48, 27, 40,
    5, 16, 27, 40, 22, 16, 22, 16,
    22, 16, 22, 16, 22, 16, 22, 16,
    22, 16, 22, 16, 22, 16, 22, 16,
    22, 16, 22, 16, 23, 16, 23, 16,
    23, 16, 23, 16, 23, 16, 23, 16,
    23, 16, 23, 16, 23, 34, 23, 34,
    5, 16, 5, 16, 5, 16, 5, 16,
    5, 16, 5, 16, 5, 16, 5, 16,
    5, 16, 5, 16, 5, 16, 5, 16,
    27, 40, 27, 40, 27, 40, 27, 40,
    27, 40, 27, 40, 27, 40, 30, 43,
    30, 43, 30, 43, 30, 43
};

/*Kern values between classes*/
static const int8_t kern_class_values[] =
{
    0, 0, 0, 0, 0, 0, 0, 0,
    0, 0, 0, 0, 0, 0, 0, 0,
    8, 0, 0, 0, 0, -10, 0, 0,
    0, 0, 0, 0, 0, 13, 0, 0,
    0, 0, 0, 0, 0, 0, 0, 0,
    0, 0, 0, 0, 0, 0, 0, 0,
    0, 0, 0, 0, 0, 0, 0, 0,
    0, 0, 0, 0, 0, 0, 0, 0,
    0, 0, 0, 0, 0, -15, 0, 0,
    0, 0, 0, 0, 0, 0, 0, 0,
    0, 0, 0, 0, 0, 0, 0, 0,
    0, 0, 0, 0, 0, 0, 0, 0,
    0, 0, 0, 0, 4, 0, 0, 0,
    0, 0, 0, 0, 0, 0, 0, 0,
    0, 0, 0, 0, 0, -5, 0, 0,
    0, -5, 0, -3, 0, -5, 0, 0,
    0, 0, 0, 0, 0, 0, 0, 0,
    0, -1, -1, 0, 0, 0, 0, 0,
    0, 0, 0, 0, 0, 0, 0, 0,
    0, 0, 0, 0, 0, 0, 0, 0,
    -3, 0, 0, 0, 0, -10, 0, 0,
    -10, -18, 0, -5, -8, -13, 0, 0,
    0, 0, -12, 0, 0, 0, 0, 0,
    0, 0, 0, 0, 0, 0, 0, 0,
    0, 0, 0, 0, 0, 0, 0, 0,
    -5, 0, 0, 0, 0, 0, 0, 0,
    0, 0, 0, 8, 0, 0, 0, 0,
    0, -23, 0, 0, 0, 0, 0, 0,
    0, 0, 0, 0, 0, 0, 0, 0,
    0, 0, 0, 0, 0, 0, 0, 0,
    0, 0, 0, 0, 0, 0, 0, 0,
    0, -33, 0, -13, -13, -15, 0, -15,
    20, -10, 0, 0, 0, 0, 0, 0,
    0, 10, 0, 13, 0, 15, 0, 0,
    0, 0, 0, 0, 0, 0, 0, 0,
    0, 0, 0, 0, 0, 0, 0, 0,
    0, 0, 0, 0, 0, 0, 0, 0,
    0, 0, 0, 0, 0, -8, 0, 0,
    -3, 0, 0, 0, 0, 0, 0, 0,
    0, 0, 0, 0, 0, 0, 0, 0,
    0, 0, 0, 0, 0, 0, 0, 0,
    0, 0, 0, 0, 0, 0, 0, 0,
    0, 0, 0, 0, -3, 0, 0, 0,
    0, -3, 0, 0, 0, 0, 0, 0,
    0, 0, 0, 0, 0, 0, 0, 0,
    0, -10, 0, -8, -5, -10, 0, 0,
    0, 0, -15, 0, 0, 0, 0, 0,
    0, -4, -3, 0, 0, 0, 0, 0,
    0, 0, 0, 0, 0, 0, 0, 0,
    0, 0, 0, -5, 0, 0, 0, 0,
    -10, 5, 0, 0, 0, -5, 5, 0,
    0, -20, 0, -13, -10, -13, 0, 0,
    0, 0, 0, 0, 0, 0, 0, 0,
    0, 0, 0, 0, 0, 0, 0, 0,
    0, 0, 0, 0, 0, 0, 0, 0,
    0, 0, 0, 0, 0, 0, 0, 0,
    0, 0, -5, 0, 0, 0, 0, 0,
    0, 0, 0, 0, 0, 0, 0, 0,
    0, 0, 0, 0, 0, 0, 0, 0,
    0, 0, 0, 0, 0, 0, 0, 0,
    0, 0, 0, 0, 0, 0, 0, 0,
    0, 0, 0, 0, 0, 0, 0, 0,
    -8, 0, -5, 0, 0, 0, 0, 0,
    0, 0, 0, 0, 0, 0, 0, 0,
    0, 0, 0, 0, 0, 0, 0, 0,
    0, 0, 0, 0, 0, 0, 0, 0,
    0, 0, 0, 0, -13, 0, 0, 0,
    0, -10, 5, -5, -8, -20, 0, -13,
    3, 0, 3, 0, 0, -18, 0, 6,
    -26, 5, 0, 0, 0, 8, 0, 0,
    0, -13, 0, 0, -13, -13, 0, -13,
    -13, -13, -13, -13, 0, -13, -13, -13,
    0, 0, 0, 0, 0, 0, 0, 0,
    0, 0, 0, 0, 0, 0, 0, 0,
    -3, 0, 0, 0, 0, 0, 0, 0,
    0, 0, 0, 0, 0, 0, 0, 0,
    0, 0, 0, 0, 0, 0, 0, 0,
    0, 0, 0, 0, 0, 0, 0, 0,
    0, 0, 0, 0, 0, 0, 0, 0,
    0, 0, 0, 0, 0, 0, 0, 0,
    5, 0, 0, 0, 0, -13, 0, 5,
    0, 0, 0, 0, 0, 0, 0, 0,
    0, 0, 0, 0, 0, 0, 0, 0,
    0, 0, 0, 0, 0, 0, 0, 0,
    0, 0, 0, 0, 0, 0, 0, 0,
    -10, 0, 0, 0, 0, 0, 0, 0,
    0, 0, 0, 0, 0, 0, 0, 0,
    -23, 0, 0, 0, 0, 0, 0, 0,
    0, 0, 0, 0, 0, 0, 0, 0,
    0, 0, 0, 0, 0, 0, 0, 0,
    0, -10, -5, -5, -10, -10, 0, 0,
    0, 0, 0, 0, 0, 0, 0, -5,
    0, 0, 0, 0, 0, 0, 0, 0,
    0, -23, 0, -23, 0, -20, 0, 0,
    -10, 0, 0, 0, 0, 0, -3, -5,
    -15, 0, -17, 0, 0, -3, 0, 0,
    0, 0, 0, 0, 0, 0, 0, 0,
    0, 0, 0, 0, 0, 0, 0, 0,
    -3, 0, 0, 0, 0, -10, 0, 0,
    -10, -18, 0, 0, -8, -13, 0, 0,
    0, 0, -12, 0, 0, 0, 0, 0,
    0, 0, 0, 0, 0, 0, 0, 0,
    0, 0, 0, -3, 0, 0, 0, 0,
    0, 0, 0, 0, 0, 0, 0, -3,
    0, 0, 0, 0, 0, 0, 0, 0,
    0, 0, 0, 0, 0, 0, 0, 0,
    0, 0, 0, 0, 0, 0, 0, 0,
    0, 0, 0, 0, 0, 0, 0, 0,
    0, 0, 0, 0, -5, 0, 0, 0,
    0, 0, 0, -10, 0, -15, 0, -13,
    0, 0, 0, 0, 0, -20, 0, 0,
    -28, 0, 0, 0, 0, 0, 0, 0,
    0, 0, 0, 0, -13, 0, 0, 0,
    0, 0, 0, -13, 0, -13, 0, 0,
    0, 0, 0, 0, 0, 0, 0, 0,
    0, 0, 0, 3, 10, 10, 0, 0,
    0, 5, 8, 0, 0, 0, 0, 0,
    0, 0, 0, 0, 0, 0, 0, 0,
    0, 0, -5, 0, 0, 0, 0, 0,
    0, 0, 0, 0, 0, 0, 0, 0,
    0, 0, 0, 0, 0, 0, 0, 0,
    0, 0, 0, 0, 0, 0, 0, 0,
    0, 0, 0, 0, 0, -4, 0, 0,
    0, 0, 0, 5, 0, 8, 0, 0,
    0, 0, 0, 0, 0, 0, 0, 0,
    0, 0, 0, 0, 0, 0, 0, 0,
    0, 0, 0, -8, -15, 0, 0, 0,
    0, 0, 0, 0, 0, -15, 0, -13,
    0, 0, 0, 0, 0, 0, 0, 0,
    0, 0, 0, 0, 0, 0, 0, 0,
    0, 0, 0, 0, 0, 0, -10, -13,
    -18, 0, -18, 0, 0, -10, 0, 0,
    0, 0, 0, 0, -18, 0, 0, 0,
    0, 0, 0, 0, 0, -23, 0, -10,
    0, 0, 0, 0, 0, 0, 0, 0,
    0, -41, 0, -31, 0, -38, 0, 0,
    0, 0, 0, 0, 0, 0, 0, -8,
    -18, 0, -15, 0, 0, 0, 0, 0,
    0, 0, 0, 0, 0, 0, 0, 0,
    0, 0, 0, 0, 0, 0, 0, -5,
    0, 0, 0, 0, 0, -18, 0, 0,
    -23, -8, 0, 0, 0, 0, 0, 0,
    0, 0, -3, 0, 0, 0, 0, 0,
    0, 0, 0, 0, 0, 0, 0, 0,
    0, 0, 0, -3, -5, 0, 0, 0,
    0, 0, 0, 0, 0, -13, 0, -13,
    -8, 0, 0, 0, 0, 0, 0, 0,
    0, -8, -8, -8, 0, -10, 0, 0,
    0, 0, 0, 0, 0, 0, 0, -13,
    -8, 0, -8, 0, 0, 0, 0, 0,
    0, 0, 0, -5, -18, 0, 0, 0,
    -23, -13, 0, 0, 0, -28, 0, -23,
    5, 0, 0, 0, 0, -20, 0, -3,
    -33, 0, 0, 0, 0, 3, 0, 0,
    0, 0, 0, -15, -18, 0, 0, -26,
    -28, -20, -23, -20, 0, -23, 0, 8,
    0, 0, 0, 0, -5, 0, 0, 0,
    0, -28, 0, 0, 0, -18, 0, -12,
    0, 0, 0, 0, 0, -23, 0, 0,
    -28, 0, 0, 5, 0, 5, 0, 0,
    0, 0, 0, -8, 0, -13, 0, -10,
    0, 0, -5, 0, 0, -15, 13, 0,
    0, 0, 0, 0, -8, 0, 0, 0,
    0, 0, 0, 0, 0, -10, 0, -10,
    0, 0, 0, 0, 0, 0, 0, 0,
    0, 0, 0, 0, 0, 0, 0, 0,
    0, 0, 0, 0, 0, 0, 0, -8,
    0, 0, -15, 0, 0, 0, 0, 0,
    0, 0, 0, -5, -13, 0, 0, 0,
    0, -23, 0, 0, 0, -26, 0, -26,
    0, 0, -10, 0, 0, -20, 0, 0,
    -28, 3, 0, 5, 0, 0, 0, 0,
    0, 0, -3, -18, 0, 0, 0, -20,
    -13, 0, 0, 0, 0, -23, 0, 0,
    0, 0, 0, 0, 0, 0, 0, 0,
    0, 0, 0, 0, 0, 0, 0, 0,
    0, 0, 0, 0, 0, 0, 0, 0,
    0, 0, 0, 0, 0, 0, 0, 0,
    0, 0, 0, 0, 0, 0, 0, -8,
    0, 0, 0, 0, 0, 0, 0, 0,
    0, 0, 0, 0, 0, 0, 0, 0,
    0, 0, 0, 0, 0, 0, 0, 0,
    0, 0, 0, 0, 0, 0, 0, 0,
    0, 0, 0, 0, 0, 0, 0, -33,
    0, 0, 0, 0, 0, 0, 0, 0,
    0, 0, 0, 0, 0, 0, 0, 0,
    0, 0, 0, 0, 0, 0, 0, 0,
    0, 0, 0, 0, 0, 0, 0, 0,
    0, 0, 0, 0, 0, 0, 0, 0,
    0, -20, 0, -8, 0, -10, 0, 0,
    -3, 0, 0, 0, 0, 0, -5, 0,
    -5, 0, -4, 0, 0, 0, 0, 0,
    0, 0, 0, 0, 0, 0, 0, 0,
    0, 0, 0, 0, 0, 0, 0, -1,
    -10, 0, 0, 0, 0, -5, 0, 0,
    0, -23, 0, -9, -10, -20, 0, 0,
    0, 0, -5, 0, 0, 0, -3, 0,
    -5, -8, -9, 0, 0, -3, 0, 0,
    0, 0, 0, 0, 0, 0, 0, 0,
    0, 0, 0, 0, 0, 0, 0, 0,
    0, 0, 0, 0, 0, 0, 0, 0,
    0, -23, 0, 0, 0, -23, 0, 0,
    0, 0, -15, 0, 0, 0, 0, 0,
    -5, 0, -8, 0, 0, -5, 0, 0,
    0, 0, 0, 0, 0, 0, 0, 0,
    0, 0, 0, 0, 0, 0, 0, -8,
    0, 0, 0, 0, 0, 0, 0, 0,
    0, 0, 0, 0, 0, 0, 0, 0,
    0, 0, 0, 0, 0, 0, 0, 0,
    0, 0, 0, 0, 0, -10, 0, 0,
    0, 0, 0, 0, 0, 0, 0, 0,
    0, 0, 0, 0, 0, 0, 0, -5,
    0, 0, 0, 0, 0, 0, 0, 0,
    0, 0, 0, 0, 0, -18, 0, 0,
    0, 0, 8, 0, 0, 0, 0, 0,
    0, 0, 0, 0, 0, 0, 0, 0,
    0, 0, 0, 0, 0, 0, 0, 0,
    0, 0, 0, 0, 0, 0, 0, 0,
    -15, 0, 0, 0, 0, 0, 0, 0,
    0, -23, 0, 0, 0, -18, 0, 0,
    0, 0, -3, 0, 0, 0, -5, 0,
    -5, 0, -8, 0, 0, 0, 0, 0,
    0, 0, 0, 0, 0, 0, 0, 0,
    0, 0, 0, 0, 0, 0, 0, -5,
    0, 0, 0, 0, 0, 0, 0, 0,
    0, 0, 0, 0, 0, -8, 0, 0,
    0, 0, 8, 0, 0, 0, 0, 0,
    0, 0, 0, 0, 0, 0, 0, 0,
    0, 0, 0, 0, 0, 0, 0, 0,
    0, 0, 0, 0, 0, 0, 0, -12,
    0, 0, 0, 0, 0, -3, 0, 0,
    0, -8, 0, -5, 0, -18, 0, 0,
    0, 0, 0, 0, 0, -5, 0, 0,
    0, 0, 0, 0, 0, -6, 0, 0,
    0, 0, 0, 0, 0, 0, 0, 0,
    0, 0, 0, 0, 0, 0, 0, 0,
    0, 0, 0, 0, 0, 0, 0, 0,
    0, 0, 0, 0, 0, -18, 0, 0,
    0, 0, 0, 0, 0, 0, 0, 0,
    0, 0, 0, 0, 0, 0, 0, 0,
    0, 0, 0, 0, 0, 0, 0, 0,
    0, 0, 0, 0, 0, 0, 0, -10,
    0, 0, 0, 0, 0, 0, 0, 0,
    -15, -10, 0, 0, 0, -5, 0, 0,
    3, 5, 0, 0, 0, 0, 0, 0,
    0, 10, 0, 0, 0, -8, 5, 5,
    0, 0, 0, 0, 0, 0, 0, 0,
    0, 0, 0, 0, 0, 0, 0, -3,
    0, 0, 0, 0, 0, 0, 0, 0,
    0, 0, 0, 0, 0, -20, 0, 0,
    0, 0, 0, 0, 0, 0, -3, 0,
    -5, 0, -5, 0, 0, 0, 0, 0,
    0, 0, 0, 0, -3, 0, 0, 0,
    0, 0, 0, 0, 0, 0, 0, -5,
    0, 0, 0, 0, 0, 0, 0, 3,
    0, 0, 0, 0, 0, -20, 0, 0,
    -10, 0, 0, 0, 0, 0, -3, 0,
    0, 0, -3, 0, 0, 0, 0, 0,
    0, 0, 0, 0, 0, 0, 0, 0,
    0, 0, 0, 0, 0, 0, 0, 0,
    0, 0, 0, 0, 0, 0, 0, 0,
    0, 0, 0, 0, 0, -13, 0, 0,
    0, 0, 0, 0, 0, 0, 0, 0,
    3, 0, 0, 0, 0, 0, 0, 0,
    0, 0, 0, 0, 0, 0, 0, 0,
    0, 0, 0, 0, 0, 0, 0, -5,
    0, 0, 0, 0, 0, 0, 0, 0,
    -13, 0, 0, 0, 0, -15, 0, 0,
    0, 0, 0, 0, 0, -3, 3, 0,
    8, 5, 0, -8, 0, -6, 0, 0,
    0, 0, 0, 0, 0, 0, 0, 0,
    0, 0, 0, 0, 0, 0, 0, -8,
    0, 0, 0, 0, 0, 0, 0, 0,
    0, -20, 0, 0, 0, -10, 0, 0,
    0, 0, 0, 0, 0, 0, 0, 0,
    0, 0, 0, 0, 0, -5, 0, 0,
    0, 0, 0, 0, 0, 0, 0, 0,
    0, 0, 0, 0, 0, 0, 0, -9,
    0, 0, 0, 0, 0, 0, 0, 0,
    0, 0, 0, 0, 0, 0, 0, 0,
    0, 0, 0, 0, 0, -3, 5, 0,
    0, 0, 0, 0, 0, 0, 0, 0,
    0, 0, 0, 0, 0, 0, 0, 0,
    0, 0, 0, 0, 0, 0, 0, -3,
    0, 0, 0, 0, 0, 0, 0, 0,
    0, 0, 0, 0, 0, -13, 0, 0,
    0, 0, 8, 0, 0, 0, 0, 0,
    8, 0, 0, 0, 0, 0, 0, 0,
    0, 0, 0, 0, -3, 0, 0, 0,
    0, 0, 0, 0, 0, 0, 0, -5,
    0, 0, 0, 0, 0, 0, 0, 0,
    0, 0, 0, 0, 0, -20, 0, 0,
    -10, 0, 0, 0, 0, 0, -3, 0,
    0, 0, -8, 0, 0, 0, 0, 0,
    0, 0, 0, 0, 0, 0, 0, 0,
    0, 0, 0, 0, 0, 0, 0, 0,
    0, 0, 0, 0, 0, 0, 0, 0,
    0, -23, 0, 0, 0, -23, 0, 0,
    0, 0, -15, 0, 0, 0, 0, 0,
    -5, 0, 0, 0, 0, -5, 0, 0,
    0, 0, 0, 0, 0, 0, 0, 5,
    0, 0, 0, 0, 0, 0, 0, 5,
    0, 0, 0, 0, 0, 0, 10, 0,
    0, 0, 0, 8, 0, 0, 0, 0,
    3, 10, 0, 0, 0, 0, 0, 0,
    0, 0, 0, 0, 0, 0, 5, 10,
    0, 18, 0, 0, 0, 18, 8, 0,
    0, 0, 0, 0, 0, 0, 0, 0,
    10, 0, 0, 0, 0, 0, 10, 8,
    0, 15, 8, 20, 15, 18, 15, 0,
    0, 13, 15, 0, 0, 0, 13, 0,
    0, 0, 0, 0, 10, 0, 13, 13,
    20, 20, 0, 15, 15, 23, 20, 15,
    0, 0, 0, 0, 0, 0, 10, 4,
    0, 0, 0, 0, 26, 0, 15, 10,
    0, 15, 8, 13, 0, 0, 13, 0,
    13, 17, 0, 10, 0, 5, 13, 8,
    15, 19, 15, 20, 0, 8, 17, 17
};


/*Collect the kern class' data in one place*/
static const lv_font_fmt_txt_kern_classes_t kern_classes =
{
    .class_pair_values   = kern_class_values,
    .left_class_mapping  = kern_left_class_mapping,
    .right_class_mapping = kern_right_class_mapping,
    .left_class_cnt      = 53,
    .right_class_cnt     = 48,
};

/*--------------------
 *  ALL CUSTOM DATA
 *--------------------*/

#if LVGL_VERSION_MAJOR == 8
/*Store all the custom data of the font*/
static  lv_font_fmt_txt_glyph_cache_t cache;
#endif

#if LVGL_VERSION_MAJOR >= 8
static const lv_font_fmt_txt_dsc_t font_dsc = {
#else
static lv_font_fmt_txt_dsc_t font_dsc = {
#endif
    .glyph_bitmap = glyph_bitmap,
    .glyph_dsc = glyph_dsc,
    .cmaps = cmaps,
    .kern_dsc = &kern_classes,
    .kern_scale = 16,
    .cmap_num = 4,
    .bpp = 4,
    .kern_classes = 1,
    .bitmap_format = 1,
#if LVGL_VERSION_MAJOR == 8
    .cache = &cache
#endif
};



/*-----------------
 *  PUBLIC FONT
 *----------------*/

/*Initialize a public general font descriptor*/
#if LVGL_VERSION_MAJOR >= 8
const lv_font_t lv_font_vi_16 = {
#else
lv_font_t lv_font_vi_16 = {
#endif
    .get_glyph_dsc = lv_font_get_glyph_dsc_fmt_txt,    /*Function pointer to get glyph's data*/
    .get_glyph_bitmap = lv_font_get_bitmap_fmt_txt,    /*Function pointer to get glyph's bitmap*/
    .line_height = 25,          /*The maximum line height required by the font*/
    .base_line = 5,             /*Baseline measured from the bottom of the line*/
#if !(LVGL_VERSION_MAJOR == 6 && LVGL_VERSION_MINOR == 0)
    .subpx = LV_FONT_SUBPX_NONE,
#endif
#if LV_VERSION_CHECK(7, 4, 0) || LVGL_VERSION_MAJOR >= 8
    .underline_position = -2,
    .underline_thickness = 1,
#endif
    .dsc = &font_dsc,          /*The custom font data. Will be accessed by `get_glyph_bitmap/dsc` */
#if LV_VERSION_CHECK(8, 2, 0) || LVGL_VERSION_MAJOR >= 9
    .fallback = NULL,
#endif
    .user_data = NULL,
};



#endif /*#if LV_FONT_VI_16*/

